artist,title,youtube_url
'nsync,it's gonna be me,https://www.youtube.com/watch?v=GQMlWwIXg3M&list=PLBNjXP2TEhAd-2VdxXI2rhzxu-ZQhCQkQ&index=12
10cc,dreadlock holiday,https://www.youtube.com/watch?v=fUNTk5xsxk4
10cc,i'm not in love,https://www.youtube.com/watch?v=STugQ0X1NoI
20th century fox fanfare,20th century fox fanfare,https://www.youtube.com/watch?v=eLBsKA-qS6M
3rd bass,brooklyn-queens,https://www.youtube.com/watch?v=5mJlcW3X4PQ
3rd bass,problem child,https://www.youtube.com/watch?v=OCeu4JA0SFI
3rd bass,product of the environment,https://www.youtube.com/watch?v=KRKDgzlfUBY
3rd bass,steppin' to the a.m,https://www.youtube.com/watch?v=NK0F1sgtRgU
3rd bass,the gas face,https://www.youtube.com/watch?v=QYp28tEAVvs
3rd bass,triple stage darkness,https://www.youtube.com/watch?v=PE2qhVEeTiI
70's disco,various mix,https://www.youtube.com/watch?v=HWsUOUR6c2c
abba,fernando,https://www.youtube.com/watch?v=dQsjAbZDx-4
abba,"i do, i do, i do, i do, i do",https://www.youtube.com/watch?v=tW3HN_pvbE4&list=PLBNjXP2TEhAcCvIVVoQvvK7gMdOv66LrN&index=2
abba,i still have faith in you,https://www.youtube.com/watch?v=pAzEY1MfXrQ
abba,lay all your love on me,https://www.youtube.com/watch?v=ulZQTrV8QlQ
abba,"money, money, money",https://www.youtube.com/watch?v=ETxmCCsMoD0
abba,one of us,https://www.youtube.com/watch?v=IIKAe8Wi0S0
abba,summer night city,https://www.youtube.com/watch?v=_d5dPYHi17k&list=PLBNjXP2TEhAcCvIVVoQvvK7gMdOv66LrN&index=4
abba,the last video,https://www.youtube.com/watch?v=8L6T6Yj5u4k
abba,the winner takes it all,https://www.youtube.com/watch?v=92cwKCU8Z5c
ac/dc,touch too much,https://www.youtube.com/watch?v=JGftIcp2SC0
ac/dc,witch's spell,https://www.youtube.com/watch?v=UTPKMpX9qPg
"address]\n\n\ud83c\udf79 we&#x27;ll be serving up drinks that are as questionable as your life choices. from &quot;bad decisions margaritas&quot; to &quot;regret punch,&quot; we&#x27;ve got the perfect elixirs to fuel your degeneracy. \ud83e\udd43\ud83e\udd22\n\n\ud83c\udfb6 our playlist is a mix of guilty pleasures, guilty secrets, and guilty dance moves. we&#x27;ll crank up the volume on those questionable tracks you secretly love. let loose and dance like nobody&#x27;s judging (even though they probably are). \ud83d\udc83\ud83c\udfb5\n\n\ud83c\udf54\ud83c\udf5f hungover? no problemo! our greasy bar bites will cure any remnants of regret from last night&#x27;s escapades. it&#x27;s like therapy in the form of fried food. \ud83c\udf54\ud83d\ude0b\n\n\ud83d\udcf7 capture the moments that even your future self might not believe. share your debauchery with the world and tag us using #degeneratesundays. we&#x27;re experts at preserving your wild side for eternity! \ud83d\udcf8\ud83d\udd25\n\n\ud83c\udfb2 bring your fellow degenerates and let&#x27;s turn sunday into an adventure worth forgetting. life&#x27;s too short to be boring, so let&#x27;s embrace our inner chaos and make memories that we&#x27;ll probably deny later! \ud83d\ude1c\ud83d\udd25\n\n#degeneratesundays #questionablechoices #noregrets #sundaysins #barcraziness\n\n---\n\nfeel free to tailor and add more debauchery to the post based on your group&#x27;s unique sense of humor and wild tendencies. remember, this event is all about celebrating your inner degenerates and having a laugh-filled, memorable sunday! \ud83e\udd23\ud83c\udf7b""]}, ""status"": ""finished successfully"", ""end turn"": true, ""weight"": 1.0, ""metadata"": {""message type"": null, ""model slug"": ""text-davinci-002-render-sha"", ""finish details"": {""type"": ""stop"", ""stop"": ""&lt;|diff marker|&gt;""}, ""timestamp "": ""absolute""}, ""recipient"": ""all"", ""channel"": null}, ""parent"": ""350b2c74-4db1-4a5b-a3d3-28bc86eaa184"", ""children"": [""b672a2fa-0aa9-4f6b-a752-36b9b2bcdf5a""]}, ""b672a2fa-0aa9-4f6b-a752-36b9b2bcdf5a"": {""id"": ""b672a2fa-0aa9-4f6b-a752-36b9b2bcdf5a"", ""message"": {""id"": ""b672a2fa-0aa9-4f6b-a752-36b9b2bcdf5a"", ""author"": {""role"": ""user"", ""name"": null, ""metadata"": {}}, ""create time"": 1687737820.652237, ""update time"": null, ""content"": {""content type"": ""text"", ""parts"": [""give me 10 highly rated vietnam documentaries""]}, ""status"": ""finished successfully"", ""end turn"": null, ""weight"": 1.0, ""metadata"": {""timestamp "": ""absolute"", ""message type"": null}, ""recipient"": ""all"", ""channel"": null}, ""parent"": ""a7eec6c0-8f18-4c7d-96d3-89fc2081bfdd"", ""children"": [""ebd6046a-d631-4174-8926-35ad73a8d150""]}, ""ebd6046a-d631-4174-8926-35ad73a8d150"": {""id"": ""ebd6046a-d631-4174-8926-35ad73a8d150"", ""message"": {""id"": ""ebd6046a-d631-4174-8926-35ad73a8d150"", ""author"": {""role"": ""assistant"", ""name"": null, ""metadata"": {}}, ""create time"": 1687737831.307911, ""update time"": null, ""content"": {""content type"": ""text"", ""parts"": [""certainly! here are 10 highly rated vietnam documentaries that provide insights into different aspects of the vietnam war:\n\n1. &quot;the vietnam war&quot; (2017)","directed by ken burns and lynn novick, this landmark documentary series offers a comprehensive and immersive look at the war through interviews, archival footage, and personal stories.\n\n2. &quot;hearts and minds&quot; (1974) - directed by peter davis, this oscar-winning documentary examines the complexities of the vietnam war, featuring interviews with soldiers, politicians, and vietnamese civilians.\n\n3. &quot;vietnam: a television history&quot; (1983) - this pbs documentary series, narrated by actor will lyman, covers the entire history of the vietnam war, from its origins to its aftermath.\n\n4. &quot;last days in vietnam&quot; (2014) - directed by rory kennedy, this documentary focuses on the final weeks of the war, showcasing the efforts of americans to evacuate south vietnamese citizens and allies.\n\n5. &quot;dear america: letters home from vietnam&quot; (1987) - this documentary incorporates actual letters written by soldiers serving in vietnam, providing a deeply personal and poignant perspective on the war.\n\n6. &quot;the fog of war: eleven lessons from the life of robert s. mcnamara&quot; (2003) - directed by errol morris, this film features interviews with former secretary of defense robert mcnamara, offering insights into decision-making during the war.\n\n7. &quot;regret to inform&quot; (1998) - directed by barbara sonneborn, this documentary explores the impact of the war on vietnamese and american widows, delving into the emotional and lasting consequences of loss.\n\n8. &quot;the vietnam war: a film by ken burns and lynn novick&quot; (2017) - this companion book to the documentary series provides a more in-depth exploration of the conflict, including essays, photographs, and historical analysis.\n\n9. &quot;in the year of the pig&quot; (1968) - directed by emile de antonio, this documentary challenges prevailing views of the vietnam war, offering a critical analysis of american involvement.\n\n10. &quot;apocalypse now&quot; (1979) - though not a traditional documentary, francis ford coppola&#x27;s iconic film provides a powerful and visceral portrayal of the war, capturing its madness and chaos.\n\nthese documentaries offer various perspectives on the vietnam war, providing valuable insights and reflections on the historical events and human experiences associated with the conflict.""]}, ""status"": ""finished successfully"", ""end turn"": true, ""weight"": 1.0, ""metadata"": {""message type"": null, ""model slug"": ""text-davinci-002-render-sha"", ""finish details"": {""type"": ""stop"", ""stop"": ""&lt;|diff marker|&gt;""}, ""timestamp "": ""absolute""}, ""recipient"": ""all"", ""channel"": null}, ""parent"": ""b672a2fa-0aa9-4f6b-a752-36b9b2bcdf5a"", ""children"": []}}, ""moderation results"": [], ""current node"": ""ebd6046a-d631-4174-8926-35ad73a8d150"", ""plugin ids"": null, ""conversation id"": ""ae04d999-43cf-471d-b214-1428c32f9b90"", ""conversation template id"": null, ""gizmo id"": null, ""gizmo type"": null, ""is archived"": false, ""is starred"": null, ""safe urls"": [], ""blocked urls"": [], ""default model slug"": null, ""conversation origin"": null, ""voice"": null, ""async status"": null, ""disabled tool ids"": [], ""is do not remember"": null, ""id"": ""ae04d999-43cf-471d-b214-1428c32f9b90""}, {""title"": ""50th anniv. first dance songs"", ""create time"": 1687640671.119487, ""update time"": 1687640682.0, ""mapping"": {""c2f02041-bfaf-4b60-9414-03f34f980fb0"": {""id"": ""c2f02041-bfaf-4b60-9414-03f34f980fb0"", ""message"": {""id"": ""c2f02041-bfaf-4b60-9414-03f34f980fb0"", ""author"": {""role"": ""system"", ""name"": null, ""metadata"": {}}, ""create time"": 1687640671.11986, ""update time"": null, ""content"": {""content type"": ""text"", ""parts"": [""""]}, ""status"": ""finished successfully"", ""end turn"": true, ""weight"": 1.0, ""metadata"": {""is visually hidden from conversation"": true}, ""recipient"": ""all"", ""channel"": null}, ""parent"": ""788cb3ff-460f-4cc0-bcbb-be41d909afce"", ""children"": [""c73a0c5d-7e57-47af-908e-9abf628f26d4""]}, ""788cb3ff-460f-4cc0-bcbb-be41d909afce"": {""id"": ""788cb3ff-460f-4cc0-bcbb-be41d909afce"", ""message"": null, ""parent"": null, ""children"": [""c2f02041-bfaf-4b60-9414-03f34f980fb0""]}, ""c73a0c5d-7e57-47af-908e-9abf628f26d4"": {""id"": ""c73a0c5d-7e57-47af-908e-9abf628f26d4"", ""message"": {""id"": ""c73a0c5d-7e57-47af-908e-9abf628f26d4"", ""author"": {""role"": ""user"", ""name"": null, ""metadata"": {}}, ""create time"": 1687640671.122839, ""update time"": null, ""content"": {""content type"": ""text"", ""parts"": [""i need a list of 20 songs to play for a first dance for a 50th wedding anniversary.""]}, ""status"": ""finished successfully"", ""end turn"": null, ""weight"": 1.0, ""metadata"": {""timestamp "": ""absolute"", ""message type"": null}, ""recipient"": ""all"", ""channel"": null}, ""parent"": ""c2f02041-bfaf-4b60-9414-03f34f980fb0"", ""children"": [""83d6acde-1883-4dac-949d-4aebb6ac8202""]}, ""83d6acde-1883-4dac-949d-4aebb6ac8202"": {""id"": ""83d6acde-1883-4dac-949d-4aebb6ac8202"", ""message"": {""id"": ""83d6acde-1883-4dac-949d-4aebb6ac8202"", ""author"": {""role"": ""assistant"", ""name"": null, ""metadata"": {}}, ""create time"": 1687640682.907774, ""update time"": null, ""content"": {""content type"": ""text"", ""parts"": [""certainly! here&#x27;s a list of 20 timeless songs that would be perfect for a first dance at a 50th wedding anniversary celebration:\n\n1. &quot;unchained melody&quot; by the righteous brothers\n2. &quot;can&#x27;t help falling in love&quot; by elvis presley\n3. &quot;the way you look tonight&quot; by frank sinatra\n4. &quot;at last&quot; by etta james\n5. &quot;wonderful tonight&quot; by eric clapton\n6. &quot;unforgettable&quot; by nat king cole\n7. &quot;my girl&quot; by the temptations\n8. &quot;i just called to say i love you&quot; by stevie wonder\n9. &quot;you are the sunshine of my life&quot; by stevie wonder\n10. &quot;stand by me&quot; by ben e. king\n\n11. &quot;let&#x27;s stay together&quot; by al green\n12. &quot;endless love&quot; by diana ross and lionel richie\n13. &quot;the way we were&quot; by barbra streisand\n14. &quot;fly me to the moon&quot; by frank sinatra\n15. &quot;i will always love you&quot; by whitney houston\n16. &quot;can&#x27;t take my eyes off you&quot; by frankie valli\n17. &quot;just the way you are&quot; by billy joel\n18. &quot;you&#x27;re still the one&quot; by shania twain\n19. &quot;when a man loves a woman&quot; by percy sledge\n20. &quot;time after time&quot; by cyndi lauper\n\nthese songs are classics and have stood the test of time, making them great choices for a memorable first dance at a 50th wedding anniversary celebration.""]}, ""status"": ""finished successfully"", ""end turn"": true, ""weight"": 1.0, ""metadata"": {""message type"": null, ""model slug"": ""text-davinci-002-render-sha-mobile"", ""finish details"": {""type"": ""stop"", ""stop"": ""&lt;|diff marker|&gt;""}, ""timestamp "": ""absolute""}, ""recipient"": ""all"", ""channel"": null}, ""parent"": ""c73a0c5d-7e57-47af-908e-9abf628f26d4"", ""children"": []}}, ""moderation results"": [], ""current node"": ""83d6acde-1883-4dac-949d-4aebb6ac8202"", ""plugin ids"": null, ""conversation id"": ""02f129b6-c238-4e61-9dc5-03ea98622037"", ""conversation template id"": null, ""gizmo id"": null, ""gizmo type"": null, ""is archived"": false, ""is starred"": null, ""safe urls"": [], ""blocked urls"": [], ""default model slug"": null, ""conversation origin"": null, ""voice"": null, ""async status"": null, ""disabled tool ids"": [], ""is do not remember"": null, ""id"": ""02f129b6-c238-4e61-9dc5-03ea98622037""}, {""title"": ""create wi city-zip workbook"", ""create time"": 1686084551.086269, ""update time"": 1686084562.0, ""mapping"": {""96db3b3c-2235-4eb7-93f7-3007b36697f2"": {""id"": ""96db3b3c-2235-4eb7-93f7-3007b36697f2"", ""message"": {""id"": ""96db3b3c-2235-4eb7-93f7-3007b36697f2"", ""author"": {""role"": ""system"", ""name"": null, ""metadata"": {}}, ""create time"": 1686084551.086633, ""update time"": null, ""content"": {""content type"": ""text"", ""parts"": [""""]}, ""status"": ""finished successfully"", ""end turn"": true, ""weight"": 1.0, ""metadata"": {""is visually hidden from conversation"": true}, ""recipient"": ""all"", ""channel"": null}, ""parent"": ""aaa1a071-7193-404d-a3a4-d6f5f24fc1cb"", ""children"": [""aaa2dd78-68bb-4f13-931c-0f1f6382c844""]}, ""aaa1a071-7193-404d-a3a4-d6f5f24fc1cb"": {""id"": ""aaa1a071-7193-404d-a3a4-d6f5f24fc1cb"", ""message"": null, ""parent"": null, ""children"": [""96db3b3c-2235-4eb7-93f7-3007b36697f2""]}, ""aaa2dd78-68bb-4f13-931c-0f1f6382c844"": {""id"": ""aaa2dd78-68bb-4f13-931c-0f1f6382c844"", ""message"": {""id"": ""aaa2dd78-68bb-4f13-931c-0f1f6382c844"", ""author"": {""role"": ""user"", ""name"": null, ""metadata"": {}}, ""create time"": 1686084551.087515, ""update time"": null, ""content"": {""content type"": ""text"", ""parts"": [""i need to create a workbook with all the citie and zip codes in wisconsin, with the ability to search by one and get ther and vice versa can you generate the table and vba code to pull this off""]}, ""status"": ""finished successfully"", ""end turn"": null, ""weight"": 1.0, ""metadata"": {""timestamp "": ""absolute"", ""message type"": null}, ""recipient"": ""all"", ""channel"": null}, ""parent"": ""96db3b3c-2235-4eb7-93f7-3007b36697f2"", ""children"": [""f22bbbc0-1536-49e4-bc4e-876461e75f11""]}, ""f22bbbc0-1536-49e4-bc4e-876461e75f11"": {""id"": ""f22bbbc0-1536-49e4-bc4e-876461e75f11"", ""message"": {""id"": ""f22bbbc0-1536-49e4-bc4e-876461e75f11"", ""author"": {""role"": ""assistant"", ""name"": null, ""metadata"": {}}, ""create time"": 1686084562.786759, ""update time"": null, ""content"": {""content type"": ""text"", ""parts"": [""certainly! i can help you generate a workbook with a table of cities and zip codes for wisconsin, along with vba code to enable search functionality. please note that due to the limited response space here, i&#x27;ll provide you with a simplified example that you can expand upon.\n\nhere are the steps to create the workbook:\n\nstep 1: create a new workbook in excel.\nstep 2: rename the first worksheet to &quot;cityzipcodes&quot; or any desired name.\nstep 3: in the &quot;cityzipcodes&quot; worksheet, create two columns: one for cities and one for zip codes. you can label them as &quot;city&quot; and &quot;zip code&quot; in the first row.\nstep 4: populate the columns with the respective city and zip code data for wisconsin.\n\nhere&#x27;s an example of what the table might look like:\n\n```\ncity | zip code\n---------------------------------\nmilwaukee | 53201\nmadison | 53701\ngreen bay | 54301\n...\n```\n\nnow let&#x27;s move on to the vba code.\n\nstep 1: press `alt + f11` to open the visual basic editor.\nstep 2: insert a new module by clicking on &quot;insert&quot; in the menu and selecting &quot;module.&quot;\nstep 3: in the module window, paste the following vba code:\n\n```vba\noption explicit\n\nsub searchcityzip()\n dim ws as worksheet\n dim searchterm as string\n dim cityrange as range\n dim ziprange as range\n dim resultrange as range\n dim foundcell as range\n \n set ws = thisworkbook.worksheets(&quot;cityzipcodes&quot;) &#x27; change the sheet name if necessary\n set cityrange = ws.range(&quot;a2:a100&quot;) &#x27; adjust the range to match your data\n set ziprange = ws.range(&quot;b2:b100&quot;) &#x27; adjust the range to match your data\n set resultrange = ws.range(&quot;d2:e2&quot;) &#x27; range where search result will be displayed\n \n &#x27; get the search term from the user\n searchterm = inputbox(&quot;enter a city or zip code to search:&quot;)\n \n &#x27; clear previous search results\n resultrange.clearcontents\n \n &#x27; search for the term in the city column\n set foundcell = cityrange.find(what:=searchterm, lookin:=xlvalues, lookat:=xlwhole)\n \n &#x27; if not found in the city column, search in the zip code column\n if foundcell is nothing then\n set foundcell = ziprange.find(what:=searchterm, lookin:=xlvalues, lookat:=xlwhole)\n end if\n \n &#x27; if the search term is found, display the result\n if not foundcell is nothing then\n resultrange.cells(1, 1).value = ws.cells(foundcell.row, 1).value &#x27; city\n resultrange.cells(1, 2).value = ws.cells(foundcell.row, 2).value &#x27; zip code\n msgbox &quot;search successful!&quot;\n else\n msgbox &quot;no matching city or zip code found.&quot;\n end if\nend sub\n```\n\nstep 4: customize the vba code if necessary. in the code above, i assumed that your data is in columns a and b, starting from row 2. adjust the range values if your data is in a different location.\n\nnow you can save the workbook and run the `searchcityzip` macro by pressing `alt + f8` and selecting the macro from the list. alternatively, you can assign the macro to a button or a keyboard shortcut for easier access.\n\nwhen you run the macro, it will prompt you to enter a city or zip code to search. it will then search for""]}, ""status"": ""finished successfully"", ""end turn"": false, ""weight"": 1.0, ""metadata"": {""message type"": null, ""model slug"": ""text-davinci-002-render-sha"", ""finish details"": {""type"": ""max tokens""}, ""timestamp "": ""absolute""}, ""recipient"": ""all"", ""channel"": null}, ""parent"": ""aaa2dd78-68bb-4f13-931c-0f1f6382c844"", ""children"": []}}, ""moderation results"": [], ""current node"": ""f22bbbc0-1536-49e4-bc4e-876461e75f11"", ""plugin ids"": null, ""conversation id"": ""62514fa9-e0b4-48f6-b8cb-7d00d39bfaa9"", ""conversation template id"": null, ""gizmo id"": null, ""gizmo type"": null, ""is archived"": false, ""is starred"": null, ""safe urls"": [], ""blocked urls"": [], ""default model slug"": null, ""conversation origin"": null, ""voice"": null, ""async status"": null, ""disabled tool ids"": [], ""is do not remember"": null, ""id"": ""62514fa9-e0b4-48f6-b8cb-7d00d39bfaa9""}, {""title"": ""video production logistics."", ""create time"": 1683818829.686725, ""update time"": 1683818845.0, ""mapping"": {""be950b86-9e17-4562-b871-b9d76ac50a39"": {""id"": ""be950b86-9e17-4562-b871-b9d76ac50a39"", ""message"": {""id"": ""be950b86-9e17-4562-b871-b9d76ac50a39"", ""author"": {""role"": ""system"", ""name"": null, ""metadata"": {}}, ""create time"": 1683818829.687043, ""update time"": null, ""content"": {""content type"": ""text"", ""parts"": [""""]}, ""status"": ""finished successfully"", ""end turn"": true, ""weight"": 1.0, ""metadata"": {""is visually hidden from conversation"": true}, ""recipient"": ""all"", ""channel"": null}, ""parent"": ""aaa16138-4c4b-4ad9-b892-4f1a241d6aa6"", ""children"": [""aaa29290-b656-4579-b3dd-cbd2ee81788e""]}, ""aaa16138-4c4b-4ad9-b892-4f1a241d6aa6"": {""id"": ""aaa16138-4c4b-4ad9-b892-4f1a241d6aa6"", ""message"": null, ""parent"": null, ""children"": [""be950b86-9e17-4562-b871-b9d76ac50a39""]}, ""aaa29290-b656-4579-b3dd-cbd2ee81788e"": {""id"": ""aaa29290-b656-4579-b3dd-cbd2ee81788e"", ""message"": {""id"": ""aaa29290-b656-4579-b3dd-cbd2ee81788e"", ""author"": {""role"": ""user"", ""name"": null, ""metadata"": {}}, ""create time"": 1683818829.695422, ""update time"": null, ""content"": {""content type"": ""text"", ""parts"": [""can you proofread and improve this email: hi amanda, my name is bob hopp and i am producing your mmm video for your wedding. i will be sharing a dropbox folder with you so you can put all photos you want included in the project. this will be the central place where all media will be stored, so we can keep everything organized. if you have any questions please reach out to me. once all of the media is assembled i will then make sure we have the order right, and i will process the video and share it with you in this same dropbox folder. i am looking forward to working with you to make this a redeemable day for you.\n""]}, ""status"": ""finished successfully"", ""end turn"": null, ""weight"": 1.0, ""metadata"": {""timestamp "": ""absolute"", ""message type"": null}, ""recipient"": ""all"", ""channel"": null}, ""parent"": ""be950b86-9e17-4562-b871-b9d76ac50a39"", ""children"": [""200311cf-427a-4e71-bcb1-4cceca398c8e""]}, ""200311cf-427a-4e71-bcb1-4cceca398c8e"": {""id"": ""200311cf-427a-4e71-bcb1-4cceca398c8e"", ""message"": {""id"": ""200311cf-427a-4e71-bcb1-4cceca398c8e"", ""author"": {""role"": ""assistant"", ""name"": null, ""metadata"": {}}, ""create time"": 1683818845.658927, ""update time"": null, ""content"": {""content type"": ""text"", ""parts"": [""hi amanda,\n\ni hope this email finds you well. my name is bob hopp and i will be producing the mmm video for your upcoming wedding. i wanted to touch base with you regarding the media that will be included in the project.\n\nto make sure everything is organized and easy to access, i will be sharing a dropbox folder with you where you can upload all the photos you would like to be included in the video. this will serve as a central location for all the media, making it easier for us to collaborate and ensure that everything runs smoothly.\n\nif you have any questions or concerns, please don&#x27;t hesitate to reach out to me. once i have all the media assembled, i will review the order and begin processing the video. once the video is complete, i will share it with you in the same dropbox folder.\n\ni am looking forward to working with you to make this a truly memorable day for you. if you need anything in the meantime, please don&#x27;t hesitate to contact me.\n\nbest regards,\n\nbob hopp""]}, ""status"": ""finished successfully"", ""end turn"": true, ""weight"": 1.0, ""metadata"": {""message type"": null, ""model slug"": ""text-davinci-002-render-sha"", ""finish details"": {""type"": ""stop"", ""stop"": ""&lt;|im end|&gt;""}, ""timestamp "": ""absolute""}, ""recipient"": ""all"", ""channel"": null}, ""parent"": ""aaa29290-b656-4579-b3dd-cbd2ee81788e"", ""children"": []}}, ""moderation results"": [], ""current node"": ""200311cf-427a-4e71-bcb1-4cceca398c8e"", ""plugin ids"": null, ""conversation id"": ""1e8269fe-e414-407c-a562-b785c88f8d93"", ""conversation template id"": null, ""gizmo id"": null, ""gizmo type"": null, ""is archived"": false, ""is starred"": null, ""safe urls"": [], ""blocked urls"": [], ""default model slug"": null, ""conversation origin"": null, ""voice"": null, ""async status"": null, ""disabled tool ids"": [], ""is do not remember"": null, ""id"": ""1e8269fe-e414-407c-a562-b785c88f8d93""}, {""title"": ""mc scripted lines."", ""create time"": 1683588403.475755, ""update time"": 1683588668.0, ""mapping"": {""ad1fd5a0-af69-4cad-970c-cdfe831ba84a"": {""id"": ""ad1fd5a0-af69-4cad-970c-cdfe831ba84a"", ""message"": {""id"": ""596a2b72-8565-48ff-a716-a416d177db90"", ""author"": {""role"": ""system"", ""name"": null, ""metadata"": {}}, ""create time"": 1683588668.78672, ""update time"": null, ""content"": {""content type"": ""text"", ""parts"": [""""]}, ""status"": ""finished successfully"", ""end turn"": true, ""weight"": 1.0, ""metadata"": {""is visually hidden from conversation"": true}, ""recipient"": ""all"", ""channel"": null}, ""parent"": ""aaa1ca5e-3cd7-4ac2-9fe2-90f1638d469b"", ""children"": [""aaa23968-5a54-4ae5-9a61-c4a492450f7f""]}, ""aaa1ca5e-3cd7-4ac2-9fe2-90f1638d469b"": {""id"": ""aaa1ca5e-3cd7-4ac2-9fe2-90f1638d469b"", ""message"": null, ""parent"": null, ""children"": [""ad1fd5a0-af69-4cad-970c-cdfe831ba84a""]}, ""aaa23968-5a54-4ae5-9a61-c4a492450f7f"": {""id"": ""aaa23968-5a54-4ae5-9a61-c4a492450f7f"", ""message"": {""id"": ""aaa23968-5a54-4ae5-9a61-c4a492450f7f"", ""author"": {""role"": ""user"", ""name"": null, ""metadata"": {}}, ""create time"": 1683588403.476522, ""update time"": null, ""content"": {""content type"": ""text"", ""parts"": [""i am dj and mc for events mainly weddings and celebrations of life and anniversary etc. i need some scripted lines based on the following text: make the crowd feel good and make them feel involved- that\u2019s the target on the simplest terms. \nstart writing or thinking of statements for moments throughout the night\u2026 a script in a way. \nmake sure each statement either charms, humors, or illicits a response. \nthey don\u2019t have to be elaborate. things like \u201cwow i can feel the love on this dancefloor tonight\u201d during a song transition can even go a long way in my experience. \nonce you have your \u201cscript\u201d of sorts, it\u2019s just making sure you use them in a way that feels natural. picture it as a conversation between you and them. make sure it\u2019s relevant and necessary. \n\nthat\u2019s how i did it as someone who struggled to improv with a mic in front of my face lol""]}, ""status"": ""finished successfully"", ""end turn"": null, ""weight"": 1.0, ""metadata"": {""timestamp "": ""absolute"", ""message type"": null}, ""recipient"": ""all"", ""channel"": null}, ""parent"": ""ad1fd5a0-af69-4cad-970c-cdfe831ba84a"", ""children"": [""92a14763-a5c0-47a5-b541-f49041aa99ff""]}, ""92a14763-a5c0-47a5-b541-f49041aa99ff"": {""id"": ""92a14763-a5c0-47a5-b541-f49041aa99ff"", ""message"": {""id"": ""92a14763-a5c0-47a5-b541-f49041aa99ff"", ""author"": {""role"": ""assistant"", ""name"": null, ""metadata"": {}}, ""create time"": 1683588423.852359, ""update time"": null, ""content"": {""content type"": ""text"", ""parts"": [""sure, i can definitely help you with that. here are some scripted lines that you can use throughout the night to engage the crowd and keep the energy high:\n\n1. &quot;ladies and gentlemen, let&#x27;s give it up for the newlyweds! you guys look absolutely stunning tonight, and we&#x27;re honored to be a part of your special day.&quot;\n\n2. &quot;i see some amazing dancers out there tonight! keep it up, you guys are killing it!&quot;\n\n3. &quot;who&#x27;s ready to party tonight? let me hear you make some noise!&quot;\n\n4. &quot;let&#x27;s give a round of applause to the parents of the bride and groom. thank you for raising such wonderful children and for letting us celebrate with you tonight.&quot;\n\n5. &quot;this next song is a classic. who remembers dancing to this back in the day? let&#x27;s take a trip down memory lane!&quot;\n\n6. &quot;i have to say, this is one of the most beautiful venues i&#x27;ve ever had the pleasure of working in. let&#x27;s make tonight one to remember!&quot;\n\n7. &quot;can we get all the couples out on the dancefloor? this next song is for all the lovebirds in the house!&quot;\n\n8. &quot;who&#x27;s ready for some karaoke? i know there are some secret singing superstars in this room!&quot;\n\n9. &quot;i just want to take a moment to appreciate all the hard work that went into making this event happen. shout out to the amazing staff and vendors who made tonight possible!&quot;\n\n10. &quot;i don&#x27;t know about you guys, but i&#x27;m having the time of my life up here. let&#x27;s keep the party going all night long!&quot;\n\nremember, the key is to keep it natural and relevant to the moment. use these scripted lines as a guide, but don&#x27;t be afraid to improvise and let your personality shine through. good luck with your events!""]}, ""status"": ""finished successfully"", ""end turn"": true, ""weight"": 1.0, ""metadata"": {""message type"": null, ""model slug"": ""text-davinci-002-render-sha"", ""finish details"": {""type"": ""stop"", ""stop"": ""&lt;|im end|&gt;""}, ""timestamp "": ""absolute""}, ""recipient"": ""all"", ""channel"": null}, ""parent"": ""aaa23968-5a54-4ae5-9a61-c4a492450f7f"", ""children"": [""aaa2bba1-8220-4874-bffc-bcf469196250""]}, ""aaa2bba1-8220-4874-bffc-bcf469196250"": {""id"": ""aaa2bba1-8220-4874-bffc-bcf469196250"", ""message"": {""id"": ""aaa2bba1-8220-4874-bffc-bcf469196250"", ""author"": {""role"": ""user"", ""name"": null, ""metadata"": {}}, ""create time"": 1683588668.786906, ""update time"": null, ""content"": {""content type"": ""text"", ""parts"": [""thank you, can you make it shorter and not so cliche. ""]}, ""status"": ""finished successfully"", ""end turn"": null, ""weight"": 1.0, ""metadata"": {""timestamp "": ""absolute"", ""message type"": null}, ""recipient"": ""all"", ""channel"": null}, ""parent"": ""92a14763-a5c0-47a5-b541-f49041aa99ff"", ""children"": [""ae7b9ea2-ca2c-4b6d-abd5-fd9573e5a356""]}, ""ae7b9ea2-ca2c-4b6d-abd5-fd9573e5a356"": {""id"": ""ae7b9ea2-ca2c-4b6d-abd5-fd9573e5a356"", ""message"": {""id"": ""ae7b9ea2-ca2c-4b6d-abd5-fd9573e5a356"", ""author"": {""role"": ""assistant"", ""name"": null, ""metadata"": {}}, ""create time"": 1683588684.832362, ""update time"": null, ""content"": {""content type"": ""text"", ""parts"": [""of course, here are some shorter and more original lines you can use throughout the night:\n\n1. &quot;you guys are looking amazing out there! let&#x27;s keep the energy high!&quot;\n\n2. &quot;let&#x27;s give it up for the happy couple! we&#x27;re honored to celebrate with you tonight.&quot;\n\n3. &quot;who&#x27;s ready to dance? i want to see everyone on the floor!&quot;\n\n4. &quot;i have to say, this crowd is looking pretty good tonight. keep the good vibes coming!&quot;\n\n5. &quot;this next song is a personal favorite of mine. let&#x27;s see if we can get the whole room singing along!&quot;\n\n6. &quot;i&#x27;m feeling the love in this room tonight. let&#x27;s make some memories!&quot;\n\n7. &quot;who&#x27;s feeling lucky? we&#x27;ve got some surprises in store for you tonight!&quot;\n\n8. &quot;this is a celebration, so let&#x27;s keep the smiles and laughter going all night long!&quot;\n\n9. &quot;let&#x27;s hear it for the amazing staff and vendors who made tonight possible. you guys are the real mvps!&quot;\n\n10. &quot;i&#x27;m having a blast up here, and i hope you guys are too. let&#x27;s make this a night to remember!&quot;\n\nremember, the key is to be yourself and have fun with it. use these lines as inspiration, but feel free to customize them to fit your personality and the vibe of the event. good luck and have a great time!""]}, ""status"": ""finished successfully"", ""end turn"": true, ""weight"": 1.0, ""metadata"": {""message type"": null, ""model slug"": ""text-davinci-002-render-sha"", ""finish details"": {""type"": ""stop"", ""stop"": ""&lt;|im end|&gt;""}, ""timestamp "": ""absolute""}, ""recipient"": ""all"", ""channel"": null}, ""parent"": ""aaa2bba1-8220-4874-bffc-bcf469196250"", ""children"": []}}, ""moderation results"": [], ""current node"": ""ae7b9ea2-ca2c-4b6d-abd5-fd9573e5a356"", ""plugin ids"": null, ""conversation id"": ""4bef4364-28f1-452f-bf7f-a946b0b887e6"", ""conversation template id"": null, ""gizmo id"": null, ""gizmo type"": null, ""is archived"": false, ""is starred"": null, ""safe urls"": [], ""blocked urls"": [], ""default model slug"": null, ""conversation origin"": null, ""voice"": null, ""async status"": null, ""disabled tool ids"": [], ""is do not remember"": null, ""id"": ""4bef4364-28f1-452f-bf7f-a946b0b887e6""}, {""title"": ""designing 25th anniversary keywords."", ""create time"": 1683407963.900323, ""update time"": 1683407970.0, ""mapping"": {""3bc26319-2b0e-4b18-89b0-963e7609025d"": {""id"": ""3bc26319-2b0e-4b18-89b0-963e7609025d"", ""message"": {""id"": ""3bc26319-2b0e-4b18-89b0-963e7609025d"", ""author"": {""role"": ""system"", ""name"": null, ""metadata"": {}}, ""create time"": 1683407963.901851, ""update time"": null, ""content"": {""content type"": ""text"", ""parts"": [""""]}, ""status"": ""finished successfully"", ""end turn"": true, ""weight"": 1.0, ""metadata"": {""is visually hidden from conversation"": true}, ""recipient"": ""all"", ""channel"": null}, ""parent"": ""aaa13c8f-07f2-4a29-94dc-379a2e4d1ea5"", ""children"": [""aaa2b420-191f-4c72-be9d-6246688df147""]}, ""aaa13c8f-07f2-4a29-94dc-379a2e4d1ea5"": {""id"": ""aaa13c8f-07f2-4a29-94dc-379a2e4d1ea5"", ""message"": null, ""parent"": null, ""children"": [""3bc26319-2b0e-4b18-89b0-963e7609025d""]}, ""aaa2b420-191f-4c72-be9d-6246688df147"": {""id"": ""aaa2b420-191f-4c72-be9d-6246688df147"", ""message"": {""id"": ""aaa2b420-191f-4c72-be9d-6246688df147"", ""author"": {""role"": ""user"", ""name"": null, ""metadata"": {}}, ""create time"": 1683407963.902244, ""update time"": null, ""content"": {""content type"": ""text"", ""parts"": [""i am making a design for a 25rg anniversary and i need 25 keywoords""]}, ""status"": ""finished successfully"", ""end turn"": null, ""weight"": 1.0, ""metadata"": {""timestamp "": ""absolute"", ""message type"": null}, ""recipient"": ""all"", ""channel"": null}, ""parent"": ""3bc26319-2b0e-4b18-89b0-963e7609025d"", ""children"": [""6ceeb2df-5094-4007-aac5-21bdf1ee78e3""]}, ""6ceeb2df-5094-4007-aac5-21bdf1ee78e3"": {""id"": ""6ceeb2df-5094-4007-aac5-21bdf1ee78e3"", ""message"": {""id"": ""6ceeb2df-5094-4007-aac5-21bdf1ee78e3"", ""author"": {""role"": ""assistant"", ""name"": null, ""metadata"": {}}, ""create time"": 1683407970.969318, ""update time"": null, ""content"": {""content type"": ""text"", ""parts"": [""congratulations on the upcoming 25th anniversary! here are 25 keywords that may be relevant to your design:\n\n1. silver\n2. milestone\n3. celebrate\n4. love\n5. commitment\n6. forever\n7. family\n8. friends\n9. joy\n10. memories\n11. achievement\n12. bond\n13. unity\n14. endurance\n15. loyalty\n16. partnership\n17. legacy\n18. strength\n19. perseverance\n20. growth\n21. happiness\n22. gratitude\n23. reflection\n24. renewal\n25. appreciation\n\ni hope these keywords help inspire your design and celebrate this special occasion in a meaningful way.""]}, ""status"": ""finished successfully"", ""end turn"": true, ""weight"": 1.0, ""metadata"": {""message type"": null, ""model slug"": ""text-davinci-002-render-sha"", ""finish details"": {""type"": ""stop"", ""stop"": ""&lt;|im end|&gt;""}, ""timestamp "": ""absolute""}, ""recipient"": ""all"", ""channel"": null}, ""parent"": ""aaa2b420-191f-4c72-be9d-6246688df147"", ""children"": []}}, ""moderation results"": [], ""current node"": ""6ceeb2df-5094-4007-aac5-21bdf1ee78e3"", ""plugin ids"": null, ""conversation id"": ""e5034a3c-e42d-4994-adff-1ca4055925e1"", ""conversation template id"": null, ""gizmo id"": null, ""gizmo type"": null, ""is archived"": false, ""is starred"": null, ""safe urls"": [], ""blocked urls"": [], ""default model slug"": null, ""conversation origin"": null, ""voice"": null, ""async status"": null, ""disabled tool ids"": [], ""is do not remember"": null, ""id"": ""e5034a3c-e42d-4994-adff-1ca4055925e1""}, {""title"": ""dj and mmm"", ""create time"": 1683124895.586139, ""update time"": 1683125806.0, ""mapping"": {""3babd560-7627-4728-8298-17579741c58d"": {""id"": ""3babd560-7627-4728-8298-17579741c58d"", ""message"": {""id"": ""660e502a-c0cb-42ce-9d24-fe76d80368db"", ""author"": {""role"": ""system"", ""name"": null, ""metadata"": {}}, ""create time"": 1683125709.290963, ""update time"": null, ""content"": {""content type"": ""text"", ""parts"": [""""]}, ""status"": ""finished successfully"", ""end turn"": true, ""weight"": 1.0, ""metadata"": {""is visually hidden from conversation"": true}, ""recipient"": ""all"", ""channel"": null}, ""parent"": ""aaa18a2e-5a44-4e63-b175-c5e927315181"", ""children"": [""aaa24328-b55f-4b8e-92bd-d5adeffee77d""]}, ""aaa18a2e-5a44-4e63-b175-c5e927315181"": {""id"": ""aaa18a2e-5a44-4e63-b175-c5e927315181"", ""message"": null, ""parent"": null, ""children"": [""3babd560-7627-4728-8298-17579741c58d""]}, ""aaa24328-b55f-4b8e-92bd-d5adeffee77d"": {""id"": ""aaa24328-b55f-4b8e-92bd-d5adeffee77d"", ""message"": {""id"": ""aaa24328-b55f-4b8e-92bd-d5adeffee77d"", ""author"": {""role"": ""user"", ""name"": null, ""metadata"": {}}, ""create time"": 1683124895.58897, ""update time"": null, ""content"": {""content type"": ""text"", ""parts"": [""i am a dj and multi media producer and i want to promote celebration of life events can you give me an outline of steps i need to complete""]}, ""status"": ""finished successfully"", ""end turn"": null, ""weight"": 1.0, ""metadata"": {""timestamp "": ""absolute"", ""message type"": null}, ""recipient"": ""all"", ""channel"": null}, ""parent"": ""3babd560-7627-4728-8298-17579741c58d"", ""children"": [""7ee1f677-f942-4403-a6a1-3078819f6d10""]}, ""7ee1f677-f942-4403-a6a1-3078819f6d10"": {""id"": ""7ee1f677-f942-4403-a6a1-3078819f6d10"", ""message"": {""id"": ""7ee1f677-f942-4403-a6a1-3078819f6d10"", ""author"": {""role"": ""assistant"", ""name"": null, ""metadata"": {}}, ""create time"": 1683125073.628937, ""update time"": null, ""content"": {""content type"": ""text"", ""parts"": [""sure! here&#x27;s an outline of steps you can take to promote celebration of life events as a dj and multi-media producer:\n\n1. define your target audience: the first step in promoting your celebration of life events is to identify your target audience. this will help you to tailor your promotional materials to the right people. determine who is most likely to attend these events and focus your marketing efforts on them.\n\n2. create a website: create a website that showcases your past events and highlights the benefits of attending a celebration of life event. make sure the website is visually appealing and easy to navigate. include information about the event such as the date, location, and time.\n\n3. utilize social media: social media platforms such as facebook, instagram, and twitter are powerful marketing tools that can help you reach a wider audience. use these platforms to share updates about your upcoming celebration of life events, post photos and videos from past events, and interact with your followers.\n\n4. produce promotional videos: as a multimedia producer, you have the skills to create high-quality promotional videos that can help you attract more attendees to your celebration of life events. these videos can be shared on your website, social media platforms, and other online channels.\n\n5. collaborate with event planners: collaborating with event planners can help you reach a wider audience and attract more attendees to your celebration of life events. partner with event planners who specialize in end-of-life events and offer them a commission for every attendee they bring to your events.\n\n6. advertise in local newspapers and magazines: print media can still be an effective way to promote your events. advertise in local newspapers and magazines that cater to your target audience. make sure your ads are visually appealing and include all the important details about your event.\n\n7. offer incentives: consider offering incentives to attendees who bring friends or family members to your celebration of life events. for example, you could offer a discount on the ticket price or a free drink voucher.\n\n8. attend related events: attend related events such as funeral expos and bereavement conferences. these events can help you network with other professionals in the industry and promote your celebration of life events to a wider audience.\n\nby following these steps, you can effectively promote your celebration of life events and attract more attendees. good luck!""]}, ""status"": ""finished successfully"", ""end turn"": true, ""weight"": 1.0, ""metadata"": {""message type"": null, ""model slug"": ""text-davinci-002-render-sha"", ""finish details"": {""type"": ""stop"", ""stop"": ""&lt;|im end|&gt;""}, ""timestamp "": ""absolute""}, ""recipient"": ""all"", ""channel"": null}, ""parent"": ""aaa24328-b55f-4b8e-92bd-d5adeffee77d"", ""children"": [""aaa2f236-a407-455d-b053-de5306204949""]}, ""aaa2f236-a407-455d-b053-de5306204949"": {""id"": ""aaa2f236-a407-455d-b053-de5306204949"", ""message"": {""id"": ""aaa2f236-a407-455d-b053-de5306204949"", ""author"": {""role"": ""user"", ""name"": null, ""metadata"": {}}, ""create time"": 1683125107.684687, ""update time"": null, ""content"": {""content type"": ""text"", ""parts"": [""help me with a flyer for this""]}, ""status"": ""finished successfully"", ""end turn"": null, ""weight"": 1.0, ""metadata"": {""timestamp "": ""absolute"", ""message type"": null}, ""recipient"": ""all"", ""channel"": null}, ""parent"": ""7ee1f677-f942-4403-a6a1-3078819f6d10"", ""children"": [""7d61cc90-2a07-4a7a-87e2-7947a65ee41e""]}, ""7d61cc90-2a07-4a7a-87e2-7947a65ee41e"": {""id"": ""7d61cc90-2a07-4a7a-87e2-7947a65ee41e"", ""message"": {""id"": ""7d61cc90-2a07-4a7a-87e2-7947a65ee41e"", ""author"": {""role"": ""assistant"", ""name"": null, ""metadata"": {}}, ""create time"": 1683125179.862137, ""update time"": null, ""content"": {""content type"": ""text"", ""parts"": [""sure, i can provide you with a general layout for a flyer promoting your celebration of life events. keep in mind that you can customize this to fit your specific branding and event details.\n\n[header section]\n\n- event title: celebrate life\n- event date: [insert date here]\n- event time: [insert time here]\n- event location: [insert location here]\n- your logo (if you have one)\n\n[body section]\n\n- introduction: welcome your audience to your celebration of life event and give a brief overview of what it is about. example: &quot;join us for a heartwarming and uplifting event as we celebrate the lives of those who have left us. our event is aimed to bring comfort and hope to those who are grieving.&quot;\n- event details: provide your audience with more information about your event such as keynote speakers, musical guests, activities, and any other pertinent information.\n- call to action: encourage your audience to take action and attend your event. example: &quot;don&#x27;t miss out on this inspiring event. grab your tickets now and come celebrate life with us!&quot;\n\n[footer section]\n\n- your contact information: include your phone number, email address, and website so that interested individuals can easily contact you.\n- your social media handles: if you have social media accounts, include them here so that people can follow you for updates.\n\n[design tips]\n\n- keep the design simple and clean. use images or graphics that evoke a positive and celebratory mood.\n- choose colors that match your branding or the theme of your event.\n- make sure your event details are easy to read and organized in a clear manner.\n- highlight the most important information such as the event title, date, and location.\n- proofread the flyer for any errors or typos before printing.\n\ni hope this helps! good luck with promoting your celebration of life events!""]}, ""status"": ""finished successfully"", ""end turn"": true, ""weight"": 1.0, ""metadata"": {""message type"": null, ""model slug"": ""text-davinci-002-render-sha"", ""finish details"": {""type"": ""stop"", ""stop"": ""&lt;|im end|&gt;""}, ""timestamp "": ""absolute""}, ""recipient"": ""all"", ""channel"": null}, ""parent"": ""aaa2f236-a407-455d-b053-de5306204949"", ""children"": [""aaa2f577-b031-43b2-b745-ebceab9f4e83""]}, ""aaa2f577-b031-43b2-b745-ebceab9f4e83"": {""id"": ""aaa2f577-b031-43b2-b745-ebceab9f4e83"", ""message"": {""id"": ""aaa2f577-b031-43b2-b745-ebceab9f4e83"", ""author"": {""role"": ""user"", ""name"": null, ""metadata"": {}}, ""create time"": 1683125265.635276, ""update time"": null, ""content"": {""content type"": ""text"", ""parts"": [""i&#x27;m sorry i meant a promotional flyer or document to hand out to funeral directors offering my services""]}, ""status"": ""finished successfully"", ""end turn"": null, ""weight"": 1.0, ""metadata"": {""timestamp "": ""absolute"", ""message type"": null}, ""recipient"": ""all"", ""channel"": null}, ""parent"": ""7d61cc90-2a07-4a7a-87e2-7947a65ee41e"", ""children"": [""fcd108f0-c034-42ef-85c9-e1a053ad666a"", ""3b0cf414-e8e4-4082-a206-123a150cf7e9""]}, ""fcd108f0-c034-42ef-85c9-e1a053ad666a"": {""id"": ""fcd108f0-c034-42ef-85c9-e1a053ad666a"", ""message"": {""id"": ""fcd108f0-c034-42ef-85c9-e1a053ad666a"", ""author"": {""role"": ""assistant"", ""name"": null, ""metadata"": {}}, ""create time"": 1683125368.514875, ""update time"": null, ""content"": {""content type"": ""text"", ""parts"": [""""]}, ""status"": ""finished successfully"", ""end turn"": null, ""weight"": 1.0, ""metadata"": {""message type"": null, ""model slug"": ""text-davinci-002-render-sha"", ""finish details"": {""type"": ""interrupted""}, ""timestamp "": ""absolute""}, ""recipient"": ""all"", ""channel"": null}, ""parent"": ""aaa2f577-b031-43b2-b745-ebceab9f4e83"", ""children"": []}, ""3b0cf414-e8e4-4082-a206-123a150cf7e9"": {""id"": ""3b0cf414-e8e4-4082-a206-123a150cf7e9"", ""message"": {""id"": ""3b0cf414-e8e4-4082-a206-123a150cf7e9"", ""author"": {""role"": ""assistant"", ""name"": null, ""metadata"": {}}, ""create time"": 1683125641.444377, ""update time"": null, ""content"": {""content type"": ""text"", ""parts"": [""no problem, here&#x27;s a general layout for a promotional flyer or document to hand out to funeral directors to offer your dj and multimedia production services:\n\n[header section]\n\n- your name or business name: dj and multimedia production services\n- your logo (if you have one)\n\n[body section]\n\n- introduction: introduce yourself and your business. example: &quot;we specialize in providing uplifting and personalized dj and multimedia production services for celebration of life events. we believe that every life is worth celebrating, and we are dedicated to helping families and loved ones honor and remember those who have passed.&quot;\n\n- service details: outline the services you provide, including dj and multimedia production services. be specific about how you can help families celebrate their loved one&#x27;s life. example: &quot;our services include personalized playlists, professional-grade sound systems, and custom multimedia presentations that celebrate the unique life and personality of your loved one.&quot;\n\n- testimonials: if you have any testimonials from previous clients, include them here. this will help establish credibility and give funeral directors a sense of what it&#x27;s like to work with you. example: &quot;we received so many compliments about how perfectly the music fit the mood of the celebration. i&#x27;m so grateful to have found a dj who understood what we were going for.&quot;\n\n- contact information: include your contact information, such as your phone number, email address, and website. make it easy for funeral directors to get in touch with you. example: &quot;to learn more about our dj and multimedia production services, please visit our website or call us at [insert phone number here]. we look forward to working with you and helping families celebrate their loved one&#x27;s life.&quot;\n\n[footer section]\n\n- your social media handles: if you have social media accounts, include them here so that funeral directors can follow you for updates.\n- your logo (if you have one)\n\n[design tips]\n\n- keep the design simple and professional. use images or graphics that convey a sense of reverence and respect for the deceased.\n- use fonts that are easy to read and don&#x27;t overcrowd the page.\n- use colors that match your branding or the tone of the document.\n- make sure your contact information is prominent and easy to read.\n- proofread the flyer or document for any errors or typos before printing.\n\ni hope this helps! good luck with promoting your dj and multimedia production services to funeral directors.""]}, ""status"": ""finished successfully"", ""end turn"": true, ""weight"": 1.0, ""metadata"": {""message type"": null, ""model slug"": ""text-davinci-002-render-sha"", ""finish details"": {""type"": ""stop"", ""stop"": ""&lt;|im end|&gt;""}, ""timestamp "": ""absolute""}, ""recipient"": ""all"", ""channel"": null}, ""parent"": ""aaa2f577-b031-43b2-b745-ebceab9f4e83"", ""children"": [""aaa210ab-f311-4fc9-bcd5-9199f3450980""]}, ""aaa210ab-f311-4fc9-bcd5-9199f3450980"": {""id"": ""aaa210ab-f311-4fc9-bcd5-9199f3450980"", ""message"": {""id"": ""aaa210ab-f311-4fc9-bcd5-9199f3450980"", ""author"": {""role"": ""user"", ""name"": null, ""metadata"": {}}, ""create time"": 1683125709.291172, ""update time"": null, ""content"": {""content type"": ""text"", ""parts"": [""lets design a logo, give my prompts for ai""]}, ""status"": ""finished successfully"", ""end turn"": null, ""weight"": 1.0, ""metadata"": {""timestamp "": ""absolute"", ""message type"": null}, ""recipient"": ""all"", ""channel"": null}, ""parent"": ""3b0cf414-e8e4-4082-a206-123a150cf7e9"", ""children"": [""51f58586-dd06-4dbb-a8bb-81a776624ff5""]}, ""51f58586-dd06-4dbb-a8bb-81a776624ff5"": {""id"": ""51f58586-dd06-4dbb-a8bb-81a776624ff5"", ""message"": {""id"": ""51f58586-dd06-4dbb-a8bb-81a776624ff5"", ""author"": {""role"": ""assistant"", ""name"": null, ""metadata"": {}}, ""create time"": 1683125806.883639, ""update time"": null, ""content"": {""content type"": ""text"", ""parts"": [""certainly! here are some prompts for designing a logo for your dj and multimedia production services:\n\n1. name: what is the name of your dj and multimedia production services? the name of your business can inspire different design ideas and concepts.\n\n2. brand identity: how would you like your brand to be perceived? do you want it to be modern and edgy, or more classic and sophisticated? do you want your brand to convey a sense of celebration and positivity?\n\n3. color scheme: what colors do you want to use in your logo? colors can have a powerful effect on how people perceive your brand. for example, blue is often associated with trust and dependability, while yellow is associated with happiness and energy.\n\n4. style: what style do you want your logo to have? for example, do you prefer minimalist designs, or more intricate and detailed designs? do you want your logo to incorporate imagery or be text-based?\n\n5. symbolism: is there any particular symbolism that you would like to incorporate into your logo? this could be anything from a music note to a symbol of celebration or life.\n\n6. inspiration: are there any existing logos or designs that you particularly like? this can be a helpful starting point for brainstorming ideas.\n\nbased on these prompts, an ai can generate a variety of different logo designs for your dj and multimedia production services, which can be refined based on your feedback and preferences.""]}, ""status"": ""finished successfully"", ""end turn"": true, ""weight"": 1",https://www.youtube.com/watch?v=Z2UZ2dpOuI0\u2020www.youtube.com\u3011\n\n*
aerosmith,i wanna know why,https://www.youtube.com/watch?v=LB8iOT-MFew
aerosmith,lightning strikes,https://www.youtube.com/watch?v=C-TSvxZ40RQ
afrika bambaataa & the soulsonic force,renegades of funk,https://www.youtube.com/watch?v=YkTyQ0kgmzs
al green,take me to the river,https://www.youtube.com/watch?v=23LIC8EhWzI&list=RD23LIC8EhWzI&start_radio=1
alabama,forty hour week (for a livin'),https://www.youtube.com/watch?v=S-G2J3RzURA
alabama shakes,you ain't alone,https://www.youtube.com/watch?v=B5-oGSZJZb4
aladdin,a whole new world,https://www.youtube.com/watch?v=hZ1Rb9hC4JY&list=PLte1uSnf9cie52PLOUCp_stMvdrzDbTcq&index=72
alana springsteen,zero trucks,https://www.youtube.com/watch?v=gwd4SMVHE-4
albert king and stevie ray vaughan,born under a bad sign,https://www.youtube.com/watch?v=SeLddbrzsHk
alice cooper,i never cry,https://www.youtube.com/watch?v=mvXO1WPJOjI
alice cooper,i'm eighteen,https://www.youtube.com/watch?v=jXZcJojTucg
alice in chains,check my brain,https://www.youtube.com/watch?v=SBcADQziQWY
alien ant farm,smooth criminal,https://www.youtube.com/watch?v=CDl9ZMfj6aE
alive and kicking,tighter and tighter.,https://www.youtube.com/watch?v=n1o2tXtvV5I&list=RDn1o2tXtvV5I&start_radio=1
aloe blacc,i need a dollar,https://www.youtube.com/watch?v=pUWZ_OAEgQE
alvin lee & co,ride my train,https://www.youtube.com/watch?v=4OSsE7--yKM
america,tin man,https://www.youtube.com/watch?v=GQ3cYhl2uHs
amy winehouse,between the cheats,https://www.youtube.com/watch?v=9p2WYnb9vsM
amy winehouse,valerie,https://www.youtube.com/watch?v=6pAz9UpnRKw&list=RD6pAz9UpnRKw&start_radio=1
anna järvinen,äppelöga live nyhetsmorgon,https://www.youtube.com/watch?v=AVgWp3emYcA&list=PLBNjXP2TEhAfbgO7s_SberlMvTEtrdxgo&index=5
annie lennox,i put a spell on you,https://www.youtube.com/watch?v=3TrSMaOZm3Y
april wine,comin right down on top of me,https://www.youtube.com/watch?v=mjX7jye2Xnc
are there any more real cowboys,"willie nelson, neil young",https://www.youtube.com/watch?v=zCwb3kj_G3M
ariana savalas,no diggity,https://www.youtube.com/watch?v=bTfz36WArSU
aron chupa,i'm an albatraoz,https://www.youtube.com/watch?v=6gwatnZPfVM
art district,back in the day,https://www.youtube.com/watch?v=Ul7trXbs094
art garfunkel,i only have eyes for you,https://www.youtube.com/watch?v=up8Y8HfxhPs
ashland craft,i smoke weed,https://www.youtube.com/watch?v=ldEEhAwYM3k
asleep at the wheel,hot rod lincoln,https://www.youtube.com/watch?v=GgLk5kKLnyA
atmosphere,guarantees,https://www.youtube.com/watch?v=hoLxuyV9qz8
austin williams,90s rap mashup,https://www.youtube.com/watch?v=8LGz7TnFmHM
axel thesleff,bad karma,https://www.youtube.com/watch?v=-sNWKbnaFkg
b.b. king,rock me baby,https://www.youtube.com/watch?v=2cFO5jpfF5w
bad company,burnin’ sky,https://www.youtube.com/watch?v=L40QtUe2WG8
bad company,can't get enough,https://www.youtube.com/watch?v=7p9mzYB--uI
bad company,can't get enough,https://www.youtube.com/watch?v=rtOYhYklFMQ
bad company,movin' on,https://www.youtube.com/watch?v=lyaJBxlytuo
bad company,ready for love,https://www.youtube.com/watch?v=FWW7f8Ev8KA
bad company,rock 'n' roll fantasy,https://www.youtube.com/watch?v=Wp6UBRv9rug
bad company,running with the pack,https://www.youtube.com/watch?v=TMTpMAQz9-w
bad company,saving grace,https://www.youtube.com/watch?v=imOwyZSYcPU
bad company,this love,https://www.youtube.com/watch?v=LECjVnyVQ84
bad company,youngblood,https://www.youtube.com/watch?v=rRzNNfIhHC0
barbra streisand,woman in love,https://www.youtube.com/watch?v=H6Mg1oPhPug
barry manilow,i write the songs,https://www.youtube.com/watch?v=vHIdHIWfnl4
barry manilow,mandy,https://www.youtube.com/watch?v=S359ujv5DVM
batman,the batusi,https://www.youtube.com/watch?v=RsYA8Gr5NTY
bazzi,myself,https://www.youtube.com/watch?v=VgKjHh1Y-1Y
beck,e-pro,https://www.youtube.com/watch?v=RIrG6xBW5Wk
bee gees,love you inside out,https://www.youtube.com/watch?v=w9ZG6RkbdDA
bee gees,one night only live in las vegas,https://www.youtube.com/watch?v=BEASwbKlP9o
ben harper,diamonds on the inside,https://www.youtube.com/watch?v=fpns_a4Nuvo
beyoncé,hold up,https://www.youtube.com/watch?v=PeonBmeFR8o
big data feat. joywave,dangerous,https://www.youtube.com/watch?v=E8b4xYbEugo
bill withers,"lonely town, lonely street",https://www.youtube.com/watch?v=FrHO_EC63-k
billie eilish,bury a friend,https://www.youtube.com/watch?v=HUHC9tYz8ik
billy joel,big shot,https://www.youtube.com/watch?v=bEea624OBzM&list=PLBNjXP2TEhAcCvIVVoQvvK7gMdOv66LrN&index=11
billy preston,nothing from nothing,https://www.youtube.com/watch?v=IX2bE-OBtwk
billy preston,you can't beat god giving (live),https://www.youtube.com/watch?v=_tqM5GJ-tg0
billy strings,wreck of the edmund fitzgerald,https://www.youtube.com/watch?v=sSCd7t2gB_w
billy thorpe,children of the sun,https://www.youtube.com/watch?v=DLhChJRSK5o
billy vera,at this moment,https://www.youtube.com/watch?v=O2ur063fMhs
black eyed peas,let’s get retarded,https://www.youtube.com/watch?v=LX-7AnOx22k
black rebel motercycle club,beat the devils tattoo,https://www.youtube.com/watch?v=iW1UUekcb8s
blondie,atomic,https://www.youtube.com/watch?v=O_WLw_0DFQQ
blondie,denis,https://www.youtube.com/watch?v=ahGxiSV_LH0
blondie,in the flesh,https://www.youtube.com/watch?v=kmONePejIIA
blondie,picture this,https://www.youtube.com/watch?v=QbdCpi4qTNY
bloodhound gang,the bad touch,https://www.youtube.com/watch?v=xat1GVnl8-k
bob dylan & tom petty,knockin' on heaven's door,https://www.youtube.com/watch?v=0tFVL-cB6Sg
bob marley,positive vibration,https://www.youtube.com/watch?v=kbpeEUpQcAQ
bob marley,"roots, rock, reggae",https://www.youtube.com/watch?v=2jN1bqGr3ZY
bob marley & the wailers,exodus (live),https://www.youtube.com/watch?v=43cfPgZ8cU8
bob marley & the wailers,exodus (lyrics),https://www.youtube.com/watch?v=OSOqWgqwynQ
bobaflex,bury me with my guns on,https://www.youtube.com/watch?v=RXP7JCdV2jI
bonnie tyler,faster than the speed of night,https://www.youtube.com/watch?v=jm4CgwRxw3Y
bonnie tyler,have you ever seen the rain?,https://www.youtube.com/watch?v=sH8oSVs_spg
bound for the floor,local h,https://www.youtube.com/watch?v=E2Oe5YKhzCE
bowling for soup,i melt with you,https://www.youtube.com/watch?v=QKSnbK4FcO8
brett eldredge,beat of the music,https://www.youtube.com/watch?v=qebEy8p6pAY
brian owens,a change is gonna come,https://www.youtube.com/watch?v=cEXhZ8PwM-Y
britney spears,oops!...i did it again,https://www.youtube.com/watch?v=CduA0TULnow
brooke eden,no shade,https://www.youtube.com/watch?v=OAoJWJPTsVg
bruce springsteen,rosalita,https://www.youtube.com/watch?v=CYHGh6lmSbo
bruce springsteen & the e street band,backstreets,https://www.youtube.com/watch?v=O_hZZQPukBc
bryan adams,do i have to say the words,https://www.youtube.com/watch?v=otgnuwR6w8o
bryan adams,one night love affair,https://www.youtube.com/watch?v=W3SwEZ2WoUA
bryan adams,you belong to me,https://www.youtube.com/watch?v=FbiBM1Piy1Q
bts,miic drop,https://www.youtube.com/watch?v=kTlv5_Bs8aw
butthole surfers,who was in my room last night,https://www.youtube.com/watch?v=GP7R7aUYCz0
cab calloway & nicholas brothers,jumpin' jive,https://www.youtube.com/watch?v=qXZRWa8kyAE
calum scott,dancing on my own,https://www.youtube.com/watch?v=q31tGyBJhRY
cam cole,mama,https://www.youtube.com/watch?v=YJ9E8EgNGps
candlebox,change,https://www.youtube.com/watch?v=x6wk30mL6gI
canned heat,future blues,https://www.youtube.com/watch?v=qjfP-C8nzyg
carl douglas,kung fu fighting,https://www.youtube.com/watch?v=bmfudW7rbG0&list=RDbmfudW7rbG0&start_radio=1
carla thomas,b-a-b-y,https://www.youtube.com/watch?v=l0Uf3xBzX9E
carla thomas,comfort me,https://www.youtube.com/watch?v=pl2IubV83SI
carmen electra,everybody get on up,https://www.youtube.com/watch?v=94HEqbMCv0Y
carole king,(you make me feel like a) natural woman,https://www.youtube.com/watch?v=MOyvYnkdEcc
carole king,it's too late,https://www.youtube.com/watch?v=06GRMBi4jEk
carole king,so far away,https://www.youtube.com/watch?v=zBMGovfHccI
carpenters,hurting each other,https://www.youtube.com/watch?v=sqkVNHwJfKc
carrie underwood,pink champagne,https://www.youtube.com/watch?v=bmpokHkqd3c
carrie underwood,southbound,https://www.youtube.com/watch?v=pc4zBnvLt3g
cat stevens,morning has broken,https://www.youtube.com/watch?v=rXcIwQ-_XEc
cat stevens,the hurt,https://www.youtube.com/watch?v=k-K-1hqz3r0&list=PLBNjXP2TEhAcgH0wv6C4_AO11HUsYQZ7D&index=34
cedric gervais,molly,https://www.youtube.com/watch?v=reAZiJlEuL8
charlie rich,the most beautiful girl in the world,https://www.youtube.com/watch?v=TL8nAfKw9xk
charlotte adigéry,paténipat,https://www.youtube.com/watch?v=EBmzhj9DCPo
chase matthew,pull up,https://www.youtube.com/watch?v=CXDs5soDmV0
chase rice,drinkin' beer talkin' god amen,https://www.youtube.com/watch?v=wpS2oX9ASLc
cher,hell on wheels,https://www.youtube.com/watch?v=BEUd71BPyg0
chet atkins,mr. sandman,https://www.youtube.com/watch?v=n-c66SJPuUI&list=RDn-c66SJPuUI&start_radio=1
chick a boom,daddy dewdrop,https://www.youtube.com/watch?v=5mwkxVfUYp4
chilliwack,my girl,https://www.youtube.com/watch?v=yahBtp_1jWE&list=PLBNjXP2TEhAfbgO7s_SberlMvTEtrdxgo&index=7
chris janson,buy me a boat,https://www.youtube.com/watch?v=mQPjKSVe1tQ
chris janson,fix a drink,https://www.youtube.com/watch?v=-_Op0bQfMoo
chris rice,drinkin' beer. talkin' god. amen.,https://www.youtube.com/watch?v=wpS2oX9ASLc
chris stapleton,fire away,https://www.youtube.com/watch?v=ZI-aPHeUDlk
chris stapleton & justin timberlake,tennessee whiskey & drink you away,https://www.youtube.com/watch?v=eRyq3oGqXTQ
christina aguilera,ain't no other man,https://www.youtube.com/watch?v=8x7Ta89QLo4
christina aguilera,your body,https://www.youtube.com/watch?v=6cfCgLgiFDM
classified,up all night,https://www.youtube.com/watch?v=ja5RUc2e568
clutch,electric worry,https://www.youtube.com/watch?v=s4ABpbxIPFI&list=PLBNjXP2TEhAd-2VdxXI2rhzxu-ZQhCQkQ&index=20
cobra starship,middle finger ft. mac miller,https://www.youtube.com/watch?v=yDTzz4iN-1Q
coldcut,people hold on,https://www.youtube.com/watch?v=4IoWjow6xDs
cole swindell,chillin' it,https://www.youtube.com/watch?v=Mh-eN--JK8Q
colt ford feat. jake owen,back,https://www.youtube.com/watch?v=4KWZQgdZOmk
concrete blonde,bloodletting (the vampire song),https://www.youtube.com/watch?v=VbJmWCuMiEM
conkarah (feat. shaggy),banana,https://www.youtube.com/watch?v=sy9l7y7npGs
conway twitty,i'd love to lay you down,https://www.youtube.com/watch?v=f4w6_xo1GMk
cream,i feel free,https://www.youtube.com/watch?v=gJktf4aTNvk
crowbar,all i had i gave,https://www.youtube.com/watch?v=407YNmRKvQs
crystal gayle,i'll get over you,https://www.youtube.com/watch?v=1_Z9KAaioOs
culture club,church of the poison mind,https://www.youtube.com/watch?v=HVzAH0FtNwg
cyndi lauper,all through the night (live),https://www.youtube.com/watch?v=Yr9uXtpr5V4
cyndi lauper,change of heart,https://www.youtube.com/watch?v=svHeFdSvPL0
cyndi lauper,i drove all night,https://www.youtube.com/watch?v=2y1TZXc5DiY
cyndi lauper,money changes everything,https://www.youtube.com/watch?v=pp4suZ4jNXg
daisy gray,wicked game,https://www.youtube.com/watch?v=L4VU-AwxzSY
dan fogelberg,longer,https://www.youtube.com/watch?v=GxW8CuLs1sk
dan fogelberg,same old lang syne,https://www.youtube.com/watch?v=kmZ2VHSkVYY
dan hartman,relight my fire,https://www.youtube.com/watch?v=S7Plis5xFBg
dan hartman,this is it,https://www.youtube.com/watch?v=fKJl_oM8lbQ
daniel boone,beautiful sunday,https://www.youtube.com/watch?v=EQ7uNXfoq5g
danielle bradbery,sway,https://www.youtube.com/watch?v=qr1Fpkkad2c
darius rucker,beers and sunshine,https://www.youtube.com/watch?v=8viYPxtkJZU
das efx,they want efx,https://www.youtube.com/watch?v=1PU22-fsGA0
david allan coe,you never even call me by my name,https://www.youtube.com/watch?v=XWMZPo3AvdA
david ball,thinkin' problem,https://www.youtube.com/watch?v=IfODMjUGN0A
david bowie,sound and vision,https://www.youtube.com/watch?v=sW_4r2ks93s
david bowie,the jean genie,https://www.youtube.com/watch?v=kMYg_Ra4cr8
david cassidy,how can i be sure?,https://www.youtube.com/watch?v=ZVvkmFfq8I0
david guetta,baby don’t hurt me,https://www.youtube.com/watch?v=FiQ7R3osiY8
david soul,don't give up on us,https://www.youtube.com/watch?v=YY8APrYU2Gs&list=PLBNjXP2TEhAcCvIVVoQvvK7gMdOv66LrN&index=5
debbie gibson,lost in your eyes,https://www.youtube.com/watch?v=8Ms3mJFkSeg
deer tick,the real thing,https://www.youtube.com/watch?v=SgG4wH_SsUs
dei hamo,we gon ride,https://www.youtube.com/watch?v=SKrPg8fkV_o
"delaney, bonnie & friends",coming home,https://www.youtube.com/watch?v=HHgM_HHUbYQ
demi lovato,i love me,https://www.youtube.com/watch?v=vImvzQCb0o8&list=PLBNjXP2TEhAd-2VdxXI2rhzxu-ZQhCQkQ&index=8
devo,girl u want,https://www.youtube.com/watch?v=g4-2onb62y8&list=PLBNjXP2TEhAd-2VdxXI2rhzxu-ZQhCQkQ&index=13
diamond rio,beautiful mess,https://www.youtube.com/watch?v=5H2Dy_sNSdQ
diana ross & the supremes,chain reaction,https://www.youtube.com/watch?v=lspNn8ZBAsI
die antwoord,ugly boy,https://www.youtube.com/watch?v=uMK0prafzw0
dierks bentley,somewhere on a beach,https://www.youtube.com/watch?v=JgpmFp2DViA
dire straits,tunnel of love,https://www.youtube.com/watch?v=gAirINwjaxE
dirty blues,chillout whiskey blues music,https://www.youtube.com/watch?v=ADS_xeHBCQA
dirty heads,vacation,https://www.youtube.com/watch?v=7zok9co_8E4
disco tex and his sex o lettes,get dancin,https://www.youtube.com/watch?v=FdkhViXqnSk
disney,rock-a-doodle,https://www.youtube.com/watch?v=q-SVq0wTmJI
disturbed,prayer,https://www.youtube.com/watch?v=eQf9UXExk5w
dj jazzy jeff & the fresh prince,beatbox,https://www.youtube.com/watch?v=X4gGvc3b_nU
documentary,a history of funk music,https://www.youtube.com/watch?v=QrgV35cBHVs
doja cat,go to town,https://www.youtube.com/watch?v=TLiGA_wrNp0
dolly parton,coat of many colors,https://www.youtube.com/watch?v=w_-YbWHs6DE
dolly parton,down,https://www.youtube.com/watch?v=uvphte-U2lg
dolly parton,eagle when she flies,https://www.youtube.com/watch?v=Mb1Rufxem_4
dolly parton,here you come again,https://www.youtube.com/watch?v=x87Zx3XAIsI
dolly parton,love is like a butterfly,https://www.youtube.com/watch?v=Kmnh0A3_4Ow
dolly parton,love will keep us together,https://www.youtube.com/watch?v=1eJndz8Elzk
dolly parton,rockin' years,https://www.youtube.com/watch?v=CqN7N9-AHXs
dolly parton,why'd you come in here,https://www.youtube.com/watch?v=CD8bW1rWqOA
dolly parton,you're the only one,https://www.youtube.com/watch?v=RVIVC2E93NE
"dolly parton with billy ray cyrus, tanya tucker",romeo,https://www.youtube.com/watch?v=afF3XHW7mZ4
donavon frankenreiter,it don't matter,https://www.youtube.com/watch?v=UBdS6Ug77lc&list=PLBNjXP2TEhAd-2VdxXI2rhzxu-ZQhCQkQ&index=5
donna lewis,i love you always forever,https://www.youtube.com/watch?v=SqdWTeXWvOg
donna summer,i feel love (vj's edit),https://www.youtube.com/watch?v=nfipyFyovfM
donna summer,love to love you baby,https://www.youtube.com/watch?v=UeIL252seZo
donny osmond,go away little girl,https://www.youtube.com/watch?v=NWrLTKVMRzQ
dorothy,gun in my hand,https://www.youtube.com/watch?v=yrCLXbY5RUU
duran duran,notorious,https://www.youtube.com/watch?v=Z9z0e1Wm64M
dustin lynch,party mode,https://www.youtube.com/watch?v=FaYAmqXiYKE
dustin lynch feat. chris lane,tequila on a boat,https://www.youtube.com/watch?v=ONd1XO_AWiA
dwight yoakam,streets of bakersfield (official music video),https://www.youtube.com/watch?v=8qQQGcRGWcY
eagle eye williamson,black gold,https://www.youtube.com/watch?v=qUMEwn9jaoQ
"easy come, easy go",bobby sherman,https://www.youtube.com/watch?v=QJOuTr0BXb4
echo & the bunnymen,the killing moon,https://www.youtube.com/watch?v=LWz0JC7afNQ
echo and the bunnymen,the cutter,https://www.youtube.com/watch?v=nMplIrSlg8E
eddie & the cruisers,bar jam,https://www.youtube.com/watch?v=aitVUQw-6Tc
electric light orchestra,all over the world,https://www.youtube.com/watch?v=wh3i3vWgPyk
electric light orchestra,can't get it out of my head,https://www.youtube.com/watch?v=boeZOAX_dwY
electric light orchestra,showdown,https://www.youtube.com/watch?v=jId-7WLCanc
electric light orchestra,sweet talkin' woman,https://www.youtube.com/watch?v=ID5vzXgu1n0
elle king,i told you i was mean,https://www.youtube.com/watch?v=Ap2DatUHXxs
elton john,bbc studio full show,https://www.youtube.com/watch?v=T2-0mhj2jb0
elton john,blue eyes,https://www.youtube.com/watch?v=4CiyKeSnSxk
elton john,electricity,https://www.youtube.com/watch?v=AfWFZ3iL7NA
elton john,high flying bird,https://www.youtube.com/watch?v=F03gvumYDk8
elvis costello & the attractions,"radio, radio",https://www.youtube.com/watch?v=eifljYPFW-E
elvis presley,a little less conversation,https://www.youtube.com/watch?v=WWVMXLSS1cA&list=RDWWVMXLSS1cA&start_radio=1
elvis presley,hard luck,https://www.youtube.com/watch?v=G7Q6OlKHywA
elvis presley,suspicious minds,https://www.youtube.com/watch?v=cvGg20REocw&list=PLte1uSnf9cie52PLOUCp_stMvdrzDbTcq&index=113
engelbert humperdinck,after the lovin',https://www.youtube.com/watch?v=ahLZ7hFlUMg&list=RDahLZ7hFlUMg&start_radio=1
enuff z'nuff,fly high michelle,https://www.youtube.com/watch?v=o1ZdN8DNg4w
eric clapton,blue eyes blue,https://www.youtube.com/watch?v=HNOR36mPtbk
eric clapton,forever man,https://www.youtube.com/watch?v=0gDvR1sZ6I4
eric clapton,layla,https://www.youtube.com/watch?v=pKwQlm-wldA
eric clapton,my father's eyes,https://www.youtube.com/watch?v=bocDpFVhyDw
eric clapton & the band,willie & the hand jive,https://www.youtube.com/watch?v=mkK-OAuv39k
erin kinsey,just drive,https://www.youtube.com/watch?v=cbkQjKUW4sg
exposé,come go with me,https://www.youtube.com/watch?v=SGi3AvfFfuA
exposé,let me be the one,https://www.youtube.com/watch?v=BR4cR9CeLi0
exposé,seasons change,https://www.youtube.com/watch?v=Yqk6y5Hmy9s
exposé,what you don't know,https://www.youtube.com/watch?v=O4ViqQkpcqE
exposé,when i looked at him,https://www.youtube.com/watch?v=o0vr9TOR1-s
fall out boy,my songs know what you did in the dark,https://www.youtube.com/watch?v=LkIWmsP3c_s
falling in reverse,bad girls club,https://www.youtube.com/watch?v=TzLZN1K-PUE
family guy,black betty,https://www.youtube.com/watch?v=kfl8LfHzlNM
fanny,last night i had a dream,https://www.youtube.com/watch?v=Q1kniPW8fJc
feat. mackenzie porter,thinking ‘bout you,https://www.youtube.com/watch?v=nqCQfwhYfXE
ferg,plain jane,https://www.youtube.com/watch?v=meXPbvp3ldg
filmore,somewhere with beer,https://www.youtube.com/watch?v=O8mzcixjdwk
fiona,where the cowboys go,https://www.youtube.com/watch?v=tUv2dXVLC20
fiona apple,shadowboxer,https://www.youtube.com/watch?v=QnXjISlKLuE
five man electrical band,signs,https://www.youtube.com/watch?v=iZzVdomYHnI&list=RDiZzVdomYHnI&start_radio=1
fleetwood mac,big love,https://www.youtube.com/watch?v=4hPv6EuV7dM
flex,cupid,https://www.youtube.com/watch?v=vFTUZfgClNs
flo & eddie,happy together,https://www.youtube.com/watch?v=u4Wn-uIp0Pg
flo rida,what a night,https://www.youtube.com/watch?v=ReK8Zjj8y4A
floaters,float on,https://www.youtube.com/watch?v=UnhfUbuvAaY
florence + the machine,florence + the machine - the chain (glastonbury festival 2010),https://www.youtube.com/watch?v=kF-hMABAr74&list=PLBNjXP2TEhAfbgO7s_SberlMvTEtrdxgo&index=37
florence + the machine,seven devils,https://www.youtube.com/watch?v=yJL5SE1i0u4
florida georgia line,long live,https://www.youtube.com/watch?v=J1glRjDruo0
foreigner,dirty white boy,https://www.youtube.com/watch?v=tJSRfztl_tc
foreigner,double vision,https://www.youtube.com/watch?v=dD-SpHH7qDA
foreigner,head games,https://www.youtube.com/watch?v=Dzjg4v7bd1U
foreigner,that was yesterday,https://www.youtube.com/watch?v=yPg3_W-WeMs
foreigner,with heaven on your side,https://www.youtube.com/watch?v=IgGbRTD2xBc
friends again,sunkissed,https://www.youtube.com/watch?v=5cbxaDXDF5g
fugees,vocab,https://www.youtube.com/watch?v=m4t5R3fTbD0
gabby barrett,i hope,https://www.youtube.com/watch?v=qcCH6JpcK5w
ganja baby,michael franti,https://www.youtube.com/watch?v=zvyVxWtNIC0
ganymed,it takes me higher disco,https://www.youtube.com/watch?v=j7lZhxoldlw
garth brooks,baton rouge,https://www.youtube.com/watch?v=16lW-NWqLTQ
garth brooks,the dance.,https://www.youtube.com/watch?v=JPK4XeduhAo
gary clark jr.,bright lights,https://www.youtube.com/watch?v=CFjMeOnqAPI
gary lewis & the playboys,save your heart for me,https://www.youtube.com/watch?v=aqHy8LpKqYk
gary paxton,spooky movies,https://www.youtube.com/watch?v=c2iyHReTXwk
genesis,abacab (live),https://www.youtube.com/watch?v=EOK1Y4GJnMc
genesis,anything she does,https://www.youtube.com/watch?v=5SZXJrZcxLM
genesis,ripples,https://www.youtube.com/watch?v=gAMBKnKPANo
genesis,tell me why,https://www.youtube.com/watch?v=73kVlLKvkB8
genesis,turn it on again,https://www.youtube.com/watch?v=8OIkw9kJ0u4
george harrison,blow away,https://www.youtube.com/watch?v=nNetfJQ9HAs
"george michael, aretha franklin",i knew you were waiting (for me),https://www.youtube.com/watch?v=fDxzQJaA228
ghost of paul revere,this is the end,https://www.youtube.com/watch?v=HMmZ2dHlbj0
gin wigmore,written in the water die regardless,https://www.youtube.com/watch?v=lMQofCndDAA
given up,linkin park,https://www.youtube.com/watch?v=0xyxtzD54rM
gladys knightl,i've got to use my imagination,https://www.youtube.com/watch?v=gGS027O_KRQ
glass animals,space ghost coast to coast,https://www.youtube.com/watch?v=WSEpDD8j6-c
gloria estefan,1-2-3,https://www.youtube.com/watch?v=T4IWlFutwXo
gloria estefan,can't stay away from you,https://www.youtube.com/watch?v=DYweHGwASKU
gloria estefan,don't wanna lose you,https://www.youtube.com/watch?v=J1x1WGtePSE
gloria estefan,here we are,https://www.youtube.com/watch?v=Wf9DYeePLJY
gloria estefan,samba,https://www.youtube.com/watch?v=LLKrvF6A4FU
gloria jones vs. fine young cannibals,tainted / good thing,https://www.youtube.com/watch?v=d5IZEub440Y
godhead,eleanor rigby,https://www.youtube.com/watch?v=z_YyGw-gyL0
godhead,nitzer ebb,https://www.youtube.com/watch?v=8ihBdYylntI
goldford,ride the storm,https://www.youtube.com/watch?v=Rqct9Hn9X_E
goose,so ready,https://www.youtube.com/watch?v=2gypxvKKZEw
gorillaz,dirty harry,https://www.youtube.com/watch?v=cLnkQAeMbIM
gotthard,sister moon,https://www.youtube.com/watch?v=iobSrXhuUbg
great white,save your love,https://www.youtube.com/watch?v=kBY31lCXimo&list=PLBNjXP2TEhAcgH0wv6C4_AO11HUsYQZ7D&index=35
greg holden,the lost boy,https://www.youtube.com/watch?v=XF-qH7G9ACI
gregory abbott,shake you down,https://www.youtube.com/watch?v=Uc8wmLul3uw
grim reaper,rock you to hell,https://www.youtube.com/watch?v=IGvU4XXntMk
grim reaper,see you in hell,https://www.youtube.com/watch?v=sJgv-qBBT3Y
guy,spend the night,https://www.youtube.com/watch?v=oxTXjnig4BA
gwar,jack the world,https://www.youtube.com/watch?v=7-EvYZJ4CVg
haley reinhart,don't know how to love you,https://www.youtube.com/watch?v=23M7o_9OHFA
halsey,control,https://www.youtube.com/watch?v=5vrP3YB7iAg
hank williams,cold cold heart,https://www.youtube.com/watch?v=Wn2e4Dhod7M
hank williams,i saw the light,https://www.youtube.com/watch?v=pyiGHFGCf2U
hardy,rednecker,https://www.youtube.com/watch?v=Sn2RBKPMpU0&list=PLBNjXP2TEhAd-2VdxXI2rhzxu-ZQhCQkQ&index=8
hardy,sold out,https://www.youtube.com/watch?v=r57GhcHEgGo
heart,barracuda,https://www.youtube.com/watch?v=PeMvMNpvB5M
heart,city's burning,https://www.youtube.com/watch?v=ciJpVP0CQ4E
heigh ho,snow white and the seven dwarfs,https://www.youtube.com/watch?v=HI0x0KYChq4&list=PLte1uSnf9cie52PLOUCp_stMvdrzDbTcq&index=152
"hello muddah, hello fadduh",allan sherman 1963,https://www.youtube.com/watch?v=er50h8W8vWg
highway 101,the bed you made for me,https://www.youtube.com/watch?v=p3nH8nCLcJc
highway 101,who's lonely now,https://www.youtube.com/watch?v=ZGlZaCLlzH8
hilltop hoods,1955,https://www.youtube.com/watch?v=MD8flUkymrM
huey lewis and the news,doing it all for my baby,https://www.youtube.com/watch?v=lpdZvewjwJs
hulk hogan,real american,https://www.youtube.com/watch?v=eX_k5_egUAo&list=RDeX_k5_egUAo&start_radio=1
ida mae,little liars,https://www.youtube.com/watch?v=E3_akfIeSbI
ida maria,i like you so much better when you`re naked,https://www.youtube.com/watch?v=VkVy2FeqIyc
iggy pop,five foot one,https://www.youtube.com/watch?v=dnI6A_YUoDc
iggy pop,lust for life,https://www.youtube.com/watch?v=jQvUBf5l7Vw
in the woods somewhere,dark,https://www.youtube.com/watch?v=XzHH4STOWWM
ingrid andress,waste of lime,https://www.youtube.com/watch?v=9_KpSmpPjfs
irene cara,flashdance what a feeling,https://www.youtube.com/watch?v=ILWSp0m9G2U
jace everett,bad things,https://www.youtube.com/watch?v=sMPNjPpdjKU
jack johnson,flake,https://www.youtube.com/watch?v=5FnL3pNveM0
jack johnson,inaudible melodies,https://www.youtube.com/watch?v=3_Ki1FJwNvE
jack johnson,times like these,https://www.youtube.com/watch?v=BnHYzAAMwPs
jackie deshannon,what the world needs now is love,https://www.youtube.com/watch?v=IQ2SAtkEsqU
jake owen,beachin',https://www.youtube.com/watch?v=VwgCBRj3dn4
jake owen,eight second ride,https://www.youtube.com/watch?v=HVxt-Qr8ml0
james brown,papa's got a brand new bag,https://www.youtube.com/watch?v=Dlog5teZUNw
james brown,the payback,https://www.youtube.com/watch?v=1cBZcpSeiFc
"james brown, 2pac",unchained,https://www.youtube.com/watch?v=t5uAX0pyD_I
james taylor,fire and rain,https://www.youtube.com/watch?v=_1nKGVDhQ60
james taylor,handy man,https://www.youtube.com/watch?v=3bwnvhVw1h8
james taylor & carole king,you've got a friend,https://www.youtube.com/watch?v=nEFfzHiEKHY
jamey johnson,in color,https://www.youtube.com/watch?v=EYGwxf1gCC4&list=RDEYGwxf1gCC4&start_radio=1
jane's addiction,mountain song,https://www.youtube.com/watch?v=1kAIMlISHhU
janet jackson,again,https://www.youtube.com/watch?v=qUHtwV8wkOU
janet jackson,made for now,https://www.youtube.com/watch?v=seh_fZJqB94
janet jackson,miss you much,https://www.youtube.com/watch?v=IVF0zcqr9Dg
janet jackson,runaway,https://www.youtube.com/watch?v=AtoyLKHmy1c
janet jackson's,lets wait awhile,https://www.youtube.com/watch?v=PWXROWwSsBA
jason derulo,jiggle jiggle,https://www.youtube.com/watch?v=R8dR8HNPn6s
jason derulo & jawsh 685,savage love,https://www.youtube.com/watch?v=gUci-tsiU4I
jason mraz,curbside prophet,https://www.youtube.com/watch?v=L6nRX72gP0o
jay-z feat. justin timberlake,holy grail,https://www.youtube.com/watch?v=4kc5_pfNHGk
jayz and kanye west,otis,https://www.youtube.com/watch?v=BoEKWtgJQAU
jd mcpherson,head over heels,https://www.youtube.com/watch?v=rXn_O8yECCQ
jeff beck feat. imelda may,remember (walking in the sand),https://www.youtube.com/watch?v=FF5mtyPo-Wk
jefferson starship,find your way back,https://www.youtube.com/watch?v=Dj4gqJzlIvc
jefferson starship,no way out,https://www.youtube.com/watch?v=LQijT1lcR68
jefferson starship,winds of change,https://www.youtube.com/watch?v=o7dJ3a-U6WQ
jelly roll,save me,https://www.youtube.com/watch?v=FxFNprPOdss
jennifer lopez,i'm real,https://www.youtube.com/watch?v=Sjx9oSJDAVQ
jerry granelli trio,linus and lucy,https://www.youtube.com/watch?v=OODA_K5hxyc
jerry harrison,flying under radar,https://www.youtube.com/watch?v=yi6rHBUQ7t8
jerry reed,eastbound and down,https://www.youtube.com/watch?v=jAG4XXCOj48
jessica simpson,i wanna love you forever,https://www.youtube.com/watch?v=4bJ0F8KhhZ8
"jessie murph, jelly roll",wild ones,https://www.youtube.com/watch?v=MVDJxMxzTL0
jethro tull,aqualung,https://www.youtube.com/watch?v=g4kofUYK99s
jethro tull,thick as a brick,https://www.youtube.com/watch?v=MktqwE1Zl-8
jewel,foolish games,https://www.youtube.com/watch?v=3RlDaqtFHtA
jim capaldi,love hurts,https://www.youtube.com/watch?v=9PJjaA8j-kE
jimmy buffett,cheeseburger in paradise,https://www.youtube.com/watch?v=jBsPZV14I-k
jimmy buffett,too drunk to karaoke ft. toby keith,https://www.youtube.com/watch?v=JF4O3Wt_3vo
jimmy castor bunch,troglodyte (cave man),https://www.youtube.com/watch?v=JNS42Na2mpc
"jimmy page, robert plant",gallows pole,https://www.youtube.com/watch?v=muGN_1N_ykI
jj feat. leon russell after midnight,cale,https://www.youtube.com/watch?v=2rdsO5bkqDw
jj grey & mofro,brighter days,https://www.youtube.com/watch?v=mpXTK7HD2Ls
jmsn,soft spot,https://www.youtube.com/watch?v=1SMlSLeIM7E
joe cocker,she came in through the bathroom window,https://www.youtube.com/watch?v=Z8IvCyw_aTQ
joe cocker & jennifer warnes,up where we belong,https://www.youtube.com/watch?v=bjrOcrisGyI
joe tex,the love you save,https://www.youtube.com/watch?v=1S_HKlaUnfs
joe walsh,life of illusion,https://www.youtube.com/watch?v=EzEzIBHuUmU&list=RDEzEzIBHuUmU&start_radio=1
john anderson,friends of mr cairo,https://www.youtube.com/watch?v=faB2AlOWDNs
john cafferty & the beaver brown band,tender years,https://www.youtube.com/watch?v=EhWqOSMDNUM
john denver,annie's song,https://www.youtube.com/watch?v=4Nz-AT70ZX0
john denver,rocky mountain high (1972),https://www.youtube.com/watch?v=TtFwqnaPqXY
john denver,sunshine on my shoulders,https://www.youtube.com/watch?v=g5sbTHMP0Ig
john denver & nitty gritty dirt band,thank god i'm a country boy,https://www.youtube.com/watch?v=Q9dCI-YqICQ
john mayer,your body is a wonderland,https://www.youtube.com/watch?v=N5EnGwXV_Pg
john summit & hayla,shiver,https://www.youtube.com/watch?v=3PyoQ0EBXzs
john travolta & olivia newton-john,we go together,https://www.youtube.com/watch?v=ZUrxG8APyiI&list=PLBNjXP2TEhAcCvIVVoQvvK7gMdOv66LrN&index=1
johnny cash,city of new orleans,https://www.youtube.com/watch?v=iZe0R5aVDoM
johnny rivers,"baby, i need your lovin'",https://www.youtube.com/watch?v=kERga4ZOoA4
johnny rivers,summer rain,https://www.youtube.com/watch?v=py3O-VjlLPs
jon pardi,heartache on the dance floor,https://www.youtube.com/watch?v=Cg4Eui4sGlk
jon pardi,tequila little time,https://www.youtube.com/watch?v=GI6_cvAQDrM
joni mitchell,both sides now,https://www.youtube.com/watch?v=YgtLZCe-GSM
jordan davis,buy dirt ft. luke bryan,https://www.youtube.com/watch?v=AKec3LTILRU
jordan davis,take it from me,https://www.youtube.com/watch?v=nWIpMXwyWDU
josie cotton,johnny are you queer?,https://www.youtube.com/watch?v=NZ2X2_ts5Kw
joywave,it's a trip!,https://www.youtube.com/watch?v=0xfXcZSb8LE
judas priest,take on the world,https://www.youtube.com/watch?v=VK3NhVr0PV8
judas priest,the hellion electric eye,https://www.youtube.com/watch?v=UMJF37BVGTA
jungle book,zip-a-dee-doo-dah,https://www.youtube.com/watch?v=6bWyhj7siEY&list=PLte1uSnf9cie52PLOUCp_stMvdrzDbTcq&index=158
kane brown,one mississippi,https://www.youtube.com/watch?v=O2HpAdaE7R4
keith urban,long hot summer,https://www.youtube.com/watch?v=7dtfBxUTXRY
kelly marie,feels like i'm in love,https://www.youtube.com/watch?v=1Wz_9dVJ-Ew
kelsea ballerini,hole in the bottle,https://www.youtube.com/watch?v=ZUHQ0j6qrCM
kelsea ballerini,if you go down,https://www.youtube.com/watch?v=_MGZCzksuOI
kenny loggins,danny's song,https://www.youtube.com/watch?v=322_GED6Ccs
kenny rogers,just dropped in (big lebowski),https://www.youtube.com/watch?v=Xz0bwQr5xWY&list=RDXz0bwQr5xWY&start_radio=1
kenny wayne shepherd band,never lookin' back,https://www.youtube.com/watch?v=EsSaObejUuo
khruangbin,full performance,https://www.youtube.com/watch?v=DyWhFB9ijzA
khruangbin,medley,https://www.youtube.com/watch?v=0TVvaAWl58E
khruangbin & leon bridges,texas sun,https://www.youtube.com/watch?v=Whe7MURlKLw
kid rock,first kiss,https://www.youtube.com/watch?v=WTCnno-3EGE
kidd g,summer in a small town,https://www.youtube.com/watch?v=uC1RsOEMuw0
kiki dee band,i've got the music in me,https://www.youtube.com/watch?v=LkvBJJXMzRc
king's x,black flag,https://www.youtube.com/watch?v=RR0G9XKuHdE
kiss,rock and roll all nite,https://www.youtube.com/watch?v=EFMD7Usflbg
kongos,take it from me,https://www.youtube.com/watch?v=QLN-a2w568M
kool & the gang,too hot,https://www.youtube.com/watch?v=KvQWa8eAFrw
kool and the gang,too hot,https://www.youtube.com/watch?v=ZI0F1KDvfBI
korn,"another brick in the wall, pt. 1, 2, 3",https://www.youtube.com/watch?v=Aam9dzIiMdk&list=RDAam9dzIiMdk&start_radio=1
kris kristofferson,loving her was easier,https://www.youtube.com/watch?v=HCgnbRWVvU8
kris kristofferson & johnny cash,sunday morning coming down,https://www.youtube.com/watch?v=IRU9i9egr7A&list=PLBNjXP2TEhAfbgO7s_SberlMvTEtrdxgo&index=9
lady & the tramp,the siamese cat song,https://www.youtube.com/watch?v=Ly_vxI4nllA&list=PLte1uSnf9cie52PLOUCp_stMvdrzDbTcq&index=148
lady gaga,bloody mary,https://www.youtube.com/watch?v=MsXdUtlDVhk
lady gaga,monster,https://www.youtube.com/watch?v=YkpSngo1Cak
laid back,white horse,https://www.youtube.com/watch?v=mlYJf6CJXV8
lana del rey,doin' time,https://www.youtube.com/watch?v=qolmz4FlnZ0
larkin poe,preachin' blues,https://www.youtube.com/watch?v=cEWiJR9qeoc
lauryn hill,can't take my eyes off of you,https://www.youtube.com/watch?v=EUZ12wdpzQ0
lee brice,one of them girls,https://www.youtube.com/watch?v=CpkZfkxdj2c
lee michaels,do you know what i mean,https://www.youtube.com/watch?v=pq4lj8iHDXg
lennon & ono w the plastic ono band,mother,https://www.youtube.com/watch?v=sPYsMM1FvXs
lenny kravitz,again,https://www.youtube.com/watch?v=eW2qlKa6oHw
lenny kravitz,where are we runnin?,https://www.youtube.com/watch?v=MSL6o8sePlg
leo sayer,when i need you,https://www.youtube.com/watch?v=obC0MFHWJ0A&list=RDobC0MFHWJ0A&index=1
leonard cohen,everybody knows live,https://www.youtube.com/watch?v=T4rf7bAApM4
lil jon featuring kool-aid man,all i really want for christmas,https://www.youtube.com/watch?v=L0r6ocwGnMg
lil' jon feat. pitbull,floor on fire,https://www.youtube.com/watch?v=Hy47EP5vbP4
lil' jon feat. pitbull & machel montano,floor on fire,https://www.youtube.com/watch?v=Hy47EP5vbP4
lilo & stitch end,burning love,https://www.youtube.com/watch?v=r4aor3FulOU&list=PLte1uSnf9cie52PLOUCp_stMvdrzDbTcq&index=116
lily allen,ldn,https://www.youtube.com/watch?v=wmYT79tPvLg
limp bizkit,boiler,https://www.youtube.com/watch?v=qex0OjXolzc
limp bizkit,rollin',https://www.youtube.com/watch?v=RYnFIRc0k6E
linda ronstadt,tumbling dice & you're no good,https://www.youtube.com/watch?v=yBg5cnoNyAE
lindsey stirling,artemis,https://www.youtube.com/watch?v=VsN7E35LpJE
lionel richie,truly,https://www.youtube.com/watch?v=7e72sMIsKdg
lisa loeb,stay (i missed you),https://www.youtube.com/watch?v=i9HGwRbMiVY
little big town,bring it on home,https://www.youtube.com/watch?v=8l4AC5rUSUo
little big town,day drinking,https://www.youtube.com/watch?v=-NPqM3vPDg8
little feat,spanish moon,https://www.youtube.com/watch?v=cwESiisp27U
little river band,little river band - help is on its way,https://www.youtube.com/watch?v=7tcutmdnFvk
little river band,man on your mind,https://www.youtube.com/watch?v=8uHj6QtrgBU
little river band,the night owls,https://www.youtube.com/watch?v=rO3g_VpaWD4
lizzo,juice,https://www.youtube.com/watch?v=XaCrQL_8eMY
lizzo feat. missy elliott,tempo,https://www.youtube.com/watch?v=Srq1FqFPwj0
ll cool j,i'm bad,https://www.youtube.com/watch?v=oVDfyc2lh4Q
lola young,wish you were dead,https://www.youtube.com/watch?v=TtqETmD-kEU
lou reed,no money down,https://www.youtube.com/watch?v=XiyX70ZqsVQ
louis armstrong,blueberry hill,https://www.youtube.com/watch?v=73kSI0R8RMY
louis prima,just a gigolo,https://www.youtube.com/watch?v=QSGVD2DgWy8
love and rockets,no new tale to tell,https://www.youtube.com/watch?v=iRrn67ovuRQ
luke bryan,take my drunk ass home,https://www.youtube.com/watch?v=fT78hveC_Ow
luke combs,when it rains it pours,https://www.youtube.com/watch?v=uXyxFMbqKYA
lulu,loves loves to love love,https://www.youtube.com/watch?v=AQxvSus0I9k
lynyrd skynyrd,i need you,https://www.youtube.com/watch?v=KQbBEncW1mk
mabel,don't call me up,https://www.youtube.com/watch?v=9TQKyDD9Yig
mac miller,knock knock,https://www.youtube.com/watch?v=6bMmhKz6KXg
mackenzie porter,these days,https://www.youtube.com/watch?v=5dUbOL_bRmk
madness,one step beyond,https://www.youtube.com/watch?v=SOJSM46nWwo
madonna,cherish,https://www.youtube.com/watch?v=8q2WS6ahCnY
madonna,oh father,https://www.youtube.com/watch?v=qvVvN0QvzTk
madonna,vogue,https://www.youtube.com/watch?v=QemfPpzCGWY
major lazer,lean on,https://www.youtube.com/watch?v=hYh_RkkgFd0
malcolm mclaren,buffalo gals,https://www.youtube.com/watch?v=HCBN7lyLT4w
man from delmonte,my love is like a gift you can't return,https://www.youtube.com/watch?v=9MaiVck5Ris
maren morris,my church,https://www.youtube.com/watch?v=ouWQ25O-Mcg
maren morris,rich,https://www.youtube.com/watch?v=lcPh9UOhRPI
marilyn manson,this is halloween,https://www.youtube.com/watch?v=jU6iP0WLsU8
marion,sleep the word,https://www.youtube.com/watch?v=KTJoGJdZyB8
mark chesnutt,too cold at home,https://www.youtube.com/watch?v=h-Cvinp1-jU
mark knopfler & willy deville,storybook love,https://www.youtube.com/watch?v=svbv0ArjPGU
maroon 5,beautiful mistakes ft. megan thee stallion,https://www.youtube.com/watch?v=BSzSn-PRdtI
maroon 5,this love,https://www.youtube.com/watch?v=XPpTgCho5ZA
martha reeves & the vandellas,nowhere to run,https://www.youtube.com/watch?v=QRDrXfFaQOA
marty robbins,devil woman,https://www.youtube.com/watch?v=czVopvpn-t4
marty robbins,"green, green, grass of home",https://www.youtube.com/watch?v=1z2145zCbEg
mary poppins,spoon full of sugar,https://www.youtube.com/watch?v=ftxnr28LDXc&list=PLte1uSnf9cie52PLOUCp_stMvdrzDbTcq&index=168
massive attack,teardrop,https://www.youtube.com/watch?v=u7K72X4eo_s
maybe this time,cabaret,https://www.youtube.com/watch?v=yMpSQV1-bsA
mc serch,3rd bass medley,https://www.youtube.com/watch?v=ajyvKOwnptM
"mc serch feat. nas, chubb rock & red hot lover tone",back to the grill,https://www.youtube.com/watch?v=Zzf0FU41qzc
meat loaf,you took the words right out of my mouth (hot summer night),https://www.youtube.com/watch?v=_wO8toxinoc
megadeth,a tout le monde,https://www.youtube.com/watch?v=aU-dKoFZT0A
meghan trainor,dear future husband,https://www.youtube.com/watch?v=ShlW5plD_40
meghan trainor,me too,https://www.youtube.com/watch?v=qDRORgoZxZU
melanie,"look what they've done to my song, ma",https://www.youtube.com/watch?v=r44Ach4mXE4
melanie safka,beautiful people,https://www.youtube.com/watch?v=PoyyZEaDUyU
men without hats,pop goes the world,https://www.youtube.com/watch?v=3zUUtf7gOe8
mess it up,the rolling stones,https://www.youtube.com/watch?v=vTUKj4e3vd4
metallica,the memory remains,https://www.youtube.com/watch?v=0DoBDO0BBO0
meute,anti loudness,https://www.youtube.com/watch?v=6UtCQIzgEkI
mgmt,time to pretend,https://www.youtube.com/watch?v=B9dSYgd5Elk
michael jackson,ghosts,https://www.youtube.com/watch?v=Xh9Cp4rd7mI&list=RDXh9Cp4rd7mI&start_radio=1
michael jackson,she's out of my life,https://www.youtube.com/watch?v=6DQJPL9Yuq0
michael johnson,bluer than blue,https://www.youtube.com/watch?v=n3ZThfylM6I
"michael kiwanuka, tom misch",money,https://www.youtube.com/watch?v=EJjn03K0JsQ
michael monroe with axl rose,"dead, jail or rock n' roll",https://www.youtube.com/watch?v=jFYz0QP5xBQ
mika,love today,https://www.youtube.com/watch?v=AWiccrTB4LM
miley cyrus,look what they've done to my song,https://www.youtube.com/watch?v=aSpkaBeZckY
miley cyrus,midnight sky in the live lounge,https://www.youtube.com/watch?v=AxZl2cFvjRs
miley cyrus,used to be young,https://www.youtube.com/watch?v=Nbxg60fPGvY
ministry,every day is hallween,https://www.youtube.com/watch?v=QorKFQ50ZK0
miranda lambert,somethin' bad,https://www.youtube.com/watch?v=o4Yzj-m_SBk
miranda lambert,tequila does,https://www.youtube.com/watch?v=EdDP0cQEQVc
mississippi fred mcdowell,shake 'em on down,https://www.youtube.com/watch?v=64T6ugyWXAA
missy elliott,get ur freak on,https://www.youtube.com/watch?v=FPoKiGQzbSQ
mocedades,eres tu,https://www.youtube.com/watch?v=naAC37W42ro
molly hatchet,satisfied man,https://www.youtube.com/watch?v=q-uZ1zGJrEw&list=RDq-uZ1zGJrEw&start_radio=1
moody blues,go now,https://www.youtube.com/watch?v=V2L3UzM_FfE
mott the hoople,ready for love / after lights,https://www.youtube.com/watch?v=OfXiVzFnvCE
mountain,mississippi queen,https://www.youtube.com/watch?v=qEnF6EB-yMs
mouth & mcneal,how do you do?,https://www.youtube.com/watch?v=vniMX86l8ug
mulan,true to your heart,https://www.youtube.com/watch?v=wyt6Emkv3iY
muse,dig down,https://www.youtube.com/watch?v=b4ozdiGys5g
mxms,gravedigger,https://www.youtube.com/watch?v=IlOkXSTLecM
mø,xxx 88 ft. diplo,https://www.youtube.com/watch?v=bmLMPFXzBLA
nancy sinatra & lee hazlewood,summer wine,https://www.youtube.com/watch?v=nbtKHrI-OAs
nas,i can,https://www.youtube.com/watch?v=RvVfgvHucRY
nate smith,whiskey on you,https://www.youtube.com/watch?v=KlXnApZ8Kq4
nate smith,world on fire,https://www.youtube.com/watch?v=-46UaU8OWZ4
neil diamond,"cherry, cherry",https://www.youtube.com/watch?v=h51vsFYhEUk
neil diamond,longfellow serenade,https://www.youtube.com/watch?v=sLDW4RpAxhM
nick cave & the bad seeds,red right hand,https://www.youtube.com/watch?v=RrxePKps87k
nickelback,figured you out,https://www.youtube.com/watch?v=QPtHgy54fHU
niko moon,good time,https://www.youtube.com/watch?v=mKnQXaIlrMo
nina simone,i wish i knew (how it would feel to be free),https://www.youtube.com/watch?v=vq3sdF0YXkM
nina simone,touching and caring,https://www.youtube.com/watch?v=Q8GvzSGNc5k
nirvana,about a girl,https://www.youtube.com/watch?v=m4tQUUEGfPk
nitty gritty dirt band,forever young,https://www.youtube.com/watch?v=R5AizC8OU_c
no diggity,vintage jessica rabbit- style blackstreet cover ft. ariana savalas,https://www.youtube.com/watch?v=bTfz36WArSU
no doubt,don't speak,https://www.youtube.com/watch?v=TR3Vdo5etCQ
nonpoint,in the air tonight,https://www.youtube.com/watch?v=OoGg9bIyDPY
norah jones,tennessee waltz,https://www.youtube.com/watch?v=IquT_zm2O7M
nsync,it's gonna be me,https://www.youtube.com/watch?v=GQMlWwIXg3M&list=PLBNjXP2TEhAd-2VdxXI2rhzxu-ZQhCQkQ&index=12
ocean alley,confidence,https://www.youtube.com/watch?v=PGGjXdlbW58
ofenbach,be mine,https://www.youtube.com/watch?v=oNWOC_Pvo4w
ol' 55,two faces have i,https://www.youtube.com/watch?v=KwdHs-FQUXY
olivia newton john,hopelessly devoted to you,https://www.youtube.com/watch?v=lR93L8sUMNg
olivia newton-john,deeper than the night,https://www.youtube.com/watch?v=xsPYHKd3Cvg&list=RDxsPYHKd3Cvg&start_radio=1
olivia newton-john,"if you love me, let me know",https://www.youtube.com/watch?v=332-XOZHL4o
olivia rodrigo,vampire,https://www.youtube.com/watch?v=RlPNh_PBZb4
onyx,judgment night,https://www.youtube.com/watch?v=ZYfwoWM2uCc
orchestra version,what a wonderful world,https://www.youtube.com/watch?v=87AybO2csjQ
outkast,dracula's wedding,https://www.youtube.com/watch?v=ZIFuxVM3wPk
ozzy osbourne,winter wonderland,https://www.youtube.com/watch?v=Nryo91pHK8s
passenger,let her go,https://www.youtube.com/watch?v=RBumgq5yVrA
pat benatar,anxiety,https://www.youtube.com/watch?v=sXatoCG13tw
pat benatar,fire and ice,https://www.youtube.com/watch?v=dsKCU5ll3D0
pat benatar,invincible,https://www.youtube.com/watch?v=5A4xBp2rizQ
pat benatar,one love,https://www.youtube.com/watch?v=IOgxVWC4a18
pat benatar,precious time,https://www.youtube.com/watch?v=N-LaM-yS28A
pat benatar,promises in the dark,https://www.youtube.com/watch?v=7qUFZwJb9GA
pat benatar,sex as a weapon,https://www.youtube.com/watch?v=Icq0LlvtEy0
pat benatar,shadows of the night,https://www.youtube.com/watch?v=ZInRE-KryGA
pat travers,born under a bad sign,https://www.youtube.com/watch?v=kenYczeoUtY
patrick sweany,them shoes,https://www.youtube.com/watch?v=6Nk1Uxt4JB0
paul cauthen,country as f***,https://www.youtube.com/watch?v=hWS4g9VjIbY
paul cauthen,hometeam,https://www.youtube.com/watch?v=wuDmSvKfPCQ
paul davis,i go crazy,https://www.youtube.com/watch?v=19UG2cX7jvg
paul mccartney,band on the run (live),https://www.youtube.com/watch?v=PYetH6DeMcY
paul mccartney,come on to me,https://www.youtube.com/watch?v=MMz7Sg2mMAo
paul mccartney,maybe i’m amazed,https://www.youtube.com/watch?v=cdDPR8GzXy8
paul mccartney & wings,my love,https://www.youtube.com/watch?v=A5g9ZwxFKdg
payback,james brown,https://www.youtube.com/watch?v=98A-mxR_vkU
peter frampton,"baby, i love your way",https://www.youtube.com/watch?v=OVN-2qoquyE
peter gabriel,kiss that frog,https://www.youtube.com/watch?v=S4Ah2dxTcWw
peter paul mary,don't think twice,https://www.youtube.com/watch?v=1y_ZLGGeoIk
phantogram,when i'm small,https://www.youtube.com/watch?v=28tZ-S1LFok
phish,alaska,https://www.youtube.com/watch?v=s7sp60v_9EU&list=RDs7sp60v_9EU&start_radio=1
phoebe snow,poetry man,https://www.youtube.com/watch?v=EIRdcewDjFU
pil,the body,https://www.youtube.com/watch?v=56RICywExfw
pink,just give me a reason,https://www.youtube.com/watch?v=OpQFFLBMEPI
pink floyd,the wizard of pink floyd,https://www.youtube.com/watch?v=627aciBA2E8
pitbull,get ready,https://www.youtube.com/watch?v=Ejdx6_hYTiY
pitbull,greenlight,https://www.youtube.com/watch?v=R7xbhKIiw4Y
pj harvey,down by the water,https://www.youtube.com/watch?v=lbq4G1TjKYg
platinum blonde,situation critical,https://www.youtube.com/watch?v=8kP4Lczaew4&list=RD8kP4Lczaew4&start_radio=1
pointer sisters,automatic,https://www.youtube.com/watch?v=awz25MD7WGE
porno for pyros,pets,https://www.youtube.com/watch?v=ixe8Snxu3wo
primal scream,jailbird,https://www.youtube.com/watch?v=zNH5aY9mHTo
primus,frizzle fry,https://www.youtube.com/watch?v=0Z12Gp8PnEY
primus,jerry was a race car driver,https://www.youtube.com/watch?v=LBQ2305fLeA
primus,lacquer head,https://www.youtube.com/watch?v=kY7jSesdxl0
primus,those damn two collar tweekers,https://www.youtube.com/watch?v=_DztOU9e1gg
prince,i would die 4 u (live 1984),https://www.youtube.com/watch?v=SVEFRQavTNI
prince,pussy control vh1 fashion and music awards 1995,https://www.youtube.com/watch?v=DcYXlhRgJ_E&list=PLBNjXP2TEhAfbgO7s_SberlMvTEtrdxgo&index=3
prince and the revolution,purple rain (live),https://www.youtube.com/watch?v=bm03wqLY3Nc
priscilla block,off the deep end,https://www.youtube.com/watch?v=icnNDCnevoE
projection video,halloween projections,https://www.youtube.com/watch?v=xA3-SKC2WFk&list=PL1roAyTiPCfz8dCgBW7UhBbcuWRA8Z53k
public enemy,911 is a joke,https://www.youtube.com/watch?v=JZDIitWz8Go
public enemy,black steel in the hour of chaos,https://www.youtube.com/watch?v=ZM5_6js19eM
public enemy,burn hollywood burn,https://www.youtube.com/watch?v=gEYvfxtUxpg
public enemy,can't truss it,https://www.youtube.com/watch?v=am9BqZ6eA5c
public enemy,fight the power,https://www.youtube.com/watch?v=mmo3HFa2vjg
public enemy,night of the living baseheads,https://www.youtube.com/watch?v=fyR09SP9qdA
purple disco machine,bad company,https://www.youtube.com/watch?v=PG3Y37YYSVk
pussycat dolls,sway,https://www.youtube.com/watch?v=RT5yDjBc_UI
quaker city night hawks,suit in the back,https://www.youtube.com/watch?v=ZOdNpOgeViY
queen,it's late,https://www.youtube.com/watch?v=jixYwUuW5U0
queen latifah,come into my house,https://www.youtube.com/watch?v=QcP5Wwr3c-Y
r.e.m.,losing my religion,https://www.youtube.com/watch?v=xwtdhWltSIg
r.e.m.,nightswimming,https://www.youtube.com/watch?v=ahJ6Kh8klM4&list=RDahJ6Kh8klM4&start_radio=1
r.e.m.,pretty persuasion,https://www.youtube.com/watch?v=LPSnD8fQT_0
radiohead,fake plastic trees,https://www.youtube.com/watch?v=n5h0qHwNrHk
rainbow,catch the rainbow,https://www.youtube.com/watch?v=UvVKj0c0UTQ
rainbow,since you've been gone,https://www.youtube.com/watch?v=1P17ct4e5OE
ramones,rockaway beach,https://www.youtube.com/watch?v=NFoi25OfCxU
ray price,for the good times,https://www.youtube.com/watch?v=w9MJ0ZCT0H4
rebelution,roots reggae music,https://www.youtube.com/watch?v=eNIfTuUaglA&list=RDeNIfTuUaglA&start_radio=1
red hot chili peppers,dark necessities,https://www.youtube.com/watch?v=Q0oIoR9mLwc
red hot chili peppers,otherside,https://www.youtube.com/watch?v=rn_YodiJO6k
redferrin,jack and diet coke,https://www.youtube.com/watch?v=-hKCrdkJebU
regreso al futuro,orquesta gaos,https://www.youtube.com/watch?v=DAxv8_EqXQA
reignwolf,keeper,https://www.youtube.com/watch?v=guXUr-LK3Yk
restless road,sundown somewhere,https://www.youtube.com/watch?v=6RwPdA6KPRE
revenge of the nerds,talent show,https://www.youtube.com/watch?v=1mRG2oAQhso
rex smith,saturday night,https://www.youtube.com/watch?v=VlR0bZZljzQ
rex smith,you take my breath away,https://www.youtube.com/watch?v=vXNyI_5q3AY
rick james,glow,https://www.youtube.com/watch?v=BFe4BMgcSd0
ricky nelson,garden party,https://www.youtube.com/watch?v=60XTeHM9iLQ
ricky skaggs,country boy,https://www.youtube.com/watch?v=l_QheuTi8Q8
ricky skaggs,crying my heart out over you,https://www.youtube.com/watch?v=e9jT4azbkME
ring of fire,johnny cash & dj serj moldova,https://www.youtube.com/watch?v=9VKjxWcd96s
ringo starr,back off boogaloo,https://www.youtube.com/watch?v=BXg1AxBXN5g
ringo starr,it don't come easy,https://www.youtube.com/watch?v=bvEexTomE1I
rise against,hero of war,https://www.youtube.com/watch?v=_DboMAghWcA
rob zombie,never gonna stop,https://www.youtube.com/watch?v=0698sTH7mUk
robert palmer,you are in my system,https://www.youtube.com/watch?v=NScQ3UZPsPw
robin gibb,juliet,https://www.youtube.com/watch?v=D3k3y7dykx0&list=PLBNjXP2TEhAcCvIVVoQvvK7gMdOv66LrN&index=4
robin mcnamara,lay a little lovin' on me,https://www.youtube.com/watch?v=rej_FjJ51pY
rockin' sidney,don't mess with my toot toot,https://www.youtube.com/watch?v=u2-tgeH4j78
rocky horror picture show,the time warp,https://www.youtube.com/watch?v=YC1E8yVJIS4
rod stewart,have you ever seen the rain,https://www.youtube.com/watch?v=2oX2FSv4Rys
rod stewart,lost in you,https://www.youtube.com/watch?v=aEFZ2hHn40w
rod stewart,sailing,https://www.youtube.com/watch?v=FOt3oQ_k008
rod stewart,you're in my heart (the final acclaim),https://www.youtube.com/watch?v=Hf6ng1Hsb7I
"rod stewart, keith richards & faces",sweet little rock and roller,https://www.youtube.com/watch?v=2ApZSOdpDZ8
rodney crowell,i couldn't leave you if i tried,https://www.youtube.com/watch?v=SPi6fW8KBW4
rolling stones,fool to cry,https://www.youtube.com/watch?v=UqxEPzOSRZM
rory gallagher,hands off,https://www.youtube.com/watch?v=JUbzs29YFL4
roy head,treat her right,https://www.youtube.com/watch?v=3gEnQ8VVWEU
roy orbison,california blue,https://www.youtube.com/watch?v=4TPIjzEmyt0
rufus and chaka khan,ain't nobody,https://www.youtube.com/watch?v=BNirQXe8HOA
run dmc,christmas in hollis,https://www.youtube.com/watch?v=OR07r0ZMFb8
run dmc,sucker mc's,https://www.youtube.com/watch?v=iOKMWSR2Aio
rush,closer to the heart,https://www.youtube.com/watch?v=kyhW2v0NDM0
ryan adams,answering bell,https://www.youtube.com/watch?v=idxYCZG15Ag
ryan adams,gimme something good,https://www.youtube.com/watch?v=802vbfZe9io
ryan bingham,bread and water,https://www.youtube.com/watch?v=eoFwQnHFeYM
ryan bingham,the poet,https://www.youtube.com/watch?v=XZxQTHz-_OM
saint jhn,roses,https://www.youtube.com/watch?v=2zToEPpFEN8
saint motel,move,https://www.youtube.com/watch?v=U9DZkj8Rq6g
samantha fox,i only wanna be with you,https://www.youtube.com/watch?v=EYFXLL09_9w
samantha fox,i surrender (to the spirit of the night),https://www.youtube.com/watch?v=kR3Bonm7f0k
samantha fox,nothing's gonna stop me now,https://www.youtube.com/watch?v=5cXZmz0003Y
sammy davis jr,mr. bojangles,https://www.youtube.com/watch?v=-Fju4UajL7g
sandie shaw & the smiths,hand in glove,https://www.youtube.com/watch?v=DrjZSG8otkM
savage garden,to the moon & back,https://www.youtube.com/watch?v=CJc7ALDwZzE
savage garden,to the moon & back,https://www.youtube.com/watch?v=HCm6gRHINqA
scatterbrain,don't call me dude,https://www.youtube.com/watch?v=NbLhHtaVIO4
seven spanish angels,willie nelson,https://www.youtube.com/watch?v=x8A9Y1Dq_cQ
sex pistols,holidays in the sun,https://www.youtube.com/watch?v=227m9lw5CcI
sex pistols,no feelings,https://www.youtube.com/watch?v=wHiGR0iuTUo
shaggy ft rayvon,angel (live) (concert),https://www.youtube.com/watch?v=R02dZBf_SSQ
shy carter feat. cole swindell and david lee murphy,beer with my friends,https://www.youtube.com/watch?v=qxFPkqInPhI
sierra ferrell,don't let me down,https://www.youtube.com/watch?v=rhJEo1X5KTQ
sierra ferrell,years,https://www.youtube.com/watch?v=p7diMfJ3Qbs
simon & garfunkel,bridge over troubled water,https://www.youtube.com/watch?v=963-jtAdg48
simon & garfunkel,cecilia (remastered),https://www.youtube.com/watch?v=vK1zP118cVY
simon and garfunkel,the concert in central park,https://www.youtube.com/watch?v=gUHImtxGuuI
sinkane,telephone,https://www.youtube.com/watch?v=ojFqFU5KZIE
siouxsie & the banshees,halloween,https://www.youtube.com/watch?v=ksg2ESuEMhw
siouxsie and the banshees,shadowtime,https://www.youtube.com/watch?v=1hAyDYM-B2c
sir douglas quintet,born on the bayou,https://www.youtube.com/watch?v=6ZN0WYqwSRQ
skrillex,bangarang feat. sirah,https://www.youtube.com/watch?v=YJVmu6yttiw
sly & the family stone,concert,https://www.youtube.com/watch?v=1F8n9Tf2rMA
sly & the family stone,everyday people,https://www.youtube.com/watch?v=YUUhDoCx8zc
sly & the family stone,everyday people (1968),https://www.youtube.com/watch?v=7czrIW_v7gc
smokey robinson,something something you got,https://www.youtube.com/watch?v=8lJJmcI84HU
sofi tukker,batshit (official video),https://www.youtube.com/watch?v=VDndE432GpU
sofi tukker,f*ck they (official video),https://www.youtube.com/watch?v=cYeFSbKOTOg
soja,everything changes,https://www.youtube.com/watch?v=QTOyeFQgZKk
son of dave,shake shake your hips,https://www.youtube.com/watch?v=kJy4l4hlETM
sonny and cher,when you say love,https://www.youtube.com/watch?v=osKJwQO5-iE
soul makossa,manu dibango,https://www.youtube.com/watch?v=o0CeFX6E2yI
soundgarden,outshined,https://www.youtube.com/watch?v=sNh-iw7gsuI
spectrum,how you satisfy me,https://www.youtube.com/watch?v=r9yApVj3z84
spice girls,2 become 1,https://www.youtube.com/watch?v=FA5jsa1lR9c
spice girls,wannabe,https://www.youtube.com/watch?v=km728FNBInA
spin doctors,two princes,https://www.youtube.com/watch?v=wsdy_rct6uo
spinal tap,the majesty of rock,https://www.youtube.com/watch?v=RsOxgwF9LlM
squeeze,black coffee in bed,https://www.youtube.com/watch?v=0x2mV9JktrE
starship,tomorrow doesn't matter tonight,https://www.youtube.com/watch?v=Udglbs-G7WE
steely dan,midnight cruiser,https://www.youtube.com/watch?v=T1Wby1jD9U0
stephanie mills,(you're puttin') a rush on me,https://www.youtube.com/watch?v=a_ngGLzd6fI
stephanie mills,comfort of a man,https://www.youtube.com/watch?v=v8_11VTplb0
stephanie mills,never knew love like this before,https://www.youtube.com/watch?v=3z-pWWr92rM
stephanie mills,what cha gonna do with my lovin',https://www.youtube.com/watch?v=tdRl2q-seSI
stephen stills & etta james,rock me baby,https://www.youtube.com/watch?v=aJUCFDDugoM
steve goodman,you never even call me by my name,https://www.youtube.com/watch?v=9TZPt2Iin0I
steve miller band,true fine love,https://www.youtube.com/watch?v=AszxV4Gbe0g
steve winwood,the finer things,https://www.youtube.com/watch?v=9gaT6HtLGlU
stevie nicks,if anyone falls,https://www.youtube.com/watch?v=eAQYpsN1tzA
stevie nicks,whole lotta trouble,https://www.youtube.com/watch?v=OUyxXOXB8Rk
stevie ray vaughan,little wing,https://www.youtube.com/watch?v=i6G53BMgugo
stevie ray vaughan,voodoo child,https://www.youtube.com/watch?v=5kQ9LCiVArg
stevie ray vaughan & double trouble,cold shot,https://www.youtube.com/watch?v=-CixtG_bF28
stevie ray vaughan & double trouble,cold shot,https://www.youtube.com/watch?v=m2ou-WIxfLY
stevie ray vaughan & double trouble,cold shot (live),https://www.youtube.com/watch?v=-CixtG_bF28
stevie wonder,superstition & signed sealed delivered,https://www.youtube.com/watch?v=aCh3VpQxMGQ
stick figure,burn the right,https://www.youtube.com/watch?v=p-X6afS8vdY
sub urban,freak,https://www.youtube.com/watch?v=zNrKoWG7Cj0
sublime,"april 29, 1992",https://www.youtube.com/watch?v=e1dPKfxRhk0
sugarloaf,green eyed lady,https://www.youtube.com/watch?v=hUOpZI8yy2g&list=RDhUOpZI8yy2g&start_radio=1
superstar,leonid & friends,https://www.youtube.com/watch?v=JhWrggrJ20I
suzi quatro,roxy roller,https://www.youtube.com/watch?v=gqHEQZbPtZ4
sweet,love is like oxygen,https://www.youtube.com/watch?v=tXJ4TZSXtzc
swingin utters,all that i can give,https://www.youtube.com/watch?v=PJIdHWNDy-U
sylvester,dance (disco heat),https://www.youtube.com/watch?v=hwSCkfpgaY8
t-pain,booty wurk,https://www.youtube.com/watch?v=L-VnjtQhKc0
t-spoon,delicious,https://www.youtube.com/watch?v=L8KNfXFPxoo&list=RDL8KNfXFPxoo&start_radio=1
taj mahal,queen bee,https://www.youtube.com/watch?v=sjTEkhXgu_4&list=PLBNjXP2TEhAfbgO7s_SberlMvTEtrdxgo&index=18
talk talk,talk talk,https://www.youtube.com/watch?v=2IgjUYrDbWI
talking heads,slippery people,https://www.youtube.com/watch?v=x9bCv8pbOFI
talking heads,take me to the river,https://www.youtube.com/watch?v=r9f21bsjMIo
tammy wynette,your good girls gonna go bad,https://www.youtube.com/watch?v=prcl-k8UwEA
"tammy wynette, george jones",golden rings,https://www.youtube.com/watch?v=jK-zBVqgIS0
taylor swift,enchanted,https://www.youtube.com/watch?v=m8hP9m-jDn8
taylor swift,this love,https://www.youtube.com/watch?v=mvxQYPR4lmU
tedeschi trucks band,midnight in harlem,https://www.youtube.com/watch?v=6GkdCiqsFUI
tesla,i love you,https://www.youtube.com/watch?v=tuzamSf6x2w
texas tornados,adios mexico,https://www.youtube.com/watch?v=GaOL088Pzyc
texas tornados,adios mexico,https://www.youtube.com/watch?v=uR7h_LAo3RA
the band,evangeline,https://www.youtube.com/watch?v=QmivvldGZYs
the band,when i paint my masterpiece,https://www.youtube.com/watch?v=LLVpTXZTLng
the bangles,in your room,https://www.youtube.com/watch?v=04HSg0YZi9E
the beach boys,california dreamin',https://www.youtube.com/watch?v=6YAcOPPRpVY
the beach boys,california feelin',https://www.youtube.com/watch?v=URXUXbHoNt4
the beach boys,darlin',https://www.youtube.com/watch?v=iXhB2uETzP0
the beach boys,"fun, fun, fun",https://www.youtube.com/watch?v=TKqCcYt5bxU
the beach boys,heroes and villains music video,https://www.youtube.com/watch?v=ptxwWt2JeGQ
the beach boys,i get around,https://www.youtube.com/watch?v=xzDNsg8VbIU
the beach boys,little saint nick,https://www.youtube.com/watch?v=xp9rK8FmYog
the beach boys,that's why god made the radio,https://www.youtube.com/watch?v=VAmk-Wk2pNA
the beach boys,the man with all the toys,https://www.youtube.com/watch?v=2wScUsZkBLA
the beatles,in my life,https://www.youtube.com/watch?v=ZqpysaAo4BQ
the black crowes,seeing things,https://www.youtube.com/watch?v=XLjMG1cI7Is
the black keys,fever,https://www.youtube.com/watch?v=trk7P-9QDyc
the black keys,thickfreakness,https://www.youtube.com/watch?v=b0Gb97T8vcU
the black keys,tighten up,https://www.youtube.com/watch?v=mpaPBCBjSVc
the carpenters,jambalaya (on the bayou),https://www.youtube.com/watch?v=t5ImncN-rQc&list=PLBNjXP2TEhAcCvIVVoQvvK7gMdOv66LrN&index=2
the carpenters,ticket to ride,https://www.youtube.com/watch?v=fsgj4xcxXyA
the charlie daniels band,simple man,https://www.youtube.com/watch?v=CQ74BwEwOJY
the civil wars,poison & wine,https://www.youtube.com/watch?v=fNlxKH9Jtmc
the cramps,bikini girls with machine guns,https://www.youtube.com/watch?v=Vszmz562EJw
the cranberries,when you're gone,https://www.youtube.com/watch?v=RUmdWdEgHgk
the cult,dark energy,https://www.youtube.com/watch?v=5MRSqT2voOQ
the cult,edie,https://www.youtube.com/watch?v=5oRwlSIn918
the cult,fire woman,https://www.youtube.com/watch?v=8g6h1vI4Xv0
the cult,lil' devil,https://www.youtube.com/watch?v=kZUABAirbE4
the cult,love removal machine,https://www.youtube.com/watch?v=k6PgftKbQnQ
the darkness,i believe in a thing called love,https://www.youtube.com/watch?v=tKjZuykKY1I
the dixie chicks,: austin city limits,https://www.youtube.com/watch?v=_tUtlC-sAA8
the doors,back door man,https://www.youtube.com/watch?v=jjgKylfOGtU
the famous adventures of mr. magoo,a princess's for magoo,https://www.youtube.com/watch?v=xBRJq-23-Ds
the famous adventures of mr. magoo,dick tracy,https://www.youtube.com/watch?v=tmdQvGz6h4s
the famous adventures of mr. magoo,doctor frankenstein,https://www.youtube.com/watch?v=G3DS9ysa7F4
the famous adventures of mr. magoo,don quixote de la mancha,https://www.youtube.com/watch?v=xtzpuJwLEvs
the famous adventures of mr. magoo,king arthur,https://www.youtube.com/watch?v=zS9CEhsjgos
the famous adventures of mr. magoo,moby dick,https://www.youtube.com/watch?v=h5WDVgDIb1M
the famous adventures of mr. magoo,paul revere,https://www.youtube.com/watch?v=R9uVNWzu4Jg
the famous adventures of mr. magoo,rip van winkle,https://www.youtube.com/watch?v=U8I4C9a6ljI
the famous adventures of mr. magoo,robin hood,https://www.youtube.com/watch?v=PTWl_zupw20
the famous adventures of mr. magoo,sherlock holmes,https://www.youtube.com/watch?v=v3JkLP33eNc
the famous adventures of mr. magoo,snow white,https://www.youtube.com/watch?v=os84KFATdkc
the famous adventures of mr. magoo,the three musketeers,https://www.youtube.com/watch?v=-IPrmJDNNGY
the famous adventures of mr. magoo,treasure island,https://www.youtube.com/watch?v=DjtZWwLG-D0
the famous adventures of mr. magoo,uncle sam magoo,https://www.youtube.com/watch?v=pQxTDFhNodk
the famous adventures of mr. magoo: the three musketeers | remastered | 1080p | gw,a.i.,https://www.youtube.com/watch?v=-IPrmJDNNGY
the flaming lips,do you realize?,https://www.youtube.com/watch?v=lPXWt2ESxVY
the flaming lips,she don't use jelly,https://www.youtube.com/watch?v=cvfxKbpoxRE
the flaming lips,yoshimi battles the pink robots pt. 1,https://www.youtube.com/watch?v=ZdDHi5SSIlM
the flirts,passion,https://www.youtube.com/watch?v=YPj9_FqyMKk
the glorious sons,s.o.s. (sawed off shotgun),https://www.youtube.com/watch?v=jUVDmVM9RtA
the heavy,how you like me now?,https://www.youtube.com/watch?v=sVzvRsl4rEM
the heavy,short change hero,https://www.youtube.com/watch?v=lkvScx3Po8I
the highwaymen,american outlaws,https://www.youtube.com/watch?v=DbfV7b-RAEY
the jackson 5,i'll be there,https://www.youtube.com/watch?v=Bjb5vhazFio
the jackson 5,who’s lovin’ you,https://www.youtube.com/watch?v=HDFHDv7tG_w
the jacksons,even though you're gone,https://www.youtube.com/watch?v=VzYpE4z8YIc
the jimi hendrix experience,voodoo child (slight return),https://www.youtube.com/watch?v=qFfnlYbFEiE
the kinks,state of confusion,https://www.youtube.com/watch?v=KnHw_1h0-fE
the kinks,tired of waiting for you,https://www.youtube.com/watch?v=4uMQIqtD6Ik
the lightning seeds,you showed me,https://www.youtube.com/watch?v=R5yreGihaVQ
the lion king,can you feel the love tonight,https://www.youtube.com/watch?v=25QyCxVkXwQ&list=PLte1uSnf9cie52PLOUCp_stMvdrzDbTcq&index=79
the mamas and the papas,straight shooter,https://www.youtube.com/watch?v=JcXbAieUTUA
the marcus king band,rita is gone,https://www.youtube.com/watch?v=emQiYCr_XZI&list=PLBNjXP2TEhAd-2VdxXI2rhzxu-ZQhCQkQ&index=5
the mccoys,"come on, let's go",https://www.youtube.com/watch?v=AgBEgoqHZP0
the mighty mighty bosstones,someday i suppose,https://www.youtube.com/watch?v=gmOmAuhAQbE
the new seekers,"look what they've done to my song, ma",https://www.youtube.com/watch?v=M8r1UQIJhPM
the offspring,pretty fly,https://www.youtube.com/watch?v=AltMeuPkWRs
the other ones,holiday,https://www.youtube.com/watch?v=fidHm6bCvQI
the pogues,dirty old town,https://www.youtube.com/watch?v=s11BuatTuXk
the pointer sisters,dare me,https://www.youtube.com/watch?v=3IprBx1OlBk
the pointer sisters,slow hand,https://www.youtube.com/watch?v=dbk29JZdl5A
the pretty reckless,heaven knows,https://www.youtube.com/watch?v=rHBxJCq99jA
the psychedelic furs,heartbreak beat,https://www.youtube.com/watch?v=RXfXTB7UcuU
the rembrandts,i'll be there for you,https://www.youtube.com/watch?v=GFsK1EcAEtI
the replacements,achin' to be,https://www.youtube.com/watch?v=at4DL40FQ7Y
the reverend horton heat,loaded gun,https://www.youtube.com/watch?v=wRX1nxXMqZE
the ritchie family,life is music,https://www.youtube.com/watch?v=50g8cRaQwUE
the rolling stones,i'm a king bee,https://www.youtube.com/watch?v=4i50OprCuu4
the rolling stones,jumpin' jack flash,https://www.youtube.com/watch?v=ruTMp4_sy1E
the rolling stones,lady jane,https://www.youtube.com/watch?v=3UKJfDui_Y0
the rolling stones,living in a ghost town,https://www.youtube.com/watch?v=LNNPNweSbp8
the specials,a message to you rudy,https://www.youtube.com/watch?v=cntvEDbagAw
the stone foxes,i'm a king bee,https://www.youtube.com/watch?v=DbBHqR4-Hkw
the strypes,you can't judge a book by the cover,https://www.youtube.com/watch?v=3tDLL6fngx8
the style council,shout to the top,https://www.youtube.com/watch?v=7m94ip38UKs
the temptations,psychedelic shack,https://www.youtube.com/watch?v=B9YrYoY0N4I
the teskey brothers,crying shame,https://www.youtube.com/watch?v=g9YKRrnBt4A
the verve,bitter sweet symphony,https://www.youtube.com/watch?v=1lyu1KKwC74
the weeknd,earned it,https://www.youtube.com/watch?v=waU75jdUnYw
the white stripes,icky thump,https://www.youtube.com/watch?v=1OjTspCqvk8
the white stripes,the hardest button to button,https://www.youtube.com/watch?v=K4dx42YzQCE
the white stripes,under nova scotian lights,https://www.youtube.com/watch?v=C-o-AAZwr_I
the who,won't get fooled again,https://www.youtube.com/watch?v=UDfAdHBtK_Q
the wonder stuff,circle square,https://www.youtube.com/watch?v=HQNZ3bivxas
thee sacred souls,can i call you rose?,https://www.youtube.com/watch?v=vKJhzL16woE
thin lizzy,johnny the fox meets jimmy the weed,https://www.youtube.com/watch?v=Q6kRNwHZW5s
thin lizzy,the boys are back in town,https://www.youtube.com/watch?v=quyB8PMTD3o
three dog night,mama told me not to come (1970),https://www.youtube.com/watch?v=DTCyjYjsVc8
three dog night,try a little tenderness,https://www.youtube.com/watch?v=7ag-8WxEjGI
three dog night,try a little tenderness,https://www.youtube.com/watch?v=Xu6DUq3QboI
tim mcgraw,it's your love,https://www.youtube.com/watch?v=2AJ4i4S_fP8
tim mcgraw,something like that,https://www.youtube.com/watch?v=HYRFgWbalBE
tina turner,let's stay together,https://www.youtube.com/watch?v=tGfIBxLj6SA&list=RDtGfIBxLj6SA&start_radio=1
tito & tarantula,dust and ashes,https://www.youtube.com/watch?v=Xu4kpeH8iEo&list=PLBNjXP2TEhAfbgO7s_SberlMvTEtrdxgo&index=1
todd snider,beer run,https://www.youtube.com/watch?v=rxGbwiV4Mo8
tom petty and the heartbreakers,don't do me like that,https://www.youtube.com/watch?v=XbMsdCMC_N0
tom petty and the heartbreakers,here comes my girl,https://www.youtube.com/watch?v=n4nPa35CZPI
tome browne,funkin' for jamaica,https://www.youtube.com/watch?v=XYclWyC4qQo
tommy edwards,it's all in the game,https://www.youtube.com/watch?v=ihHrKyRzXBw&list=RDihHrKyRzXBw&start_radio=1
tomoyasu hotei,battle without honor or humanity (kill bill),https://www.youtube.com/watch?v=okR1sOM4jI8
tool,enema,https://www.youtube.com/watch?v=CehYA3omb5o&list=RDCehYA3omb5o&start_radio=1
tori amos,cornflake girl,https://www.youtube.com/watch?v=w_HA5Czhtx4
tori amos,crucify,https://www.youtube.com/watch?v=9ipCKIxdHTs
tove lo,habits (stay high),https://www.youtube.com/watch?v=oh2LWWORoiM
trailer trash tracys,you wish you were red,https://www.youtube.com/watch?v=Zztx7FBMr04
travis porter,ayy ladies ft. tyga,https://www.youtube.com/watch?v=37FhMnV-sxc
travis tritt,it's a great day to be alive,https://www.youtube.com/watch?v=6IKJa4ok83M
trolls,can't stop the feeling! scene,https://www.youtube.com/watch?v=9hPgjW2ou9E&list=PLte1uSnf9cie52PLOUCp_stMvdrzDbTcq&index=13
troyboi,do you?,https://www.youtube.com/watch?v=ku3JbhWUwsg
tumbling dice,linda ronstadt,https://www.youtube.com/watch?v=2I7GkHy5iOA
turnpike troubadours,7&7,https://www.youtube.com/watch?v=bnJ1892hWTc
tyler childers,white house road,https://www.youtube.com/watch?v=oOIJecsnaWg
tyler hubbard,5 foot 9,https://www.youtube.com/watch?v=RK9rT1ck90E
tyler hubbard,dancin’ in the country,https://www.youtube.com/watch?v=Gp-xO-L9jho
unknown,the trumpty dance,https://www.youtube.com/watch?v=We0W7W6aC1E
van halen,can't stop lovin' you,https://www.youtube.com/watch?v=K_LbrEJUYRw
van halen,runnin' with the devil,https://www.youtube.com/watch?v=i5txwFv-zYM
van morrison,madame george,https://www.youtube.com/watch?v=mceI44LrEKk
video loops,a night in a haunted cemetery,https://www.youtube.com/watch?v=os0qWeb5L3Y&t=312s
vj loops,lava lights,https://www.youtube.com/watch?v=14XxolEJloE
vj loops,party colorful flashing lights,https://www.youtube.com/watch?v=I-xbnuZsT-E
vj loops,psychedelic fractal visuals,https://www.youtube.com/watch?v=7jv-1iSRuN4
vulfmon,little thunder,https://www.youtube.com/watch?v=1aQpedzFOHA
vulfpeck,boogie on reggae woman,https://www.youtube.com/watch?v=sIYLPP-WXVY
walk of the earth,somebody that i used to know,https://www.youtube.com/watch?v=d9NF2edxy-M
walker hayes,aa,https://www.youtube.com/watch?v=_1aO4pCvxN0
walker hayes,u gurl,https://www.youtube.com/watch?v=Pl-4AmEMwz8
war,the world is a ghetto,https://www.youtube.com/watch?v=mJ4USEMH_PQ
warren zevon,nighttime in the switching yard,https://www.youtube.com/watch?v=e0BcVkCbZLs
wayne newton,daddy don't you walk so fast,https://www.youtube.com/watch?v=l2rEwMbPdjA
ween,even if you don't,https://www.youtube.com/watch?v=K2bB5-_75hM
ween,freedom of '76,https://www.youtube.com/watch?v=G9M3GVejHNE
ween,push the little daisies,https://www.youtube.com/watch?v=gPjPb3nNprg
ween,voodoo lady,https://www.youtube.com/watch?v=BrU8rSbRyQY
weird al yankovic,i lost on jeopardy,https://www.youtube.com/watch?v=BvUZijEuNDQ
wham!,freedom,https://www.youtube.com/watch?v=2ag5Qbc1O-c
whistle while you work,snow white and the seven dwarfs,https://www.youtube.com/watch?v=mIwa9sPFT5I&list=PLte1uSnf9cie52PLOUCp_stMvdrzDbTcq&index=154
white zombie,black sunshine,https://www.youtube.com/watch?v=sqPClltS5k8
whitney houston,my love is your love,https://www.youtube.com/watch?v=kxZD0VQvfqU
willie jones,lil vibe,https://www.youtube.com/watch?v=SOJALu7ZD90
willie nelson & paula nelson,have you ever seen the rain,https://www.youtube.com/watch?v=_hRsTysBDq8
yung gravy,betty (get money),https://www.youtube.com/watch?v=8oE5Z2GLhNc
yungblud,i was made for lovin’ you,https://www.youtube.com/watch?v=gaD55NqPJA0
yungblud,linger,https://www.youtube.com/watch?v=tV9bg-ARmi8
zac brown band,out in the middle,https://www.youtube.com/watch?v=UZgdZrof_28
zac brown band,same boat,https://www.youtube.com/watch?v=_uHXS36LKNE
zz top,beer drinkers and hellraisers,https://www.youtube.com/watch?v=KXswale5Kss
zz top,i need you tonight,https://www.youtube.com/watch?v=pGlFTyDcXFo
zz top,la grange (peanuts),https://www.youtube.com/watch?v=-RzU9egK6oQ
