magazine_title,issue_date,repository,issue_url,downloadable_pdf,ocr_available,pages,ads_present,masthead_present,departments_detected,target_audience,notes
Billboard,1926,Google Books,http://books.google.com/books?id=mPWXg_NzsqkC&dq=%22Billboard%22+magazine,false,,922,true,true,charts|industry_news|reviews|ads,Music industry professionals and fans,Google Books viewability=view_all_pages
Billboard,1974-12-26,Google Books,http://books.google.com/books?id=hAkEAAAAMBAJ&dq=%22Billboard%22+magazine,false,,154,true,true,charts|industry_news|reviews|ads,Music industry professionals and fans,Google Books viewability=view_all_pages
Billboard,1975-04,Google Books,http://books.google.com/books?id=TfoiAQAAMAAJ&dq=%22Billboard%22+magazine,false,,1074,true,true,charts|industry_news|reviews|ads,Music industry professionals and fans,Google Books viewability=view_no_pages
Billboard,1978-08-05,Google Books,http://books.google.com/books?id=ViQEAAAAMBAJ&dq=%22Billboard%22+magazine,false,,88,true,true,charts|industry_news|reviews|ads,Music industry professionals and fans,Google Books viewability=view_all_pages
Billboard,1984-10-06,Google Books,http://books.google.com/books?id=MyQEAAAAMBAJ&dq=%22Billboard%22+magazine,false,,88,true,true,charts|industry_news|reviews|ads,Music industry professionals and fans,Google Books viewability=view_all_pages
Billboard,1984-11-03,Google Books,http://books.google.com/books?id=wCQEAAAAMBAJ&dq=%22Billboard%22+magazine,false,,96,true,true,charts|industry_news|reviews|ads,Music industry professionals and fans,Google Books viewability=view_all_pages
Billboard,1985-09-28,Google Books,http://books.google.com/books?id=vCQEAAAAMBAJ&dq=%22Billboard%22+magazine,false,,96,true,true,charts|industry_news|reviews|ads,Music industry professionals and fans,Google Books viewability=view_all_pages
Billboard,1992-06-27,Google Books,http://books.google.com/books?id=wBAEAAAAMBAJ&dq=%22Billboard%22+magazine,false,,116,true,true,charts|industry_news|reviews|ads,Music industry professionals and fans,Google Books viewability=view_all_pages
Billboard,2000-09-09,Google Books,http://books.google.com/books?id=aREEAAAAMBAJ&dq=%22Billboard%22+magazine,false,,112,true,true,charts|industry_news|reviews|ads,Music industry professionals and fans,Google Books viewability=view_all_pages
Billboard,2001-07-28,Google Books,http://books.google.com/books?id=-RMEAAAAMBAJ&dq=%22Billboard%22+magazine,false,,116,true,true,charts|industry_news|reviews|ads,Music industry professionals and fans,Google Books viewability=view_all_pages
Billboard,2001-09-15,Google Books,http://books.google.com/books?id=EhEEAAAAMBAJ&dq=%22Billboard%22+magazine,false,,100,true,true,charts|industry_news|reviews|ads,Music industry professionals and fans,Google Books viewability=view_all_pages
Billboard,1924-01-01,HathiTrust,https://babel.hathitrust.org/cgi/pt?id=coo.31924015100799,,,,true,true,charts|industry_news|reviews|ads,Music industry professionals and fans,Hathi item enumcron=v.41 1929:Jan.-Mar. rights=pd
Billboard,1924-01-01,HathiTrust,https://babel.hathitrust.org/cgi/pt?id=coo.31924069226722,,,,true,true,charts|industry_news|reviews|ads,Music industry professionals and fans,Hathi item enumcron=v.43 1931:Apr.-June rights=ic
Billboard,1924-01-01,HathiTrust,https://babel.hathitrust.org/cgi/pt?id=coo.31924069226730,,,,true,true,charts|industry_news|reviews|ads,Music industry professionals and fans,Hathi item enumcron=v.43 1931:July-Sept. rights=ic
Billboard,1924-01-01,HathiTrust,https://babel.hathitrust.org/cgi/pt?id=coo.31924069226748,,,,true,true,charts|industry_news|reviews|ads,Music industry professionals and fans,Hathi item enumcron=v.42 1930:July-Sept. rights=pd
Billboard,1924-01-01,HathiTrust,https://babel.hathitrust.org/cgi/pt?id=coo.31924069226805,,,,true,true,charts|industry_news|reviews|ads,Music industry professionals and fans,Hathi item enumcron=v.42 1930:Oct.-Dec. rights=pd
Billboard,1924-01-01,HathiTrust,https://babel.hathitrust.org/cgi/pt?id=coo.31924069226813,,,,true,true,charts|industry_news|reviews|ads,Music industry professionals and fans,Hathi item enumcron=v.43 1931:Jan.-Mar. rights=ic
Billboard,1924-01-01,HathiTrust,https://babel.hathitrust.org/cgi/pt?id=coo.31924069226821,,,,true,true,charts|industry_news|reviews|ads,Music industry professionals and fans,Hathi item enumcron=v.42 1930:Apr.-June rights=pd
Billboard,1924-01-01,HathiTrust,https://babel.hathitrust.org/cgi/pt?id=coo.31924069226839,,,,true,true,charts|industry_news|reviews|ads,Music industry professionals and fans,Hathi item enumcron=v.42 1930:Jan.-Mar. rights=pd
Billboard,1924-01-01,HathiTrust,https://babel.hathitrust.org/cgi/pt?id=coo.31924069226847,,,,true,true,charts|industry_news|reviews|ads,Music industry professionals and fans,Hathi item enumcron=v.41 1929:Oct.-Dec. rights=pd
Billboard,1924-01-01,HathiTrust,https://babel.hathitrust.org/cgi/pt?id=coo.31924069226854,,,,true,true,charts|industry_news|reviews|ads,Music industry professionals and fans,Hathi item enumcron=v.41 1929:July-Sept. rights=pd
Billboard,1924-01-01,HathiTrust,https://babel.hathitrust.org/cgi/pt?id=coo.31924069226888,,,,true,true,charts|industry_news|reviews|ads,Music industry professionals and fans,Hathi item enumcron=v.50 1938:Jan.-Mar. rights=ic
Billboard,1924-01-01,HathiTrust,https://babel.hathitrust.org/cgi/pt?id=coo.31924069226896,,,,true,true,charts|industry_news|reviews|ads,Music industry professionals and fans,Hathi item enumcron=v.49 1937:Oct.-Dec. rights=ic
Billboard,1924-01-01,HathiTrust,https://babel.hathitrust.org/cgi/pt?id=coo.31924069226904,,,,true,true,charts|industry_news|reviews|ads,Music industry professionals and fans,Hathi item enumcron=v.49 1937:July-Sept. rights=ic
Billboard,1924-01-01,HathiTrust,https://babel.hathitrust.org/cgi/pt?id=coo.31924069226912,,,,true,true,charts|industry_news|reviews|ads,Music industry professionals and fans,Hathi item enumcron=v.49 1937:Apr.-June rights=ic
Billboard,1924-01-01,HathiTrust,https://babel.hathitrust.org/cgi/pt?id=coo.31924069226920,,,,true,true,charts|industry_news|reviews|ads,Music industry professionals and fans,Hathi item enumcron=v.49 1937:Jan.-Mar. rights=ic
Billboard,1924-01-01,HathiTrust,https://babel.hathitrust.org/cgi/pt?id=coo.31924069226938,,,,true,true,charts|industry_news|reviews|ads,Music industry professionals and fans,Hathi item enumcron=v.48 1936:Oct.-Dec. rights=ic
Billboard,1924-01-01,HathiTrust,https://babel.hathitrust.org/cgi/pt?id=coo.31924069226946,,,,true,true,charts|industry_news|reviews|ads,Music industry professionals and fans,Hathi item enumcron=v.48 1936:July-Sept. rights=ic
Billboard,1924-01-01,HathiTrust,https://babel.hathitrust.org/cgi/pt?id=coo.31924069226953,,,,true,true,charts|industry_news|reviews|ads,Music industry professionals and fans,Hathi item enumcron=v.48 1936:Apr.-June rights=ic
Billboard,1924-01-01,HathiTrust,https://babel.hathitrust.org/cgi/pt?id=coo.31924069226961,,,,true,true,charts|industry_news|reviews|ads,Music industry professionals and fans,Hathi item enumcron=v.47 1935:Oct.-Dec. rights=ic
Billboard,1924-01-01,HathiTrust,https://babel.hathitrust.org/cgi/pt?id=coo.31924069227001,,,,true,true,charts|industry_news|reviews|ads,Music industry professionals and fans,Hathi item enumcron=v.51 1939:Apr.-June rights=ic
Billboard,1924-01-01,HathiTrust,https://babel.hathitrust.org/cgi/pt?id=coo.31924069227019,,,,true,true,charts|industry_news|reviews|ads,Music industry professionals and fans,Hathi item enumcron=v.51 1939:Jan.-Mar. rights=ic
Billboard,1924-01-01,HathiTrust,https://babel.hathitrust.org/cgi/pt?id=coo.31924069227027,,,,true,true,charts|industry_news|reviews|ads,Music industry professionals and fans,Hathi item enumcron=v.50 1938:Oct.-Dec. rights=ic
Billboard,1924-01-01,HathiTrust,https://babel.hathitrust.org/cgi/pt?id=coo.31924069227035,,,,true,true,charts|industry_news|reviews|ads,Music industry professionals and fans,Hathi item enumcron=v.48 1936:Jan.-Mar. rights=ic
Billboard,1924-01-01,HathiTrust,https://babel.hathitrust.org/cgi/pt?id=coo.31924069227043,,,,true,true,charts|industry_news|reviews|ads,Music industry professionals and fans,Hathi item enumcron=v.45 1933:Oct.-Dec. rights=ic
Billboard,1924-01-01,HathiTrust,https://babel.hathitrust.org/cgi/pt?id=coo.31924069227050,,,,true,true,charts|industry_news|reviews|ads,Music industry professionals and fans,Hathi item enumcron=v.46 1934:Jan.-Mar. rights=ic
Billboard,1924-01-01,HathiTrust,https://babel.hathitrust.org/cgi/pt?id=coo.31924069227068,,,,true,true,charts|industry_news|reviews|ads,Music industry professionals and fans,Hathi item enumcron=v.46 1934:Apr.-June rights=ic
Billboard,1924-01-01,HathiTrust,https://babel.hathitrust.org/cgi/pt?id=coo.31924069227076,,,,true,true,charts|industry_news|reviews|ads,Music industry professionals and fans,Hathi item enumcron=v.46 1934:July-Sept. rights=ic
Billboard,1924-01-01,HathiTrust,https://babel.hathitrust.org/cgi/pt?id=coo.31924069227084,,,,true,true,charts|industry_news|reviews|ads,Music industry professionals and fans,Hathi item enumcron=v.46 1934:Oct.-Dec. rights=ic
Billboard,1924-01-01,HathiTrust,https://babel.hathitrust.org/cgi/pt?id=coo.31924069227092,,,,true,true,charts|industry_news|reviews|ads,Music industry professionals and fans,Hathi item enumcron=v.47 1935:Jan.-Mar. rights=ic
Billboard,1924-01-01,HathiTrust,https://babel.hathitrust.org/cgi/pt?id=coo.31924069227100,,,,true,true,charts|industry_news|reviews|ads,Music industry professionals and fans,Hathi item enumcron=v.47 1935:Apr.-June rights=ic
Billboard,1924-01-01,HathiTrust,https://babel.hathitrust.org/cgi/pt?id=coo.31924069227118,,,,true,true,charts|industry_news|reviews|ads,Music industry professionals and fans,Hathi item enumcron=v.47 1935:July-Sept. rights=ic
Billboard,1924-01-01,HathiTrust,https://babel.hathitrust.org/cgi/pt?id=coo.31924069227126,,,,true,true,charts|industry_news|reviews|ads,Music industry professionals and fans,Hathi item enumcron=v.45 1933:July-Sept. rights=ic
Billboard,1924-01-01,HathiTrust,https://babel.hathitrust.org/cgi/pt?id=coo.31924069227134,,,,true,true,charts|industry_news|reviews|ads,Music industry professionals and fans,Hathi item enumcron=v.45 1933:Apr.-June rights=ic
Billboard,1924-01-01,HathiTrust,https://babel.hathitrust.org/cgi/pt?id=coo.31924069227142,,,,true,true,charts|industry_news|reviews|ads,Music industry professionals and fans,Hathi item enumcron=v.45 1933:Jan.-Mar. rights=ic
Billboard,1924-01-01,HathiTrust,https://babel.hathitrust.org/cgi/pt?id=coo.31924069227159,,,,true,true,charts|industry_news|reviews|ads,Music industry professionals and fans,Hathi item enumcron=v.44 1932:Oct.-Dec. rights=ic
Billboard,1924-01-01,HathiTrust,https://babel.hathitrust.org/cgi/pt?id=coo.31924069227167,,,,true,true,charts|industry_news|reviews|ads,Music industry professionals and fans,Hathi item enumcron=v.44 1932:July-Sept. rights=ic
Billboard,1924-01-01,HathiTrust,https://babel.hathitrust.org/cgi/pt?id=coo.31924069227175,,,,true,true,charts|industry_news|reviews|ads,Music industry professionals and fans,Hathi item enumcron=v.44 1932:Apr.-June rights=ic
Billboard,1924-01-01,HathiTrust,https://babel.hathitrust.org/cgi/pt?id=coo.31924069227183,,,,true,true,charts|industry_news|reviews|ads,Music industry professionals and fans,Hathi item enumcron=v.44 1932:Jan.-Mar. rights=ic
Billboard,1924-01-01,HathiTrust,https://babel.hathitrust.org/cgi/pt?id=coo.31924069227191,,,,true,true,charts|industry_news|reviews|ads,Music industry professionals and fans,Hathi item enumcron=v.43 1931:Oct.-Dec. rights=ic
Billboard,1924-01-01,HathiTrust,https://babel.hathitrust.org/cgi/pt?id=coo.31924069227449,,,,true,true,charts|industry_news|reviews|ads,Music industry professionals and fans,Hathi item enumcron=v.51 1939:Oct.-Dec. rights=ic
Billboard,1924-01-01,HathiTrust,https://babel.hathitrust.org/cgi/pt?id=coo.31924069227456,,,,true,true,charts|industry_news|reviews|ads,Music industry professionals and fans,Hathi item enumcron=v.52 1940:Jan.-Mar. rights=ic
Billboard,1924-01-01,HathiTrust,https://babel.hathitrust.org/cgi/pt?id=coo.31924069227464,,,,true,true,charts|industry_news|reviews|ads,Music industry professionals and fans,Hathi item enumcron=v.52 1940:Apr.-June rights=ic
Billboard,1924-01-01,HathiTrust,https://babel.hathitrust.org/cgi/pt?id=coo.31924069232647,,,,true,true,charts|industry_news|reviews|ads,Music industry professionals and fans,Hathi item enumcron=v.59 1947:Jan.-Feb. rights=ic
Billboard,1924-01-01,HathiTrust,https://babel.hathitrust.org/cgi/pt?id=coo.31924069232654,,,,true,true,charts|industry_news|reviews|ads,Music industry professionals and fans,Hathi item enumcron=v.59 1947:May-June rights=ic
Billboard,1924-01-01,HathiTrust,https://babel.hathitrust.org/cgi/pt?id=coo.31924069232670,,,,true,true,charts|industry_news|reviews|ads,Music industry professionals and fans,Hathi item enumcron=v.59 1947:Mar.-Apr. rights=ic
Billboard,1924-01-01,HathiTrust,https://babel.hathitrust.org/cgi/pt?id=coo.31924069232688,,,,true,true,charts|industry_news|reviews|ads,Music industry professionals and fans,Hathi item enumcron=v.53 1941:Apr.-June rights=ic
Billboard,1924-01-01,HathiTrust,https://babel.hathitrust.org/cgi/pt?id=coo.31924069232704,,,,true,true,charts|industry_news|reviews|ads,Music industry professionals and fans,Hathi item enumcron=v.52 1940:Oct.-Dec. rights=ic
Billboard,1924-01-01,HathiTrust,https://babel.hathitrust.org/cgi/pt?id=coo.31924069232712,,,,true,true,charts|industry_news|reviews|ads,Music industry professionals and fans,Hathi item enumcron=v.52 1940:July-Sept. rights=ic
Billboard,1924-01-01,HathiTrust,https://babel.hathitrust.org/cgi/pt?id=coo.31924069232720,,,,true,true,charts|industry_news|reviews|ads,Music industry professionals and fans,Hathi item enumcron=v.58 1946:May-June rights=ic
Billboard,1924-01-01,HathiTrust,https://babel.hathitrust.org/cgi/pt?id=coo.31924069232738,,,,true,true,charts|industry_news|reviews|ads,Music industry professionals and fans,Hathi item enumcron=v.58 1946:July-Aug. rights=ic
Billboard,1924-01-01,HathiTrust,https://babel.hathitrust.org/cgi/pt?id=coo.31924069232746,,,,true,true,charts|industry_news|reviews|ads,Music industry professionals and fans,Hathi item enumcron=v.58 1946:Sept.-Oct. rights=ic
Billboard,1924-01-01,HathiTrust,https://babel.hathitrust.org/cgi/pt?id=coo.31924069232753,,,,true,true,charts|industry_news|reviews|ads,Music industry professionals and fans,Hathi item enumcron=v.58 1946:Nov.-Dec. rights=ic
Billboard,1924-01-01,HathiTrust,https://babel.hathitrust.org/cgi/pt?id=coo.31924069232761,,,,true,true,charts|industry_news|reviews|ads,Music industry professionals and fans,Hathi item enumcron=v.54 1942:Apr.-June rights=ic
Billboard,1924-01-01,HathiTrust,https://babel.hathitrust.org/cgi/pt?id=coo.31924069232779,,,,true,true,charts|industry_news|reviews|ads,Music industry professionals and fans,Hathi item enumcron=v.54 1942:Jan.-Mar. rights=ic
Billboard,1924-01-01,HathiTrust,https://babel.hathitrust.org/cgi/pt?id=coo.31924069232787,,,,true,true,charts|industry_news|reviews|ads,Music industry professionals and fans,Hathi item enumcron=v.53 1941:Oct.-Dec. rights=ic
Billboard,1924-01-01,HathiTrust,https://babel.hathitrust.org/cgi/pt?id=coo.31924069232795,,,,true,true,charts|industry_news|reviews|ads,Music industry professionals and fans,Hathi item enumcron=v.53 1941:July-Sept. rights=ic
Billboard,1924-01-01,HathiTrust,https://babel.hathitrust.org/cgi/pt?id=coo.31924069232803,,,,true,true,charts|industry_news|reviews|ads,Music industry professionals and fans,Hathi item enumcron=v.57 1945:July-Sept. rights=ic
Billboard,1924-01-01,HathiTrust,https://babel.hathitrust.org/cgi/pt?id=coo.31924069232811,,,,true,true,charts|industry_news|reviews|ads,Music industry professionals and fans,Hathi item enumcron=v.57 1945:Oct.-Dec. rights=ic
Billboard,1924-01-01,HathiTrust,https://babel.hathitrust.org/cgi/pt?id=coo.31924069232845,,,,true,true,charts|industry_news|reviews|ads,Music industry professionals and fans,Hathi item enumcron=v.55 1943:Apr.-June rights=ic
Billboard,1924-01-01,HathiTrust,https://babel.hathitrust.org/cgi/pt?id=coo.31924069232852,,,,true,true,charts|industry_news|reviews|ads,Music industry professionals and fans,Hathi item enumcron=v.55 1943:Jan.-Mar. rights=ic
Billboard,1924-01-01,HathiTrust,https://babel.hathitrust.org/cgi/pt?id=coo.31924069232860,,,,true,true,charts|industry_news|reviews|ads,Music industry professionals and fans,Hathi item enumcron=v.54 1942:Oct.-Dec. rights=ic
Billboard,1924-01-01,HathiTrust,https://babel.hathitrust.org/cgi/pt?id=coo.31924069232878,,,,true,true,charts|industry_news|reviews|ads,Music industry professionals and fans,Hathi item enumcron=v.54 1942:July-Sept. rights=ic
Billboard,1924-01-01,HathiTrust,https://babel.hathitrust.org/cgi/pt?id=coo.31924069232894,,,,true,true,charts|industry_news|reviews|ads,Music industry professionals and fans,Hathi item enumcron=v.57 1945:Jan.-Mar. rights=ic
Billboard,1924-01-01,HathiTrust,https://babel.hathitrust.org/cgi/pt?id=coo.31924069232936,,,,true,true,charts|industry_news|reviews|ads,Music industry professionals and fans,Hathi item enumcron=v.56 1944:Jan.-Mar. rights=ic
Billboard,1924-01-01,HathiTrust,https://babel.hathitrust.org/cgi/pt?id=coo.31924069232944,,,,true,true,charts|industry_news|reviews|ads,Music industry professionals and fans,Hathi item enumcron=v.55 1943:Oct.-Dec. rights=ic
Billboard,1924-01-01,HathiTrust,https://babel.hathitrust.org/cgi/pt?id=coo.31924069232951,,,,true,true,charts|industry_news|reviews|ads,Music industry professionals and fans,Hathi item enumcron=v.55 1943:July-Sept. rights=ic
Billboard,,HathiTrust,https://babel.hathitrust.org/cgi/pt?id=mdp.39015003294645,,,,true,true,charts|industry_news|reviews|ads,Music industry professionals and fans,Hathi item enumcron=v.61 1949 Dec rights=ic
Billboard,,HathiTrust,https://babel.hathitrust.org/cgi/pt?id=mdp.39015003294660,,,,true,true,charts|industry_news|reviews|ads,Music industry professionals and fans,Hathi item enumcron=v.61 1949 Oct rights=ic
Billboard,,HathiTrust,https://babel.hathitrust.org/cgi/pt?id=mdp.39015006950334,,,,true,true,charts|industry_news|reviews|ads,Music industry professionals and fans,Hathi item enumcron=v.58 1946 Jan-Feb rights=ic
Billboard,,HathiTrust,https://babel.hathitrust.org/cgi/pt?id=mdp.39015006961042,,,,true,true,charts|industry_news|reviews|ads,Music industry professionals and fans,Hathi item enumcron=v.58 1946 Sep rights=ic
Billboard,,HathiTrust,https://babel.hathitrust.org/cgi/pt?id=mdp.39015006961240,,,,true,true,charts|industry_news|reviews|ads,Music industry professionals and fans,Hathi item enumcron=v.58 1946 Oct rights=ic
Billboard,,HathiTrust,https://babel.hathitrust.org/cgi/pt?id=mdp.39015006969664,,,,true,true,charts|industry_news|reviews|ads,Music industry professionals and fans,Hathi item enumcron=v.59 1947 Apr rights=ic
Billboard,,HathiTrust,https://babel.hathitrust.org/cgi/pt?id=mdp.39015006970944,,,,true,true,charts|industry_news|reviews|ads,Music industry professionals and fans,Hathi item enumcron=v.59 1947 Jun rights=ic
Billboard,,HathiTrust,https://babel.hathitrust.org/cgi/pt?id=mdp.39015006970951,,,,true,true,charts|industry_news|reviews|ads,Music industry professionals and fans,Hathi item enumcron=v.59 1947 May rights=ic
Billboard,,HathiTrust,https://babel.hathitrust.org/cgi/pt?id=mdp.39015006972833,,,,true,true,charts|industry_news|reviews|ads,Music industry professionals and fans,Hathi item enumcron=v.59 1947 Oct rights=ic
Billboard,,HathiTrust,https://babel.hathitrust.org/cgi/pt?id=mdp.39015006972957,,,,true,true,charts|industry_news|reviews|ads,Music industry professionals and fans,Hathi item enumcron=v.59 1947 Sep rights=ic
Billboard,,HathiTrust,https://babel.hathitrust.org/cgi/pt?id=mdp.39015006975141,,,,true,true,charts|industry_news|reviews|ads,Music industry professionals and fans,Hathi item enumcron=v.59 1947 Dec rights=ic
Billboard,,HathiTrust,https://babel.hathitrust.org/cgi/pt?id=mdp.39015006975307,,,,true,true,charts|industry_news|reviews|ads,Music industry professionals and fans,Hathi item enumcron=v.59 1947 Nov rights=ic
Billboard,,HathiTrust,https://babel.hathitrust.org/cgi/pt?id=mdp.39015006975620,,,,true,true,charts|industry_news|reviews|ads,Music industry professionals and fans,Hathi item enumcron=v.60 1948 Jan rights=ic
Billboard,,HathiTrust,https://babel.hathitrust.org/cgi/pt?id=mdp.39015006976727,,,,true,true,charts|industry_news|reviews|ads,Music industry professionals and fans,Hathi item enumcron=v.60 1948 Apr rights=ic
Billboard,,HathiTrust,https://babel.hathitrust.org/cgi/pt?id=mdp.39015006976735,,,,true,true,charts|industry_news|reviews|ads,Music industry professionals and fans,Hathi item enumcron=v.60 1948 Mar rights=ic
Billboard,,HathiTrust,https://babel.hathitrust.org/cgi/pt?id=mdp.39015006977295,,,,true,true,charts|industry_news|reviews|ads,Music industry professionals and fans,Hathi item enumcron=v.60 1948 May rights=ic
Billboard,,HathiTrust,https://babel.hathitrust.org/cgi/pt?id=mdp.39015006977550,,,,true,true,charts|industry_news|reviews|ads,Music industry professionals and fans,Hathi item enumcron=v.60 1948 Jul rights=ic
Billboard,,HathiTrust,https://babel.hathitrust.org/cgi/pt?id=mdp.39015006977717,,,,true,true,charts|industry_news|reviews|ads,Music industry professionals and fans,Hathi item enumcron=v.60 1948 Jun rights=ic
Billboard,,HathiTrust,https://babel.hathitrust.org/cgi/pt?id=mdp.39015006979283,,,,true,true,charts|industry_news|reviews|ads,Music industry professionals and fans,Hathi item enumcron=v.60 1948 Aug rights=ic
Billboard,,HathiTrust,https://babel.hathitrust.org/cgi/pt?id=mdp.39015006979291,,,,true,true,charts|industry_news|reviews|ads,Music industry professionals and fans,Hathi item enumcron=v.60 1948 Sep rights=ic
Billboard,,HathiTrust,https://babel.hathitrust.org/cgi/pt?id=mdp.39015006980588,,,,true,true,charts|industry_news|reviews|ads,Music industry professionals and fans,Hathi item enumcron=v.61 1949 Feb rights=ic
Billboard,,HathiTrust,https://babel.hathitrust.org/cgi/pt?id=mdp.39015006980752,,,,true,true,charts|industry_news|reviews|ads,Music industry professionals and fans,Hathi item enumcron=v.61 1949 Jan rights=ic
Billboard,,HathiTrust,https://babel.hathitrust.org/cgi/pt?id=mdp.39015006981628,,,,true,true,charts|industry_news|reviews|ads,Music industry professionals and fans,Hathi item enumcron=v.61 1949 May rights=ic
Billboard,,HathiTrust,https://babel.hathitrust.org/cgi/pt?id=mdp.39015006981636,,,,true,true,charts|industry_news|reviews|ads,Music industry professionals and fans,Hathi item enumcron=v.61 1949 Apr rights=ic
Billboard,,HathiTrust,https://babel.hathitrust.org/cgi/pt?id=mdp.39015006981644,,,,true,true,charts|industry_news|reviews|ads,Music industry professionals and fans,Hathi item enumcron=v.61 1949 Mar rights=ic
Billboard,,HathiTrust,https://babel.hathitrust.org/cgi/pt?id=mdp.39015006983723,,,,true,true,charts|industry_news|reviews|ads,Music industry professionals and fans,Hathi item enumcron=v.61 1949 Jul rights=ic
Billboard,,HathiTrust,https://babel.hathitrust.org/cgi/pt?id=mdp.39015006983897,,,,true,true,charts|industry_news|reviews|ads,Music industry professionals and fans,Hathi item enumcron=v.61 1949 Jun rights=ic
Billboard,,HathiTrust,https://babel.hathitrust.org/cgi/pt?id=mdp.39015006988870,,,,true,true,charts|industry_news|reviews|ads,Music industry professionals and fans,Hathi item enumcron=v.61 1949 Aug rights=ic
Billboard,,HathiTrust,https://babel.hathitrust.org/cgi/pt?id=mdp.39015006989035,,,,true,true,charts|industry_news|reviews|ads,Music industry professionals and fans,Hathi item enumcron=v.61 1949 Sep rights=ic
Billboard,,HathiTrust,https://babel.hathitrust.org/cgi/pt?id=mdp.39015006996204,,,,true,true,charts|industry_news|reviews|ads,Music industry professionals and fans,Hathi item enumcron=v.62 1950 Jun rights=ic
Billboard,,HathiTrust,https://babel.hathitrust.org/cgi/pt?id=mdp.39015006996360,,,,true,true,charts|industry_news|reviews|ads,Music industry professionals and fans,Hathi item enumcron=v.62 1950 May rights=ic
Billboard,,HathiTrust,https://babel.hathitrust.org/cgi/pt?id=mdp.39015006997244,,,,true,true,charts|industry_news|reviews|ads,Music industry professionals and fans,Hathi item enumcron=v.62 1950 Apr rights=ic
Billboard,,HathiTrust,https://babel.hathitrust.org/cgi/pt?id=mdp.39015006997251,,,,true,true,charts|industry_news|reviews|ads,Music industry professionals and fans,Hathi item enumcron=v.62 1950 Mar rights=ic
Billboard,,HathiTrust,https://babel.hathitrust.org/cgi/pt?id=mdp.39015006999943,,,,true,true,charts|industry_news|reviews|ads,Music industry professionals and fans,Hathi item enumcron=v.62 1950 Feb rights=ic
Billboard,,HathiTrust,https://babel.hathitrust.org/cgi/pt?id=mdp.39015007000105,,,,true,true,charts|industry_news|reviews|ads,Music industry professionals and fans,Hathi item enumcron=v.62 1950 Jan rights=ic
Billboard,,HathiTrust,https://babel.hathitrust.org/cgi/pt?id=mdp.39015008826227,,,,true,true,charts|industry_news|reviews|ads,Music industry professionals and fans,Hathi item enumcron=v.58 1946 Dec rights=ic
Billboard,,HathiTrust,https://babel.hathitrust.org/cgi/pt?id=mdp.39015008826235,,,,true,true,charts|industry_news|reviews|ads,Music industry professionals and fans,Hathi item enumcron=v.58 1946 Nov rights=ic
Billboard,,HathiTrust,https://babel.hathitrust.org/cgi/pt?id=mdp.39015008888920,,,,true,true,charts|industry_news|reviews|ads,Music industry professionals and fans,Hathi item enumcron=v.59 1947 Aug rights=ic
Billboard,,HathiTrust,https://babel.hathitrust.org/cgi/pt?id=mdp.39015008888995,,,,true,true,charts|industry_news|reviews|ads,Music industry professionals and fans,Hathi item enumcron=v.59 1947 Jul rights=ic
Billboard,,HathiTrust,https://babel.hathitrust.org/cgi/pt?id=mdp.39015009215321,,,,true,true,charts|industry_news|reviews|ads,Music industry professionals and fans,Hathi item enumcron=v.62 1950 Aug rights=ic
Billboard,,HathiTrust,https://babel.hathitrust.org/cgi/pt?id=mdp.39015009215404,,,,true,true,charts|industry_news|reviews|ads,Music industry professionals and fans,Hathi item enumcron=v.62 1950 Jul rights=ic
Billboard,,HathiTrust,https://babel.hathitrust.org/cgi/pt?id=mdp.39015009225403,,,,true,true,charts|industry_news|reviews|ads,Music industry professionals and fans,Hathi item enumcron=v.62 1950 Oct rights=ic
Billboard,,HathiTrust,https://babel.hathitrust.org/cgi/pt?id=mdp.39015009225486,,,,true,true,charts|industry_news|reviews|ads,Music industry professionals and fans,Hathi item enumcron=v.62 1950 Sep rights=ic
Billboard,,HathiTrust,https://babel.hathitrust.org/cgi/pt?id=mdp.39015009299820,,,,true,true,charts|industry_news|reviews|ads,Music industry professionals and fans,Hathi item enumcron=v.60 1948 Nov rights=ic
Billboard,,HathiTrust,https://babel.hathitrust.org/cgi/pt?id=mdp.39015009299960,,,,true,true,charts|industry_news|reviews|ads,Music industry professionals and fans,Hathi item enumcron=v.60 1948 Dec rights=ic
Billboard,,HathiTrust,https://babel.hathitrust.org/cgi/pt?id=mdp.39015009300347,,,,true,true,charts|industry_news|reviews|ads,Music industry professionals and fans,Hathi item enumcron=v.60 1948 Oct rights=ic
Billboard,,HathiTrust,https://babel.hathitrust.org/cgi/pt?id=mdp.39015012360585,,,,true,true,charts|industry_news|reviews|ads,Music industry professionals and fans,Hathi item enumcron=v.57 1945 Apr-Jun rights=ic
Billboard,,HathiTrust,https://babel.hathitrust.org/cgi/pt?id=mdp.39015013159507,,,,true,true,charts|industry_news|reviews|ads,Music industry professionals and fans,Hathi item enumcron=v.82 1970 Jul-Sep rights=ic
Billboard,,HathiTrust,https://babel.hathitrust.org/cgi/pt?id=mdp.39015013159515,,,,true,true,charts|industry_news|reviews|ads,Music industry professionals and fans,Hathi item enumcron=v.81 1969 Jun-Sep incomplete rights=ic
Billboard,,HathiTrust,https://babel.hathitrust.org/cgi/pt?id=mdp.39015016698980,,,,true,true,charts|industry_news|reviews|ads,Music industry professionals and fans,Hathi item enumcron=v.83 1971 Oct-Dec rights=ic
Billboard,,HathiTrust,https://babel.hathitrust.org/cgi/pt?id=mdp.39015016698998,,,,true,true,charts|industry_news|reviews|ads,Music industry professionals and fans,Hathi item enumcron=v.83 1971 Jul-Sep rights=ic
Billboard,,HathiTrust,https://babel.hathitrust.org/cgi/pt?id=mdp.39015016699178,,,,true,true,charts|industry_news|reviews|ads,Music industry professionals and fans,Hathi item enumcron=v.84 1972 Oct-Dec rights=ic
Billboard,,HathiTrust,https://babel.hathitrust.org/cgi/pt?id=mdp.39015016699186,,,,true,true,charts|industry_news|reviews|ads,Music industry professionals and fans,Hathi item enumcron=v.84 1972 Apr-Jun rights=ic
Billboard,,HathiTrust,https://babel.hathitrust.org/cgi/pt?id=mdp.39015016699194,,,,true,true,charts|industry_news|reviews|ads,Music industry professionals and fans,Hathi item enumcron=v.84 1972 Jan-Mar rights=ic
Billboard,,HathiTrust,https://babel.hathitrust.org/cgi/pt?id=mdp.39015016760590,,,,true,true,charts|industry_news|reviews|ads,Music industry professionals and fans,Hathi item enumcron=v.83 1971 Apr-Jun rights=ic
Billboard,,HathiTrust,https://babel.hathitrust.org/cgi/pt?id=mdp.39015016760608,,,,true,true,charts|industry_news|reviews|ads,Music industry professionals and fans,Hathi item enumcron=v.83 1971 Jan-Mar rights=ic
Billboard,,HathiTrust,https://babel.hathitrust.org/cgi/pt?id=mdp.39015018036882,,,,true,true,charts|industry_news|reviews|ads,Music industry professionals and fans,Hathi item enumcron=v.86 1974 Mar-May rights=ic
Billboard,,HathiTrust,https://babel.hathitrust.org/cgi/pt?id=mdp.39015018036890,,,,true,true,charts|industry_news|reviews|ads,Music industry professionals and fans,Hathi item enumcron=v.87 1975 Jul-Sep rights=ic
Billboard,,HathiTrust,https://babel.hathitrust.org/cgi/pt?id=mdp.39015018036908,,,,true,true,charts|industry_news|reviews|ads,Music industry professionals and fans,Hathi item enumcron=v.87 1975 Apr-Jun rights=ic
Billboard,,HathiTrust,https://babel.hathitrust.org/cgi/pt?id=mdp.39015018036916,,,,true,true,charts|industry_news|reviews|ads,Music industry professionals and fans,Hathi item enumcron=v.87 1975 Jan-Mar rights=ic
Billboard,,HathiTrust,https://babel.hathitrust.org/cgi/pt?id=mdp.39015018036924,,,,true,true,charts|industry_news|reviews|ads,Music industry professionals and fans,Hathi item enumcron=v.86 1974 Nov-Dec rights=ic
Billboard,,HathiTrust,https://babel.hathitrust.org/cgi/pt?id=mdp.39015018036932,,,,true,true,charts|industry_news|reviews|ads,Music industry professionals and fans,Hathi item enumcron=v.86 1974 Sep-Oct rights=ic
Billboard,,HathiTrust,https://babel.hathitrust.org/cgi/pt?id=mdp.39015018036940,,,,true,true,charts|industry_news|reviews|ads,Music industry professionals and fans,Hathi item enumcron=v.86 1974 Jun-Aug rights=ic
Billboard,,HathiTrust,https://babel.hathitrust.org/cgi/pt?id=mdp.39015018036957,,,,true,true,charts|industry_news|reviews|ads,Music industry professionals and fans,Hathi item enumcron=v.86 1974 Jan-Feb rights=ic
Billboard,,HathiTrust,https://babel.hathitrust.org/cgi/pt?id=mdp.39015018049000,,,,true,true,charts|industry_news|reviews|ads,Music industry professionals and fans,Hathi item enumcron=v.19 1907 Oct-Dec rights=pd
Billboard,,HathiTrust,https://babel.hathitrust.org/cgi/pt?id=mdp.39015018049018,,,,true,true,charts|industry_news|reviews|ads,Music industry professionals and fans,Hathi item enumcron=v.19 1907 Jul-Sep rights=pd
Billboard,,HathiTrust,https://babel.hathitrust.org/cgi/pt?id=mdp.39015018049356,,,,true,true,charts|industry_news|reviews|ads,Music industry professionals and fans,Hathi item enumcron=v.29 1917 Apr-Jun rights=pd
Billboard,2020-01-01,HathiTrust,https://babel.hathitrust.org/cgi/pt?id=mdp.39015020205269,,,,true,true,charts|industry_news|reviews|ads,Music industry professionals and fans,Hathi item enumcron=v.40 1928 Jan-Mar rights=pd
Billboard,,HathiTrust,https://babel.hathitrust.org/cgi/pt?id=mdp.39015050967788,,,,true,true,charts|industry_news|reviews|ads,Music industry professionals and fans,Hathi item enumcron=v.20 1908 Jul-Sep rights=pd
Billboard,,HathiTrust,https://babel.hathitrust.org/cgi/pt?id=mdp.39015050967796,,,,true,true,charts|industry_news|reviews|ads,Music industry professionals and fans,Hathi item enumcron=v.20 1908 Oct-Dec rights=pd
Billboard,,HathiTrust,https://babel.hathitrust.org/cgi/pt?id=mdp.39015053239755,,,,true,true,charts|industry_news|reviews|ads,Music industry professionals and fans,Hathi item enumcron=v.85 1973 Jan-Mar rights=ic
Billboard,1935-02-23,Internet Archive,https://archive.org/details/billboard-feb-23-1935-damaged,true,true,,true,true,charts|industry_news|reviews|ads,Music industry professionals and fans,"IA title: The Billboard Feb 23, 1935 (DAMAGED)"
Billboard,1936-04-11,Internet Archive,https://archive.org/details/billboard-april-11-1936,true,true,,true,true,charts|industry_news|reviews|ads,Music industry professionals and fans,"IA title: The Billboard April 11 1936 (DAMAGED, MISSING PAGES)"
Billboard,1936-10-24,Internet Archive,https://archive.org/details/the-billboard-oct-24-1936,true,true,,true,true,charts|industry_news|reviews|ads,Music industry professionals and fans,"IA title: The Billboard Oct 24th 1936 (DAMAGED, MISSING PAGES)"
Billboard,1937-05-29,Internet Archive,https://archive.org/details/the-billboard-may-29th-1937,true,true,,true,true,charts|industry_news|reviews|ads,Music industry professionals and fans,"IA title: The Billboard Magazine May 29th 1937 (DAMAGED, MISSING PAGES)"
Billboard,1938-12-10,Internet Archive,https://archive.org/details/the-billboard-dec-10th-1938_202510,true,true,,true,true,charts|industry_news|reviews|ads,Music industry professionals and fans,IA title: The Billboard Dec 10th 1938 (DAMAGED)
Billboard,1938-12-17,Internet Archive,https://archive.org/details/the-billboard-dec-17-1938,true,true,,true,true,charts|industry_news|reviews|ads,Music industry professionals and fans,"IA title: The Billboard Dec 17 1938 (DAMAGED, MISSING PAGES)"
Billboard,1940-05-18,Internet Archive,https://archive.org/details/the-billboard-may-18th-1940-severe-damage,true,true,,true,true,charts|industry_news|reviews|ads,Music industry professionals and fans,IA title: The Billboard May 18th 1940 Severe Damage
Billboard,1940-12-14,Internet Archive,https://archive.org/details/the-billboard-dec-14-1940,true,true,,true,true,charts|industry_news|reviews|ads,Music industry professionals and fans,IA title: The Billboard December 14th 1940
Billboard,1982-03-27,Internet Archive,https://archive.org/details/billboard-1982-03-27,true,true,,true,true,charts|industry_news|reviews|ads,Music industry professionals and fans,"IA title: Billboard Magazine (March 27, 1982)"
Billboard,2000-10-21,Internet Archive,https://archive.org/details/ak-billboard-october-21-2000,false,false,,true,true,charts|industry_news|reviews|ads,Music industry professionals and fans,"IA title: Alicia Keys in Billboard Magazine (October 21, 2000)"
Billboard,2015-12-31,Internet Archive,https://archive.org/details/Billboard_Magazine_December_12_2015,true,true,164,true,true,charts|industry_news|reviews|ads,Music industry professionals and fans,"IA title: Billboard Magazine December 12, 2015"
Billboard,2015-12-31,Internet Archive,https://archive.org/details/Billboard_Magazine_November_14_2015,true,true,76,true,true,charts|industry_news|reviews|ads,Music industry professionals and fans,"IA title: Billboard Magazine November 14, 2015"
Billboard,2015-12-31,Internet Archive,https://archive.org/details/Billboard_Magazine_November_21_2015,true,true,108,true,true,charts|industry_news|reviews|ads,Music industry professionals and fans,"IA title: Billboard Magazine November 21, 2015"
Billboard,2015-12-31,Internet Archive,https://archive.org/details/Billboard_Magazine_November_28_2015,true,true,104,true,true,charts|industry_news|reviews|ads,Music industry professionals and fans,"IA title: Billboard Magazine November 28, 2015"
Billboard,2015-12-31,Internet Archive,https://archive.org/details/Billboard_Magazine_November_7_2015,true,true,80,true,true,charts|industry_news|reviews|ads,Music industry professionals and fans,"IA title: Billboard Magazine November 7, 2015"
Billboard,2016-01-01,Internet Archive,https://archive.org/details/Billboard_2_January_2016,true,true,106,true,true,charts|industry_news|reviews|ads,Music industry professionals and fans,IA title: Billboard 2 January 2016
Billboard,2016-01-02,Internet Archive,https://archive.org/details/Billboard_October_31_2015,true,true,84,true,true,charts|industry_news|reviews|ads,Music industry professionals and fans,"IA title: Billboard October 31, 2015"
Billboard,2016-02-20,Internet Archive,https://archive.org/details/Billboard_Magazine_February_13_2016,true,true,88,true,true,charts|industry_news|reviews|ads,Music industry professionals and fans,"IA title: Billboard Magazine February 13, 2016"
Billboard,2016-02-20,Internet Archive,https://archive.org/details/Billboard_Magazine_February_20_2016,true,true,140,true,true,charts|industry_news|reviews|ads,Music industry professionals and fans,"IA title: Billboard Magazine February 20, 2016"
Billboard,2016-12-29,Internet Archive,https://archive.org/details/Billboard_January_23_2016,true,true,72,true,true,charts|industry_news|reviews|ads,Music industry professionals and fans,"IA title: Billboard January 23, 2016"
Billboard,2017-01-09,Internet Archive,https://archive.org/details/Billboard_July_25_2015,true,true,100,true,true,charts|industry_news|reviews|ads,Music industry professionals and fans,"IA title: Billboard July 25, 2015"
Billboard,2017-01-09,Internet Archive,https://archive.org/details/Billboard_Magazine_April_11_2015_USA,true,true,68,true,true,charts|industry_news|reviews|ads,Music industry professionals and fans,"IA title: Billboard Magazine April 11, 2015 USA"
Billboard,2017-01-09,Internet Archive,https://archive.org/details/Billboard_Magazine_April_18_2015_USA,true,true,76,true,true,charts|industry_news|reviews|ads,Music industry professionals and fans,"IA title: Billboard Magazine April 18, 2015 USA"
Billboard,2017-01-09,Internet Archive,https://archive.org/details/Billboard_Magazine_April_4_2015_USA,true,true,72,true,true,charts|industry_news|reviews|ads,Music industry professionals and fans,"IA title: Billboard Magazine April 4, 2015 USA"
Billboard,2017-01-09,Internet Archive,https://archive.org/details/Billboard_Magazine_August_1_2015_USA,true,true,128,true,true,charts|industry_news|reviews|ads,Music industry professionals and fans,"IA title: Billboard Magazine August 1, 2015 USA"
Billboard,2017-01-09,Internet Archive,https://archive.org/details/Billboard_Magazine_August_29_2015,true,true,84,true,true,charts|industry_news|reviews|ads,Music industry professionals and fans,"IA title: Billboard Magazine August 29, 2015"
Billboard,2017-01-09,Internet Archive,https://archive.org/details/Billboard_Magazine_August_8_2015_USA,true,true,88,true,true,charts|industry_news|reviews|ads,Music industry professionals and fans,"IA title: Billboard Magazine August 8, 2015 USA"
Billboard,2017-01-09,Internet Archive,https://archive.org/details/Billboard_Magazine_February_14_2015_USA,true,true,112,true,true,charts|industry_news|reviews|ads,Music industry professionals and fans,"IA title: Billboard Magazine February 14, 2015 USA"
Billboard,2017-01-09,Internet Archive,https://archive.org/details/Billboard_Magazine_February_21_2015_USA,true,true,84,true,true,charts|industry_news|reviews|ads,Music industry professionals and fans,"IA title: Billboard Magazine February 21, 2015 USA"
Billboard,2017-01-09,Internet Archive,https://archive.org/details/Billboard_Magazine_February_7_2015,true,true,76,true,true,charts|industry_news|reviews|ads,Music industry professionals and fans,"IA title: Billboard Magazine February 7, 2015"
Billboard,2017-01-09,Internet Archive,https://archive.org/details/Billboard_Magazine_July_4_2015,true,true,76,true,true,charts|industry_news|reviews|ads,Music industry professionals and fans,"IA title: Billboard Magazine July 4, 2015"
Billboard,2017-01-09,Internet Archive,https://archive.org/details/Billboard_Magazine_June_13_2015,true,true,88,true,true,charts|industry_news|reviews|ads,Music industry professionals and fans,"IA title: Billboard Magazine June 13, 2015"
Billboard,2017-01-09,Internet Archive,https://archive.org/details/Billboard_Magazine_June_20_2015,true,true,96,true,true,charts|industry_news|reviews|ads,Music industry professionals and fans,"IA title: Billboard Magazine June 20, 2015"
Billboard,2017-01-09,Internet Archive,https://archive.org/details/Billboard_Magazine_March_21_2015,true,true,68,true,true,charts|industry_news|reviews|ads,Music industry professionals and fans,"IA title: Billboard Magazine March 21, 2015"
Billboard,2017-01-09,Internet Archive,https://archive.org/details/Billboard_Magazine_May_2_2015_USA,true,true,100,true,true,charts|industry_news|reviews|ads,Music industry professionals and fans,"IA title: Billboard Magazine May 2, 2015 USA"
Billboard,2017-01-09,Internet Archive,https://archive.org/details/Billboard_Magazine_October_17_2015,true,true,84,true,true,charts|industry_news|reviews|ads,Music industry professionals and fans,"IA title: Billboard Magazine October 17, 2015"
Billboard,2017-01-09,Internet Archive,https://archive.org/details/Billboard_Magazine_October_3_2015,true,true,92,true,true,charts|industry_news|reviews|ads,Music industry professionals and fans,"IA title: Billboard Magazine October 3, 2015"
Billboard,2017-01-09,Internet Archive,https://archive.org/details/Billboard_Magazine_September_5_2015,true,true,76,true,true,charts|industry_news|reviews|ads,Music industry professionals and fans,"IA title: Billboard Magazine September 5, 2015"
Billboard,2017-01-09,Internet Archive,https://archive.org/details/Billboard_September_26_2015,true,true,98,true,true,charts|industry_news|reviews|ads,Music industry professionals and fans,"IA title: Billboard September 26, 2015"
Billboard,2017-01-16,Internet Archive,https://archive.org/details/Billboard_Magazine_March_14_2015_USA,true,true,88,true,true,charts|industry_news|reviews|ads,Music industry professionals and fans,"IA title: Billboard Magazine March 14, 2015 USA"
Billboard,2017-01-16,Internet Archive,https://archive.org/details/Billboard_Magazine_October_24_2015,true,true,158,true,true,charts|industry_news|reviews|ads,Music industry professionals and fans,"IA title: Billboard Magazine October 24, 2015"
Billboard,2019-02-12,Internet Archive,https://archive.org/details/Billboard_-_January_23_2016_vk_com_stopthepress,true,true,73,true,true,charts|industry_news|reviews|ads,Music industry professionals and fans,IA title: Billboard January 23 2016 vk com stopthepress
Billboard,2019-02-12,Internet Archive,https://archive.org/details/Billboard_Magazine_-_May_7_2016_vk_com_stopthepress,true,true,77,true,true,charts|industry_news|reviews|ads,Music industry professionals and fans,IA title: Billboard Magazine May 7 2016 vk com stopthepress
Billboard,2023-09-01,Internet Archive,https://archive.org/details/billboard-september-2023-shakira,true,true,,true,true,charts|industry_news|reviews|ads,Music industry professionals and fans,IA title: Billboard September 2023 (Shakira)
Billboard,2023-10-01,Internet Archive,https://archive.org/details/billboard-october-2023-x-factor,true,true,,true,true,charts|industry_news|reviews|ads,Music industry professionals and fans,IA title: Billboard October 2023 (X Factor)
Billboard,2025-07-23,Internet Archive,https://archive.org/details/billboard-1997-10-04-b,true,true,,true,true,charts|industry_news|reviews|ads,Music industry professionals and fans,IA title: Billboard 1997 10 04 B
Billboard,2025-07-23,Internet Archive,https://archive.org/details/billboard-2016-02-13,true,true,,true,true,charts|industry_news|reviews|ads,Music industry professionals and fans,IA title: Billboard 2016 02 13
Billboard,2025-07-25,Internet Archive,https://archive.org/details/billboard-1971-09-04,true,true,,true,true,charts|industry_news|reviews|ads,Music industry professionals and fans,IA title: Billboard 1971 09 04
Billboard,2025-07-25,Internet Archive,https://archive.org/details/billboard-1974-09-07,true,true,,true,true,charts|industry_news|reviews|ads,Music industry professionals and fans,IA title: Billboard 1974 09 07
Billboard,2025-07-25,Internet Archive,https://archive.org/details/billboard-1975-12-27-ii-talent-in-action,true,true,,true,true,charts|industry_news|reviews|ads,Music industry professionals and fans,IA title: Billboard 1975 12 27 II Talent In Action
Billboard,2025-07-25,Internet Archive,https://archive.org/details/billboard-1976-07-31,true,true,,true,true,charts|industry_news|reviews|ads,Music industry professionals and fans,IA title: Billboard 1976 07 31
Billboard,2025-07-26,Internet Archive,https://archive.org/details/billboard-1977-10-01,true,true,,true,true,charts|industry_news|reviews|ads,Music industry professionals and fans,IA title: Billboard 1977 10 01
Billboard,2025-08-23,Internet Archive,https://archive.org/details/billboard-2009-12-19,true,true,,true,true,charts|industry_news|reviews|ads,Music industry professionals and fans,IA title: Billboard (2009 December)
Billboard,2025-10-28,Internet Archive,https://archive.org/details/billboard-1937-july-24,true,true,,true,true,charts|industry_news|reviews|ads,Music industry professionals and fans,"IA title: The Billboard July 24 1937 (DAMAGED, MISSING PAGES)"
Cosmopolitan,1889,Google Books,http://books.google.com/books?id=ZiyqezFEkoIC&dq=%22Cosmopolitan%22+magazine,false,,662,true,true,fashion|beauty|relationships|ads,Young adult and adult women audience,Google Books viewability=view_all_pages
Cosmopolitan,1904,Google Books,http://books.google.com/books?id=RzdDzWNvgqAC&dq=%22Cosmopolitan%22+magazine,false,,840,true,true,fashion|beauty|relationships|ads,Young adult and adult women audience,Google Books viewability=view_all_pages
Cosmopolitan,1908,Google Books,http://books.google.com/books?id=XGgyAQAAMAAJ&dq=%22Cosmopolitan%22+magazine,false,,872,true,true,fashion|beauty|relationships|ads,Young adult and adult women audience,Google Books viewability=view_all_pages
Cosmopolitan,1997,Google Books,http://books.google.com/books?id=dJRcuPiZPMAC&dq=%22Cosmopolitan%22+magazine,false,,256,true,true,fashion|beauty|relationships|ads,Young adult and adult women audience,Google Books viewability=view_no_pages
Cosmopolitan,,HathiTrust,https://babel.hathitrust.org/cgi/pt?id=nyp.33433081677332,,,,true,true,fashion|beauty|relationships|ads,Young adult and adult women audience,Hathi item enumcron=v. 11 (May - Oct. 1891) rights=pd
Cosmopolitan,,HathiTrust,https://babel.hathitrust.org/cgi/pt?id=nyp.33433081677340,,,,true,true,fashion|beauty|relationships|ads,Young adult and adult women audience,Hathi item enumcron=v. 21 (May - Oct. 1896) rights=pd
Cosmopolitan,2020-01-01,HathiTrust,https://babel.hathitrust.org/cgi/pt?id=pst.000020200404,,,,true,true,fashion|beauty|relationships|ads,Young adult and adult women audience,Hathi item enumcron=v.55 rights=pdus
Cosmopolitan,2020-01-01,HathiTrust,https://babel.hathitrust.org/cgi/pt?id=pst.000020200534,,,,true,true,fashion|beauty|relationships|ads,Young adult and adult women audience,Hathi item enumcron=v.142 rights=und
Cosmopolitan,2020-01-01,HathiTrust,https://babel.hathitrust.org/cgi/pt?id=pst.000020200541,,,,true,true,fashion|beauty|relationships|ads,Young adult and adult women audience,Hathi item enumcron=v.143 rights=und
Cosmopolitan,2020-01-01,HathiTrust,https://babel.hathitrust.org/cgi/pt?id=pst.000020200558,,,,true,true,fashion|beauty|relationships|ads,Young adult and adult women audience,Hathi item enumcron=v.144-145 rights=und
Cosmopolitan,2020-01-01,HathiTrust,https://babel.hathitrust.org/cgi/pt?id=pst.000020200565,,,,true,true,fashion|beauty|relationships|ads,Young adult and adult women audience,Hathi item enumcron=v.146 rights=und
Cosmopolitan,2020-01-01,HathiTrust,https://babel.hathitrust.org/cgi/pt?id=pst.000020200572,,,,true,true,fashion|beauty|relationships|ads,Young adult and adult women audience,Hathi item enumcron=v.147 rights=und
Cosmopolitan,2020-01-01,HathiTrust,https://babel.hathitrust.org/cgi/pt?id=pst.000020200589,,,,true,true,fashion|beauty|relationships|ads,Young adult and adult women audience,Hathi item enumcron=v.148 rights=und
Cosmopolitan,2020-01-01,HathiTrust,https://babel.hathitrust.org/cgi/pt?id=pst.000020200596,,,,true,true,fashion|beauty|relationships|ads,Young adult and adult women audience,Hathi item enumcron=v.150 rights=und
Cosmopolitan,2020-01-01,HathiTrust,https://babel.hathitrust.org/cgi/pt?id=pst.000020200602,,,,true,true,fashion|beauty|relationships|ads,Young adult and adult women audience,Hathi item enumcron=v.151 rights=und
Cosmopolitan,2020-01-01,HathiTrust,https://babel.hathitrust.org/cgi/pt?id=pst.000020200619,,,,true,true,fashion|beauty|relationships|ads,Young adult and adult women audience,Hathi item enumcron=v.152 rights=und
Cosmopolitan,2020-01-01,HathiTrust,https://babel.hathitrust.org/cgi/pt?id=pst.000020200626,,,,true,true,fashion|beauty|relationships|ads,Young adult and adult women audience,Hathi item enumcron=v.153 rights=und
Cosmopolitan,,HathiTrust,https://babel.hathitrust.org/cgi/pt?id=pst.000055657532,,,,true,true,fashion|beauty|relationships|ads,Young adult and adult women audience,Hathi item enumcron=v.173 Oct.-Dec.1972 rights=ic
Cosmopolitan,2000-01-01,HathiTrust,https://babel.hathitrust.org/cgi/pt?id=uiug.30112000455615,,,,true,true,fashion|beauty|relationships|ads,Young adult and adult women audience,Hathi item enumcron=v.28(1899-1900 Nov.-Apr.) rights=pd
Cosmopolitan,2000-01-01,HathiTrust,https://babel.hathitrust.org/cgi/pt?id=uiug.30112000455664,,,,true,true,fashion|beauty|relationships|ads,Young adult and adult women audience,Hathi item enumcron=v.68 D-JE(1919-1920) rights=pd
Cosmopolitan,2001-01-01,HathiTrust,https://babel.hathitrust.org/cgi/pt?id=uiug.30112001395661,,,,true,true,fashion|beauty|relationships|ads,Young adult and adult women audience,Hathi item enumcron=v.53 JE-N(1912) rights=pd
Cosmopolitan,2003-01-01,HathiTrust,https://babel.hathitrust.org/cgi/pt?id=uiug.30112003633374,,,,true,true,fashion|beauty|relationships|ads,Young adult and adult women audience,Hathi item enumcron=v.76 (1924:Jan.-June) rights=pd
Cosmopolitan,2004-01-01,HathiTrust,https://babel.hathitrust.org/cgi/pt?id=uiug.30112004299852,,,,true,true,fashion|beauty|relationships|ads,Young adult and adult women audience,Hathi item enumcron=v.38 N-AP(1904-1905) rights=pd
Cosmopolitan,2004-01-01,HathiTrust,https://babel.hathitrust.org/cgi/pt?id=uiug.30112004457096,,,,true,true,fashion|beauty|relationships|ads,Young adult and adult women audience,Hathi item enumcron=v.10 Nov.-Apr.(1890-1891) rights=pd
Cosmopolitan,2004-01-01,HathiTrust,https://babel.hathitrust.org/cgi/pt?id=uiug.30112004556194,,,,true,true,fashion|beauty|relationships|ads,Young adult and adult women audience,Hathi item enumcron=v.40 N-AP(1905-1906) rights=pd
Cosmopolitan,2004-01-01,HathiTrust,https://babel.hathitrust.org/cgi/pt?id=uiug.30112004597677,,,,true,true,fashion|beauty|relationships|ads,Young adult and adult women audience,Hathi item enumcron=v.58 D-MY(1914-1915) rights=pd
Cosmopolitan,2004-01-01,HathiTrust,https://babel.hathitrust.org/cgi/pt?id=uiug.30112004996358,,,,true,true,fashion|beauty|relationships|ads,Young adult and adult women audience,Hathi item enumcron=v.42 N-AP(1906-1907) rights=pd
Cosmopolitan,2004-01-01,HathiTrust,https://babel.hathitrust.org/cgi/pt?id=uiug.30112004997075,,,,true,true,fashion|beauty|relationships|ads,Young adult and adult women audience,Hathi item enumcron=v.43(1907:My-O) rights=pd
Cosmopolitan,2033-01-01,HathiTrust,https://babel.hathitrust.org/cgi/pt?id=uiug.30112033619351,,,,true,true,fashion|beauty|relationships|ads,Young adult and adult women audience,Hathi item enumcron=v.8 N-AP(1889-1890) rights=pd
Cosmopolitan,2033-01-01,HathiTrust,https://babel.hathitrust.org/cgi/pt?id=uiug.30112033619369,,,,true,true,fashion|beauty|relationships|ads,Young adult and adult women audience,Hathi item enumcron=v.9: May-Oct.(1890) rights=pd
Cosmopolitan,2033-01-01,HathiTrust,https://babel.hathitrust.org/cgi/pt?id=uiug.30112033619401,,,,true,true,fashion|beauty|relationships|ads,Young adult and adult women audience,Hathi item enumcron=v.14 N-AP(1892-1893) rights=pd
Cosmopolitan,2033-01-01,HathiTrust,https://babel.hathitrust.org/cgi/pt?id=uiug.30112033619419,,,,true,true,fashion|beauty|relationships|ads,Young adult and adult women audience,Hathi item enumcron=v.15 MY-O(1893) rights=pd
Cosmopolitan,2033-01-01,HathiTrust,https://babel.hathitrust.org/cgi/pt?id=uiug.30112033619427,,,,true,true,fashion|beauty|relationships|ads,Young adult and adult women audience,Hathi item enumcron=v.17 MY-O(1894) rights=pd
Cosmopolitan,2033-01-01,HathiTrust,https://babel.hathitrust.org/cgi/pt?id=uiug.30112033619435,,,,true,true,fashion|beauty|relationships|ads,Young adult and adult women audience,Hathi item enumcron=v.18 N-AP(1894-1895) rights=pd
Cosmopolitan,2033-01-01,HathiTrust,https://babel.hathitrust.org/cgi/pt?id=uiug.30112033619443,,,,true,true,fashion|beauty|relationships|ads,Young adult and adult women audience,Hathi item enumcron=v.19 MY-O(1895) rights=pd
Cosmopolitan,2033-01-01,HathiTrust,https://babel.hathitrust.org/cgi/pt?id=uiug.30112033619476,,,,true,true,fashion|beauty|relationships|ads,Young adult and adult women audience,Hathi item enumcron=v.22(1896:Nov.-1897:Apr.) rights=pd
Cosmopolitan,2033-01-01,HathiTrust,https://babel.hathitrust.org/cgi/pt?id=uiug.30112033619484,,,,true,true,fashion|beauty|relationships|ads,Young adult and adult women audience,Hathi item enumcron=v.23(1897:May-Oct.) rights=pd
Cosmopolitan,2033-01-01,HathiTrust,https://babel.hathitrust.org/cgi/pt?id=uiug.30112033619518,,,,true,true,fashion|beauty|relationships|ads,Young adult and adult women audience,Hathi item enumcron=v.26(1898-1899 Nov.-Apr.) rights=pd
Cosmopolitan,2033-01-01,HathiTrust,https://babel.hathitrust.org/cgi/pt?id=uiug.30112033619534,,,,true,true,fashion|beauty|relationships|ads,Young adult and adult women audience,Hathi item enumcron=v.29 MY-O(1900) rights=pd
Cosmopolitan,2033-01-01,HathiTrust,https://babel.hathitrust.org/cgi/pt?id=uiug.30112033619542,,,,true,true,fashion|beauty|relationships|ads,Young adult and adult women audience,Hathi item enumcron=v.30 N-AP(1900-1901) rights=pd
Cosmopolitan,2033-01-01,HathiTrust,https://babel.hathitrust.org/cgi/pt?id=uiug.30112033619559,,,,true,true,fashion|beauty|relationships|ads,Young adult and adult women audience,Hathi item enumcron=v.31 MY-O(1901) rights=pd
Cosmopolitan,2033-01-01,HathiTrust,https://babel.hathitrust.org/cgi/pt?id=uiug.30112033619567,,,,true,true,fashion|beauty|relationships|ads,Young adult and adult women audience,Hathi item enumcron=v.34 N-AP(1902-1903) rights=pd
Cosmopolitan,2033-01-01,HathiTrust,https://babel.hathitrust.org/cgi/pt?id=uiug.30112033619583,,,,true,true,fashion|beauty|relationships|ads,Young adult and adult women audience,Hathi item enumcron=v.37 MY-O(1904) rights=pd
Cosmopolitan,2033-01-01,HathiTrust,https://babel.hathitrust.org/cgi/pt?id=uiug.30112033619617,,,,true,true,fashion|beauty|relationships|ads,Young adult and adult women audience,Hathi item enumcron=v.45 JE-N(1908) rights=pd
Cosmopolitan,2033-01-01,HathiTrust,https://babel.hathitrust.org/cgi/pt?id=uiug.30112033619633,,,,true,true,fashion|beauty|relationships|ads,Young adult and adult women audience,Hathi item enumcron=v.49 JE-N(1910) rights=pd
Cosmopolitan,2033-01-01,HathiTrust,https://babel.hathitrust.org/cgi/pt?id=uiug.30112033619666,,,,true,true,fashion|beauty|relationships|ads,Young adult and adult women audience,Hathi item enumcron=v.57 JE-D(1914) rights=pd
Cosmopolitan,2033-01-01,HathiTrust,https://babel.hathitrust.org/cgi/pt?id=uiug.30112033619724,,,,true,true,fashion|beauty|relationships|ads,Young adult and adult women audience,Hathi item enumcron=v.64 D-MY(1917-1918) rights=pd
Cosmopolitan,2033-01-01,HathiTrust,https://babel.hathitrust.org/cgi/pt?id=uiug.30112033619740,,,,true,true,fashion|beauty|relationships|ads,Young adult and adult women audience,Hathi item enumcron=v.67 JE-N(1919) rights=pd
Cosmopolitan,2033-01-01,HathiTrust,https://babel.hathitrust.org/cgi/pt?id=uiug.30112033619757,,,,true,true,fashion|beauty|relationships|ads,Young adult and adult women audience,Hathi item enumcron=v.69(1920 July-Dec) rights=pd
Cosmopolitan,2033-01-01,HathiTrust,https://babel.hathitrust.org/cgi/pt?id=uiug.30112033619799,,,,true,true,fashion|beauty|relationships|ads,Young adult and adult women audience,Hathi item enumcron=v.73 JY-D(1922) rights=pd
Cosmopolitan,2037-01-01,HathiTrust,https://babel.hathitrust.org/cgi/pt?id=uiug.30112037792642,,,,true,true,fashion|beauty|relationships|ads,Young adult and adult women audience,Hathi item enumcron=v.65 JE-N(1918) rights=pd
Cosmopolitan,2037-01-01,HathiTrust,https://babel.hathitrust.org/cgi/pt?id=uiug.30112037922264,,,,true,true,fashion|beauty|relationships|ads,Young adult and adult women audience,Hathi item enumcron=v.36 N-AP(1903-1904) rights=pd
Cosmopolitan,2037-01-01,HathiTrust,https://babel.hathitrust.org/cgi/pt?id=uiug.30112037951289,,,,true,true,fashion|beauty|relationships|ads,Young adult and adult women audience,Hathi item enumcron=v.75 (1923:July-Dec.) rights=pd
Cosmopolitan,2039-01-01,HathiTrust,https://babel.hathitrust.org/cgi/pt?id=uiug.30112039512733,,,,true,true,fashion|beauty|relationships|ads,Young adult and adult women audience,Hathi item enumcron=v.16 N-AP(1893-1894) rights=pd
Cosmopolitan,2041-01-01,HathiTrust,https://babel.hathitrust.org/cgi/pt?id=uiug.30112041711281,,,,true,true,fashion|beauty|relationships|ads,Young adult and adult women audience,Hathi item enumcron=v.51 JE-N(1911) rights=pd
Cosmopolitan,2057-01-01,HathiTrust,https://babel.hathitrust.org/cgi/pt?id=uiug.30112057554484,,,,true,true,fashion|beauty|relationships|ads,Young adult and adult women audience,Hathi item enumcron=v.56 D-MY(1913-1914) rights=pd
Cosmopolitan,1981-01-01,HathiTrust,https://babel.hathitrust.org/cgi/pt?id=uiug.30112119811708,,,,true,true,fashion|beauty|relationships|ads,Young adult and adult women audience,Hathi item enumcron=v.1(1886) rights=pd
Cosmopolitan,,HathiTrust,https://babel.hathitrust.org/cgi/pt?id=uiuo.ark:/13960/s2cszgh5c9n,,,,true,true,fashion|beauty|relationships|ads,Young adult and adult women audience,Hathi item enumcron=v.66 (1918-1919:Dec.-May) rights=pd
Cosmopolitan,,HathiTrust,https://babel.hathitrust.org/cgi/pt?id=uiuo.ark:/13960/s2h68kwmrgb,,,,true,true,fashion|beauty|relationships|ads,Young adult and adult women audience,Hathi item enumcron=v.74 (1923:Jan.-June) rights=pd
Cosmopolitan,1972-07,HathiTrust,https://babel.hathitrust.org/cgi/pt?id=pst.000020200633,,,,true,true,fashion|beauty|relationships|ads,Young adult and adult women audience,Hathi item enumcron=v.173 July-Sept.1972 rights=ic
Cosmopolitan,1901-05-01,Internet Archive,https://archive.org/details/6InNAAAAMAAJ,true,true,764,true,true,fashion|beauty|relationships|ads,Young adult and adult women audience,IA title: Cosmopolitan Magazine From May 1901 To October 1901
Cosmopolitan,1908-10-01,Internet Archive,https://archive.org/details/CosmopolitanV045N08190810,true,true,,true,true,fashion|beauty|relationships|ads,Young adult and adult women audience,IA title: Cosmopolitan v045 n08 [1908-10]
Cosmopolitan,1926-02-01,Internet Archive,https://archive.org/details/cosmopolitan-v-080-n-02-1926-02,true,true,,true,true,fashion|beauty|relationships|ads,Young adult and adult women audience,IA title: Cosmopolitan v080 n02 [1926-02]
Cosmopolitan,1929-12-01,Internet Archive,https://archive.org/details/cosmopolitan-v-087-n-06-1929-12,true,true,,true,true,fashion|beauty|relationships|ads,Young adult and adult women audience,IA title: Cosmopolitan v087 n06 [1929-12]
Cosmopolitan,1930-09-01,Internet Archive,https://archive.org/details/CosmopolitanV089N03193009,true,true,,true,true,fashion|beauty|relationships|ads,Young adult and adult women audience,IA title: Cosmopolitan v089 n03 [1930-09]
Cosmopolitan,1930-10-01,Internet Archive,https://archive.org/details/CosmopolitanV089N04193010,true,true,,true,true,fashion|beauty|relationships|ads,Young adult and adult women audience,IA title: Cosmopolitan v089 n04 [1930-10]
Cosmopolitan,1930-12-01,Internet Archive,https://archive.org/details/cosmopolitan-v-089-n-06-1930-12,true,true,,true,true,fashion|beauty|relationships|ads,Young adult and adult women audience,IA title: Cosmopolitan v089 n06 [1930-12]
Cosmopolitan,1931-07-01,Internet Archive,https://archive.org/details/cosmopolitan-v-091-n-01-1931-07,true,true,,true,true,fashion|beauty|relationships|ads,Young adult and adult women audience,IA title: Cosmopolitan v091 n01 [1931-07]
Cosmopolitan,1932-11-01,Internet Archive,https://archive.org/details/CosmopolitanV093N05193211,true,true,,true,true,fashion|beauty|relationships|ads,Young adult and adult women audience,IA title: Cosmopolitan v093 n05 [1932-11]
Cosmopolitan,1933-01-01,Internet Archive,https://archive.org/details/CosmopolitanV094N01193301,true,true,,true,true,fashion|beauty|relationships|ads,Young adult and adult women audience,IA title: Cosmopolitan v094 n01 [1933-01]
Cosmopolitan,1934-01-01,Internet Archive,https://archive.org/details/cosmopolitanv096n01193401,true,true,,true,true,fashion|beauty|relationships|ads,Young adult and adult women audience,IA title: Cosmopolitan v096 n01 [1934-01]
Cosmopolitan,1934-11-01,Internet Archive,https://archive.org/details/CosmopolitanV097N05193411,true,true,,true,true,fashion|beauty|relationships|ads,Young adult and adult women audience,IA title: Cosmopolitan v097 n05 [1934-11]
Cosmopolitan,1936-08-01,Internet Archive,https://archive.org/details/CosmopolitanV101N02193608,true,true,,true,true,fashion|beauty|relationships|ads,Young adult and adult women audience,IA title: Cosmopolitan v101 n02 [1936-08]
Cosmopolitan,1936-11-01,Internet Archive,https://archive.org/details/CosmopolitanV101N05193611,true,true,,true,true,fashion|beauty|relationships|ads,Young adult and adult women audience,IA title: Cosmopolitan v101 n05 [1936-11]
Cosmopolitan,1937-08-01,Internet Archive,https://archive.org/details/CosmopolitanV103N02193708,true,true,,true,true,fashion|beauty|relationships|ads,Young adult and adult women audience,IA title: Cosmopolitan v103 n02 [1937-08]
Cosmopolitan,1939-06-01,Internet Archive,https://archive.org/details/CosmopolitanV106N06193906,true,true,,true,true,fashion|beauty|relationships|ads,Young adult and adult women audience,IA title: Cosmopolitan v106 n06 [1939-06]
Cosmopolitan,1939-10-01,Internet Archive,https://archive.org/details/cosmopolitan-v-107n-04-1939-10.-hearst-darwin-ia,true,true,,true,true,fashion|beauty|relationships|ads,Young adult and adult women audience,IA title: Cosmopolitan v107n04 1939-10.Hearst (Darwin-IA)
Cosmopolitan,1943-09-01,Internet Archive,https://archive.org/details/cosmopolitan-v-115-n-03-1943-09,true,true,,true,true,fashion|beauty|relationships|ads,Young adult and adult women audience,IA title: Cosmopolitan v115 n03 [1943-09]
Cosmopolitan,1944-01-01,Internet Archive,https://archive.org/details/cosmopolitan-v-116-n-01-1944-01,true,true,,true,true,fashion|beauty|relationships|ads,Young adult and adult women audience,IA title: Cosmopolitan v116 n01 [1944-01]
Cosmopolitan,1946-04-01,Internet Archive,https://archive.org/details/cosmopolitan-v-120-n-04-1946-04,true,true,,true,true,fashion|beauty|relationships|ads,Young adult and adult women audience,IA title: Cosmopolitan v120 n04 [1946-04]
Cosmopolitan,1946-05-01,Internet Archive,https://archive.org/details/cosmopolitan-v-120-n-05-1946-05,true,true,,true,true,fashion|beauty|relationships|ads,Young adult and adult women audience,IA title: Cosmopolitan v120 n05 [1946-05]
Cosmopolitan,1946-10-01,Internet Archive,https://archive.org/details/cosmopolitan-v-121-n-04-1946-10,true,true,,true,true,fashion|beauty|relationships|ads,Young adult and adult women audience,IA title: Cosmopolitan v121 n04 [1946-10]
Cosmopolitan,1948-02-01,Internet Archive,https://archive.org/details/cosmopolitan-v-124-n-02-1948-02,true,true,,true,true,fashion|beauty|relationships|ads,Young adult and adult women audience,IA title: Cosmopolitan v124 n02 [1948-02]
Cosmopolitan,1948-08-01,Internet Archive,https://archive.org/details/cosmopolitan-v-125-n-02-1948-08,true,true,,true,true,fashion|beauty|relationships|ads,Young adult and adult women audience,IA title: Cosmopolitan v125 n02 [1948-08]
Cosmopolitan,1949-02-01,Internet Archive,https://archive.org/details/cosmopolitan-v-126-n-02-1949-02,true,true,,true,true,fashion|beauty|relationships|ads,Young adult and adult women audience,IA title: Cosmopolitan v126 n02 [1949-02]
Cosmopolitan,1950-10-01,Internet Archive,https://archive.org/details/cosmopolitan-v-129-n-04-1950-10-sas,true,true,,true,true,fashion|beauty|relationships|ads,Young adult and adult women audience,IA title: Cosmopolitan v129 n04 [1950-10]
Cosmopolitan,1951-04-01,Internet Archive,https://archive.org/details/cosmopolitan-v-130-n-04-1951-04,true,true,,true,true,fashion|beauty|relationships|ads,Young adult and adult women audience,IA title: Cosmopolitan v130 n04 [1951-04]
Cosmopolitan,1951-09-01,Internet Archive,https://archive.org/details/cosmopolitan-v-131-n-03-1951-09,true,true,,true,true,fashion|beauty|relationships|ads,Young adult and adult women audience,IA title: Cosmopolitan v131 n03 [1951-09]
Cosmopolitan,1951-10-01,Internet Archive,https://archive.org/details/cosmopolitan-v-131-n-04-1951-10,true,true,,true,true,fashion|beauty|relationships|ads,Young adult and adult women audience,IA title: Cosmopolitan v131 n04 [1951-10]
Cosmopolitan,1952-02-01,Internet Archive,https://archive.org/details/cosmopolitan-v-132-n-02-1952-02,true,true,,true,true,fashion|beauty|relationships|ads,Young adult and adult women audience,IA title: Cosmopolitan v132 n02 [1952-02]
Cosmopolitan,1952-05-01,Internet Archive,https://archive.org/details/cosmopolitan-v-132-n-05-1952-05,true,true,,true,true,fashion|beauty|relationships|ads,Young adult and adult women audience,IA title: Cosmopolitan v132 n05 [1952-05]
Cosmopolitan,1953-02-01,Internet Archive,https://archive.org/details/cosmopolitan-v-134-n-02-1953-02,true,true,,true,true,fashion|beauty|relationships|ads,Young adult and adult women audience,IA title: Cosmopolitan v134 n02 [1953-02]
Cosmopolitan,1953-04-01,Internet Archive,https://archive.org/details/cosmopolitan-v-134-n-04-1953-04,true,true,,true,true,fashion|beauty|relationships|ads,Young adult and adult women audience,IA title: Cosmopolitan v134 n04 [1953-04]
Cosmopolitan,1953-05-01,Internet Archive,https://archive.org/details/cosmopolitan-v-134-n-05-1953-05,true,true,,true,true,fashion|beauty|relationships|ads,Young adult and adult women audience,IA title: Cosmopolitan v134 n05 [1953-05]
Cosmopolitan,1953-07-01,Internet Archive,https://archive.org/details/cosmopolitan-v-135-n-01-1953-07,true,true,,true,true,fashion|beauty|relationships|ads,Young adult and adult women audience,IA title: Cosmopolitan v135 n01 [1953-07]
Cosmopolitan,1953-11-01,Internet Archive,https://archive.org/details/cosmopolitan-v-135-n-05-1953-11,true,true,,true,true,fashion|beauty|relationships|ads,Young adult and adult women audience,IA title: Cosmopolitan v135 n05 [1953-11]
Cosmopolitan,1953-12-01,Internet Archive,https://archive.org/details/cosmopolitan-v-135-n-06-1953-12,true,true,,true,true,fashion|beauty|relationships|ads,Young adult and adult women audience,IA title: Cosmopolitan v135 n06 [1953-12]
Cosmopolitan,1954-01-01,Internet Archive,https://archive.org/details/cosmopolitan-v-136-n-01-1954-01,true,true,,true,true,fashion|beauty|relationships|ads,Young adult and adult women audience,IA title: Cosmopolitan v136 n01 [1954-01]
Cosmopolitan,1954-02-01,Internet Archive,https://archive.org/details/cosmopolitan-v-136-n-02-1954-02,true,true,,true,true,fashion|beauty|relationships|ads,Young adult and adult women audience,IA title: Cosmopolitan v136 n02 [1954-02]
Cosmopolitan,1954-03-01,Internet Archive,https://archive.org/details/cosmopolitan-v-136-n-03-1954-03,true,true,,true,true,fashion|beauty|relationships|ads,Young adult and adult women audience,IA title: Cosmopolitan v136 n03 [1954-03[
Cosmopolitan,1954-08-01,Internet Archive,https://archive.org/details/cosmopolitan-v-137-n-02-1954-08_202110,true,true,,true,true,fashion|beauty|relationships|ads,Young adult and adult women audience,IA title: Cosmopolitan vol. 137 #02
Cosmopolitan,1954-09-01,Internet Archive,https://archive.org/details/cosmopolitan-v-137-n-03-1954-09.-hearst-darwin-ia,true,true,,true,true,fashion|beauty|relationships|ads,Young adult and adult women audience,IA title: Cosmopolitan v137 n03 (1954-09.Hearst) (Darwin-IA)
Cosmopolitan,1955-03-01,Internet Archive,https://archive.org/details/cosmopolitan-v-138-n-03-1955-03,true,true,,true,true,fashion|beauty|relationships|ads,Young adult and adult women audience,IA title: Cosmopolitan v138-n03 [1955-03]
Cosmopolitan,1955-04-01,Internet Archive,https://archive.org/details/cosmopolitan-v-138-n-04-1955-04,true,true,,true,true,fashion|beauty|relationships|ads,Young adult and adult women audience,IA title: Cosmopolitan v138 n04 [1955-04]
Cosmopolitan,1955-06-01,Internet Archive,https://archive.org/details/cosmopolitan-v-138-n-06-1955-06,true,true,,true,true,fashion|beauty|relationships|ads,Young adult and adult women audience,IA title: Cosmopolitan v138 n06 ]1955-06]
Cosmopolitan,1955-08-01,Internet Archive,https://archive.org/details/cosmopolitan-v-139-n-02-1955-08,true,true,,true,true,fashion|beauty|relationships|ads,Young adult and adult women audience,IA title: Cosmopolitan v139 n02 [1955-08]
Cosmopolitan,1956-01-01,Internet Archive,https://archive.org/details/cosmopolitan-v-140-n-01-1956-01,true,true,,true,true,fashion|beauty|relationships|ads,Young adult and adult women audience,IA title: Cosmopolitan v140 n01 [1956-01]
Cosmopolitan,1956-06-01,Internet Archive,https://archive.org/details/cosmopolitan-v-140-n-06-1956-06,true,true,,true,true,fashion|beauty|relationships|ads,Young adult and adult women audience,IA title: Cosmopolitan v140 n06 [1956-06]
Cosmopolitan,1956-11-01,Internet Archive,https://archive.org/details/cosmopolitan-v-141-n-05-1956-11,true,true,,true,true,fashion|beauty|relationships|ads,Young adult and adult women audience,IA title: Cosmopolitan v141 n05 [1956-11]
Cosmopolitan,1957-01-01,Internet Archive,https://archive.org/details/cosmopolitan-v-142-n-01-1957-01,true,true,,true,true,fashion|beauty|relationships|ads,Young adult and adult women audience,IA title: Cosmopolitan v142 n01 [1957-01]
Cosmopolitan,1957-03-01,Internet Archive,https://archive.org/details/cosmopolitan-v-142-n-03-1957-03,true,true,,true,true,fashion|beauty|relationships|ads,Young adult and adult women audience,IA title: Cosmopolitan v142 n03 [1957-03]
Cosmopolitan,1957-07-01,Internet Archive,https://archive.org/details/cosmopolitan-v-143-n-01-1957-07,true,true,,true,true,fashion|beauty|relationships|ads,Young adult and adult women audience,IA title: Cosmopolitan v143 n01 [1957-07]
Cosmopolitan,1958-03-01,Internet Archive,https://archive.org/details/cosmopolitan-v-144-n-03-03-1958_202110,true,true,,true,true,fashion|beauty|relationships|ads,Young adult and adult women audience,IA title: Cosmopolitan #3 vol. 144 (1958)
Cosmopolitan,1958-03-01,Internet Archive,https://archive.org/details/cosmopolitan-v-144-n-03-1958-03,true,true,,true,true,fashion|beauty|relationships|ads,Young adult and adult women audience,IA title: Cosmopolitan v144 n03 [1958-03]
Cosmopolitan,1958-07-01,Internet Archive,https://archive.org/details/cosmopolitan-v-145-n-01-1958-07,true,true,,true,true,fashion|beauty|relationships|ads,Young adult and adult women audience,IA title: Cosmopolitan v145 n01 [1958-07]
Cosmopolitan,1959-01-01,Internet Archive,https://archive.org/details/cosmopolitan-v-146-n-01-1959-01,true,true,,true,true,fashion|beauty|relationships|ads,Young adult and adult women audience,IA title: Cosmopolitan v146 n01 [1959-01]
Cosmopolitan,1959-02-01,Internet Archive,https://archive.org/details/cosmopolitan-v-146-n-02-1959-02,true,true,,true,true,fashion|beauty|relationships|ads,Young adult and adult women audience,IA title: Cosmopolitan v146 n02 [1959-02]
Cosmopolitan,1959-06-01,Internet Archive,https://archive.org/details/cosmopolitan-v-146-n-06-1959-06,true,true,,true,true,fashion|beauty|relationships|ads,Young adult and adult women audience,IA title: Cosmopolitan v146 n06 [1959-06]
Cosmopolitan,1959-07-01,Internet Archive,https://archive.org/details/cosmopolitan-v-147-n-01-1959-07,true,true,,true,true,fashion|beauty|relationships|ads,Young adult and adult women audience,IA title: Cosmopolitan v147 n01 [1949-07]
Cosmopolitan,1959-10-01,Internet Archive,https://archive.org/details/cosmopolitan-v-147-n-04-1959-10,true,true,,true,true,fashion|beauty|relationships|ads,Young adult and adult women audience,IA title: Cosmopolitan v147 n04 [1959-10]
Cosmopolitan,1960-01-01,Internet Archive,https://archive.org/details/cosmopolitan-v-148-n-01-1960-01,true,true,,true,true,fashion|beauty|relationships|ads,Young adult and adult women audience,IA title: Cosmopolitan v148 n01 [1960-01]
Cosmopolitan,1960-05-01,Internet Archive,https://archive.org/details/cosmopolitan-v-148-n-05-1960-05,true,true,,true,true,fashion|beauty|relationships|ads,Young adult and adult women audience,IA title: Cosmopolitan v148 n05 [1960-05]
Cosmopolitan,1960-06-01,Internet Archive,https://archive.org/details/cosmopolitan-v-148-n-06-1960-06,true,true,,true,true,fashion|beauty|relationships|ads,Young adult and adult women audience,IA title: Cosmopolitan v148 n06 [1960-06]
Cosmopolitan,1960-12-01,Internet Archive,https://archive.org/details/cosmopolitan-v-149-n-06-1960-12,true,true,,true,true,fashion|beauty|relationships|ads,Young adult and adult women audience,IA title: Cosmopolitan v149 n06 [1960-12]
Cosmopolitan,1961-01-01,Internet Archive,https://archive.org/details/cosmopolitan-v-150-n-01-1961-01,true,true,,true,true,fashion|beauty|relationships|ads,Young adult and adult women audience,IA title: Cosmopolitan v150n 01 [1961-01]
Cosmopolitan,1961-11-01,Internet Archive,https://archive.org/details/cosmopolitan-v-151-n-05-1961-11,true,true,,true,true,fashion|beauty|relationships|ads,Young adult and adult women audience,IA title: Cosmopolitan v151 n05 [1961-11]
Cosmopolitan,1962-02-01,Internet Archive,https://archive.org/details/cosmopolitan-v-152-n-02-1962-02,true,true,,true,true,fashion|beauty|relationships|ads,Young adult and adult women audience,IA title: Cosmopolitan v152 n02 [1962-02]
Cosmopolitan,1962-08-01,Internet Archive,https://archive.org/details/cosmopolitan-v-153-n-02-1962-08,true,true,,true,true,fashion|beauty|relationships|ads,Young adult and adult women audience,IA title: Cosmopolitan v153 n02 [1962-08]
Cosmopolitan,1963-01-01,Internet Archive,https://archive.org/details/cosmopolitan-v-154-n-01-1963-01,true,true,,true,true,fashion|beauty|relationships|ads,Young adult and adult women audience,IA title: Cosmopolitan v154 n01 [1963-01]
Cosmopolitan,1967-04-01,Internet Archive,https://archive.org/details/the-computer-girls-cosmopolitan-magazine-april-1967,true,true,,true,true,fashion|beauty|relationships|ads,Young adult and adult women audience,IA title: The Computer Girls Cosmopolitan Magazine (April 1967)
Cosmopolitan,1991-11-01,Internet Archive,https://archive.org/details/camille-paglia-cosmopolitan-magazine-november-1991,true,true,,true,true,fashion|beauty|relationships|ads,Young adult and adult women audience,"IA title: Camille Paglia, Cosmopolitan Magazine, November 1991"
Cosmopolitan,2010-12-01,Internet Archive,https://archive.org/details/cosmopolitan-uk-december-2010-katy-perry,true,true,,true,true,fashion|beauty|relationships|ads,Young adult and adult women audience,IA title: COSMOPOLITAN (UK) December 2010 (Katy Perry)
Cosmopolitan,2015-12-31,Internet Archive,https://archive.org/details/Cosmopolitan_January_2016_AU,true,true,180,true,true,fashion|beauty|relationships|ads,Young adult and adult women audience,IA title: Cosmopolitan January 2016 AU
Cosmopolitan,2015-12-31,Internet Archive,https://archive.org/details/Cosmopolitan_January_2016_USA,true,true,162,true,true,fashion|beauty|relationships|ads,Young adult and adult women audience,IA title: Cosmopolitan January 2016 USA
Cosmopolitan,2016-01-01,Internet Archive,https://archive.org/details/Cosmopolitan_Australia_February_2016,true,true,156,true,true,fashion|beauty|relationships|ads,Young adult and adult women audience,IA title: Cosmopolitan Australia February 2016
Cosmopolitan,2016-03-06,Internet Archive,https://archive.org/details/Cosmopolitan_Sri_Lanka_March_2016,true,true,174,true,true,fashion|beauty|relationships|ads,Young adult and adult women audience,IA title: Cosmopolitan Sri Lanka March 2016
Cosmopolitan,2016-03-06,Internet Archive,https://archive.org/details/Cosmopolitan_UK_-_April_2016,true,true,172,true,true,fashion|beauty|relationships|ads,Young adult and adult women audience,IA title: Cosmopolitan UK April 2016
Cosmopolitan,2016-03-06,Internet Archive,https://archive.org/details/Cosmopolitan_USA_-_February_2016,true,true,192,true,true,fashion|beauty|relationships|ads,Young adult and adult women audience,IA title: Cosmopolitan USA February 2016
Cosmopolitan,2016-03-07,Internet Archive,https://archive.org/details/Cosmopolitan_Philippines_March_2016,true,true,234,true,true,fashion|beauty|relationships|ads,Young adult and adult women audience,IA title: Cosmopolitan Philippines March 2016
Cosmopolitan,2017-01-09,Internet Archive,https://archive.org/details/Cosmopolitan_December_2015_UK,true,true,254,true,true,fashion|beauty|relationships|ads,Young adult and adult women audience,IA title: Cosmopolitan December 2015 UK
Cosmopolitan,2017-01-09,Internet Archive,https://archive.org/details/Cosmopolitan_May_2015_UK,true,true,220,true,true,fashion|beauty|relationships|ads,Young adult and adult women audience,IA title: Cosmopolitan May 2015 UK
Cosmopolitan,2017-01-16,Internet Archive,https://archive.org/details/Cosmopolitan_April_2015_PH,true,true,186,true,true,fashion|beauty|relationships|ads,Young adult and adult women audience,IA title: Cosmopolitan April 2015 PH
Cosmopolitan,2017-01-16,Internet Archive,https://archive.org/details/Cosmopolitan_August_2015_AU,true,true,180,true,true,fashion|beauty|relationships|ads,Young adult and adult women audience,IA title: Cosmopolitan August 2015 AU
Cosmopolitan,2017-01-16,Internet Archive,https://archive.org/details/Cosmopolitan_August_2015_UK,true,true,188,true,true,fashion|beauty|relationships|ads,Young adult and adult women audience,IA title: Cosmopolitan August 2015 UK
Cosmopolitan,2017-01-16,Internet Archive,https://archive.org/details/Cosmopolitan_August_2015_USA,true,true,228,true,true,fashion|beauty|relationships|ads,Young adult and adult women audience,IA title: Cosmopolitan August 2015 USA
Cosmopolitan,2017-01-16,Internet Archive,https://archive.org/details/Cosmopolitan_December_2015_USA,true,true,212,true,true,fashion|beauty|relationships|ads,Young adult and adult women audience,IA title: Cosmopolitan December 2015 USA
Cosmopolitan,2017-01-16,Internet Archive,https://archive.org/details/Cosmopolitan_July_2015_PH,true,true,170,true,true,fashion|beauty|relationships|ads,Young adult and adult women audience,IA title: Cosmopolitan July 2015 PH
Cosmopolitan,2017-01-16,Internet Archive,https://archive.org/details/Cosmopolitan_March_2015_USA,true,true,238,true,true,fashion|beauty|relationships|ads,Young adult and adult women audience,IA title: Cosmopolitan March 2015 USA
Cosmopolitan,2017-01-16,Internet Archive,https://archive.org/details/Cosmopolitan_November_2015_AU,true,true,188,true,true,fashion|beauty|relationships|ads,Young adult and adult women audience,IA title: Cosmopolitan November 2015 AU
Cosmopolitan,2017-01-16,Internet Archive,https://archive.org/details/Cosmopolitan_October_2015_UK,true,true,236,true,true,fashion|beauty|relationships|ads,Young adult and adult women audience,IA title: Cosmopolitan October 2015 UK
Cosmopolitan,2017-01-16,Internet Archive,https://archive.org/details/Cosmopolitan_September_2015_AU,true,true,180,true,true,fashion|beauty|relationships|ads,Young adult and adult women audience,IA title: Cosmopolitan September 2015 AU
Cosmopolitan,2017-01-16,Internet Archive,https://archive.org/details/Cosmopolitan_September_2015_PH,true,true,196,true,true,fashion|beauty|relationships|ads,Young adult and adult women audience,IA title: Cosmopolitan September 2015 PH
Cosmopolitan,2017-01-16,Internet Archive,https://archive.org/details/Cosmopolitan_September_2015_UK,true,true,212,true,true,fashion|beauty|relationships|ads,Young adult and adult women audience,IA title: Cosmopolitan September 2015 UK
Cosmopolitan,2017-01-16,Internet Archive,https://archive.org/details/Cosmopolitan_September_2015_USA,true,true,238,true,true,fashion|beauty|relationships|ads,Young adult and adult women audience,IA title: Cosmopolitan September 2015 USA
Cosmopolitan,2017-09-01,Internet Archive,https://archive.org/details/cosmopolitan-philippines-september-2017-ariana-grande,true,true,,true,true,fashion|beauty|relationships|ads,Young adult and adult women audience,IA title: COSMOPOLITAN (Philippines) September 2017 (Ariana Grande)
Cosmopolitan,2021-10-01,Internet Archive,https://archive.org/details/cosmopolitan-italia-ottobre-2021,true,true,,true,true,fashion|beauty|relationships|ads,Young adult and adult women audience,IA title: Cosmopolitan Italia (Ottobre 2021)
Cosmopolitan,2022-08-09,Internet Archive,https://archive.org/details/cosmopolitan-usa-october-2021dd,true,true,,true,true,fashion|beauty|relationships|ads,Young adult and adult women audience,IA title: Cosmopolitan USA October 2021dd
Cosmopolitan,2023-08-11,Internet Archive,https://archive.org/details/cosmopolitan-uk-april-2011-beyonce,true,true,,true,true,fashion|beauty|relationships|ads,Young adult and adult women audience,IA title: Cosmopolitan (UK) April 2011 (Beyonce)
Cosmopolitan,2024-01-01,Internet Archive,https://archive.org/details/cosmopolitan-usa-summer-2024,true,true,,true,true,fashion|beauty|relationships|ads,Young adult and adult women audience,IA title: Cosmopolitan USA - Summer 2024
Cosmopolitan,2024-01-14,Internet Archive,https://archive.org/details/cosmopolitan-agustos-2017,true,true,,true,true,fashion|beauty|relationships|ads,Young adult and adult women audience,IA title: Cosmopolitan Dergisi (Ağustos 2017)
Cosmopolitan,2024-02-15,Internet Archive,https://archive.org/details/cosmopolitan-ocak-2018,true,true,,true,true,fashion|beauty|relationships|ads,Young adult and adult women audience,IA title: Cosmopolitan Türkiye (Ocak 2018)
Cosmopolitan,2024-03-01,Internet Archive,https://archive.org/details/cosmopolitan-italia-marzo-2024,true,true,,true,true,fashion|beauty|relationships|ads,Young adult and adult women audience,IA title: Cosmopolitan Italia (Marzo 2024)
Cosmopolitan,2024-03-27,Internet Archive,https://archive.org/details/cosmopolitan-subat-2018,true,true,,true,true,fashion|beauty|relationships|ads,Young adult and adult women audience,IA title: Cosmopolitan Dergisi (Şubat 2018)
Cosmopolitan,2024-05-08,Internet Archive,https://archive.org/details/cosmopolitan-mart-2018,true,true,,true,true,fashion|beauty|relationships|ads,Young adult and adult women audience,IA title: Cosmopolitan Türkiye (Mart 2018)
Cosmopolitan,2024-06-01,Internet Archive,https://archive.org/details/cosmopolitan-uk-june-july-2024,true,true,,true,true,fashion|beauty|relationships|ads,Young adult and adult women audience,IA title: Cosmopolitan UK – June/July 2024
Cosmopolitan,2024-10-01,Internet Archive,https://archive.org/details/cosmopolitan-italia-ottobre-2024,true,true,,true,true,fashion|beauty|relationships|ads,Young adult and adult women audience,IA title: Cosmopolitan Italia (Ottobre 2024)
Cosmopolitan,2024-12-16,Internet Archive,https://archive.org/details/cosmopolitan-agustos-2018,true,true,,true,true,fashion|beauty|relationships|ads,Young adult and adult women audience,IA title: Cosmopolitan Türkiye (Ağustos 2018)
Cosmopolitan,2025-01-01,Internet Archive,https://archive.org/details/cosmopolitan-korea-2025-01,true,true,,true,true,fashion|beauty|relationships|ads,Young adult and adult women audience,IA title: Cosmopolitan Korea 2025 01
Cosmopolitan,2025-09-25,Internet Archive,https://archive.org/details/cosmopolitan-aralik-2018,true,true,,true,true,fashion|beauty|relationships|ads,Young adult and adult women audience,IA title: Cosmopolitan Türkiye (Aralık 2018)
Cosmopolitan,2026-02-21,Internet Archive,https://archive.org/details/cosmopolitan-italia-marzo-2026,true,true,,true,true,fashion|beauty|relationships|ads,Young adult and adult women audience,IA title: Cosmopolitan Italia (Marzo 2026)
Cosmopolitan,2026-03-01,Internet Archive,https://archive.org/details/cosmopolitan-agustos-2019,true,true,,true,true,fashion|beauty|relationships|ads,Young adult and adult women audience,IA title: Cosmopolitan Türkiye (Ağustos 2019)
Entertainment Weekly,1999-05,Google Books,http://books.google.com/books?id=D_9fI-k29vMC&dq=%22Entertainment+Weekly%22+magazine,false,,150,true,true,reviews|features|industry_news|ads,"Film, TV, and pop culture audience",Google Books viewability=view_no_pages
Entertainment Weekly,2010,Google Books,http://books.google.com/books?id=-ew0NQEACAAJ&dq=%22Entertainment+Weekly%22+magazine,false,,80,true,true,reviews|features|industry_news|ads,"Film, TV, and pop culture audience",Google Books viewability=view_no_pages
Entertainment Weekly,2010,Google Books,http://books.google.com/books?id=2ZlkNQEACAAJ&dq=%22Entertainment+Weekly%22+magazine,false,,80,true,true,reviews|features|industry_news|ads,"Film, TV, and pop culture audience",Google Books viewability=view_no_pages
Entertainment Weekly,2010,Google Books,http://books.google.com/books?id=30V7NQEACAAJ&dq=%22Entertainment+Weekly%22+magazine,false,,80,true,true,reviews|features|industry_news|ads,"Film, TV, and pop culture audience",Google Books viewability=view_no_pages
Entertainment Weekly,2010,Google Books,http://books.google.com/books?id=73YqNQEACAAJ&dq=%22Entertainment+Weekly%22+magazine,false,,72,true,true,reviews|features|industry_news|ads,"Film, TV, and pop culture audience",Google Books viewability=view_no_pages
Entertainment Weekly,2010,Google Books,http://books.google.com/books?id=8HYqNQEACAAJ&dq=%22Entertainment+Weekly%22+magazine,false,,124,true,true,reviews|features|industry_news|ads,"Film, TV, and pop culture audience",Google Books viewability=view_no_pages
Entertainment Weekly,2010,Google Books,http://books.google.com/books?id=8XYqNQEACAAJ&dq=%22Entertainment+Weekly%22+magazine,false,,78,true,true,reviews|features|industry_news|ads,"Film, TV, and pop culture audience",Google Books viewability=view_no_pages
Entertainment Weekly,2010,Google Books,http://books.google.com/books?id=8oAoNQEACAAJ&dq=%22Entertainment+Weekly%22+magazine,false,,80,true,true,reviews|features|industry_news|ads,"Film, TV, and pop culture audience",Google Books viewability=view_no_pages
Entertainment Weekly,2010,Google Books,http://books.google.com/books?id=BK2BNQEACAAJ&dq=%22Entertainment+Weekly%22+magazine,false,,79,true,true,reviews|features|industry_news|ads,"Film, TV, and pop culture audience",Google Books viewability=view_no_pages
Entertainment Weekly,2010,Google Books,http://books.google.com/books?id=DASPNQEACAAJ&dq=%22Entertainment+Weekly%22+magazine,false,,104,true,true,reviews|features|industry_news|ads,"Film, TV, and pop culture audience",Google Books viewability=view_no_pages
Entertainment Weekly,2010,Google Books,http://books.google.com/books?id=DHcvNQEACAAJ&dq=%22Entertainment+Weekly%22+magazine,false,,76,true,true,reviews|features|industry_news|ads,"Film, TV, and pop culture audience",Google Books viewability=view_no_pages
Entertainment Weekly,2010,Google Books,http://books.google.com/books?id=DxJ6NQEACAAJ&dq=%22Entertainment+Weekly%22+magazine,false,,80,true,true,reviews|features|industry_news|ads,"Film, TV, and pop culture audience",Google Books viewability=view_no_pages
Entertainment Weekly,2010,Google Books,http://books.google.com/books?id=HcJTNQEACAAJ&dq=%22Entertainment+Weekly%22+magazine,false,,90,true,true,reviews|features|industry_news|ads,"Film, TV, and pop culture audience",Google Books viewability=view_no_pages
Entertainment Weekly,2010,Google Books,http://books.google.com/books?id=J3pPNQEACAAJ&dq=%22Entertainment+Weekly%22+magazine,false,,94,true,true,reviews|features|industry_news|ads,"Film, TV, and pop culture audience",Google Books viewability=view_no_pages
Entertainment Weekly,2010,Google Books,http://books.google.com/books?id=O4Y7NQEACAAJ&dq=%22Entertainment+Weekly%22+magazine,false,,80,true,true,reviews|features|industry_news|ads,"Film, TV, and pop culture audience",Google Books viewability=view_no_pages
Entertainment Weekly,2010,Google Books,http://books.google.com/books?id=SaQ5NQEACAAJ&dq=%22Entertainment+Weekly%22+magazine,false,,78,true,true,reviews|features|industry_news|ads,"Film, TV, and pop culture audience",Google Books viewability=view_no_pages
Entertainment Weekly,2010,Google Books,http://books.google.com/books?id=SqQ5NQEACAAJ&dq=%22Entertainment+Weekly%22+magazine,false,,94,true,true,reviews|features|industry_news|ads,"Film, TV, and pop culture audience",Google Books viewability=view_no_pages
Entertainment Weekly,2010,Google Books,http://books.google.com/books?id=VNxfNQEACAAJ&dq=%22Entertainment+Weekly%22+magazine,false,,120,true,true,reviews|features|industry_news|ads,"Film, TV, and pop culture audience",Google Books viewability=view_no_pages
Entertainment Weekly,2010,Google Books,http://books.google.com/books?id=Vd5sNQEACAAJ&dq=%22Entertainment+Weekly%22+magazine,false,,76,true,true,reviews|features|industry_news|ads,"Film, TV, and pop culture audience",Google Books viewability=view_no_pages
Entertainment Weekly,2010,Google Books,http://books.google.com/books?id=VdxfNQEACAAJ&dq=%22Entertainment+Weekly%22+magazine,false,,114,true,true,reviews|features|industry_news|ads,"Film, TV, and pop culture audience",Google Books viewability=view_no_pages
Entertainment Weekly,2010,Google Books,http://books.google.com/books?id=VxgkNQEACAAJ&dq=%22Entertainment+Weekly%22+magazine,false,,112,true,true,reviews|features|industry_news|ads,"Film, TV, and pop culture audience",Google Books viewability=view_no_pages
Entertainment Weekly,2010,Google Books,http://books.google.com/books?id=WuEzNQEACAAJ&dq=%22Entertainment+Weekly%22+magazine,false,,76,true,true,reviews|features|industry_news|ads,"Film, TV, and pop culture audience",Google Books viewability=view_no_pages
Entertainment Weekly,2010,Google Books,http://books.google.com/books?id=Y5JFNQEACAAJ&dq=%22Entertainment+Weekly%22+magazine,false,,80,true,true,reviews|features|industry_news|ads,"Film, TV, and pop culture audience",Google Books viewability=view_no_pages
Entertainment Weekly,2010,Google Books,http://books.google.com/books?id=Z9IfNQEACAAJ&dq=%22Entertainment+Weekly%22+magazine,false,,76,true,true,reviews|features|industry_news|ads,"Film, TV, and pop culture audience",Google Books viewability=view_no_pages
Entertainment Weekly,2010,Google Books,http://books.google.com/books?id=_IRlNQEACAAJ&dq=%22Entertainment+Weekly%22+magazine,false,,76,true,true,reviews|features|industry_news|ads,"Film, TV, and pop culture audience",Google Books viewability=view_no_pages
Entertainment Weekly,2010,Google Books,http://books.google.com/books?id=aW11NQEACAAJ&dq=%22Entertainment+Weekly%22+magazine,false,,130,true,true,reviews|features|industry_news|ads,"Film, TV, and pop culture audience",Google Books viewability=view_no_pages
Entertainment Weekly,2010,Google Books,http://books.google.com/books?id=jz1dNQEACAAJ&dq=%22Entertainment+Weekly%22+magazine,false,,72,true,true,reviews|features|industry_news|ads,"Film, TV, and pop culture audience",Google Books viewability=view_no_pages
Entertainment Weekly,2010,Google Books,http://books.google.com/books?id=mGIhNQEACAAJ&dq=%22Entertainment+Weekly%22+magazine,false,,126,true,true,reviews|features|industry_news|ads,"Film, TV, and pop culture audience",Google Books viewability=view_no_pages
Entertainment Weekly,2010,Google Books,http://books.google.com/books?id=q5JWNQEACAAJ&dq=%22Entertainment+Weekly%22+magazine,false,,120,true,true,reviews|features|industry_news|ads,"Film, TV, and pop culture audience",Google Books viewability=view_no_pages
Entertainment Weekly,2010,Google Books,http://books.google.com/books?id=qYwPNQEACAAJ&dq=%22Entertainment+Weekly%22+magazine,false,,122,true,true,reviews|features|industry_news|ads,"Film, TV, and pop culture audience",Google Books viewability=view_no_pages
Entertainment Weekly,2010,Google Books,http://books.google.com/books?id=qowPNQEACAAJ&dq=%22Entertainment+Weekly%22+magazine,false,,108,true,true,reviews|features|industry_news|ads,"Film, TV, and pop culture audience",Google Books viewability=view_no_pages
Entertainment Weekly,2010,Google Books,http://books.google.com/books?id=rJJWNQEACAAJ&dq=%22Entertainment+Weekly%22+magazine,false,,78,true,true,reviews|features|industry_news|ads,"Film, TV, and pop culture audience",Google Books viewability=view_no_pages
Entertainment Weekly,2010,Google Books,http://books.google.com/books?id=tZM8NQEACAAJ&dq=%22Entertainment+Weekly%22+magazine,false,,84,true,true,reviews|features|industry_news|ads,"Film, TV, and pop culture audience",Google Books viewability=view_no_pages
Entertainment Weekly,2011,Google Books,http://books.google.com/books?id=EBJ6NQEACAAJ&dq=%22Entertainment+Weekly%22+magazine,false,,106,true,true,reviews|features|industry_news|ads,"Film, TV, and pop culture audience",Google Books viewability=view_no_pages
Entertainment Weekly,2011,Google Books,http://books.google.com/books?id=Fd8zNQEACAAJ&dq=%22Entertainment+Weekly%22+magazine,false,,142,true,true,reviews|features|industry_news|ads,"Film, TV, and pop culture audience",Google Books viewability=view_no_pages
Entertainment Weekly,2011,Google Books,http://books.google.com/books?id=OS0hNQEACAAJ&dq=%22Entertainment+Weekly%22+magazine,false,,84,true,true,reviews|features|industry_news|ads,"Film, TV, and pop culture audience",Google Books viewability=view_no_pages
Entertainment Weekly,2011,Google Books,http://books.google.com/books?id=R1KTNQEACAAJ&dq=%22Entertainment+Weekly%22+magazine,false,,106,true,true,reviews|features|industry_news|ads,"Film, TV, and pop culture audience",Google Books viewability=view_no_pages
Entertainment Weekly,2011,Google Books,http://books.google.com/books?id=UpJ8NQEACAAJ&dq=%22Entertainment+Weekly%22+magazine,false,,80,true,true,reviews|features|industry_news|ads,"Film, TV, and pop culture audience",Google Books viewability=view_no_pages
Entertainment Weekly,2011,Google Books,http://books.google.com/books?id=W-EzNQEACAAJ&dq=%22Entertainment+Weekly%22+magazine,false,,76,true,true,reviews|features|industry_news|ads,"Film, TV, and pop culture audience",Google Books viewability=view_no_pages
Entertainment Weekly,2011,Google Books,http://books.google.com/books?id=XOEzNQEACAAJ&dq=%22Entertainment+Weekly%22+magazine,false,,86,true,true,reviews|features|industry_news|ads,"Film, TV, and pop culture audience",Google Books viewability=view_no_pages
Entertainment Weekly,2011,Google Books,http://books.google.com/books?id=Z2dPNQEACAAJ&dq=%22Entertainment+Weekly%22+magazine,false,,81,true,true,reviews|features|industry_news|ads,"Film, TV, and pop culture audience",Google Books viewability=view_no_pages
Entertainment Weekly,2011,Google Books,http://books.google.com/books?id=cWgyNQEACAAJ&dq=%22Entertainment+Weekly%22+magazine,false,,114,true,true,reviews|features|industry_news|ads,"Film, TV, and pop culture audience",Google Books viewability=view_no_pages
Entertainment Weekly,2011,Google Books,http://books.google.com/books?id=i6VQNQEACAAJ&dq=%22Entertainment+Weekly%22+magazine,false,,80,true,true,reviews|features|industry_news|ads,"Film, TV, and pop culture audience",Google Books viewability=view_no_pages
Entertainment Weekly,2011,Google Books,http://books.google.com/books?id=kOozNQEACAAJ&dq=%22Entertainment+Weekly%22+magazine,false,,80,true,true,reviews|features|industry_news|ads,"Film, TV, and pop culture audience",Google Books viewability=view_no_pages
Entertainment Weekly,2011,Google Books,http://books.google.com/books?id=k_otNQEACAAJ&dq=%22Entertainment+Weekly%22+magazine,false,,84,true,true,reviews|features|industry_news|ads,"Film, TV, and pop culture audience",Google Books viewability=view_no_pages
Entertainment Weekly,2011,Google Books,http://books.google.com/books?id=oHhCNQEACAAJ&dq=%22Entertainment+Weekly%22+magazine,false,,80,true,true,reviews|features|industry_news|ads,"Film, TV, and pop culture audience",Google Books viewability=view_no_pages
Entertainment Weekly,2011,Google Books,http://books.google.com/books?id=zzQrNQEACAAJ&dq=%22Entertainment+Weekly%22+magazine,false,,66,true,true,reviews|features|industry_news|ads,"Film, TV, and pop culture audience",Google Books viewability=view_no_pages
Entertainment Weekly,1990-03-09,Internet Archive,https://archive.org/details/entertainment-weekly-04-1990-03-09-cbs-c,true,true,,true,true,reviews|features|industry_news|ads,"Film, TV, and pop culture audience",IA title: Entertainment Weekly #0004 | 03/09/1990 | CBS
Entertainment Weekly,1990-03-16,Internet Archive,https://archive.org/details/entertainment-weekly-05-1990-03-16-jamie-lee-curtis-c,true,true,,true,true,reviews|features|industry_news|ads,"Film, TV, and pop culture audience",IA title: Entertainment Weekly #0005 | 03/16/1990 | Jamie Lee Curtis
Entertainment Weekly,1990-04-06,Internet Archive,https://archive.org/details/entertainment-weekly-08-1990-04-06-twin-peaks-c,true,true,,true,true,reviews|features|industry_news|ads,"Film, TV, and pop culture audience",IA title: Entertainment Weekly #0008 | 04/06/1990 | Twin Peaks
Entertainment Weekly,1990-04-13,Internet Archive,https://archive.org/details/entertainment-weekly-009-1990-04-13-jay-leno-c,true,true,,true,true,reviews|features|industry_news|ads,"Film, TV, and pop culture audience",IA title: Entertainment Weekly #0009 | 04/13/1990 | Jay Leno
Entertainment Weekly,1990-04-20,Internet Archive,https://archive.org/details/entertainment-weekly-10-1990-04-20-c,true,true,,true,true,reviews|features|industry_news|ads,"Film, TV, and pop culture audience",IA title: Entertainment Weekly #0010 | 04/20/1990 | Jane Pauley
Entertainment Weekly,1990-12-14,Internet Archive,https://archive.org/details/entertainment-weekly-044-1990-12-14-madonna-c,true,true,,true,true,reviews|features|industry_news|ads,"Film, TV, and pop culture audience",IA title: Entertainment Weekly #0044 | 12/14/1990 | Madonna
Entertainment Weekly,1991-06-14,Internet Archive,https://archive.org/details/entertainment-weekly-70-1991-06-14-fire-man,true,true,,true,true,reviews|features|industry_news|ads,"Film, TV, and pop culture audience",IA title: Entertainment Weekly #0070 | 06/14/1991 | Fire Man
Entertainment Weekly,1992-03-06,Internet Archive,https://archive.org/details/entertainment-weekly-inside-trek-issue-no-108-march-6-1992,true,true,,true,true,reviews|features|industry_news|ads,"Film, TV, and pop culture audience",IA title: Entertainment Weekly Inside Trek Issue No 108 March 6 1992
Entertainment Weekly,1992-05-08,Internet Archive,https://archive.org/details/entertainment-weekly-1992-05-08-farewell-to-johnny-red,true,true,,true,true,reviews|features|industry_news|ads,"Film, TV, and pop culture audience",IA title: Entertainment Weekly - (1992/05/08) - Farewell To Johnny
Entertainment Weekly,1993-05-21,Internet Archive,https://archive.org/details/entertainment-weekly-171-1993-05-21-sliver,true,true,,true,true,reviews|features|industry_news|ads,"Film, TV, and pop culture audience",IA title: Entertainment Weekly #0171 | 04/21/1993 | Sliver
Entertainment Weekly,1994-06-24,Internet Archive,https://archive.org/details/entertainment-weekly-1994-06-24-summer-cool-red,true,true,,true,true,reviews|features|industry_news|ads,"Film, TV, and pop culture audience",IA title: Entertainment Weekly - (1994/06/24) - SUMMER COOL
Entertainment Weekly,1994-07-22,Internet Archive,https://archive.org/details/ew-7-22-94,true,true,,true,true,reviews|features|industry_news|ads,"Film, TV, and pop culture audience","IA title: Entertainment Weekly #232 - July 22,1994 Models Inc"
Entertainment Weekly,1995-05-05,Internet Archive,https://archive.org/details/entertainment-weekly-1995-05-05-sleeping-beauty-sandra-bullock-red,true,true,,true,true,reviews|features|industry_news|ads,"Film, TV, and pop culture audience",IA title: Entertainment Weekly - (1995/05/05) - Sleeping Beauty Sandra Bullock Red
Entertainment Weekly,1997-01-31,Internet Archive,https://archive.org/details/1997-01-31-entertainment-weekly-larry-flynt-red,true,true,,true,true,reviews|features|industry_news|ads,"Film, TV, and pop culture audience",IA title: Entertainment Weekly - Larry Flynt - 1997-01-31
Entertainment Weekly,1997-06-13,Internet Archive,https://archive.org/details/enterainment-weekly-383-1997-06-13-star-wars-c,true,true,,true,true,reviews|features|industry_news|ads,"Film, TV, and pop culture audience",IA title: Entertainment Weekly #0383 | 6/13/1997 | Star Wars
Entertainment Weekly,1997-08-08,Internet Archive,https://archive.org/details/1997-08-08-entertainment-weekly-sean-penn-and-robin-wright-red,true,true,,true,true,reviews|features|industry_news|ads,"Film, TV, and pop culture audience",IA title: Entertainment Weekly - Sean Penn - Robin Wright - 1997-08-08
Entertainment Weekly,1997-11-14,Internet Archive,https://archive.org/details/entertainment-weekly-405-1997-11-14-jennifer-love-hewitt-c,true,true,,true,true,reviews|features|industry_news|ads,"Film, TV, and pop culture audience",IA title: Entertainment Weekly #0405 | 11/14/1997 | Jennifer Love Hewitt
Entertainment Weekly,1997-12-26,Internet Archive,https://archive.org/details/1997-12-26-entertainment-weekly-the-best-of-1997-red,true,true,,true,true,reviews|features|industry_news|ads,"Film, TV, and pop culture audience",IA title: Entertainment Weekly - The Best Of 1997 -1997-12-26
Entertainment Weekly,1998-07-31,Internet Archive,https://archive.org/details/1998-07-31-entertainment-weekly-theres-something-about-mary-red,true,true,,true,true,reviews|features|industry_news|ads,"Film, TV, and pop culture audience",IA title: Entertainment Weekly - Cameron Diaz - 1998-07-31
Entertainment Weekly,1998-08-07,Internet Archive,https://archive.org/details/entertainment-weekly-444-1998-08-07-c,true,true,,true,true,reviews|features|industry_news|ads,"Film, TV, and pop culture audience",IA title: Entertainment Weekly #0444 | 8/07/1998 | Hollywood's 25 Greatest Actors
Entertainment Weekly,1999-01-08,Internet Archive,https://archive.org/details/entertainment-weekly-466-1999-01-08-gwyneth-paltrow-c,true,true,,true,true,reviews|features|industry_news|ads,"Film, TV, and pop culture audience",IA title: Entertainment Weekly #0466 | 01/08/1999 | Gwyneth Paltrow
Entertainment Weekly,1999-01-15,Internet Archive,https://archive.org/details/entertainment-weekly-0467-1999-01-15-jewel-c,true,true,,true,true,reviews|features|industry_news|ads,"Film, TV, and pop culture audience",IA title: Entertainment Weekly #0467 | 01/15/1999 | Jewel
Entertainment Weekly,1999-04-16,Internet Archive,https://archive.org/details/entertainment-weekly-0481-1999-04-16-wrestling-c,true,true,,true,true,reviews|features|industry_news|ads,"Film, TV, and pop culture audience",IA title: Entertainment Weekly #0481 | 4/16/1999 | Professional Wrestling
Entertainment Weekly,1999-05-21,Internet Archive,https://archive.org/details/entertainment-weekly-486-1999-05-21-star-wars-c,true,true,,true,true,reviews|features|industry_news|ads,"Film, TV, and pop culture audience",IA title: Entertainment Weekly #0486 | 05/21/1999 | Star Wars
Entertainment Weekly,1999-10-01,Internet Archive,https://archive.org/details/entertainment-weekly-505-1999-10-01-sarah-michelle-gellar-c,true,true,,true,true,reviews|features|industry_news|ads,"Film, TV, and pop culture audience",IA title: Entertainment Weekly #0505 | 10/01/1999 | Buffy
Entertainment Weekly,1999-11-05,Internet Archive,https://archive.org/details/entertainment-weekly-0511-1999-11-05-regis-philbin-c,true,true,,true,true,reviews|features|industry_news|ads,"Film, TV, and pop culture audience",IA title: Entertainment Weekly #0511 | 11/05/1999 | Regis Philbin
Entertainment Weekly,2000-07-28,Internet Archive,https://archive.org/details/entertainment-weekly-551-552-2000-07-28-c,true,true,,true,true,reviews|features|industry_news|ads,"Film, TV, and pop culture audience",IA title: Entertainment Weekly #0551/0552 | 7/28/2000 | The Photo Issue
Entertainment Weekly,2001-02-09,Internet Archive,https://archive.org/details/entertainment-weekly-581-2001-02-09-hannibal-c,true,true,,true,true,reviews|features|industry_news|ads,"Film, TV, and pop culture audience",IA title: Entertainment Weekly #0581 | 2/09/2001 | Hannibal Lector
Entertainment Weekly,2001-10-26,Internet Archive,https://archive.org/details/entertainment-weekly-622-2001-10-26-the-power-issue-c,true,true,,true,true,reviews|features|industry_news|ads,"Film, TV, and pop culture audience",IA title: Entertainment Weekly #0622 | 10/26/2001 | The Power Issue
Entertainment Weekly,2002-02-15,Internet Archive,https://archive.org/details/2002-02-15-entertainment-weekly-spring-movie-preview-red,true,true,,true,true,reviews|features|industry_news|ads,"Film, TV, and pop culture audience",IA title: Entertainment Weekly - 2002/02/15 - Spring Movie Preview
Entertainment Weekly,2002-03-29,Internet Archive,https://archive.org/details/entertainment-weekly-2002-03-29-et-returns-red,true,true,,true,true,reviews|features|industry_news|ads,"Film, TV, and pop culture audience",IA title: Entertainment Weekly - (2002/03/29) - ET Returns
Entertainment Weekly,2003-05-02,Internet Archive,https://archive.org/details/entertainment-weekly-708-2003-05-02-dixie-chicks-c,true,true,,true,true,reviews|features|industry_news|ads,"Film, TV, and pop culture audience",IA title: Entertainment Weekly #0708 | 5/02/2003 | Dixie Chicks
Entertainment Weekly,2004-07-23,Internet Archive,https://archive.org/details/2004-07-23-entertainment-weekly-matt-damon-red,true,true,,true,true,reviews|features|industry_news|ads,"Film, TV, and pop culture audience",IA title: Entertainment Weekly - 2004/07/23 - Matt Damon
Entertainment Weekly,2004-07-30,Internet Archive,https://archive.org/details/2004-07-30-entertainment-weekly-the-village-red,true,true,,true,true,reviews|features|industry_news|ads,"Film, TV, and pop culture audience",IA title: Entertainment Weekly - 2004/07/30 - The Village
Entertainment Weekly,2004-09-24,Internet Archive,https://archive.org/details/entertainment-weekly-785-2004-09-24-star-wars-c,true,true,,true,true,reviews|features|industry_news|ads,"Film, TV, and pop culture audience",IA title: Entertainment Weekly #0785 | 9/24/2004 | Star Wars
Entertainment Weekly,2004-11-05,Internet Archive,https://archive.org/details/donnas-ew-2004,true,true,9,true,true,reviews|features|industry_news|ads,"Film, TV, and pop culture audience","IA title: Entertainment Weekly November 5, 2004 Interview With The Donnas"
Entertainment Weekly,2005-04-01,Internet Archive,https://archive.org/details/entertainment-weekly-813-2005-04-01-4-of-6-han-solo-c,true,true,,true,true,reviews|features|industry_news|ads,"Film, TV, and pop culture audience",IA title: Entertainment Weekly #0813 | 4/01/2005 | Star Wars #4/6
Entertainment Weekly,2005-04-01,Internet Archive,https://archive.org/details/entertainment-weekly-813-2005-04-01-5-of-6-darth-vader,true,true,,true,true,reviews|features|industry_news|ads,"Film, TV, and pop culture audience",IA title: Entertainment Weekly #0813 | 4/01/2005 | Star Wars #5/6
Entertainment Weekly,2005-05-20,Internet Archive,https://archive.org/details/entertainment-weekly-820-2005-05-20-star-wars-c,true,true,,true,true,reviews|features|industry_news|ads,"Film, TV, and pop culture audience",IA title: Entertainment Weekly #0820 | 5/20/2005 | Star Wars
Entertainment Weekly,2005-07-08,Internet Archive,https://archive.org/details/20050708-entertainment-weekly,true,true,,true,true,reviews|features|industry_news|ads,"Film, TV, and pop culture audience",IA title: The Truth About Charlie – Entertainment Weekly
Entertainment Weekly,2007-03-02,Internet Archive,https://archive.org/details/entertainment-weekly-923-2007-03-02-24-c,true,true,,true,true,reviews|features|industry_news|ads,"Film, TV, and pop culture audience",IA title: Entertainment Weekly #0923 | 3/02/2007 | 24
Entertainment Weekly,2007-03-09,Internet Archive,https://archive.org/details/entertainment-weekly-0924-2007-03-09-jennifer-hudson-cv-2,true,true,,true,true,reviews|features|industry_news|ads,"Film, TV, and pop culture audience",IA title: Entertainment Weekly #0924 | 3/09/2007 | Jennifer Hudson
Entertainment Weekly,2007-03-30,Internet Archive,https://archive.org/details/entertainment-weekly-927-2007-03-30-grindhouse-c,true,true,,true,true,reviews|features|industry_news|ads,"Film, TV, and pop culture audience",IA title: Entertainment Weekly #0927 | 3/30/2007 | Grindhouse
Entertainment Weekly,2007-04-13,Internet Archive,https://archive.org/details/entertainment-weekly-929-2007-04-13-the-sopranos-c-1,true,true,,true,true,reviews|features|industry_news|ads,"Film, TV, and pop culture audience",IA title: Entertainment Weekly #0929 | 4/13/2007 | The Sopranos
Entertainment Weekly,2007-04-20,Internet Archive,https://archive.org/details/entertainment-weekly-930-2007-04-20-american-idol-c,true,true,,true,true,reviews|features|industry_news|ads,"Film, TV, and pop culture audience",IA title: Entertainment Weekly #0930 | 4/20/2007 | American Idol
Entertainment Weekly,2007-05-11,Internet Archive,https://archive.org/details/entertainment-weekly-933-2007-05-11-heroes-5-c,true,true,,true,true,reviews|features|industry_news|ads,"Film, TV, and pop culture audience",IA title: Entertainment Weekly #0933 | 5/11/2007 | Heroes #5 of 5
Entertainment Weekly,2007-05-18,Internet Archive,https://archive.org/details/entertainment-weekly-934-2007-05-18-johnny-depp-c,true,true,,true,true,reviews|features|industry_news|ads,"Film, TV, and pop culture audience",IA title: Entertainment Weekly #0934 | 5/18/2007 | Johnny Depp
Entertainment Weekly,2007-06-01,Internet Archive,https://archive.org/details/entertainment-weekly-936-2007-06-01-c,true,true,,true,true,reviews|features|industry_news|ads,"Film, TV, and pop culture audience",IA title: Entertainment Weekly #0936 | 6/1/2007 | Michael Moore
Entertainment Weekly,2007-06-08,Internet Archive,https://archive.org/details/entertainment-weekly-938-2007-06-08-katherine-heigl-c,true,true,,true,true,reviews|features|industry_news|ads,"Film, TV, and pop culture audience",IA title: Entertainment Weekly #0938 | 6/08/2007 | Katherine Heigl
Entertainment Weekly,2007-07-27,Internet Archive,https://archive.org/details/ew-0945-2007-07-27-simpsons-2-bart,true,true,,true,true,reviews|features|industry_news|ads,"Film, TV, and pop culture audience",IA title: Entertainment Weekly #0945 | 7/27/2007 | The Simpsons #2 of 4
Entertainment Weekly,2007-08-31,Internet Archive,https://archive.org/details/entertainment-weekly-0951-2007-08-31-summer-of-scandal-c,true,true,,true,true,reviews|features|industry_news|ads,"Film, TV, and pop culture audience",IA title: Entertainment Weekly #0951 | 8/31/2007 | Summer of Scandal
Entertainment Weekly,2007-10-05,Internet Archive,https://archive.org/details/entertainment-weekly-0957-2007-10-05-the-office-2-c,true,true,,true,true,reviews|features|industry_news|ads,"Film, TV, and pop culture audience",IA title: Entertainment Weekly #0957 | 10/05/2007 | The Office Cover 2
Entertainment Weekly,2007-10-05,Internet Archive,https://archive.org/details/entertainment-weekly-0957-2007-10-05-the-office-4-c,true,true,,true,true,reviews|features|industry_news|ads,"Film, TV, and pop culture audience",IA title: Entertainment Weekly #0957 | 10/05/2007 | The Office Cover 4
Entertainment Weekly,2007-10-05,Internet Archive,https://archive.org/details/entertainment-weekly-0957-2007-10-05-the-office-c,true,true,,true,true,reviews|features|industry_news|ads,"Film, TV, and pop culture audience",IA title: Entertainment Weekly #0957 | 10/05/2007 | The Office Cover 1
Entertainment Weekly,2007-10-19,Internet Archive,https://archive.org/details/entertainment-weekly-959-960-2007-10-19-c,true,true,,true,true,reviews|features|industry_news|ads,"Film, TV, and pop culture audience",IA title: Entertainment Weekly #959/960 | 10/19/2007 | Patrick Dempsey
Entertainment Weekly,2007-12-21,Internet Archive,https://archive.org/details/entertainment-weekly-970-2007-12-21-c,true,true,,true,true,reviews|features|industry_news|ads,"Film, TV, and pop culture audience",IA title: Entertainment Weekly #0970 | 12/21/2007 | Tom Hanks & Julia Roberts
Entertainment Weekly,2008-07-11,Internet Archive,https://archive.org/details/entertainment-weekly-1001-2008-07-11-batman-c,true,true,,true,true,reviews|features|industry_news|ads,"Film, TV, and pop culture audience",IA title: Entertainment Weekly #1001 | 07/11/2008 | Batman
Entertainment Weekly,2008-12-12,Internet Archive,https://archive.org/details/entertainment-weekly-1025-2008-12-12-jennifer-aniston-james-bond-b,true,true,,true,true,reviews|features|industry_news|ads,"Film, TV, and pop culture audience",IA title: Entertainment Weekly #1025 | 12/12/2008 | Jennifer Aniston
Entertainment Weekly,2009-01-23,Internet Archive,https://archive.org/details/entertainment-weekly-1031-2009-01-23-heath-ledger-c,true,true,,true,true,reviews|features|industry_news|ads,"Film, TV, and pop culture audience",IA title: Entertainment Weekly #1031 | 01/23/2009 | Heath Ledger
Entertainment Weekly,2010-10-01,Internet Archive,https://archive.org/details/entertainment-weekly-1122-2010-10-01-2-c,true,true,,true,true,reviews|features|industry_news|ads,"Film, TV, and pop culture audience",IA title: Entertainment Weekly #1122 | 10/01/2010 | Modern Family
Entertainment Weekly,2010-10-01,Internet Archive,https://archive.org/details/entertainment-weekly-1122-2010-10-01-c,true,true,,true,true,reviews|features|industry_news|ads,"Film, TV, and pop culture audience",IA title: Entertainment Weekly #1122 | 10/01/2010 | Modern Family
Entertainment Weekly,2010-10-22,Internet Archive,https://archive.org/details/entertainment-weekly-1125-1126-2010-10-22-c,true,true,,true,true,reviews|features|industry_news|ads,"Film, TV, and pop culture audience",IA title: Entertainment Weekly #1125/1126 | 10/22/2010 | Reunions Issue
Entertainment Weekly,2010-12-03,Internet Archive,https://archive.org/details/entertainment-weekly-1131-2010-12-03-the-walking-dead-c,true,true,,true,true,reviews|features|industry_news|ads,"Film, TV, and pop culture audience",IA title: Entertainment Weekly #1131 | 12/03/2010 | The Walking Dead
Entertainment Weekly,2011-01-21,Internet Archive,https://archive.org/details/entertainment-weekly-1138-2011-01-21-johnny-depp-c,true,true,,true,true,reviews|features|industry_news|ads,"Film, TV, and pop culture audience",IA title: Entertainment Weekly #1138 | 01/21/2011 | Johnny Depp
Entertainment Weekly,2011-03-11,Internet Archive,https://archive.org/details/entertainment-weekly-1145-2011-03-11-charlie-sheen-c,true,true,,true,true,reviews|features|industry_news|ads,"Film, TV, and pop culture audience",IA title: Entertainment Weekly #1145 | 3/11/2011 | Charlie Sheen
Entertainment Weekly,2011-03-18,Internet Archive,https://archive.org/details/entertainment-weekly-1146-2011-03-18-lost-c,true,true,,true,true,reviews|features|industry_news|ads,"Film, TV, and pop culture audience",IA title: Entertainment Weekly #1146 | 3/18/2011 | Lost
Entertainment Weekly,2011-04-08,Internet Archive,https://archive.org/details/entertainment-weekly-1149-2011-04-08-c,true,true,,true,true,reviews|features|industry_news|ads,"Film, TV, and pop culture audience",IA title: Entertainment Weekly #1149 | 4/08/2011 | Arnold Schwarzenegger
Entertainment Weekly,2011-04-15,Internet Archive,https://archive.org/details/entertainment-weekly-1150-2011-04-15-c,true,true,,true,true,reviews|features|industry_news|ads,"Film, TV, and pop culture audience",IA title: Entertainment Weekly #1150 | 4/15/2011 | Scream
Entertainment Weekly,2011-06-17,Internet Archive,https://archive.org/details/entertainment-weekly-1159-2011-06-17-super-8-c,true,true,,true,true,reviews|features|industry_news|ads,"Film, TV, and pop culture audience",IA title: Entertainment Weekly #1159 | 6/17/2011 | Super 8
Entertainment Weekly,2011-07-29,Internet Archive,https://archive.org/details/entertainment-weekly-1165-2011-07-29-c,true,true,,true,true,reviews|features|industry_news|ads,"Film, TV, and pop culture audience",IA title: Entertainment Weekly #1165 | 7/29/2011 | When Bond Met Indy
Entertainment Weekly,2011-09-02,Internet Archive,https://archive.org/details/entertainment-weekly-1170-2011-09-02-sarah-michelle-gellar-c,true,true,,true,true,reviews|features|industry_news|ads,"Film, TV, and pop culture audience",IA title: Entertainment Weekly #1170 | 9/02/2011 | Sarah Michelle Gellar
Entertainment Weekly,2011-09-09,Internet Archive,https://archive.org/details/entertainment-weekly-1171-1172-2011-09-09-fall-tv-preview-c,true,true,,true,true,reviews|features|industry_news|ads,"Film, TV, and pop culture audience",IA title: Entertainment Weekly #1171/1172 | 9/09/2011 | Fall TV Preview
Entertainment Weekly,2011-12-16,Internet Archive,https://archive.org/details/entertainment-weekly-1185-2011-12-16-eoty-c,true,true,,true,true,reviews|features|industry_news|ads,"Film, TV, and pop culture audience","IA title: Entertainment Weekly #1185 | December 16, 2011 | Entertainers of the Year"
Entertainment Weekly,2011-12-23,Internet Archive,https://archive.org/details/entertainment-weekly-1186-1187-2011-12-23-c,true,true,,true,true,reviews|features|industry_news|ads,"Film, TV, and pop culture audience","IA title: Entertainment Weekly #1186/1187 | December 23, 2011 | Best & Worst of 2011"
Entertainment Weekly,2012-02-17,Internet Archive,https://archive.org/details/entertainment-weekly-1194-2012-02-17-vampire-diaries-c-1,true,true,,true,true,reviews|features|industry_news|ads,"Film, TV, and pop culture audience",IA title: Entertainment Weekly #1194 | 2/17/2012 | The Vampire Diaries
Entertainment Weekly,2012-02-17,Internet Archive,https://archive.org/details/entertainment-weekly-1194-2012-02-17-vampire-diaries-c-2,true,true,,true,true,reviews|features|industry_news|ads,"Film, TV, and pop culture audience",IA title: Entertainment Weekly #1194 | 2/17/2012 | The Vampire Diaries
Entertainment Weekly,2012-03-16,Internet Archive,https://archive.org/details/entertainment-weekly-1198-2012-03-16-cv-2,true,true,,true,true,reviews|features|industry_news|ads,"Film, TV, and pop culture audience",IA title: Entertainment Weekly #1198 | 3/16/2012 | Mad Men
Entertainment Weekly,2012-03-23,Internet Archive,https://archive.org/details/entertainment-weekly-1199-2012-03-23-game-of-thrones-1-of-4,true,true,,true,true,reviews|features|industry_news|ads,"Film, TV, and pop culture audience",IA title: Entertainment Weekly #1199 | 03/23/2012 | Game of Thrones Cover 1
Entertainment Weekly,2012-03-23,Internet Archive,https://archive.org/details/entertainment-weekly-1199-2012-03-23-game-of-thrones-2-of-4,true,true,,true,true,reviews|features|industry_news|ads,"Film, TV, and pop culture audience",IA title: Entertainment Weekly #1199 | 03/23/2012 | Game of Thrones Cover 2
Entertainment Weekly,2012-03-23,Internet Archive,https://archive.org/details/entertainment-weekly-1199-2012-03-23-game-of-thrones-3-of-4,true,true,,true,true,reviews|features|industry_news|ads,"Film, TV, and pop culture audience",IA title: Entertainment Weekly #1199 | 03/23/2012 | Game of Thrones Cover 3
Entertainment Weekly,2012-03-23,Internet Archive,https://archive.org/details/entertainment-weekly-1199-2012-03-23-game-of-thrones-4-of-4,true,true,,true,true,reviews|features|industry_news|ads,"Film, TV, and pop culture audience",IA title: Entertainment Weekly #1199 | 03/23/2012 | Game of Thrones Cover 4
Entertainment Weekly,2013-12-13,Internet Archive,https://archive.org/details/entertainment-weekly-1289-2013-12-13,true,true,,true,true,reviews|features|industry_news|ads,"Film, TV, and pop culture audience",IA title: Entertainment Weekly #1289 | 12/13/2013 | Top 10 of 2013
Entertainment Weekly,2013-12-27,Internet Archive,https://archive.org/details/entertainment-weekly-1291-1292-2013-12-27,true,true,,true,true,reviews|features|industry_news|ads,"Film, TV, and pop culture audience",IA title: Entertainment Weekly #1291/1292 | 12/27/2013
Entertainment Weekly,2014-01-17,Internet Archive,https://archive.org/details/entertainment-weekly-1294-2014-01-17-gone-girl-c,true,true,,true,true,reviews|features|industry_news|ads,"Film, TV, and pop culture audience",IA title: Entertainment Weekly #1294 | 01/17/2014 | Gone Girl
Entertainment Weekly,2014-01-24,Internet Archive,https://archive.org/details/entertainment-weekly-1295-2014-01-24-benedict-cumberbatch-c,true,true,,true,true,reviews|features|industry_news|ads,"Film, TV, and pop culture audience",IA title: Entertainment Weekly #1295 | 01/24/2014 | Benedict Cumberbatch
Entertainment Weekly,2014-01-31,Internet Archive,https://archive.org/details/entertainment-weekly-1296-1297-2014-01-31-oscars-c,true,true,,true,true,reviews|features|industry_news|ads,"Film, TV, and pop culture audience",IA title: Entertainment Weekly #1296/1297 | 01/31/2014 | Oscars
Entertainment Weekly,2014-03-14,Internet Archive,https://archive.org/details/entertainment-weekly-1302-2014-03-14-angelina-jolie-c,true,true,,true,true,reviews|features|industry_news|ads,"Film, TV, and pop culture audience",IA title: Entertainment Weekly #1302 | 03/14/2014 | Maleficient
Entertainment Weekly,2014-05-02,Internet Archive,https://archive.org/details/entertainment-weekly-1309-2014-05-02-orange-is-the-new-black-c,true,true,,true,true,reviews|features|industry_news|ads,"Film, TV, and pop culture audience",IA title: Entertainment Weekly #1309 | 05/02/2014 | Orange is the New Black
Entertainment Weekly,2014-05-09,Internet Archive,https://archive.org/details/entertainment-weekly-1310-2014-05-09-fault-in-our-stars-c,true,true,,true,true,reviews|features|industry_news|ads,"Film, TV, and pop culture audience",IA title: Entertainment Weekly #1310 | 05/09/2014 | Fault in Our Stars
Entertainment Weekly,2014-05-16,Internet Archive,https://archive.org/details/entertainment-weekly-1311-2014-05-16-love-death-c,true,true,,true,true,reviews|features|industry_news|ads,"Film, TV, and pop culture audience",IA title: Entertainment Weekly #1311 | 05/16/2014 | Love + Death
Entertainment Weekly,2014-05-23,Internet Archive,https://archive.org/details/entertainment-weekly-1312-2014-05-23,true,true,,true,true,reviews|features|industry_news|ads,"Film, TV, and pop culture audience",IA title: Entertainment Weekly #1312 | 05/23/2014 | Summer Music Preview
Entertainment Weekly,2014-05-30,Internet Archive,https://archive.org/details/entertainment-weekly-1313-1314-2014-05-30-jessica-alba-c,true,true,,true,true,reviews|features|industry_news|ads,"Film, TV, and pop culture audience",IA title: Entertainment Weekly #1313/1314 | 05/30/2014 | Jessica Alba
Entertainment Weekly,2014-06-20,Internet Archive,https://archive.org/details/entertainment-weekly-1316-2014-06-20-channing-tatum-jonah-hill-c,true,true,,true,true,reviews|features|industry_news|ads,"Film, TV, and pop culture audience",IA title: Entertainment Weekly #1316 | 06/20/2014 | 22 Jump Street
Entertainment Weekly,2014-07-18,Internet Archive,https://archive.org/details/entertainment-weekly-1320-2014-07-18-chris-pratt-c,true,true,,true,true,reviews|features|industry_news|ads,"Film, TV, and pop culture audience",IA title: Entertainment Weekly #1320 | 07/18/2014 | Chris Pratt
Entertainment Weekly,2014-08-08,Internet Archive,https://archive.org/details/entertainment-weekly-1323-2014-08-08-dr-who,true,true,,true,true,reviews|features|industry_news|ads,"Film, TV, and pop culture audience",IA title: Entertainment Weekly #1323 | 08/08/2014 | Doctor Who
Entertainment Weekly,2014-08-22,Internet Archive,https://archive.org/details/entertainment-weekly-1325-2014-08-22-fall-movie-preview-c,true,true,,true,true,reviews|features|industry_news|ads,"Film, TV, and pop culture audience",IA title: Entertainment Weekly #1325 | 08/22/2014 | Fall Movie Preview
Entertainment Weekly,2014-08-22,Internet Archive,https://archive.org/details/entertainment-weekly-1329-1330-2014-09-19-robin-williams-c,true,true,,true,true,reviews|features|industry_news|ads,"Film, TV, and pop culture audience",IA title: Entertainment Weekly #1325/1326 | 08/22/2014 | Robin Williams
Entertainment Weekly,2014-09-05,Internet Archive,https://archive.org/details/entertainment-weekly-1327-2014-09-05-the-walking-dead-2-c,true,true,,true,true,reviews|features|industry_news|ads,"Film, TV, and pop culture audience",IA title: Entertainment Weekly #1327 | 09/09/2014 | The Walking Dead
Entertainment Weekly,2014-09-05,Internet Archive,https://archive.org/details/entertainment-weekly-1327-2014-09-05-the-walking-dead-4-c,true,true,,true,true,reviews|features|industry_news|ads,"Film, TV, and pop culture audience",IA title: Entertainment Weekly #1327 | 09/09/2014 | The Walking Dead
Entertainment Weekly,2014-09-05,Internet Archive,https://archive.org/details/entertainment-weekly-1327-2014-09-05-the-walking-dead-c,true,true,,true,true,reviews|features|industry_news|ads,"Film, TV, and pop culture audience",IA title: Entertainment Weekly #1327 | 09/09/2014 | The Walking Dead
Entertainment Weekly,2014-09-12,Internet Archive,https://archive.org/details/entertainment-weekly-1328-2014-09-12-simpsons-family-guy-c-1,true,true,,true,true,reviews|features|industry_news|ads,"Film, TV, and pop culture audience",IA title: Entertainment Weekly #1328 | 09/12/2014 | Simpsons + Family Guy
Entertainment Weekly,2014-09-19,Internet Archive,https://archive.org/details/entertainment-weekly-1329-1330-2014-09-19-fall-tv-preview-c,true,true,,true,true,reviews|features|industry_news|ads,"Film, TV, and pop culture audience",IA title: Entertainment Weekly #1329/1330 | 09/19/2014 | Fall TV Preview
Entertainment Weekly,2014-10-03,Internet Archive,https://archive.org/details/entertainment-weekly-1331-2014-10-03-key-peele-c,true,true,,true,true,reviews|features|industry_news|ads,"Film, TV, and pop culture audience",IA title: Entertainment Weekly #1331 | 10/03/2014 | Key & Peele
Entertainment Weekly,2014-10-17,Internet Archive,https://archive.org/details/entertainment-weekly-1333-2014-10-17-michael-keaton-c,true,true,,true,true,reviews|features|industry_news|ads,"Film, TV, and pop culture audience",IA title: Entertainment Weekly #1333 | 10/17/2014 | Michael Keaton
Entertainment Weekly,2014-10-24,Internet Archive,https://archive.org/details/entertainment-weekly-1334-2014-10-24-interstellar,true,true,,true,true,reviews|features|industry_news|ads,"Film, TV, and pop culture audience",IA title: Entertainment Weekly #1334 | 10/24/2014 | Interstellar
Entertainment Weekly,2014-10-31,Internet Archive,https://archive.org/details/entertainment-weekly-1335-2014-10-31-holiday-movie-preview-c,true,true,,true,true,reviews|features|industry_news|ads,"Film, TV, and pop culture audience",IA title: Entertainment Weekly #1335 | 10/31/2014 | Holiday Movie Preview
Entertainment Weekly,2014-10-31,Internet Archive,https://archive.org/details/entertainment-weekly-1335-2014-10-31-into-the-woods-4-c,true,true,,true,true,reviews|features|industry_news|ads,"Film, TV, and pop culture audience",IA title: Entertainment Weekly #1335 | 10/31/2014 | Holiday Movie Preview
Entertainment Weekly,2014-11-07,Internet Archive,https://archive.org/details/entertainment-weekly-1336-2014-11-07-terminator-2-c,true,true,,true,true,reviews|features|industry_news|ads,"Film, TV, and pop culture audience",IA title: Entertainment Weekly #1336 | 11/07/2014 | Terminator Genisys
Entertainment Weekly,2014-11-28,Internet Archive,https://archive.org/details/entertainment-weekly-1339-2014-11-28-pitch-perfect-2-c,true,true,,true,true,reviews|features|industry_news|ads,"Film, TV, and pop culture audience",IA title: Entertainment Weekly #1339 | 11/28/2014 | Pitch Perfect 2
Entertainment Weekly,2014-12-05,Internet Archive,https://archive.org/details/entertainment-weekly-1340-2014-12-05-angelina-jolie-c,true,true,,true,true,reviews|features|industry_news|ads,"Film, TV, and pop culture audience",IA title: Entertainment Weekly #1340 | 12/05/2014 | Angelina Jolie
Entertainment Weekly,2014-12-12,Internet Archive,https://archive.org/details/entertainment-weekly-1341-2014-12-12-best-worst-c,true,true,,true,true,reviews|features|industry_news|ads,"Film, TV, and pop culture audience",IA title: Entertainment Weekly #1341 | 12/12/2014 | Best & Worst of 2014
Entertainment Weekly,2014-12-19,Internet Archive,https://archive.org/details/entertainment-weekly-1342-2014-12-19-stephen-colbert-2-c,true,true,,true,true,reviews|features|industry_news|ads,"Film, TV, and pop culture audience",IA title: Entertainment Weekly #1342 | 12/19/2014 | Stephen Colbert
Entertainment Weekly,2015-02-13,Internet Archive,https://archive.org/details/entertainment-weekly-1350-2015-02-13,true,true,,true,true,reviews|features|industry_news|ads,"Film, TV, and pop culture audience",IA title: Entertainment Weekly #1350 | 02/12/2015 | The Walking Dead
Entertainment Weekly,2015-02-20,Internet Archive,https://archive.org/details/entertainment-weekly-1351-2015-02-20-c,true,true,,true,true,reviews|features|industry_news|ads,"Film, TV, and pop culture audience",IA title: Entertainment Weekly #1351 | 02/20/2015 | Neil Patrick Harris
Entertainment Weekly,2015-03-13,Internet Archive,https://archive.org/details/entertainment-weekly-1354-2015-03-13-c,true,true,,true,true,reviews|features|industry_news|ads,"Film, TV, and pop culture audience",IA title: Entertainment Weekly #1354 | 03/13/2015 | Jimmy Kimmel
Entertainment Weekly,2015-03-20,Internet Archive,https://archive.org/details/entertainment-weekly-1355-1356-2015-03-20-4-c,true,true,,true,true,reviews|features|industry_news|ads,"Film, TV, and pop culture audience",IA title: Entertainment Weekly #1355/1356 | 03/20/2015 | Game of Thrones Cover 4
Entertainment Weekly,2015-03-20,Internet Archive,https://archive.org/details/entertainment-weekly-1355-1356-2015-03-20-c,true,true,,true,true,reviews|features|industry_news|ads,"Film, TV, and pop culture audience",IA title: Entertainment Weekly #1355/1356 | 03/20/2015 | Game of Thrones Cover 1
Entertainment Weekly,2015-04-03,Internet Archive,https://archive.org/details/entertainment-weekly-1357-2015-04-03-c,true,true,,true,true,reviews|features|industry_news|ads,"Film, TV, and pop culture audience",IA title: Entertainment Weekly #1357 | 04/03/2015 | Julia Louis-Dreyfus
Entertainment Weekly,2015-04-10,Internet Archive,https://archive.org/details/entertainment-weekly-1358-2015-04-10-c,true,true,,true,true,reviews|features|industry_news|ads,"Film, TV, and pop culture audience",IA title: Entertainment Weekly #1358 | 04/10/2015 | Amy Schumer
Entertainment Weekly,2015-04-17,Internet Archive,https://archive.org/details/entertainment-weekly-1459-1460-2015-04-17-2-c,true,true,,true,true,reviews|features|industry_news|ads,"Film, TV, and pop culture audience",IA title: Entertainment Weekly #1359/1360 | 04/17/2015 | Avengers Cover 2
Entertainment Weekly,2015-05-01,Internet Archive,https://archive.org/details/entertainment-weekly-1361-2015-05-01,true,true,,true,true,reviews|features|industry_news|ads,"Film, TV, and pop culture audience",IA title: Entertainment Weekly #1361 | 05/01/2015 | Mad Max
Entertainment Weekly,2015-05-22,Internet Archive,https://archive.org/details/entertainment-weekly-1364-2015-05-22,true,true,,true,true,reviews|features|industry_news|ads,"Film, TV, and pop culture audience",IA title: Entertainment Weekly #1364 | 05/22/2015 | Melissa McCarthy
Entertainment Weekly,2015-05-29,Internet Archive,https://archive.org/details/entertainment-weekly-1365-1366-2015-05-29-c,true,true,,true,true,reviews|features|industry_news|ads,"Film, TV, and pop culture audience",IA title: Entertainment Weekly #1365/1366 | 05/29/2015 | Chris Pratt
Entertainment Weekly,2015-07-03,Internet Archive,https://archive.org/details/entertainment-weekly-1370-2015-07-03-c,true,true,,true,true,reviews|features|industry_news|ads,"Film, TV, and pop culture audience",IA title: Entertainment Weekly #1370 | 07/03/2015 | The X-Files
Entertainment Weekly,2015-07-10,Internet Archive,https://archive.org/details/entertainment-weekly-1371-1372-2015-07-10,true,true,,true,true,reviews|features|industry_news|ads,"Film, TV, and pop culture audience",IA title: Entertainment Weekly #1371/1372 | 07/10/2015 | Batman v Superman
Entertainment Weekly,2015-09-11,Internet Archive,https://archive.org/details/ew-1380-2015-09-11-4-of-4-how-to-get-away-with-murder,true,true,,true,true,reviews|features|industry_news|ads,"Film, TV, and pop culture audience",IA title: Entertainment Weekly #1380 | 09/11/2015 | How to Get Away With Murder
Entertainment Weekly,2015-11-06,Internet Archive,https://archive.org/details/entertainment-weekly-1388-2015-11-06,true,true,,true,true,reviews|features|industry_news|ads,"Film, TV, and pop culture audience",IA title: Entertainment Weekly #1388 | 11/06/2015 | Tina Fey & Amy Poehler
Entertainment Weekly,2015-11-13,Internet Archive,https://archive.org/details/entertainment-weekly-1389-2015-11-13-c,true,true,,true,true,reviews|features|industry_news|ads,"Film, TV, and pop culture audience",IA title: Entertainment Weekly #1389 | 11/13/2015 | Fantastic Beasts
Entertainment Weekly,2015-11-20,Internet Archive,https://archive.org/details/entertainment-weekly-1390-1391-2015-11-20-2-c,true,true,,true,true,reviews|features|industry_news|ads,"Film, TV, and pop culture audience",IA title: Entertainment Weekly #1390/1391 | 11/20/2015 | Star Wars Cover 2
Entertainment Weekly,2015-11-20,Internet Archive,https://archive.org/details/entertainment-weekly-1390-1391-2015-11-20-4-c,true,true,,true,true,reviews|features|industry_news|ads,"Film, TV, and pop culture audience",IA title: Entertainment Weekly #1390/1391 | 11/20/2015 | Star Wars Cover 4
Entertainment Weekly,2015-12-04,Internet Archive,https://archive.org/details/entertainment-weekly-1392-2015-12-04,true,true,,true,true,reviews|features|industry_news|ads,"Film, TV, and pop culture audience",IA title: Entertainment Weekly #1392 | 12/04/2015 | Jennifer Lawrence
Entertainment Weekly,2015-12-11,Internet Archive,https://archive.org/details/entertainment-weekly-1393-2015-12-11,true,true,,true,true,reviews|features|industry_news|ads,"Film, TV, and pop culture audience",IA title: Entertainment Weekly #1393 | 12/11/2015 | Captain America
Entertainment Weekly,2015-12-18,Internet Archive,https://archive.org/details/entertainment-weekly-1394-1395-2015-12-18-c,true,true,,true,true,reviews|features|industry_news|ads,"Film, TV, and pop culture audience",IA title: Entertainment Weekly #1396 | 12/18/2015 | Best & Worst
Entertainment Weekly,2015-12-31,Internet Archive,https://archive.org/details/Entertainment_Weekly_December_18_2015,true,true,116,true,true,reviews|features|industry_news|ads,"Film, TV, and pop culture audience","IA title: Entertainment Weekly December 18, 2015"
Entertainment Weekly,2015-12-31,Internet Archive,https://archive.org/details/Entertainment_Weekly_November_13_2015,true,true,72,true,true,reviews|features|industry_news|ads,"Film, TV, and pop culture audience","IA title: Entertainment Weekly November 13, 2015"
Entertainment Weekly,2015-12-31,Internet Archive,https://archive.org/details/Entertainment_Weekly_November_20_2015,true,true,124,true,true,reviews|features|industry_news|ads,"Film, TV, and pop culture audience","IA title: Entertainment Weekly November 20, 2015"
Entertainment Weekly,2015-12-31,Internet Archive,https://archive.org/details/entertainment-weekly-1396-2015-12-31,true,true,,true,true,reviews|features|industry_news|ads,"Film, TV, and pop culture audience",IA title: Entertainment Weekly #1396 | 12/31/2015 | Bridget Jones
Entertainment Weekly,2016-01-01,Internet Archive,https://archive.org/details/Entertainment_Weekly_31_December_2015,true,true,70,true,true,reviews|features|industry_news|ads,"Film, TV, and pop culture audience",IA title: Entertainment Weekly 31 December 2015
Entertainment Weekly,2016-01-08,Internet Archive,https://archive.org/details/entertainment-weekly-1397-1398-2016-01-08-dr.-strange,true,true,,true,true,reviews|features|industry_news|ads,"Film, TV, and pop culture audience",IA title: Entertainment Weekly #1397/1398 | 01/08/2016 | Doctor Strange
Entertainment Weekly,2016-01-22,Internet Archive,https://archive.org/details/entertainment-weekly-1399-2016-01-22,true,true,,true,true,reviews|features|industry_news|ads,"Film, TV, and pop culture audience",IA title: Entertainment Weekly #1399 | 01/22/2016 | David Bowie
Entertainment Weekly,2016-02-19,Internet Archive,https://archive.org/details/entertainment-weekly-1403-1404-2016-02-19,true,true,,true,true,reviews|features|industry_news|ads,"Film, TV, and pop culture audience",IA title: Entertainment Weekly #1403/1404 | 02/19/2016 | The Walking Dead Cover 1
Entertainment Weekly,2016-02-19,Internet Archive,https://archive.org/details/entertainment-weekly-1403-1404-2016-02-19-2,true,true,,true,true,reviews|features|industry_news|ads,"Film, TV, and pop culture audience",IA title: Entertainment Weekly #1403/1404 | 02/19/2016 | The Walking Dead Cover 2
Entertainment Weekly,2016-02-19,Internet Archive,https://archive.org/details/entertainment-weekly-1403-1404-2016-02-19-4,true,true,,true,true,reviews|features|industry_news|ads,"Film, TV, and pop culture audience",IA title: Entertainment Weekly #1403/1404 | 02/19/2016 | The Walking Dead Cover 4
Entertainment Weekly,2016-02-19,Internet Archive,https://archive.org/details/entertainment-weekly-1403-1404-2016-02-19-5,true,true,,true,true,reviews|features|industry_news|ads,"Film, TV, and pop culture audience",IA title: Entertainment Weekly #1403/1404 | 02/19/2016 | The Walking Dead Cover 5
Entertainment Weekly,2016-03-06,Internet Archive,https://archive.org/details/Entertainment_Weekly_March_4_2016,true,true,68,true,true,reviews|features|industry_news|ads,"Film, TV, and pop culture audience","IA title: Entertainment Weekly March 4, 2016"
Entertainment Weekly,2016-03-11,Internet Archive,https://archive.org/details/entertainment-weekly-1406-2016-03-11,true,true,,true,true,reviews|features|industry_news|ads,"Film, TV, and pop culture audience",IA title: Entertainment Weekly #1406 | 03/11/2016 | Batman
Entertainment Weekly,2016-03-11,Internet Archive,https://archive.org/details/entertainment-weekly-1406-2016-03-11-cover-2,true,true,,true,true,reviews|features|industry_news|ads,"Film, TV, and pop culture audience",IA title: Entertainment Weekly #1406 | 03/11/2016 | Superman
Entertainment Weekly,2016-04-01,Internet Archive,https://archive.org/details/entertainment-weekly-1408-1409-2016-04-01-5,true,true,,true,true,reviews|features|industry_news|ads,"Film, TV, and pop culture audience",IA title: Entertainment Weekly #1408/1409 | 04/01/2016 | Game of Thrones Cover 5
Entertainment Weekly,2016-04-22,Internet Archive,https://archive.org/details/entertainment-weekly-1411-1412-2016-04-22,true,true,,true,true,reviews|features|industry_news|ads,"Film, TV, and pop culture audience",IA title: Entertainment Weekly #1411/1412 | 04/22/2016 | The Avengers Cover 2
Entertainment Weekly,2016-04-22,Internet Archive,https://archive.org/details/entertainment-weekly-1411-1412-2016-04-22-1,true,true,,true,true,reviews|features|industry_news|ads,"Film, TV, and pop culture audience",IA title: Entertainment Weekly #1411/1412 | 04/22/2016 | The Avengers Cover 1
Entertainment Weekly,2016-04-22,Internet Archive,https://archive.org/details/entertainment-weekly-1411-1412-2016-04-22-3,true,true,,true,true,reviews|features|industry_news|ads,"Film, TV, and pop culture audience",IA title: Entertainment Weekly #1411/1412 | 04/22/2016 | The Avengers Cover 3
Entertainment Weekly,2016-05-06,Internet Archive,https://archive.org/details/entertainment-weekly-1413-2016-05-06,true,true,,true,true,reviews|features|industry_news|ads,"Film, TV, and pop culture audience",IA title: Entertainment Weekly #1413 | 05/06/2016 | Prince
Entertainment Weekly,2016-05-13,Internet Archive,https://archive.org/details/entertainment-weekly-1414-2016-05-13,true,true,,true,true,reviews|features|industry_news|ads,"Film, TV, and pop culture audience",IA title: Entertainment Weekly #1414 | 05/13/2016 | Kit Harington
Entertainment Weekly,2016-05-27,Internet Archive,https://archive.org/details/entertainment-weekly-1416-2016-05-27-2,true,true,,true,true,reviews|features|industry_news|ads,"Film, TV, and pop culture audience",IA title: Entertainment Weekly #1416 | 05/27/2016 | X-Men
Entertainment Weekly,2016-05-27,Internet Archive,https://archive.org/details/entertainment-weekly-1416-2016-05-27-3,true,true,,true,true,reviews|features|industry_news|ads,"Film, TV, and pop culture audience",IA title: Entertainment Weekly #1416 | 05/27/2016 | X-Men
Entertainment Weekly,2016-06-03,Internet Archive,https://archive.org/details/entertainment-weekly-1417-1418-2016-06-03,true,true,,true,true,reviews|features|industry_news|ads,"Film, TV, and pop culture audience",IA title: Entertainment Weekly #1417/1418 | 06/03/2016 | Nick Jonas
Entertainment Weekly,2016-07-15,Internet Archive,https://archive.org/details/entertainment-weekly-1422-2016-07-15-cover-1,true,true,,true,true,reviews|features|industry_news|ads,"Film, TV, and pop culture audience",IA title: Entertainment Weekly #1422 | 07/15/2016 | Suicide Squad
Entertainment Weekly,2016-07-15,Internet Archive,https://archive.org/details/entertainment-weekly-1422-2016-07-15-cover-3,true,true,,true,true,reviews|features|industry_news|ads,"Film, TV, and pop culture audience",IA title: Entertainment Weekly #1422 | 07/15/2016 | Suicide Squad
Entertainment Weekly,2016-07-15,Internet Archive,https://archive.org/details/entertainment-weekly-1422-2016-07-15-cover-4,true,true,,true,true,reviews|features|industry_news|ads,"Film, TV, and pop culture audience",IA title: Entertainment Weekly #1422 | 07/15/2016 | Suicide Squad
Entertainment Weekly,2016-08-05,Internet Archive,https://archive.org/details/entertainment-weekly-1425-2016-08-05,true,true,,true,true,reviews|features|industry_news|ads,"Film, TV, and pop culture audience",IA title: Entertainment Weekly #1425 | 08/05/2016 | The Walking Dead
Entertainment Weekly,2016-08-12,Internet Archive,https://archive.org/details/entertainment-weekly-1426-2016-08-12,true,true,,true,true,reviews|features|industry_news|ads,"Film, TV, and pop culture audience",IA title: Entertainment Weekly #1426 | 08/12/2016 | Kevin Hart
Entertainment Weekly,2016-08-19,Internet Archive,https://archive.org/details/entertainment-weekly-1427-1428-2016-08-19,true,true,,true,true,reviews|features|industry_news|ads,"Film, TV, and pop culture audience",IA title: Entertainment Weekly #1427/1428 | 08/19/2016 | Fantastic Beasts
Entertainment Weekly,2017-01-09,Internet Archive,https://archive.org/details/Entertainment_Weekly_April_10_2015_USA,true,true,70,true,true,reviews|features|industry_news|ads,"Film, TV, and pop culture audience","IA title: Entertainment Weekly April 10, 2015 USA"
Entertainment Weekly,2017-01-09,Internet Archive,https://archive.org/details/Entertainment_Weekly_August_21_2015,true,true,116,true,true,reviews|features|industry_news|ads,"Film, TV, and pop culture audience","IA title: Entertainment Weekly August 21, 2015"
Entertainment Weekly,2017-01-09,Internet Archive,https://archive.org/details/Entertainment_Weekly_August_4_2015_USA,true,true,70,true,true,reviews|features|industry_news|ads,"Film, TV, and pop culture audience","IA title: Entertainment Weekly August 4, 2015 USA"
Entertainment Weekly,2017-01-09,Internet Archive,https://archive.org/details/Entertainment_Weekly_February_13_2015,true,true,72,true,true,reviews|features|industry_news|ads,"Film, TV, and pop culture audience","IA title: Entertainment Weekly February 13, 2015"
Entertainment Weekly,2017-01-09,Internet Archive,https://archive.org/details/Entertainment_Weekly_July_31_2015,true,true,72,true,true,reviews|features|industry_news|ads,"Film, TV, and pop culture audience","IA title: Entertainment Weekly July 31, 2015"
Entertainment Weekly,2017-01-09,Internet Archive,https://archive.org/details/Entertainment_Weekly_July_3_2015,true,true,70,true,true,reviews|features|industry_news|ads,"Film, TV, and pop culture audience","IA title: Entertainment Weekly July 3, 2015"
Entertainment Weekly,2017-01-09,Internet Archive,https://archive.org/details/Entertainment_Weekly_June_19_2015,true,true,74,true,true,reviews|features|industry_news|ads,"Film, TV, and pop culture audience","IA title: Entertainment Weekly June 19, 2015"
Entertainment Weekly,2017-01-09,Internet Archive,https://archive.org/details/Entertainment_Weekly_June_26_2015,true,true,66,true,true,reviews|features|industry_news|ads,"Film, TV, and pop culture audience","IA title: Entertainment Weekly June 26, 2015"
Entertainment Weekly,2017-01-09,Internet Archive,https://archive.org/details/Entertainment_Weekly_October_2_2015,true,true,80,true,true,reviews|features|industry_news|ads,"Film, TV, and pop culture audience","IA title: Entertainment Weekly October 2, 2015"
Entertainment Weekly,2017-01-09,Internet Archive,https://archive.org/details/Entertainment_Weekly_September_4_2015,true,true,72,true,true,reviews|features|industry_news|ads,"Film, TV, and pop culture audience","IA title: Entertainment Weekly September 4, 2015"
Entertainment Weekly,2017-01-16,Internet Archive,https://archive.org/details/Entertainment_Weekly_September_18_2015,true,true,158,true,true,reviews|features|industry_news|ads,"Film, TV, and pop culture audience","IA title: Entertainment Weekly September 18, 2015"
Entertainment Weekly,2017-04-07,Internet Archive,https://archive.org/details/entertainment-weekly-1460-1460-2017-04-07-1-a-b,true,true,,true,true,reviews|features|industry_news|ads,"Film, TV, and pop culture audience",IA title: Entertainment Weekly #1460/1461 | 04/07/2017 | Buffy #1
Entertainment Weekly,2017-04-07,Internet Archive,https://archive.org/details/entertainment-weekly-1460-1460-2017-04-07-3-a-b,true,true,,true,true,reviews|features|industry_news|ads,"Film, TV, and pop culture audience",IA title: Entertainment Weekly #1460/1461 | 04/07/2017 | Buffy #3
Entertainment Weekly,2017-04-07,Internet Archive,https://archive.org/details/entertainment-weekly-1460-1460-2017-04-07-4-a-b,true,true,,true,true,reviews|features|industry_news|ads,"Film, TV, and pop culture audience",IA title: Entertainment Weekly #1460/1461 | 04/07/2017 | Buffy #4
Entertainment Weekly,2017-05-03,Internet Archive,https://archive.org/details/Chris_Carter_Reopens_The_X-Files_Entertainment_Weekly_19.26_February_2016,true,true,2,true,true,reviews|features|industry_news|ads,"Film, TV, and pop culture audience",IA title: Chris Carter Reopens The X Files [Entertainment Weekly 19.26 February 2016]
Entertainment Weekly,2017-05-03,Internet Archive,https://archive.org/details/Kindle_book_sharing_ad_Entertainment_Weekly_22.29_April_2016_Nos.1411-2,true,true,1,true,true,reviews|features|industry_news|ads,"Film, TV, and pop culture audience",IA title: Kindle book sharing ad [Entertainment Weekly 22.29 April 2016 Nos.1411 2]
Entertainment Weekly,2017-05-03,Internet Archive,https://archive.org/details/The_Odd_Couple_Joe_R_Lansdales_Hap_and_Leonard_Entertainment_Weekly_11_March_201,true,true,,true,true,reviews|features|industry_news|ads,"Film, TV, and pop culture audience",IA title: The Odd Couple [Joe R Lansdale's Hap and Leonard Entertainment Weekly 11 March 2016 No. 1406]
Entertainment Weekly,2017-05-03,Internet Archive,https://archive.org/details/The_X-Files_The_Truth_Is_Here_Entertainment_Weekly_4_March_2016_No._1405,true,true,2,true,true,reviews|features|industry_news|ads,"Film, TV, and pop culture audience",IA title: The X Files The Truth Is Here [Entertainment Weekly 4 March 2016 No. 1405]
Entertainment Weekly,2018-11-30,Internet Archive,https://archive.org/details/entertainment-weekly-stan-lee-a-life-of-marvel-2019-a-b,true,true,,true,true,reviews|features|industry_news|ads,"Film, TV, and pop culture audience",IA title: Entertainment Weekly Stan Lee: A Life of Marvel
Entertainment Weekly,2019-02-12,Internet Archive,https://archive.org/details/Entertainment_Weekly_-_May_27_2016_vk_com_stopthepress,true,true,69,true,true,reviews|features|industry_news|ads,"Film, TV, and pop culture audience",IA title: Entertainment Weekly May 27 2016 vk com stopthepress
Entertainment Weekly,2019-02-12,Internet Archive,https://archive.org/details/Entertainment_Weekly_Issue_14601461_April_714_2017,true,true,106,true,true,reviews|features|industry_news|ads,"Film, TV, and pop culture audience",IA title: Entertainment Weekly Issue 14601461 April 714 2017
Entertainment Weekly,2019-03-15,Internet Archive,https://archive.org/details/ew-1553-1554-2019-03-15-02,true,true,,true,true,reviews|features|industry_news|ads,"Film, TV, and pop culture audience",IA title: Entertainment Weekly #1553/1554 | 03/15/2019 | Game of Thrones Cover 2
Entertainment Weekly,2019-03-15,Internet Archive,https://archive.org/details/ew-1553-1554-2019-03-15-08,true,true,,true,true,reviews|features|industry_news|ads,"Film, TV, and pop culture audience",IA title: Entertainment Weekly #1553/1554 | 03/15/2019 | Game of Thrones Cover 8
Entertainment Weekly,2019-03-15,Internet Archive,https://archive.org/details/ew-1553-1554-2019-03-15-11,true,true,,true,true,reviews|features|industry_news|ads,"Film, TV, and pop culture audience",IA title: Entertainment Weekly #1553/1554 | 03/15/2019 | Game of Thrones Cover 11
Entertainment Weekly,2019-03-15,Internet Archive,https://archive.org/details/ew-1553-1554-2019-03-15-13,true,true,,true,true,reviews|features|industry_news|ads,"Film, TV, and pop culture audience",IA title: Entertainment Weekly #1553/1554 | 03/15/2019 | Game of Thrones Cover 13
Entertainment Weekly,2019-03-15,Internet Archive,https://archive.org/details/ew-1553-1554-2019-03-15-15,true,true,,true,true,reviews|features|industry_news|ads,"Film, TV, and pop culture audience",IA title: Entertainment Weekly #1553/1554 | 03/15/2019 | Game of Thrones Cover 15
Entertainment Weekly,2021-08-07,Internet Archive,https://archive.org/details/entertainment-weekly-issue-430-may-4-1998,true,true,,true,true,reviews|features|industry_news|ads,"Film, TV, and pop culture audience","IA title: Entertainment Weekly Issue 430 ( May 4, 1998)"
Entertainment Weekly,2021-08-21,Internet Archive,https://archive.org/details/ew-the-ultimate-guide-to-star-trek-2021,true,true,,true,true,reviews|features|industry_news|ads,"Film, TV, and pop culture audience",IA title: Entertainment Weekly The Ultimate Guide to Star Trek
Entertainment Weekly,2021-09-01,Internet Archive,https://archive.org/details/entertainment-weekly-september-2021,true,true,,true,true,reviews|features|industry_news|ads,"Film, TV, and pop culture audience",IA title: Entertainment Weekly - September 2021
Entertainment Weekly,2021-12-03,Internet Archive,https://archive.org/details/ew-the-ultimate-guide-to-spiderman-2021,true,true,,true,true,reviews|features|industry_news|ads,"Film, TV, and pop culture audience","IA title: Entertainment Weekly The Ultimate Guide to Spider-Man: The Comics, The Movies, The Multiverse"
Entertainment Weekly,2021-12-24,Internet Archive,https://archive.org/details/ew-the-ultimate-guide-to-scream-2021,true,true,,true,true,reviews|features|industry_news|ads,"Film, TV, and pop culture audience",IA title: Entertainment Weekly The Ultimate Guide to Scream
Entertainment Weekly,2022-02-14,Internet Archive,https://archive.org/details/ew-the-ultimate-guide-to-batman-2022-a,true,true,,true,true,reviews|features|industry_news|ads,"Film, TV, and pop culture audience",IA title: Entertainment Weekly The Ultimate Guide to Batman
Entertainment Weekly,2022-10-25,Internet Archive,https://archive.org/details/entertainment-weekly-collection_202210,true,false,,true,true,reviews|features|industry_news|ads,"Film, TV, and pop culture audience",IA title: Entertainment Weekly Extended Collection
MAD Magazine,2078-01-01,HathiTrust,https://babel.hathitrust.org/cgi/pt?id=uiug.30112078778005,,,,true,true,satire|parody|comic_features|letters,Teen and adult satire readers,Hathi item enumcron=no. 64 (Jul. 1961) rights=ic
MAD Magazine,2078-01-01,HathiTrust,https://babel.hathitrust.org/cgi/pt?id=uiug.30112078778013,,,,true,true,satire|parody|comic_features|letters,Teen and adult satire readers,Hathi item enumcron=no. 70 (Apr. 1962) rights=ic
MAD Magazine,1953-12-31,Internet Archive,https://archive.org/details/mad_magazine_1953,true,true,,true,true,satire|parody|comic_features|letters,Teen and adult satire readers,IA title: MAD Magazine 1953
MAD Magazine,1954-12-31,Internet Archive,https://archive.org/details/mad_magazine_1954,true,true,,true,true,satire|parody|comic_features|letters,Teen and adult satire readers,IA title: MAD Magazine 1954
MAD Magazine,1955-12-31,Internet Archive,https://archive.org/details/mad_magazine_1955,true,true,,true,true,satire|parody|comic_features|letters,Teen and adult satire readers,IA title: MAD Magazine 1955
MAD Magazine,1956-07-01,Internet Archive,https://archive.org/details/MadMagazine028,true,true,,true,true,satire|parody|comic_features|letters,Teen and adult satire readers,IA title: Mad Magazine #28 7 1956 USA
MAD Magazine,1956-12-13,Internet Archive,https://archive.org/details/mad-magazine-1956,true,true,,true,true,satire|parody|comic_features|letters,Teen and adult satire readers,IA title: MAD Magazine 1956
MAD Magazine,1957-12-16,Internet Archive,https://archive.org/details/mad-magazine-1957,true,true,,true,true,satire|parody|comic_features|letters,Teen and adult satire readers,IA title: MAD Magazine 1957
MAD Magazine,1958-12-20,Internet Archive,https://archive.org/details/mad-magazine-1958,true,true,,true,true,satire|parody|comic_features|letters,Teen and adult satire readers,IA title: MAD Magazine 1958
MAD Magazine,1959-12-07,Internet Archive,https://archive.org/details/mad-magazine-1959,true,true,,true,true,satire|parody|comic_features|letters,Teen and adult satire readers,IA title: MAD Magazine 1959
MAD Magazine,1961-05-01,Internet Archive,https://archive.org/details/mad-magazine-more-trash-from-mad-004-1961,true,true,,true,true,satire|parody|comic_features|letters,Teen and adult satire readers,IA title: MAD Magazine More Trash From MAD 004 1961
MAD Magazine,1962-12-17,Internet Archive,https://archive.org/details/mad-magazine-1962,true,true,,true,true,satire|parody|comic_features|letters,Teen and adult satire readers,IA title: MAD Magazine 1962
MAD Magazine,1963-01-01,Internet Archive,https://archive.org/details/myfile_201805,true,true,,true,true,satire|parody|comic_features|letters,Teen and adult satire readers,IA title: Mad Magazine (January 1963)
MAD Magazine,1963-12-18,Internet Archive,https://archive.org/details/mad-magazine-1963,true,true,,true,true,satire|parody|comic_features|letters,Teen and adult satire readers,IA title: MAD Magazine 1963
MAD Magazine,1964-10-15,Internet Archive,https://archive.org/details/mad-magazine-090-1964,true,true,,true,true,satire|parody|comic_features|letters,Teen and adult satire readers,IA title: MAD Magazine 090 1964
MAD Magazine,1965-01-03,Internet Archive,https://archive.org/details/mad-43-man-squamish-mad-095,true,true,,true,true,satire|parody|comic_features|letters,Teen and adult satire readers,IA title: MAD Magazine Introduces 43 Man Squamish
MAD Magazine,1965-01-03,Internet Archive,https://archive.org/details/mad-fold-in-mad-095-a,true,true,,true,true,satire|parody|comic_features|letters,Teen and adult satire readers,IA title: MAD Magazine 095 Fold-In
MAD Magazine,1965-06-05,Internet Archive,https://archive.org/details/mad-magazine-follies-003-1965,true,true,,true,true,satire|parody|comic_features|letters,Teen and adult satire readers,IA title: MAD Magazine Follies 003 1965
MAD Magazine,1965-07-01,Internet Archive,https://archive.org/details/mad-magazine-annual-worst-008-1965,true,true,,true,true,satire|parody|comic_features|letters,Teen and adult satire readers,IA title: MAD Magazine Annual Worst 008 1965
MAD Magazine,1965-12-17,Internet Archive,https://archive.org/details/mad-magazine-1965,true,true,,true,true,satire|parody|comic_features|letters,Teen and adult satire readers,IA title: MAD Magazine 1965
MAD Magazine,1966-12-12,Internet Archive,https://archive.org/details/mad-magazine-1966,true,true,,true,true,satire|parody|comic_features|letters,Teen and adult satire readers,IA title: MAD Magazine 1966
MAD Magazine,1967-06-01,Internet Archive,https://archive.org/details/mad-magazine-111-1967,true,true,,true,true,satire|parody|comic_features|letters,Teen and adult satire readers,IA title: MAD Magazine 111 1967
MAD Magazine,1967-06-01,Internet Archive,https://archive.org/details/mad-magazine-follies-005-1967,true,true,,true,true,satire|parody|comic_features|letters,Teen and adult satire readers,IA title: MAD Magazine Follies 005 1967
MAD Magazine,1967-12-10,Internet Archive,https://archive.org/details/mad-magazine-1967,true,true,,true,true,satire|parody|comic_features|letters,Teen and adult satire readers,IA title: MAD Magazine 1967
MAD Magazine,1968-12-01,Internet Archive,https://archive.org/details/mad-magazine-123-1968,true,true,,true,true,satire|parody|comic_features|letters,Teen and adult satire readers,IA title: MAD Magazine 123 1968
MAD Magazine,1969-01-01,Internet Archive,https://archive.org/details/mad-magazine-124-1969,true,true,,true,true,satire|parody|comic_features|letters,Teen and adult satire readers,IA title: MAD Magazine 124 1969
MAD Magazine,1969-12-09,Internet Archive,https://archive.org/details/mad-magazine-1969,true,true,,true,true,satire|parody|comic_features|letters,Teen and adult satire readers,IA title: MAD Magazine 1969
MAD Magazine,1970-10-01,Internet Archive,https://archive.org/details/mad-magazine-138-1970,true,true,,true,true,satire|parody|comic_features|letters,Teen and adult satire readers,IA title: MAD Magazine 138 1970
MAD Magazine,1970-12-13,Internet Archive,https://archive.org/details/mad-magazine-1970,true,true,,true,true,satire|parody|comic_features|letters,Teen and adult satire readers,IA title: MAD Magazine 1970
MAD Magazine,1971-09-01,Internet Archive,https://archive.org/details/mad-magazine-special-005-1971,true,true,,true,true,satire|parody|comic_features|letters,Teen and adult satire readers,IA title: MAD Magazine Special 005 1971
MAD Magazine,1972-06-01,Internet Archive,https://archive.org/details/mad-magazine-special-008-1972,true,true,,true,true,satire|parody|comic_features|letters,Teen and adult satire readers,IA title: MAD Magazine Special 008 1972
MAD Magazine,1972-08-01,Internet Archive,https://archive.org/details/mad-magazine-special-009-1972,true,true,,true,true,satire|parody|comic_features|letters,Teen and adult satire readers,IA title: MAD Magazine Special 009 1972
MAD Magazine,1972-09-01,Internet Archive,https://archive.org/details/mad-magazine-153-1972,true,true,,true,true,satire|parody|comic_features|letters,Teen and adult satire readers,IA title: MAD Magazine 153 1972
MAD Magazine,1973-01-01,Internet Archive,https://archive.org/details/mad-magazine-156-1973,true,true,,true,true,satire|parody|comic_features|letters,Teen and adult satire readers,IA title: MAD Magazine 156 1973
MAD Magazine,1973-03-01,Internet Archive,https://archive.org/details/mad-magazine-157-1973,true,true,,true,true,satire|parody|comic_features|letters,Teen and adult satire readers,IA title: MAD Magazine 157 1973
MAD Magazine,1973-06-01,Internet Archive,https://archive.org/details/mad-magazine-159-1973,true,true,,true,true,satire|parody|comic_features|letters,Teen and adult satire readers,IA title: MAD Magazine 159 1973
MAD Magazine,1973-06-01,Internet Archive,https://archive.org/details/mad-magazine-super-special-011-1973,true,true,,true,true,satire|parody|comic_features|letters,Teen and adult satire readers,IA title: MAD Magazine Super Special 011 1973
MAD Magazine,1973-06-01,Internet Archive,https://archive.org/details/mad-magazine-super-special-011-1973-rescan,true,true,,true,true,satire|parody|comic_features|letters,Teen and adult satire readers,IA title: MAD Magazine Super Special 011 1973 Rescan
MAD Magazine,1973-09-01,Internet Archive,https://archive.org/details/mad-magazine-161-1973,true,true,,true,true,satire|parody|comic_features|letters,Teen and adult satire readers,IA title: MAD Magazine 161 1973
MAD Magazine,1973-10-01,Internet Archive,https://archive.org/details/mad-magazine-162-1973,true,true,,true,true,satire|parody|comic_features|letters,Teen and adult satire readers,IA title: MAD Magazine 162 1973
MAD Magazine,1973-12-01,Internet Archive,https://archive.org/details/mad-magazine-163-1973,true,true,,true,true,satire|parody|comic_features|letters,Teen and adult satire readers,IA title: MAD Magazine 163 1973
MAD Magazine,1974-01-01,Internet Archive,https://archive.org/details/mad-magazine-164-1974,true,true,,true,true,satire|parody|comic_features|letters,Teen and adult satire readers,IA title: MAD Magazine 164 1974
MAD Magazine,1974-04-01,Internet Archive,https://archive.org/details/mad-magazine-166-1974,true,true,,true,true,satire|parody|comic_features|letters,Teen and adult satire readers,IA title: MAD Magazine 166 1974
MAD Magazine,1974-06-01,Internet Archive,https://archive.org/details/mad-magazine-super-special-014-1974,true,true,,true,true,satire|parody|comic_features|letters,Teen and adult satire readers,IA title: MAD Magazine Super Special 014 1974
MAD Magazine,1974-06-30,Internet Archive,https://archive.org/details/mad-magazine-super-special-013-1974,true,true,,true,true,satire|parody|comic_features|letters,Teen and adult satire readers,IA title: MAD Magazine Super Special 013 1974
MAD Magazine,1974-07-01,Internet Archive,https://archive.org/details/mad-magazine-168-1974,true,true,,true,true,satire|parody|comic_features|letters,Teen and adult satire readers,IA title: MAD Magazine 168 1974
MAD Magazine,1974-09-01,Internet Archive,https://archive.org/details/mad-magazine-169-1974,true,true,,true,true,satire|parody|comic_features|letters,Teen and adult satire readers,IA title: MAD Magazine 169 1974
MAD Magazine,1974-10-01,Internet Archive,https://archive.org/details/mad-magazine-170-1974,true,true,,true,true,satire|parody|comic_features|letters,Teen and adult satire readers,IA title: MAD Magazine 170 1974
MAD Magazine,1974-12-01,Internet Archive,https://archive.org/details/mad-magazine-171-1974,true,true,,true,true,satire|parody|comic_features|letters,Teen and adult satire readers,IA title: MAD Magazine 171 1974
MAD Magazine,1975-01-01,Internet Archive,https://archive.org/details/mad-magazine-172-1975,true,true,,true,true,satire|parody|comic_features|letters,Teen and adult satire readers,IA title: MAD Magazine 172 1975
MAD Magazine,1975-03-01,Internet Archive,https://archive.org/details/mad-magazine-173-1975,true,true,,true,true,satire|parody|comic_features|letters,Teen and adult satire readers,IA title: MAD Magazine 173 1975
MAD Magazine,1975-06-01,Internet Archive,https://archive.org/details/mad-magazine-super-special-017-1975,true,true,,true,true,satire|parody|comic_features|letters,Teen and adult satire readers,IA title: MAD Magazine Super Special 017 1975
MAD Magazine,1975-06-01,Internet Archive,https://archive.org/details/mad-magazine-super-special-018-1975,true,true,,true,true,satire|parody|comic_features|letters,Teen and adult satire readers,IA title: MAD Magazine Super Special 018 1975
MAD Magazine,1975-06-30,Internet Archive,https://archive.org/details/mad-magazine-super-special-016-1975_202204,true,true,,true,true,satire|parody|comic_features|letters,Teen and adult satire readers,IA title: MAD Magazine Super Special 016 1975
MAD Magazine,1975-07-01,Internet Archive,https://archive.org/details/mad-magazine-176-1975,true,true,,true,true,satire|parody|comic_features|letters,Teen and adult satire readers,IA title: MAD Magazine 176 1975
MAD Magazine,1975-09-01,Internet Archive,https://archive.org/details/mad-magazine-177-1975,true,true,,true,true,satire|parody|comic_features|letters,Teen and adult satire readers,IA title: MAD Magazine 177 1975
MAD Magazine,1975-10-01,Internet Archive,https://archive.org/details/mad-magazine-178-1975,true,true,,true,true,satire|parody|comic_features|letters,Teen and adult satire readers,IA title: MAD Magazine 178 1975
MAD Magazine,1975-12-01,Internet Archive,https://archive.org/details/mad-magazine-174-1975,true,true,,true,true,satire|parody|comic_features|letters,Teen and adult satire readers,IA title: MAD Magazine 174 1975
MAD Magazine,1975-12-01,Internet Archive,https://archive.org/details/mad-magazine-179-1975,true,true,,true,true,satire|parody|comic_features|letters,Teen and adult satire readers,IA title: MAD Magazine 179 1975
MAD Magazine,1976-01-01,Internet Archive,https://archive.org/details/mad-magazine-180-1976,true,true,,true,true,satire|parody|comic_features|letters,Teen and adult satire readers,IA title: MAD Magazine 180 1976
MAD Magazine,1976-01-31,Internet Archive,https://archive.org/details/mad-magazine-super-special-019-1976,true,true,,true,true,satire|parody|comic_features|letters,Teen and adult satire readers,IA title: MAD Magazine Super Special 019 1976
MAD Magazine,1976-02-15,Internet Archive,https://archive.org/details/mad-magazine-super-special-022-1976,true,true,,true,true,satire|parody|comic_features|letters,Teen and adult satire readers,IA title: MAD Magazine Super Special 022 1976
MAD Magazine,1976-03-01,Internet Archive,https://archive.org/details/mad-magazine-181-1976,true,true,,true,true,satire|parody|comic_features|letters,Teen and adult satire readers,IA title: MAD Magazine 181 1976
MAD Magazine,1976-04-01,Internet Archive,https://archive.org/details/mad-magazine-182-1976,true,true,,true,true,satire|parody|comic_features|letters,Teen and adult satire readers,IA title: MAD Magazine 182 1976
MAD Magazine,1976-06-01,Internet Archive,https://archive.org/details/mad-magazine-183-1976,true,true,,true,true,satire|parody|comic_features|letters,Teen and adult satire readers,IA title: MAD Magazine 183 1976
MAD Magazine,1976-06-01,Internet Archive,https://archive.org/details/mad-magazine-issue-183-june-1976,true,true,,true,true,satire|parody|comic_features|letters,Teen and adult satire readers,IA title: MAD Magazine Issue 183 (June 1976)
MAD Magazine,1976-06-01,Internet Archive,https://archive.org/details/mad-magazine-super-special-020-1976,true,true,,true,true,satire|parody|comic_features|letters,Teen and adult satire readers,IA title: MAD Magazine Super Special 020 1976
MAD Magazine,1976-07-01,Internet Archive,https://archive.org/details/mad-magazine-184-1976,true,true,,true,true,satire|parody|comic_features|letters,Teen and adult satire readers,IA title: MAD Magazine 184 1976
MAD Magazine,1976-09-01,Internet Archive,https://archive.org/details/mad-magazine-185-1976,true,true,,true,true,satire|parody|comic_features|letters,Teen and adult satire readers,IA title: MAD Magazine 185 1976
MAD Magazine,1976-10-01,Internet Archive,https://archive.org/details/mad-magazine-186-1976,true,true,,true,true,satire|parody|comic_features|letters,Teen and adult satire readers,IA title: MAD Magazine 186 1976
MAD Magazine,1976-12-01,Internet Archive,https://archive.org/details/mad-magazine-187-1976,true,true,,true,true,satire|parody|comic_features|letters,Teen and adult satire readers,IA title: MAD Magazine 187 1976
MAD Magazine,1977-04-01,Internet Archive,https://archive.org/details/mad-magazine-190-1977,true,true,,true,true,satire|parody|comic_features|letters,Teen and adult satire readers,IA title: MAD Magazine 190 1977
MAD Magazine,1977-09-01,Internet Archive,https://archive.org/details/british-mad-185,true,true,,true,true,satire|parody|comic_features|letters,Teen and adult satire readers,IA title: Mad Magazine (British Edition) #185
MAD Magazine,1977-11-01,Internet Archive,https://archive.org/details/mad-magazine-super-special-024-1977,true,true,,true,true,satire|parody|comic_features|letters,Teen and adult satire readers,IA title: MAD Magazine Super Special 024 1977
MAD Magazine,1978-02-15,Internet Archive,https://archive.org/details/mad-magazine-super-special-027-1978,true,true,,true,true,satire|parody|comic_features|letters,Teen and adult satire readers,IA title: MAD Magazine Super Special 027 1978
MAD Magazine,1978-04-01,Internet Archive,https://archive.org/details/british-mad-192,true,true,,true,true,satire|parody|comic_features|letters,Teen and adult satire readers,IA title: Mad Magazine (British Edition) #192
MAD Magazine,1978-06-01,Internet Archive,https://archive.org/details/mad-magazine-199-1978,true,true,,true,true,satire|parody|comic_features|letters,Teen and adult satire readers,IA title: MAD Magazine 199 1978
MAD Magazine,1978-06-30,Internet Archive,https://archive.org/details/mad-magazine-super-special-025-1978,true,true,,true,true,satire|parody|comic_features|letters,Teen and adult satire readers,IA title: MAD Magazine Super Special 025 1978
MAD Magazine,1979-12-15,Internet Archive,https://archive.org/details/mad-magazine-super-special-029-1979,true,true,,true,true,satire|parody|comic_features|letters,Teen and adult satire readers,IA title: MAD Magazine Super Special 029 1979
MAD Magazine,1980-01-01,Internet Archive,https://archive.org/details/mexican-mad-v1-29,true,true,,true,true,satire|parody|comic_features|letters,Teen and adult satire readers,IA title: Mad Magazine (1st Mexican Edition) #29
MAD Magazine,1980-01-15,Internet Archive,https://archive.org/details/mad-magazine-super-special-033-1980-rescan,true,true,,true,true,satire|parody|comic_features|letters,Teen and adult satire readers,IA title: MAD Magazine Super Special 033 1980 Rescan
MAD Magazine,1980-01-15,Internet Archive,https://archive.org/details/mad-magazine-super-special-033-winter-1980,true,true,,true,true,satire|parody|comic_features|letters,Teen and adult satire readers,IA title: MAD Magazine Super Special 033 Winter 1980
MAD Magazine,1980-04-15,Internet Archive,https://archive.org/details/mad-magazine-super-special-030-1980,true,true,,true,true,satire|parody|comic_features|letters,Teen and adult satire readers,IA title: MAD Magazine Super Special 030 1980
MAD Magazine,1980-07-01,Internet Archive,https://archive.org/details/mad-magazine-216-1980,true,true,,true,true,satire|parody|comic_features|letters,Teen and adult satire readers,IA title: MAD Magazine 216 1980
MAD Magazine,1980-09-01,Internet Archive,https://archive.org/details/argentinian-mad-42,true,true,,true,true,satire|parody|comic_features|letters,Teen and adult satire readers,IA title: Mad Magazine (Argentinian Edition) #42
MAD Magazine,1980-10-01,Internet Archive,https://archive.org/details/mad-magazine-218-1980,true,true,,true,true,satire|parody|comic_features|letters,Teen and adult satire readers,IA title: MAD Magazine 218 1980
MAD Magazine,1981-01-01,Internet Archive,https://archive.org/details/mad-magazine-220-1981,true,true,,true,true,satire|parody|comic_features|letters,Teen and adult satire readers,IA title: MAD Magazine 220 1981
MAD Magazine,1981-03-01,Internet Archive,https://archive.org/details/mad-magazine-super-special-034-1981,true,true,,true,true,satire|parody|comic_features|letters,Teen and adult satire readers,IA title: MAD Magazine Super Special 034 1981
MAD Magazine,1981-08-01,Internet Archive,https://archive.org/details/british-mad-232,true,true,,true,true,satire|parody|comic_features|letters,Teen and adult satire readers,IA title: Mad Magazine (British Edition) #232
MAD Magazine,1981-09-30,Internet Archive,https://archive.org/details/mad-magazine-super-special-036-1981,true,true,,true,true,satire|parody|comic_features|letters,Teen and adult satire readers,IA title: MAD Magazine Super Special 036 1981
MAD Magazine,1981-10-01,Internet Archive,https://archive.org/details/mad-magazine-226-1981,true,true,,true,true,satire|parody|comic_features|letters,Teen and adult satire readers,IA title: MAD Magazine 226 1981
MAD Magazine,1981-11-01,Internet Archive,https://archive.org/details/french-mad-2,true,true,,true,true,satire|parody|comic_features|letters,Teen and adult satire readers,IA title: Mad Magazine (2nd French Edition) #2
MAD Magazine,1981-12-01,Internet Archive,https://archive.org/details/french-mad-3,true,true,,true,true,satire|parody|comic_features|letters,Teen and adult satire readers,IA title: Mad Magazine (2nd French Edition) #3
MAD Magazine,1981-12-01,Internet Archive,https://archive.org/details/mad-magazine-super-special-037-1981,true,true,,true,true,satire|parody|comic_features|letters,Teen and adult satire readers,IA title: MAD Magazine Super Special 037 1981
MAD Magazine,1982-06-01,Internet Archive,https://archive.org/details/british-mad-242,true,true,,true,true,satire|parody|comic_features|letters,Teen and adult satire readers,IA title: Mad Magazine (British Edition) #242
MAD Magazine,1982-08-01,Internet Archive,https://archive.org/details/british-mad-244,true,true,,true,true,satire|parody|comic_features|letters,Teen and adult satire readers,IA title: Mad Magazine (British Edition) #244
MAD Magazine,1982-09-01,Internet Archive,https://archive.org/details/mad-magazine-super-special-040-1982,true,true,,true,true,satire|parody|comic_features|letters,Teen and adult satire readers,IA title: MAD Magazine Super Special 040 1982
MAD Magazine,1983-03-15,Internet Archive,https://archive.org/details/mad-magazine-super-special-046-1984,true,true,,true,true,satire|parody|comic_features|letters,Teen and adult satire readers,IA title: MAD Magazine Super Special 046 1984
MAD Magazine,1983-12-01,Internet Archive,https://archive.org/details/german-mad-v1-176,true,true,,true,true,satire|parody|comic_features|letters,Teen and adult satire readers,IA title: Mad Magazine (1st German Edition) #176
MAD Magazine,1983-12-15,Internet Archive,https://archive.org/details/mad-magazine-super-special-045-1983,true,true,,true,true,satire|parody|comic_features|letters,Teen and adult satire readers,IA title: MAD Magazine Super Special 045 1983
MAD Magazine,1984-02-01,Internet Archive,https://archive.org/details/dutch-mad-v1-158,true,true,,true,true,satire|parody|comic_features|letters,Teen and adult satire readers,IA title: Mad Magazine (1st Dutch Edition) #158
MAD Magazine,1984-05-01,Internet Archive,https://archive.org/details/dutch-mad-v1-160,true,true,,true,true,satire|parody|comic_features|letters,Teen and adult satire readers,IA title: Mad Magazine (1st Dutch Edition) #160
MAD Magazine,1984-05-01,Internet Archive,https://archive.org/details/dutch-mad-v1-161,true,true,,true,true,satire|parody|comic_features|letters,Teen and adult satire readers,IA title: Mad Magazine (1st Dutch Edition) #161
MAD Magazine,1984-06-15,Internet Archive,https://archive.org/details/mad-magazine-super-special-047-1984,true,true,,true,true,satire|parody|comic_features|letters,Teen and adult satire readers,IA title: MAD Magazine Super Special 047 1984
MAD Magazine,1984-09-15,Internet Archive,https://archive.org/details/mad-magazine-super-special-048-1984,true,true,,true,true,satire|parody|comic_features|letters,Teen and adult satire readers,IA title: MAD Magazine Super Special 048 1984
MAD Magazine,1984-10-01,Internet Archive,https://archive.org/details/british-mad-270,true,true,,true,true,satire|parody|comic_features|letters,Teen and adult satire readers,IA title: Mad Magazine (British Edition) #270
MAD Magazine,1985-03-01,Internet Archive,https://archive.org/details/british-mad-275,true,true,,true,true,satire|parody|comic_features|letters,Teen and adult satire readers,IA title: Mad Magazine (British Edition) #275
MAD Magazine,1985-03-01,Internet Archive,https://archive.org/details/dutch-mad-v1-171,true,true,,true,true,satire|parody|comic_features|letters,Teen and adult satire readers,IA title: Mad Magazine (1st Dutch Edition) #171
MAD Magazine,1985-06-01,Internet Archive,https://archive.org/details/british-mad-278,true,true,,true,true,satire|parody|comic_features|letters,Teen and adult satire readers,IA title: Mad Magazine (British Edition) #278
MAD Magazine,1985-06-01,Internet Archive,https://archive.org/details/mad-magazine-255-1985_202310,true,true,,true,true,satire|parody|comic_features|letters,Teen and adult satire readers,IA title: MAD Magazine 255 1985
MAD Magazine,1985-06-15,Internet Archive,https://archive.org/details/mad-magazine-super-special-051-1985,true,true,,true,true,satire|parody|comic_features|letters,Teen and adult satire readers,IA title: MAD Magazine Super Special 051 1985
MAD Magazine,1985-07-01,Internet Archive,https://archive.org/details/dutch-mad-v1-174,true,true,,true,true,satire|parody|comic_features|letters,Teen and adult satire readers,IA title: Mad Magazine (1st Dutch Edition) #174
MAD Magazine,1985-08-01,Internet Archive,https://archive.org/details/dutch-mad-v1-175,true,true,,true,true,satire|parody|comic_features|letters,Teen and adult satire readers,IA title: Mad Magazine (1st Dutch Edition) #175
MAD Magazine,1985-09-01,Internet Archive,https://archive.org/details/dutch-mad-v1-176,true,true,,true,true,satire|parody|comic_features|letters,Teen and adult satire readers,IA title: Mad Magazine (1st Dutch Edition) #176
MAD Magazine,1985-09-01,Internet Archive,https://archive.org/details/mad-magazine-super-special-052-1985,true,true,,true,true,satire|parody|comic_features|letters,Teen and adult satire readers,IA title: MAD Magazine Super Special 052 1985
MAD Magazine,1985-09-01,Internet Archive,https://archive.org/details/mad-magazine-super-special-052-1985-rescan,true,true,,true,true,satire|parody|comic_features|letters,Teen and adult satire readers,IA title: MAD Magazine Super Special 052 1985 Rescan
MAD Magazine,1985-11-01,Internet Archive,https://archive.org/details/dutch-mad-v1-178,true,true,,true,true,satire|parody|comic_features|letters,Teen and adult satire readers,IA title: Mad Magazine (1st Dutch Edition) #178
MAD Magazine,1986-01-01,Internet Archive,https://archive.org/details/dutch-mad-v1-179,true,true,,true,true,satire|parody|comic_features|letters,Teen and adult satire readers,IA title: Mad Magazine (1st Dutch Edition) #179
MAD Magazine,1986-02-01,Internet Archive,https://archive.org/details/dutch-mad-v1-180,true,true,,true,true,satire|parody|comic_features|letters,Teen and adult satire readers,IA title: Mad Magazine (1st Dutch Edition) #180
MAD Magazine,1986-03-01,Internet Archive,https://archive.org/details/dutch-mad-v1-181,true,true,,true,true,satire|parody|comic_features|letters,Teen and adult satire readers,IA title: Mad Magazine (1st Dutch Edition) #181
MAD Magazine,1986-04-01,Internet Archive,https://archive.org/details/dutch-mad-v1-182,true,true,,true,true,satire|parody|comic_features|letters,Teen and adult satire readers,IA title: Mad Magazine (1st Dutch Edition) #182
MAD Magazine,1986-06-01,Internet Archive,https://archive.org/details/dutch-mad-v1-184,true,true,,true,true,satire|parody|comic_features|letters,Teen and adult satire readers,IA title: Mad Magazine (1st Dutch Edition) #184
MAD Magazine,1986-06-15,Internet Archive,https://archive.org/details/mad-magazine-super-special-055-1986,true,true,,true,true,satire|parody|comic_features|letters,Teen and adult satire readers,IA title: MAD Magazine Super Special 055 1986
MAD Magazine,1986-10-01,Internet Archive,https://archive.org/details/british-mad-294,true,true,,true,true,satire|parody|comic_features|letters,Teen and adult satire readers,IA title: Mad Magazine (British Edition) #294
MAD Magazine,1986-12-15,Internet Archive,https://archive.org/details/mad-magazine-super-special-057-1986,true,true,,true,true,satire|parody|comic_features|letters,Teen and adult satire readers,IA title: MAD Magazine Super Special 057 1986
MAD Magazine,1987-01-01,Internet Archive,https://archive.org/details/dutch-mad-v1-189,true,true,,true,true,satire|parody|comic_features|letters,Teen and adult satire readers,IA title: Mad Magazine (1st Dutch Edition) #189
MAD Magazine,1987-03-01,Internet Archive,https://archive.org/details/dutch-mad-v1-191,true,true,,true,true,satire|parody|comic_features|letters,Teen and adult satire readers,IA title: Mad Magazine (1st Dutch Edition) #191
MAD Magazine,1987-03-01,Internet Archive,https://archive.org/details/mad-magazine-super-special-058-1987,true,true,,true,true,satire|parody|comic_features|letters,Teen and adult satire readers,IA title: MAD Magazine Super Special 058 1987
MAD Magazine,1987-07-01,Internet Archive,https://archive.org/details/british-mad-303,true,true,,true,true,satire|parody|comic_features|letters,Teen and adult satire readers,IA title: Mad Magazine (British Edition) #303
MAD Magazine,1987-08-01,Internet Archive,https://archive.org/details/dutch-mad-v1-195,true,true,,true,true,satire|parody|comic_features|letters,Teen and adult satire readers,IA title: Mad Magazine (1st Dutch Edition) #195
MAD Magazine,1987-09-01,Internet Archive,https://archive.org/details/dutch-mad-v1-196,true,true,,true,true,satire|parody|comic_features|letters,Teen and adult satire readers,IA title: Mad Magazine (1st Dutch Edition) #196
MAD Magazine,1987-10-01,Internet Archive,https://archive.org/details/dutch-mad-v1-197,true,true,,true,true,satire|parody|comic_features|letters,Teen and adult satire readers,IA title: Mad Magazine (1st Dutch Edition) #197
MAD Magazine,1988-01-01,Internet Archive,https://archive.org/details/dutch-mad-v1-199,true,true,,true,true,satire|parody|comic_features|letters,Teen and adult satire readers,IA title: Mad Magazine (1st Dutch Edition) #199
MAD Magazine,1988-03-01,Internet Archive,https://archive.org/details/dutch-mad-v1-201,true,true,,true,true,satire|parody|comic_features|letters,Teen and adult satire readers,IA title: Mad Magazine (1st Dutch Edition) #201
MAD Magazine,1988-05-01,Internet Archive,https://archive.org/details/dutch-mad-v1-203,true,true,,true,true,satire|parody|comic_features|letters,Teen and adult satire readers,IA title: Mad Magazine (1st Dutch Edition) #203
MAD Magazine,1988-08-01,Internet Archive,https://archive.org/details/dutch-mad-v1-205,true,true,,true,true,satire|parody|comic_features|letters,Teen and adult satire readers,IA title: Mad Magazine (1st Dutch Edition) #205
MAD Magazine,1988-09-01,Internet Archive,https://archive.org/details/mad-206,true,true,,true,true,satire|parody|comic_features|letters,Teen and adult satire readers,IA title: Mad Magazine (1st Dutch Edition) #206
MAD Magazine,1988-10-01,Internet Archive,https://archive.org/details/dutch-mad-v1-207,true,true,,true,true,satire|parody|comic_features|letters,Teen and adult satire readers,IA title: Mad Magazine (1st Dutch Edition) #207
MAD Magazine,1988-11-01,Internet Archive,https://archive.org/details/dutch-mad-v1-208,true,true,,true,true,satire|parody|comic_features|letters,Teen and adult satire readers,IA title: Mad Magazine (1st Dutch Edition) #208
MAD Magazine,1989-01-01,Internet Archive,https://archive.org/details/dutch-mad-v1-209,true,true,,true,true,satire|parody|comic_features|letters,Teen and adult satire readers,IA title: Mad Magazine (1st Dutch Edition) #209
MAD Magazine,1989-03-01,Internet Archive,https://archive.org/details/dutch-mad-v1-211,true,true,,true,true,satire|parody|comic_features|letters,Teen and adult satire readers,IA title: Mad Magazine (1st Dutch Edition) #211
MAD Magazine,1989-04-01,Internet Archive,https://archive.org/details/dutch-mad-v1-212,true,true,,true,true,satire|parody|comic_features|letters,Teen and adult satire readers,IA title: Mad Magazine (1st Dutch Edition) #212
MAD Magazine,1989-06-01,Internet Archive,https://archive.org/details/mad-magazine-u.-s.-issue-287-june-1989_202304,true,true,,true,true,satire|parody|comic_features|letters,Teen and adult satire readers,IA title: MAD Magazine (U.S.) Issue # 287 (June 1989)
MAD Magazine,1989-11-01,Internet Archive,https://archive.org/details/mad-magazine-super-special-069-1989,true,true,,true,true,satire|parody|comic_features|letters,Teen and adult satire readers,IA title: MAD Magazine Super Special 069 1989
MAD Magazine,1990-03-15,Internet Archive,https://archive.org/details/mad-magazine-super-special-070-1990,true,true,,true,true,satire|parody|comic_features|letters,Teen and adult satire readers,IA title: MAD Magazine Super Special 070 1990
MAD Magazine,1990-09-01,Internet Archive,https://archive.org/details/mad-magazine-super-special-072-1990,true,true,,true,true,satire|parody|comic_features|letters,Teen and adult satire readers,IA title: MAD Magazine Super Special 072 1990
MAD Magazine,1990-09-01,Internet Archive,https://archive.org/details/mad-magazine-super-special-072-1990-rescan,true,true,,true,true,satire|parody|comic_features|letters,Teen and adult satire readers,IA title: MAD Magazine Super Special 072 1990 RESCAN
MAD Magazine,1991-09-01,Internet Archive,https://archive.org/details/mad-magazine-305-1991,true,true,,true,true,satire|parody|comic_features|letters,Teen and adult satire readers,IA title: MAD Magazine 305 1991
MAD Magazine,1992-05-01,Internet Archive,https://archive.org/details/mad-magazine-super-special-081-1992,true,true,,true,true,satire|parody|comic_features|letters,Teen and adult satire readers,IA title: MAD Magazine Super Special 081 1992
MAD Magazine,1992-05-01,Internet Archive,https://archive.org/details/mad-magazine-super-special-081-1992-rescan,true,true,,true,true,satire|parody|comic_features|letters,Teen and adult satire readers,IA title: MAD Magazine Super Special 081 1992 Rescan
MAD Magazine,1993-01-01,Internet Archive,https://archive.org/details/mad-magazine-super-special-085-1993,true,true,,true,true,satire|parody|comic_features|letters,Teen and adult satire readers,IA title: MAD Magazine Super Special 085 1993
MAD Magazine,1993-01-01,Internet Archive,https://archive.org/details/mad-magazine-super-special-085-1993-rescan,true,true,,true,true,satire|parody|comic_features|letters,Teen and adult satire readers,IA title: MAD Magazine Super Special 085 1993 Rescan
MAD Magazine,1993-01-01,Internet Archive,https://archive.org/details/mexican-mad-v3-08,true,true,,true,true,satire|parody|comic_features|letters,Teen and adult satire readers,IA title: Mad Magazine (3rd Mexican Edition) #08
MAD Magazine,1994-09-01,Internet Archive,https://archive.org/details/mad-magazine-super-special-099-1994,true,true,,true,true,satire|parody|comic_features|letters,Teen and adult satire readers,IA title: MAD Magazine Super Special 099 1994
MAD Magazine,1995-01-01,Internet Archive,https://archive.org/details/mad-magazine-super-special-101-1995,true,true,,true,true,satire|parody|comic_features|letters,Teen and adult satire readers,IA title: MAD Magazine Super Special 101 1995
MAD Magazine,1995-03-01,Internet Archive,https://archive.org/details/mad-magazine-super-special-102-1995,true,true,,true,true,satire|parody|comic_features|letters,Teen and adult satire readers,IA title: MAD Magazine Super Special 102 1995
MAD Magazine,1995-06-01,Internet Archive,https://archive.org/details/mad-magazine-super-special-104-1995,true,true,,true,true,satire|parody|comic_features|letters,Teen and adult satire readers,IA title: MAD Magazine Super Special 104 1995
MAD Magazine,1995-07-01,Internet Archive,https://archive.org/details/mad-magazine-super-special-105-1995,true,true,,true,true,satire|parody|comic_features|letters,Teen and adult satire readers,IA title: MAD Magazine Super Special 105 1995
MAD Magazine,1995-10-01,Internet Archive,https://archive.org/details/mad-magazine-super-special-107-1995,true,true,,true,true,satire|parody|comic_features|letters,Teen and adult satire readers,IA title: MAD Magazine Super Special 107 1995
MAD Magazine,2003-09-17,Internet Archive,https://archive.org/details/mad_magazine_vs_the_fbi_2003,true,true,7,true,true,satire|parody|comic_features|letters,Teen and adult satire readers,IA title: MAD Magazine vs the FBI 2003
MAD Magazine,2004-04-01,Internet Archive,https://archive.org/details/11_20240610,false,false,,true,true,satire|parody|comic_features|letters,Teen and adult satire readers,IA title: MAD Magazine #438 (February 2004)
MAD Magazine,2007-05-01,Internet Archive,https://archive.org/details/german-mad-v2-104,true,true,,true,true,satire|parody|comic_features|letters,Teen and adult satire readers,IA title: Mad Magazine (2nd German Edition) #104
MAD Magazine,2008-05-01,Internet Archive,https://archive.org/details/german-mad-v2-116,true,true,,true,true,satire|parody|comic_features|letters,Teen and adult satire readers,IA title: Mad Magazine (2nd German Edition) #116
MAD Magazine,2009-10-01,Internet Archive,https://archive.org/details/mad-501-oct-2009,true,true,,true,true,satire|parody|comic_features|letters,Teen and adult satire readers,IA title: MAD Magazine 501 (October 2009)
MAD Magazine,2012-02-01,Internet Archive,https://archive.org/details/mad-magazine-513-february-2012,true,true,,true,true,satire|parody|comic_features|letters,Teen and adult satire readers,IA title: MAD Magazine # 513 ( February 2012)
MAD Magazine,2012-06-01,Internet Archive,https://archive.org/details/mad-515-june-2012,true,true,,true,true,satire|parody|comic_features|letters,Teen and adult satire readers,IA title: MAD Magazine #515 (June 2012)
MAD Magazine,2013-02-01,Internet Archive,https://archive.org/details/mad-519-feb-2013,true,true,,true,true,satire|parody|comic_features|letters,Teen and adult satire readers,IA title: MAD Magazine #519 (February 2013)
MAD Magazine,2021-03-07,Internet Archive,https://archive.org/details/s-l-1600-4_202103,false,false,,true,true,satire|parody|comic_features|letters,Teen and adult satire readers,IA title: MAD Magazine COver
MAD Magazine,2021-06-27,Internet Archive,https://archive.org/details/mad_magazine_collection,false,false,,true,true,satire|parody|comic_features|letters,Teen and adult satire readers,IA title: mad_magazine_collection
MAD Magazine,2021-06-27,Internet Archive,https://archive.org/details/mad_magazine_collection4,false,false,,true,true,satire|parody|comic_features|letters,Teen and adult satire readers,IA title: mad_magazine_collection
MAD Magazine,2021-08-03,Internet Archive,https://archive.org/details/mad-magazine-2018-2021-issue-01-20,true,true,,true,true,satire|parody|comic_features|letters,Teen and adult satire readers,IA title: MAD Magazine (2018-2022) Issue 01-24
MAD Magazine,2021-08-03,Internet Archive,https://archive.org/details/mad-magazine-extra-books-and-issues,true,true,,true,true,satire|parody|comic_features|letters,Teen and adult satire readers,IA title: MAD Magazine - Extra Books and Issues Collection {cbr+pdf}
MAD Magazine,2021-08-03,Internet Archive,https://archive.org/details/mad-magazine-random-uk-issues,true,true,,true,true,satire|parody|comic_features|letters,Teen and adult satire readers,IA title: MAD Magazine - Random UK Issues - British Edition
MAD Magazine,2021-08-03,Internet Archive,https://archive.org/details/mad-magazine-spy-vs-spy-collection,true,true,,true,true,satire|parody|comic_features|letters,Teen and adult satire readers,IA title: MAD Magazine - Spy vs Spy Collection
MAD Magazine,2021-08-11,Internet Archive,https://archive.org/details/mad-april-2008-issue-by-editors-of-mad-magazine-z-lib.org,true,true,,true,true,satire|parody|comic_features|letters,Teen and adult satire readers,"IA title: Mad, April 2008 Issue By Editors Of MAD Magazine (z Lib.org)"
MAD Magazine,2021-08-13,Internet Archive,https://archive.org/details/mad-april-2008-issue-by-editors-of-mad-magazine-z-lib.org_202108,true,true,,true,true,satire|parody|comic_features|letters,Teen and adult satire readers,"IA title: Mad, April 2008 Issue By Editors Of MAD Magazine (z Lib.org)"
MAD Magazine,2021-08-13,Internet Archive,https://archive.org/details/mad-magazine-march-2008-by-editors-of-mad-magazine-z-lib.org_202108,true,true,,true,true,satire|parody|comic_features|letters,Teen and adult satire readers,IA title: Mad Magazine March 2008 By Editors Of MAD Magazine (z Lib.org)
MAD Magazine,2021-08-13,Internet Archive,https://archive.org/details/mad-magazine-march-2008-pgs-27-29-why-bus-wants-global-warming_202108,true,true,,true,true,satire|parody|comic_features|letters,Teen and adult satire readers,IA title: Mad Magazine March 2008 Pgs 27 29 Why Bus Wants Global Warming
MAD Magazine,2021-08-13,Internet Archive,https://archive.org/details/mad-magazine-may-2008-by-editors-of-mad-magazine-z-lib.org_202108,true,true,,true,true,satire|parody|comic_features|letters,Teen and adult satire readers,IA title: Mad Magazine May 2008 By Editors Of MAD Magazine (z Lib.org)
MAD Magazine,2021-08-16,Internet Archive,https://archive.org/details/mad-magazine-special-008-1972_202108,true,true,,true,true,satire|parody|comic_features|letters,Teen and adult satire readers,IA title: MAD Magazine Special 008 1972
MAD Magazine,2021-08-16,Internet Archive,https://archive.org/details/mad-magazine-special-009-1972_202108,true,true,,true,true,satire|parody|comic_features|letters,Teen and adult satire readers,IA title: MAD Magazine Special 009 1972
MAD Magazine,2021-08-16,Internet Archive,https://archive.org/details/mad-magazine-super-special-072-1990_202108,true,true,,true,true,satire|parody|comic_features|letters,Teen and adult satire readers,IA title: MAD Magazine Super Special 072 1990
MAD Magazine,2022-12-01,Internet Archive,https://archive.org/details/mad-magazine-028-2022,true,true,,true,true,satire|parody|comic_features|letters,Teen and adult satire readers,IA title: MAD Magazine #28 (2022)
MAD Magazine,2023-06-01,Internet Archive,https://archive.org/details/mad-magazine-031-2023,true,true,,true,true,satire|parody|comic_features|letters,Teen and adult satire readers,IA title: MAD Magazine #31 (2023)
MAD Magazine,2023-06-03,Internet Archive,https://archive.org/details/mad-magazine-1-500_202306,true,true,,true,true,satire|parody|comic_features|letters,Teen and adult satire readers,IA title: Mad Magazine (1 - 500)
MAD Magazine,2023-08-01,Internet Archive,https://archive.org/details/mad-magazine-032-2023,true,true,,true,true,satire|parody|comic_features|letters,Teen and adult satire readers,IA title: MAD Magazine 032 (2023)
MAD Magazine,2023-11-01,Internet Archive,https://archive.org/details/mad-magazine-034-2023,true,true,,true,true,satire|parody|comic_features|letters,Teen and adult satire readers,IA title: MAD Magazine 034 (2023)
MAD Magazine,2024-03-01,Internet Archive,https://archive.org/details/mad-magazine-036-2024,true,true,,true,true,satire|parody|comic_features|letters,Teen and adult satire readers,IA title: MAD Magazine 036 (2024)
MAD Magazine,2024-03-19,Internet Archive,https://archive.org/details/mad_magazine_046_apr_1959_images,true,true,,true,true,satire|parody|comic_features|letters,Teen and adult satire readers,IA title: MAD MAGAZINE 1-100
MAD Magazine,2024-05-01,Internet Archive,https://archive.org/details/mad-magazine-037-2024,true,true,,true,true,satire|parody|comic_features|letters,Teen and adult satire readers,IA title: MAD Magazine 037 (2024)
MAD Magazine,2024-05-28,Internet Archive,https://archive.org/details/mad-archive_202405,true,true,,true,true,satire|parody|comic_features|letters,Teen and adult satire readers,IA title: Mad Magazine Archive
MAD Magazine,2024-06-08,Internet Archive,https://archive.org/details/mad_magazine_166_apr_1974_images,true,true,,true,true,satire|parody|comic_features|letters,Teen and adult satire readers,IA title: MAD Magazine 151-211
MAD Magazine,2024-09-01,Internet Archive,https://archive.org/details/mad-magazine-039-2024,true,true,,true,true,satire|parody|comic_features|letters,Teen and adult satire readers,IA title: MAD Magazine 039 (2024)
MAD Magazine,2025-01-01,Internet Archive,https://archive.org/details/mad-magazine-041-2025,true,true,,true,true,satire|parody|comic_features|letters,Teen and adult satire readers,IA title: MAD Magazine 041 (2025)
MAD Magazine,2025-02-03,Internet Archive,https://archive.org/details/mag-mad-magazine-july-95,true,true,,true,true,satire|parody|comic_features|letters,Teen and adult satire readers,IA title: MAG Mad Magazine July 95
MAD Magazine,2025-02-08,Internet Archive,https://archive.org/details/mad_magazine_341_dec_1995_images,true,true,,true,true,satire|parody|comic_features|letters,Teen and adult satire readers,IA title: MAD MAGAZINE 1990-1995
MAD Magazine,2025-02-16,Internet Archive,https://archive.org/details/mad_magazine_359_jul_1997_images,true,true,,true,true,satire|parody|comic_features|letters,Teen and adult satire readers,IA title: MAD Magazine from 1996-2002
MAD Magazine,2025-03-01,Internet Archive,https://archive.org/details/mad-magazine-042-2025,true,true,,true,true,satire|parody|comic_features|letters,Teen and adult satire readers,IA title: MAD Magazine 042 (2025)
MAD Magazine,2025-06-01,Internet Archive,https://archive.org/details/mad-magazine-043-2025,true,true,,true,true,satire|parody|comic_features|letters,Teen and adult satire readers,IA title: MAD Magazine 043 (2025)
MAD Magazine,2025-10-01,Internet Archive,https://archive.org/details/mad-magazine-045-2025,true,true,,true,true,satire|parody|comic_features|letters,Teen and adult satire readers,IA title: MAD Magazine 045 (2025)
MAD Magazine,2025-12-01,Internet Archive,https://archive.org/details/mad-magazine-046-2025,true,true,,true,true,satire|parody|comic_features|letters,Teen and adult satire readers,IA title: MAD Magazine 046 (2025)
MAD Magazine,2026-01-01,Internet Archive,https://archive.org/details/mad-magazine-047-2025,true,true,,true,true,satire|parody|comic_features|letters,Teen and adult satire readers,IA title: MAD Magazine 047 (2025)
National Lampoon,1988,Google Books,http://books.google.com/books?id=S2YTAQAAMAAJ&dq=%22National+Lampoon%22+magazine,false,,698,true,true,satire|parody|humor_columns|illustration,Young adult and adult humor readers,Google Books viewability=view_no_pages
National Lampoon,2006,Google Books,http://books.google.com/books?id=ktMNp9uQE_UC&dq=%22National+Lampoon%22+magazine,false,,210,true,true,satire|parody|humor_columns|illustration,Young adult and adult humor readers,Google Books viewability=view_no_pages
National Lampoon,2007,Google Books,http://books.google.com/books?id=Eka6jwEACAAJ&dq=%22National+Lampoon%22+magazine,false,,,true,true,satire|parody|humor_columns|illustration,Young adult and adult humor readers,Google Books viewability=view_no_pages
National Lampoon,2009-01-01,HathiTrust,https://babel.hathitrust.org/cgi/pt?id=uc1.31822009626615,,,,true,true,satire|parody|humor_columns|illustration,Young adult and adult humor readers,Hathi item enumcron=v.3 rights=und
National Lampoon,2009-01-01,HathiTrust,https://babel.hathitrust.org/cgi/pt?id=uc1.31822009626623,,,,true,true,satire|parody|humor_columns|illustration,Young adult and adult humor readers,Hathi item enumcron=v.16 rights=und
National Lampoon,2009-01-01,HathiTrust,https://babel.hathitrust.org/cgi/pt?id=uc1.31822009626631,,,,true,true,satire|parody|humor_columns|illustration,Young adult and adult humor readers,Hathi item enumcron=v.19 rights=und
National Lampoon,2009-01-01,HathiTrust,https://babel.hathitrust.org/cgi/pt?id=uc1.31822009626649,,,,true,true,satire|parody|humor_columns|illustration,Young adult and adult humor readers,Hathi item enumcron=v.26 rights=und
National Lampoon,2009-01-01,HathiTrust,https://babel.hathitrust.org/cgi/pt?id=uc1.31822009626714,,,,true,true,satire|parody|humor_columns|illustration,Young adult and adult humor readers,Hathi item enumcron=v.29-30 rights=und
National Lampoon,2009-01-01,HathiTrust,https://babel.hathitrust.org/cgi/pt?id=uc1.31822009626722,,,,true,true,satire|parody|humor_columns|illustration,Young adult and adult humor readers,Hathi item enumcron=v.31 rights=und
National Lampoon,2009-01-01,HathiTrust,https://babel.hathitrust.org/cgi/pt?id=uc1.31822009626730,,,,true,true,satire|parody|humor_columns|illustration,Young adult and adult humor readers,Hathi item enumcron=v.34 rights=und
National Lampoon,2009-01-01,HathiTrust,https://babel.hathitrust.org/cgi/pt?id=uc1.31822009626748,,,,true,true,satire|parody|humor_columns|illustration,Young adult and adult humor readers,Hathi item enumcron=v.35-36 rights=und
National Lampoon,,HathiTrust,https://babel.hathitrust.org/cgi/pt?id=uc1.b3364952,,,,true,true,satire|parody|humor_columns|illustration,Young adult and adult humor readers,Hathi item enumcron=no. 5-6 1955 rights=ic
National Lampoon,,HathiTrust,https://babel.hathitrust.org/cgi/pt?id=uc1.b3364953,,,,true,true,satire|parody|humor_columns|illustration,Young adult and adult humor readers,Hathi item enumcron=no. 7-8 1955 rights=ic
National Lampoon,,HathiTrust,https://babel.hathitrust.org/cgi/pt?id=uc1.b3364958,,,,true,true,satire|parody|humor_columns|illustration,Young adult and adult humor readers,Hathi item enumcron=no. 19 1962 rights=ic
National Lampoon,,HathiTrust,https://babel.hathitrust.org/cgi/pt?id=uc1.b3364962,,,,true,true,satire|parody|humor_columns|illustration,Young adult and adult humor readers,Hathi item enumcron=no. 26 1964 rights=ic
National Lampoon,,HathiTrust,https://babel.hathitrust.org/cgi/pt?id=uc1.b3364967,,,,true,true,satire|parody|humor_columns|illustration,Young adult and adult humor readers,Hathi item enumcron=no. 38:1 1968 rights=ic
National Lampoon,,HathiTrust,https://babel.hathitrust.org/cgi/pt?id=uc1.b3364968,,,,true,true,satire|parody|humor_columns|illustration,Young adult and adult humor readers,Hathi item enumcron=no. 38:2 1968 rights=ic
National Lampoon,,HathiTrust,https://babel.hathitrust.org/cgi/pt?id=uc1.b3364969,,,,true,true,satire|parody|humor_columns|illustration,Young adult and adult humor readers,Hathi item enumcron=no. 39-40 1969 rights=ic
National Lampoon,1952,HathiTrust,https://babel.hathitrust.org/cgi/pt?id=uc1.b3364950,,,,true,true,satire|parody|humor_columns|illustration,Young adult and adult humor readers,Hathi item enumcron=no. 1-2 1952-53 rights=ic
National Lampoon,1954,HathiTrust,https://babel.hathitrust.org/cgi/pt?id=uc1.b3364951,,,,true,true,satire|parody|humor_columns|illustration,Young adult and adult humor readers,Hathi item enumcron=no. 3-4 1954-55 rights=ic
National Lampoon,1957,HathiTrust,https://babel.hathitrust.org/cgi/pt?id=uc1.b3364954,,,,true,true,satire|parody|humor_columns|illustration,Young adult and adult humor readers,Hathi item enumcron=no. 9-10 1957-59 rights=ic
National Lampoon,1958,HathiTrust,https://babel.hathitrust.org/cgi/pt?id=uc1.b3364955,,,,true,true,satire|parody|humor_columns|illustration,Young adult and adult humor readers,Hathi item enumcron=no. 11-12 1958-59 rights=ic
National Lampoon,1959,HathiTrust,https://babel.hathitrust.org/cgi/pt?id=uc1.b3364956,,,,true,true,satire|parody|humor_columns|illustration,Young adult and adult humor readers,Hathi item enumcron=no. 13-15 1959-60 rights=ic
National Lampoon,1960,HathiTrust,https://babel.hathitrust.org/cgi/pt?id=uc1.b3364957,,,,true,true,satire|parody|humor_columns|illustration,Young adult and adult humor readers,Hathi item enumcron=no. 16-18 1960-61 rights=ic
National Lampoon,1962,HathiTrust,https://babel.hathitrust.org/cgi/pt?id=uc1.b3364959,,,,true,true,satire|parody|humor_columns|illustration,Young adult and adult humor readers,Hathi item enumcron=no. 20-21 1962-63 rights=ic
National Lampoon,1962,HathiTrust,https://babel.hathitrust.org/cgi/pt?id=uc1.b3364960,,,,true,true,satire|parody|humor_columns|illustration,Young adult and adult humor readers,Hathi item enumcron=no. 22-23 1962-63 rights=ic
National Lampoon,1963,HathiTrust,https://babel.hathitrust.org/cgi/pt?id=uc1.b3364961,,,,true,true,satire|parody|humor_columns|illustration,Young adult and adult humor readers,Hathi item enumcron=no. 24-25 1963-64 rights=ic
National Lampoon,1964,HathiTrust,https://babel.hathitrust.org/cgi/pt?id=uc1.b3364963,,,,true,true,satire|parody|humor_columns|illustration,Young adult and adult humor readers,Hathi item enumcron=no. 27-29 1964-65 rights=ic
National Lampoon,1965,HathiTrust,https://babel.hathitrust.org/cgi/pt?id=uc1.b3364964,,,,true,true,satire|parody|humor_columns|illustration,Young adult and adult humor readers,Hathi item enumcron=no. 30-32 1965-66 rights=ic
National Lampoon,1966,HathiTrust,https://babel.hathitrust.org/cgi/pt?id=uc1.b3364965,,,,true,true,satire|parody|humor_columns|illustration,Young adult and adult humor readers,Hathi item enumcron=no. 33-34 1966-67 rights=ic
National Lampoon,1967,HathiTrust,https://babel.hathitrust.org/cgi/pt?id=uc1.b3364966,,,,true,true,satire|parody|humor_columns|illustration,Young adult and adult humor readers,Hathi item enumcron=no. 35-37 1967-68 rights=ic
National Lampoon,1970-01-01,Internet Archive,https://archive.org/details/lampoonarchive1970_202206,true,true,,true,true,satire|parody|humor_columns|illustration,Young adult and adult humor readers,IA title: National Lampoon 1970
National Lampoon,1971-01-01,Internet Archive,https://archive.org/details/LampoonArchive1971,true,true,,true,true,satire|parody|humor_columns|illustration,Young adult and adult humor readers,IA title: National Lampoon 1971
National Lampoon,1971-01-01,Internet Archive,https://archive.org/details/the-best-of-national-lampoon-no.-1-1972,true,true,,true,true,satire|parody|humor_columns|illustration,Young adult and adult humor readers,IA title: The Best Of National Lampoon No. 1 1972
National Lampoon,1972-01-01,Internet Archive,https://archive.org/details/LampoonArchive1972,true,true,,true,true,satire|parody|humor_columns|illustration,Young adult and adult humor readers,IA title: National Lampoon 1972
National Lampoon,1973-01-01,Internet Archive,https://archive.org/details/lampoonarchive1973_202206,true,true,,true,true,satire|parody|humor_columns|illustration,Young adult and adult humor readers,IA title: National Lampoon 1973
National Lampoon,1974-01-01,Internet Archive,https://archive.org/details/LampoonArchive1974,true,true,,true,true,satire|parody|humor_columns|illustration,Young adult and adult humor readers,IA title: National Lampoon 1974
National Lampoon,1975-01-01,Internet Archive,https://archive.org/details/1975-10,true,true,,true,true,satire|parody|humor_columns|illustration,Young adult and adult humor readers,IA title: National Lampoon 1975
National Lampoon,1976-01-01,Internet Archive,https://archive.org/details/1976-national-lampoon-excerpt-court-upholds,true,true,8,true,true,satire|parody|humor_columns|illustration,Young adult and adult humor readers,IA title: 1976 National Lampoon Excerpt Court Upholds
National Lampoon,1976-01-01,Internet Archive,https://archive.org/details/1976-national-lampoon-trots-bonnie-girl-band,true,true,2,true,true,satire|parody|humor_columns|illustration,Young adult and adult humor readers,IA title: 1976 National Lampoon Trots Bonnie Girl Band
National Lampoon,1976-01-01,Internet Archive,https://archive.org/details/LampoonArchive1976,true,true,,true,true,satire|parody|humor_columns|illustration,Young adult and adult humor readers,IA title: National Lampoon 1976
National Lampoon,1976-01-01,Internet Archive,https://archive.org/details/songbook-1976,true,true,,true,true,satire|parody|humor_columns|illustration,Young adult and adult humor readers,IA title: National Lampoon Songbook
National Lampoon,1977-01-01,Internet Archive,https://archive.org/details/LampoonArchive1977,true,true,,true,true,satire|parody|humor_columns|illustration,Young adult and adult humor readers,IA title: National Lampoon 1977
National Lampoon,1978-01-01,Internet Archive,https://archive.org/details/1978-national-lampoon-weed-issue,true,true,2,true,true,satire|parody|humor_columns|illustration,Young adult and adult humor readers,IA title: 1978 National Lampoon Weed Issue
National Lampoon,1978-01-01,Internet Archive,https://archive.org/details/LampoonArchive1978,true,true,,true,true,satire|parody|humor_columns|illustration,Young adult and adult humor readers,IA title: National Lampoon 1978
National Lampoon,1978-01-01,Internet Archive,https://archive.org/details/sunday-newspaper-parody-1978,true,true,,true,true,satire|parody|humor_columns|illustration,Young adult and adult humor readers,IA title: National Lampoon Sunday Newspaper Parody
National Lampoon,1979-01-01,Internet Archive,https://archive.org/details/LampoonArchive1979,true,true,,true,true,satire|parody|humor_columns|illustration,Young adult and adult humor readers,IA title: National Lampoon 1979
National Lampoon,1980-01-01,Internet Archive,https://archive.org/details/LampoonArchive1980,true,true,,true,true,satire|parody|humor_columns|illustration,Young adult and adult humor readers,IA title: National Lampoon 1980
National Lampoon,1981-01-01,Internet Archive,https://archive.org/details/LampoonArchive1981,true,true,,true,true,satire|parody|humor_columns|illustration,Young adult and adult humor readers,IA title: National Lampoon 1981
National Lampoon,1982-01-01,Internet Archive,https://archive.org/details/LampoonArchive1982,true,true,,true,true,satire|parody|humor_columns|illustration,Young adult and adult humor readers,IA title: National Lampoon 1982
National Lampoon,1983-01-01,Internet Archive,https://archive.org/details/LampoonArchive1983,true,true,,true,true,satire|parody|humor_columns|illustration,Young adult and adult humor readers,IA title: National Lampoon 1983
National Lampoon,1984-01-01,Internet Archive,https://archive.org/details/LampoonArchive1984,true,true,,true,true,satire|parody|humor_columns|illustration,Young adult and adult humor readers,IA title: National Lampoon 1984
National Lampoon,1985-01-01,Internet Archive,https://archive.org/details/LampoonArchive1985,true,true,,true,true,satire|parody|humor_columns|illustration,Young adult and adult humor readers,IA title: National Lampoon 1985
National Lampoon,1986-01-01,Internet Archive,https://archive.org/details/LampoonArchive1986,true,true,,true,true,satire|parody|humor_columns|illustration,Young adult and adult humor readers,IA title: National Lampoon 1986
National Lampoon,1986-01-01,Internet Archive,https://archive.org/details/national-lampoon-all-new-true-facts-1986,true,true,,true,true,satire|parody|humor_columns|illustration,Young adult and adult humor readers,IA title: National Lampoon All New True Facts 1986
National Lampoon,1987-01-01,Internet Archive,https://archive.org/details/LampoonArchive1987,true,true,,true,true,satire|parody|humor_columns|illustration,Young adult and adult humor readers,IA title: National Lampoon 1987
National Lampoon,1988-01-01,Internet Archive,https://archive.org/details/LampoonArchive1988,true,true,,true,true,satire|parody|humor_columns|illustration,Young adult and adult humor readers,IA title: National Lampoon 1988
National Lampoon,1989-01-01,Internet Archive,https://archive.org/details/LampoonArchive1989,true,true,,true,true,satire|parody|humor_columns|illustration,Young adult and adult humor readers,IA title: National Lampoon 1989
National Lampoon,1990-01-01,Internet Archive,https://archive.org/details/LampoonArchive1990,true,true,,true,true,satire|parody|humor_columns|illustration,Young adult and adult humor readers,IA title: National Lampoon 1990
National Lampoon,1991-01-01,Internet Archive,https://archive.org/details/LampoonArchive1991,true,true,,true,true,satire|parody|humor_columns|illustration,Young adult and adult humor readers,IA title: National Lampoon 1991
National Lampoon,1992-01-01,Internet Archive,https://archive.org/details/LampoonArchive9298,true,true,,true,true,satire|parody|humor_columns|illustration,Young adult and adult humor readers,IA title: National Lampoon 1992-1998
National Lampoon,2024-02-19,Internet Archive,https://archive.org/details/national-lampoon-1981-02.pdf-.-version-1,false,false,,true,true,satire|parody|humor_columns|illustration,Young adult and adult humor readers,IA title: National Lampoon ( 1981 02).pdf · Version 1
National Lampoon,2024-02-19,Internet Archive,https://archive.org/details/national-lampoon-v-1n-04-1970-07-bad-taste_202402,true,true,,true,true,satire|parody|humor_columns|illustration,Young adult and adult humor readers,IA title: National Lampoon V 1n 04 1970 07 Bad Taste
National Lampoon,2024-02-20,Internet Archive,https://archive.org/details/national-lampoon-v-1n-02-1970-05-greed,true,true,,true,true,satire|parody|humor_columns|illustration,Young adult and adult humor readers,IA title: National Lampoon V 1n 02 1970 05 Greed
New York Magazine,1968-10-21,Google Books,http://books.google.com/books?id=CeECAAAAMBAJ&dq=%22New+York+Magazine%22+magazine,false,,64,true,true,city_life|culture|reviews|ads,Urban culture and news audience,Google Books viewability=view_all_pages
New York Magazine,1969-09-01,Google Books,http://books.google.com/books?id=eMcDAAAAMBAJ&dq=%22New+York+Magazine%22+magazine,false,,64,true,true,city_life|culture|reviews|ads,Urban culture and news audience,Google Books viewability=view_all_pages
New York Magazine,1969-10-20,Google Books,http://books.google.com/books?id=b9YCAAAAMBAJ&dq=%22New+York+Magazine%22+magazine,false,,72,true,true,city_life|culture|reviews|ads,Urban culture and news audience,Google Books viewability=view_all_pages
New York Magazine,1971-12-20,Google Books,http://books.google.com/books?id=6eICAAAAMBAJ&dq=%22New+York+Magazine%22+magazine,false,,124,true,true,city_life|culture|reviews|ads,Urban culture and news audience,Google Books viewability=view_all_pages
New York Magazine,1973-05-07,Google Books,http://books.google.com/books?id=IucCAAAAMBAJ&dq=%22New+York+Magazine%22+magazine,false,,104,true,true,city_life|culture|reviews|ads,Urban culture and news audience,Google Books viewability=view_all_pages
New York Magazine,1974-04-08,Google Books,http://books.google.com/books?id=G-kCAAAAMBAJ&dq=%22New+York+Magazine%22+magazine,false,,100,true,true,city_life|culture|reviews|ads,Urban culture and news audience,Google Books viewability=view_all_pages
New York Magazine,1980-04-14,Google Books,http://books.google.com/books?id=H-QCAAAAMBAJ&dq=%22New+York+Magazine%22+magazine,false,,96,true,true,city_life|culture|reviews|ads,Urban culture and news audience,Google Books viewability=view_all_pages
New York Magazine,1985-05-13,Google Books,http://books.google.com/books?id=ysUBAAAAMBAJ&dq=%22New+York+Magazine%22+magazine,false,,176,true,true,city_life|culture|reviews|ads,Urban culture and news audience,Google Books viewability=view_all_pages
New York Magazine,1992-01-20,Google Books,http://books.google.com/books?id=a-QCAAAAMBAJ&dq=%22New+York+Magazine%22+magazine,false,,116,true,true,city_life|culture|reviews|ads,Urban culture and news audience,Google Books viewability=view_all_pages
New York Magazine,1994-10-10,Google Books,http://books.google.com/books?id=KeMCAAAAMBAJ&dq=%22New+York+Magazine%22+magazine,false,,126,true,true,city_life|culture|reviews|ads,Urban culture and news audience,Google Books viewability=view_all_pages
New York Magazine,,HathiTrust,https://babel.hathitrust.org/cgi/pt?id=ien.35556010659886,,,,true,true,city_life|culture|reviews|ads,Urban culture and news audience,Hathi item enumcron=v.18:pt.1 1985:Jan.-Feb. rights=ic
New York Magazine,,HathiTrust,https://babel.hathitrust.org/cgi/pt?id=ien.35556010663193,,,,true,true,city_life|culture|reviews|ads,Urban culture and news audience,Hathi item enumcron=v.18:pt.2 1985:Mar.-Apr. rights=ic
New York Magazine,,HathiTrust,https://babel.hathitrust.org/cgi/pt?id=ien.35556010750255,,,,true,true,city_life|culture|reviews|ads,Urban culture and news audience,Hathi item enumcron=v.18:pt.4 1985:July-Aug. rights=ic
New York Magazine,,HathiTrust,https://babel.hathitrust.org/cgi/pt?id=ien.35556010750297,,,,true,true,city_life|culture|reviews|ads,Urban culture and news audience,Hathi item enumcron=v.18:pt.3 1985:May-June rights=ic
New York Magazine,,HathiTrust,https://babel.hathitrust.org/cgi/pt?id=ien.35556010755742,,,,true,true,city_life|culture|reviews|ads,Urban culture and news audience,Hathi item enumcron=v.18:pt.5 1985:Sept-Oct. rights=ic
New York Magazine,,HathiTrust,https://babel.hathitrust.org/cgi/pt?id=ien.35556010782480,,,,true,true,city_life|culture|reviews|ads,Urban culture and news audience,Hathi item enumcron=v.18:pt.6 1985:Nov.-Dec. rights=ic
New York Magazine,2089-01-01,HathiTrust,https://babel.hathitrust.org/cgi/pt?id=ien.35556017208927,,,,true,true,city_life|culture|reviews|ads,Urban culture and news audience,Hathi item enumcron=v.19:pt.1 1986:Jan.-Feb. rights=ic
New York Magazine,,HathiTrust,https://babel.hathitrust.org/cgi/pt?id=ien.35556017213000,,,,true,true,city_life|culture|reviews|ads,Urban culture and news audience,Hathi item enumcron=v.19:pt.2 1986:Mar.-Apr. rights=ic
New York Magazine,,HathiTrust,https://babel.hathitrust.org/cgi/pt?id=ien.35556017238528,,,,true,true,city_life|culture|reviews|ads,Urban culture and news audience,Hathi item enumcron=v.19:pt.3 1986:May-June23 rights=ic
New York Magazine,,HathiTrust,https://babel.hathitrust.org/cgi/pt?id=ien.35556017246729,,,,true,true,city_life|culture|reviews|ads,Urban culture and news audience,Hathi item enumcron=v.19:pt.4 1986:June 30-Aug. rights=ic
New York Magazine,,HathiTrust,https://babel.hathitrust.org/cgi/pt?id=ien.35556017305129,,,,true,true,city_life|culture|reviews|ads,Urban culture and news audience,Hathi item enumcron=v.19:pt.6 1986:Nov.-Dec. rights=ic
New York Magazine,,HathiTrust,https://babel.hathitrust.org/cgi/pt?id=ien.35556017305285,,,,true,true,city_life|culture|reviews|ads,Urban culture and news audience,Hathi item enumcron=v.19:pt.5 1986:Sept.-Oct. rights=ic
New York Magazine,,HathiTrust,https://babel.hathitrust.org/cgi/pt?id=ien.35556017357138,,,,true,true,city_life|culture|reviews|ads,Urban culture and news audience,Hathi item enumcron=v.20:no.14-20 1987:Apr.-May 18 rights=ic
New York Magazine,,HathiTrust,https://babel.hathitrust.org/cgi/pt?id=ien.35556017414285,,,,true,true,city_life|culture|reviews|ads,Urban culture and news audience,Hathi item enumcron=v.20:no.21-26 1987:May 25-July 6 rights=ic
New York Magazine,,HathiTrust,https://babel.hathitrust.org/cgi/pt?id=ien.35556017417601,,,,true,true,city_life|culture|reviews|ads,Urban culture and news audience,Hathi item enumcron=v.20:no.27-34 1987:July 13-Aug. rights=ic
New York Magazine,,HathiTrust,https://babel.hathitrust.org/cgi/pt?id=ien.35556017958182,,,,true,true,city_life|culture|reviews|ads,Urban culture and news audience,Hathi item enumcron=v.20:no.1-8:inc rights=und
New York Magazine,,HathiTrust,https://babel.hathitrust.org/cgi/pt?id=ien.35556018258889,,,,true,true,city_life|culture|reviews|ads,Urban culture and news audience,Hathi item enumcron=v.20:no.35-40 1987:Sept.-Oct.12 rights=ic
New York Magazine,,HathiTrust,https://babel.hathitrust.org/cgi/pt?id=ien.35556018261719,,,,true,true,city_life|culture|reviews|ads,Urban culture and news audience,Hathi item enumcron=v.20:no.41-45 1987:Oct.19-Nov.16 rights=ic
New York Magazine,,HathiTrust,https://babel.hathitrust.org/cgi/pt?id=ien.35556018261727,,,,true,true,city_life|culture|reviews|ads,Urban culture and news audience,Hathi item enumcron=v.20:no.46-50 1987:Nov.23-Dec. rights=ic
New York Magazine,,HathiTrust,https://babel.hathitrust.org/cgi/pt?id=ien.35556018299016,,,,true,true,city_life|culture|reviews|ads,Urban culture and news audience,Hathi item enumcron=v.21:no.1-9 1988:Jan.-Feb. rights=ic
New York Magazine,,HathiTrust,https://babel.hathitrust.org/cgi/pt?id=ien.35556018354084,,,,true,true,city_life|culture|reviews|ads,Urban culture and news audience,Hathi item enumcron=v.21:no.16-20 1988:Apr.18-May 16 rights=ic
New York Magazine,,HathiTrust,https://babel.hathitrust.org/cgi/pt?id=ien.35556018358531,,,,true,true,city_life|culture|reviews|ads,Urban culture and news audience,Hathi item enumcron=v.21:no.21-26 1988:May 23-July 4 rights=ic
New York Magazine,,HathiTrust,https://babel.hathitrust.org/cgi/pt?id=ien.35556018359257,,,,true,true,city_life|culture|reviews|ads,Urban culture and news audience,Hathi item enumcron=v.21:no.10-15 1988:Mar.-Apr.11 rights=ic
New York Magazine,,HathiTrust,https://babel.hathitrust.org/cgi/pt?id=ien.35556018388298,,,,true,true,city_life|culture|reviews|ads,Urban culture and news audience,Hathi item enumcron=v.21:no.27-34 1988:July 11-Aug. rights=ic
New York Magazine,,HathiTrust,https://babel.hathitrust.org/cgi/pt?id=ien.35556018411645,,,,true,true,city_life|culture|reviews|ads,Urban culture and news audience,Hathi item enumcron=v.21:no.44-47 1988:Nov. rights=ic
New York Magazine,,HathiTrust,https://babel.hathitrust.org/cgi/pt?id=ien.35556018411652,,,,true,true,city_life|culture|reviews|ads,Urban culture and news audience,Hathi item enumcron=v.21:no.48-50 1988:Dec. rights=ic
New York Magazine,,HathiTrust,https://babel.hathitrust.org/cgi/pt?id=ien.35556018485342,,,,true,true,city_life|culture|reviews|ads,Urban culture and news audience,Hathi item enumcron=v.22:no.1-5 1989:Jan. rights=ic
New York Magazine,,HathiTrust,https://babel.hathitrust.org/cgi/pt?id=ien.35556018485359,,,,true,true,city_life|culture|reviews|ads,Urban culture and news audience,Hathi item enumcron=v.22:no.6-9 1989:Feb. rights=ic
New York Magazine,,HathiTrust,https://babel.hathitrust.org/cgi/pt?id=ien.35556018485367,,,,true,true,city_life|culture|reviews|ads,Urban culture and news audience,Hathi item enumcron=v.22:no.10-13 1989:Mar. rights=ic
New York Magazine,,HathiTrust,https://babel.hathitrust.org/cgi/pt?id=ien.35556018485490,,,,true,true,city_life|culture|reviews|ads,Urban culture and news audience,Hathi item enumcron=v.22:no.14-17 1989:Apr. rights=ic
New York Magazine,1964-01-01,HathiTrust,https://babel.hathitrust.org/cgi/pt?id=ien.35556019641372,,,,true,true,city_life|culture|reviews|ads,Urban culture and news audience,Hathi item enumcron=v.22:no.18-22 1989:May rights=ic
New York Magazine,1967-01-01,HathiTrust,https://babel.hathitrust.org/cgi/pt?id=ien.35556019672856,,,,true,true,city_life|culture|reviews|ads,Urban culture and news audience,Hathi item enumcron=v.22:no.31-34 1989:Aug. rights=ic
New York Magazine,1967-01-01,HathiTrust,https://babel.hathitrust.org/cgi/pt?id=ien.35556019672864,,,,true,true,city_life|culture|reviews|ads,Urban culture and news audience,Hathi item enumcron=v.22:no.27-30 1989:July rights=ic
New York Magazine,1967-01-01,HathiTrust,https://babel.hathitrust.org/cgi/pt?id=ien.35556019672872,,,,true,true,city_life|culture|reviews|ads,Urban culture and news audience,Hathi item enumcron=v.22:no.23-26 1989:June rights=ic
New York Magazine,1967-01-01,HathiTrust,https://babel.hathitrust.org/cgi/pt?id=ien.35556019678051,,,,true,true,city_life|culture|reviews|ads,Urban culture and news audience,Hathi item enumcron=v.22:no.44-47 1989:Nov. rights=ic
New York Magazine,1967-01-01,HathiTrust,https://babel.hathitrust.org/cgi/pt?id=ien.35556019678069,,,,true,true,city_life|culture|reviews|ads,Urban culture and news audience,Hathi item enumcron=v.22:no.35-38 1989:Sept. rights=ic
New York Magazine,1967-01-01,HathiTrust,https://babel.hathitrust.org/cgi/pt?id=ien.35556019678077,,,,true,true,city_life|culture|reviews|ads,Urban culture and news audience,Hathi item enumcron=v.22:no.39-43 1989:Oct. rights=ic
New York Magazine,1972-01-01,HathiTrust,https://babel.hathitrust.org/cgi/pt?id=ien.35556019722594,,,,true,true,city_life|culture|reviews|ads,Urban culture and news audience,Hathi item enumcron=v.23:no.1-4 1990:Jan. rights=ic
New York Magazine,1972-01-01,HathiTrust,https://babel.hathitrust.org/cgi/pt?id=ien.35556019722602,,,,true,true,city_life|culture|reviews|ads,Urban culture and news audience,Hathi item enumcron=v.22:no.48-51 1989:Dec.-1990:Jan.1 rights=ic
New York Magazine,1972-01-01,HathiTrust,https://babel.hathitrust.org/cgi/pt?id=ien.35556019724418,,,,true,true,city_life|culture|reviews|ads,Urban culture and news audience,Hathi item enumcron=v.23:no.5-8 1990:Feb. rights=ic
New York Magazine,1972-01-01,HathiTrust,https://babel.hathitrust.org/cgi/pt?id=ien.35556019724426,,,,true,true,city_life|culture|reviews|ads,Urban culture and news audience,Hathi item enumcron=v.23:no.9-12 1990:Mar. rights=ic
New York Magazine,1981-01-01,HathiTrust,https://babel.hathitrust.org/cgi/pt?id=ien.35556019819267,,,,true,true,city_life|culture|reviews|ads,Urban culture and news audience,Hathi item enumcron=v.23:no.18-21 1990:May rights=ic
New York Magazine,1981-01-01,HathiTrust,https://babel.hathitrust.org/cgi/pt?id=ien.35556019819762,,,,true,true,city_life|culture|reviews|ads,Urban culture and news audience,Hathi item enumcron=v.23:no.22-25 1990:June rights=ic
New York Magazine,1982-01-01,HathiTrust,https://babel.hathitrust.org/cgi/pt?id=ien.35556019824408,,,,true,true,city_life|culture|reviews|ads,Urban culture and news audience,Hathi item enumcron=v.23:no.26-29 1990:July rights=ic
New York Magazine,1982-01-01,HathiTrust,https://babel.hathitrust.org/cgi/pt?id=ien.35556019824564,,,,true,true,city_life|culture|reviews|ads,Urban culture and news audience,Hathi item enumcron=v.23:no.30-33 1990:Aug. rights=ic
New York Magazine,1982-01-01,HathiTrust,https://babel.hathitrust.org/cgi/pt?id=ien.35556019824721,,,,true,true,city_life|culture|reviews|ads,Urban culture and news audience,Hathi item enumcron=v.23:no.34-37 1990:Sept. rights=ic
New York Magazine,1985-01-01,HathiTrust,https://babel.hathitrust.org/cgi/pt?id=ien.35556019857093,,,,true,true,city_life|culture|reviews|ads,Urban culture and news audience,Hathi item enumcron=v.23:no.38-42 1990:Oct. rights=ic
New York Magazine,1985-01-01,HathiTrust,https://babel.hathitrust.org/cgi/pt?id=ien.35556019857259,,,,true,true,city_life|culture|reviews|ads,Urban culture and news audience,Hathi item enumcron=v.23:no.43-46 1990:Nov. rights=ic
New York Magazine,1986-01-01,HathiTrust,https://babel.hathitrust.org/cgi/pt?id=ien.35556019869841,,,,true,true,city_life|culture|reviews|ads,Urban culture and news audience,Hathi item enumcron=v.24:no.1-4 1991:Jan. rights=ic
New York Magazine,1987-01-01,HathiTrust,https://babel.hathitrust.org/cgi/pt?id=ien.35556019870005,,,,true,true,city_life|culture|reviews|ads,Urban culture and news audience,Hathi item enumcron=v.23:no.47-50 1990:Dec. rights=ic
New York Magazine,1987-01-01,HathiTrust,https://babel.hathitrust.org/cgi/pt?id=ien.35556019870336,,,,true,true,city_life|culture|reviews|ads,Urban culture and news audience,Hathi item enumcron=v.24:no.5-8 1991:Feb. rights=ic
New York Magazine,2060-01-01,HathiTrust,https://babel.hathitrust.org/cgi/pt?id=ien.35556020608741,,,,true,true,city_life|culture|reviews|ads,Urban culture and news audience,Hathi item enumcron=v.24:no.9-12 1991:Mar. rights=ic
New York Magazine,2060-01-01,HathiTrust,https://babel.hathitrust.org/cgi/pt?id=ien.35556020608881,,,,true,true,city_life|culture|reviews|ads,Urban culture and news audience,Hathi item enumcron=v.24:no.13-17 1991:Apr. rights=ic
New York Magazine,2060-01-01,HathiTrust,https://babel.hathitrust.org/cgi/pt?id=ien.35556020608899,,,,true,true,city_life|culture|reviews|ads,Urban culture and news audience,Hathi item enumcron=v.24:no.18-21 1991:May rights=ic
New York Magazine,2060-01-01,HathiTrust,https://babel.hathitrust.org/cgi/pt?id=ien.35556020608907,,,,true,true,city_life|culture|reviews|ads,Urban culture and news audience,Hathi item enumcron=v.24:no.22-25 1991:June rights=ic
New York Magazine,2060-01-01,HathiTrust,https://babel.hathitrust.org/cgi/pt?id=ien.35556020608915,,,,true,true,city_life|culture|reviews|ads,Urban culture and news audience,Hathi item enumcron=v.24:no.26-29 1991:July rights=ic
New York Magazine,2065-01-01,HathiTrust,https://babel.hathitrust.org/cgi/pt?id=ien.35556020650313,,,,true,true,city_life|culture|reviews|ads,Urban culture and news audience,Hathi item enumcron=v.24:no.30-33 1991:Aug. rights=ic
New York Magazine,2065-01-01,HathiTrust,https://babel.hathitrust.org/cgi/pt?id=ien.35556020650503,,,,true,true,city_life|culture|reviews|ads,Urban culture and news audience,Hathi item enumcron=v.24:no.34-38 1991:Sept. rights=ic
New York Magazine,2071-01-01,HathiTrust,https://babel.hathitrust.org/cgi/pt?id=ien.35556020717948,,,,true,true,city_life|culture|reviews|ads,Urban culture and news audience,Hathi item enumcron=v.24:no.47-50 1991:Dec. rights=ic
New York Magazine,2071-01-01,HathiTrust,https://babel.hathitrust.org/cgi/pt?id=ien.35556020717955,,,,true,true,city_life|culture|reviews|ads,Urban culture and news audience,Hathi item enumcron=v.24:no.43-46 1991:Nov. rights=ic
New York Magazine,2071-01-01,HathiTrust,https://babel.hathitrust.org/cgi/pt?id=ien.35556020717963,,,,true,true,city_life|culture|reviews|ads,Urban culture and news audience,Hathi item enumcron=v.24:no.39-42 1991:Oct. rights=ic
New York Magazine,,HathiTrust,https://babel.hathitrust.org/cgi/pt?id=ien.35556021830716,,,,true,true,city_life|culture|reviews|ads,Urban culture and news audience,Hathi item enumcron=v.25:no.18-21 1992:May rights=ic
New York Magazine,,HathiTrust,https://babel.hathitrust.org/cgi/pt?id=ien.35556021830724,,,,true,true,city_life|culture|reviews|ads,Urban culture and news audience,Hathi item enumcron=v.25:no.14-17 1992:Apr. rights=ic
New York Magazine,,HathiTrust,https://babel.hathitrust.org/cgi/pt?id=ien.35556021830872,,,,true,true,city_life|culture|reviews|ads,Urban culture and news audience,Hathi item enumcron=v.25:no.22-26 1992:June 1-July 6 rights=ic
New York Magazine,,HathiTrust,https://babel.hathitrust.org/cgi/pt?id=ien.35556021831045,,,,true,true,city_life|culture|reviews|ads,Urban culture and news audience,Hathi item enumcron=v.25:no.9-13 1992:Mar. rights=ic
New York Magazine,,HathiTrust,https://babel.hathitrust.org/cgi/pt?id=ien.35556021837752,,,,true,true,city_life|culture|reviews|ads,Urban culture and news audience,Hathi item enumcron=v.25:no.27-34 1992:July13-Aug. 31 rights=ic
New York Magazine,,HathiTrust,https://babel.hathitrust.org/cgi/pt?id=ien.35556021886601,,,,true,true,city_life|culture|reviews|ads,Urban culture and news audience,Hathi item enumcron=v.25:no.48-50 1992:Dec. rights=ic
New York Magazine,,HathiTrust,https://babel.hathitrust.org/cgi/pt?id=ien.35556021886619,,,,true,true,city_life|culture|reviews|ads,Urban culture and news audience,Hathi item enumcron=v.25:no.43-47 1992:Nov. rights=ic
New York Magazine,,HathiTrust,https://babel.hathitrust.org/cgi/pt?id=ien.35556021886627,,,,true,true,city_life|culture|reviews|ads,Urban culture and news audience,Hathi item enumcron=v.25:no.39-42 1992:Oct. rights=ic
New York Magazine,,HathiTrust,https://babel.hathitrust.org/cgi/pt?id=ien.35556021886635,,,,true,true,city_life|culture|reviews|ads,Urban culture and news audience,Hathi item enumcron=v.25:no.35-38 1992:Sept. rights=ic
New York Magazine,1952-01-01,HathiTrust,https://babel.hathitrust.org/cgi/pt?id=ien.35556021952882,,,,true,true,city_life|culture|reviews|ads,Urban culture and news audience,Hathi item enumcron=v.26:no.1-4 1993:Jan. rights=ic
New York Magazine,1952-01-01,HathiTrust,https://babel.hathitrust.org/cgi/pt?id=ien.35556021952890,,,,true,true,city_life|culture|reviews|ads,Urban culture and news audience,Hathi item enumcron=v.26:no.5-8 1993:Feb. rights=ic
New York Magazine,1959-01-01,HathiTrust,https://babel.hathitrust.org/cgi/pt?id=ien.35556021959218,,,,true,true,city_life|culture|reviews|ads,Urban culture and news audience,Hathi item enumcron=v.26:no.14-17 1993:April rights=ic
New York Magazine,1959-01-01,HathiTrust,https://babel.hathitrust.org/cgi/pt?id=ien.35556021959226,,,,true,true,city_life|culture|reviews|ads,Urban culture and news audience,Hathi item enumcron=v.26:no.9-13 1993:March rights=ic
New York Magazine,,HathiTrust,https://babel.hathitrust.org/cgi/pt?id=ien.35556022854335,,,,true,true,city_life|culture|reviews|ads,Urban culture and news audience,Hathi item enumcron=v.26:no.43-47 1993:Nov. rights=ic
New York Magazine,,HathiTrust,https://babel.hathitrust.org/cgi/pt?id=ien.35556022854343,,,,true,true,city_life|culture|reviews|ads,Urban culture and news audience,Hathi item enumcron=v.26:no.48-50 1993:Dec. rights=ic
New York Magazine,,HathiTrust,https://babel.hathitrust.org/cgi/pt?id=ien.35556022855670,,,,true,true,city_life|culture|reviews|ads,Urban culture and news audience,Hathi item enumcron=v.26:no.18-22 1993:May rights=ic
New York Magazine,,HathiTrust,https://babel.hathitrust.org/cgi/pt?id=ien.35556022855688,,,,true,true,city_life|culture|reviews|ads,Urban culture and news audience,Hathi item enumcron=v.26:no.23-29 1993:June-July rights=ic
New York Magazine,,HathiTrust,https://babel.hathitrust.org/cgi/pt?id=ien.35556022855696,,,,true,true,city_life|culture|reviews|ads,Urban culture and news audience,Hathi item enumcron=v.26:no.30-34 1993:Aug. rights=ic
New York Magazine,,HathiTrust,https://babel.hathitrust.org/cgi/pt?id=ien.35556022855704,,,,true,true,city_life|culture|reviews|ads,Urban culture and news audience,Hathi item enumcron=v.26:no.35-38 1993:Sept. rights=ic
New York Magazine,,HathiTrust,https://babel.hathitrust.org/cgi/pt?id=ien.35556022855712,,,,true,true,city_life|culture|reviews|ads,Urban culture and news audience,Hathi item enumcron=v.26:no.39-42 1993:Oct. rights=ic
New York Magazine,,HathiTrust,https://babel.hathitrust.org/cgi/pt?id=ien.35556022866339,,,,true,true,city_life|culture|reviews|ads,Urban culture and news audience,Hathi item enumcron=v.27:no.6-9 1994:Feb. rights=ic
New York Magazine,,HathiTrust,https://babel.hathitrust.org/cgi/pt?id=ien.35556022866347,,,,true,true,city_life|culture|reviews|ads,Urban culture and news audience,Hathi item enumcron=v.27:no.10-13 1994:Mar. rights=ic
New York Magazine,,HathiTrust,https://babel.hathitrust.org/cgi/pt?id=ien.35556022866354,,,,true,true,city_life|culture|reviews|ads,Urban culture and news audience,Hathi item enumcron=v.27:no.1-5 1994:Jan. rights=ic
New York Magazine,,HathiTrust,https://babel.hathitrust.org/cgi/pt?id=ien.35556022875629,,,,true,true,city_life|culture|reviews|ads,Urban culture and news audience,Hathi item enumcron=v.27:no.14-17 1994:Apr. rights=ic
New York Magazine,,HathiTrust,https://babel.hathitrust.org/cgi/pt?id=ien.35556022875637,,,,true,true,city_life|culture|reviews|ads,Urban culture and news audience,Hathi item enumcron=v.27:no.18-22 1994:May rights=ic
New York Magazine,,HathiTrust,https://babel.hathitrust.org/cgi/pt?id=ien.35556022875645,,,,true,true,city_life|culture|reviews|ads,Urban culture and news audience,Hathi item enumcron=v.27:no.23-26 1994:June-July 4 rights=ic
New York Magazine,,HathiTrust,https://babel.hathitrust.org/cgi/pt?id=ien.35556022887897,,,,true,true,city_life|culture|reviews|ads,Urban culture and news audience,Hathi item enumcron=v.27:no.35-38 1994:Sept. rights=ic
New York Magazine,,HathiTrust,https://babel.hathitrust.org/cgi/pt?id=ien.35556022887905,,,,true,true,city_life|culture|reviews|ads,Urban culture and news audience,Hathi item enumcron=v.27:no.39-43 1994:Oct. rights=ic
New York Magazine,,HathiTrust,https://babel.hathitrust.org/cgi/pt?id=ien.35556023078231,,,,true,true,city_life|culture|reviews|ads,Urban culture and news audience,Hathi item enumcron=v.27:no.44-47 1994:Nov. rights=ic
New York Magazine,,HathiTrust,https://babel.hathitrust.org/cgi/pt?id=ien.35556023641145,,,,true,true,city_life|culture|reviews|ads,Urban culture and news audience,Hathi item enumcron=v.28:no.1-5 1995:Jan. rights=ic
New York Magazine,,HathiTrust,https://babel.hathitrust.org/cgi/pt?id=ien.35556023641293,,,,true,true,city_life|culture|reviews|ads,Urban culture and news audience,Hathi item enumcron=v.28:no.6-9 1995:Feb. rights=ic
New York Magazine,,HathiTrust,https://babel.hathitrust.org/cgi/pt?id=ien.35556023648645,,,,true,true,city_life|culture|reviews|ads,Urban culture and news audience,Hathi item enumcron=v.28:no.14-17:inc. 1995:Apr. rights=ic
New York Magazine,,HathiTrust,https://babel.hathitrust.org/cgi/pt?id=ien.35556023648793,,,,true,true,city_life|culture|reviews|ads,Urban culture and news audience,Hathi item enumcron=v.28:no.18-22 1995:May rights=ic
New York Magazine,,HathiTrust,https://babel.hathitrust.org/cgi/pt?id=ien.35556023648959,,,,true,true,city_life|culture|reviews|ads,Urban culture and news audience,Hathi item enumcron=v.28:no.10-13 1995:Mar. rights=ic
New York Magazine,,HathiTrust,https://babel.hathitrust.org/cgi/pt?id=ien.35556023649114,,,,true,true,city_life|culture|reviews|ads,Urban culture and news audience,Hathi item enumcron=v.28:no.23-26 1995:June-July 3 rights=ic
New York Magazine,,HathiTrust,https://babel.hathitrust.org/cgi/pt?id=ien.35556023649122,,,,true,true,city_life|culture|reviews|ads,Urban culture and news audience,Hathi item enumcron=v.28:no.27-30 1995:July 10-31 rights=ic
New York Magazine,,HathiTrust,https://babel.hathitrust.org/cgi/pt?id=ien.35556026770495,,,,true,true,city_life|culture|reviews|ads,Urban culture and news audience,Hathi item enumcron=v.28:no.35-38 1995:Sept. rights=ic
New York Magazine,,HathiTrust,https://babel.hathitrust.org/cgi/pt?id=ien.35556026770883,,,,true,true,city_life|culture|reviews|ads,Urban culture and news audience,Hathi item enumcron=v.28:no.31-34 1995:August rights=ic
New York Magazine,,HathiTrust,https://babel.hathitrust.org/cgi/pt?id=ien.35556026774562,,,,true,true,city_life|culture|reviews|ads,Urban culture and news audience,Hathi item enumcron=v.28:no.44-47 1995:Nov. rights=ic
New York Magazine,,HathiTrust,https://babel.hathitrust.org/cgi/pt?id=ien.35556026774737,,,,true,true,city_life|culture|reviews|ads,Urban culture and news audience,Hathi item enumcron=v.28:no.39-43 1995:Oct. rights=ic
New York Magazine,,HathiTrust,https://babel.hathitrust.org/cgi/pt?id=ien.35556026780510,,,,true,true,city_life|culture|reviews|ads,Urban culture and news audience,Hathi item enumcron=v.28:no.48-51 1995:Dec.-1996:Jan.1 rights=ic
New York Magazine,,HathiTrust,https://babel.hathitrust.org/cgi/pt?id=ien.35556026802355,,,,true,true,city_life|culture|reviews|ads,Urban culture and news audience,Hathi item enumcron=v.29:no.9-12:inc. 1996:March rights=ic
New York Magazine,,HathiTrust,https://babel.hathitrust.org/cgi/pt?id=ien.35556026802652,,,,true,true,city_life|culture|reviews|ads,Urban culture and news audience,Hathi item enumcron=v.29:no.39-42 1996:October rights=ic
New York Magazine,,HathiTrust,https://babel.hathitrust.org/cgi/pt?id=ien.35556026802660,,,,true,true,city_life|culture|reviews|ads,Urban culture and news audience,Hathi item enumcron=v.29:no.34-38 1996:Sept. rights=ic
New York Magazine,,HathiTrust,https://babel.hathitrust.org/cgi/pt?id=ien.35556026802678,,,,true,true,city_life|culture|reviews|ads,Urban culture and news audience,Hathi item enumcron=v.29:no.30-33 1996:August rights=ic
New York Magazine,,HathiTrust,https://babel.hathitrust.org/cgi/pt?id=ien.35556026802686,,,,true,true,city_life|culture|reviews|ads,Urban culture and news audience,Hathi item enumcron=v.29:no.26-29 1996:July rights=ic
New York Magazine,,HathiTrust,https://babel.hathitrust.org/cgi/pt?id=ien.35556026802694,,,,true,true,city_life|culture|reviews|ads,Urban culture and news audience,Hathi item enumcron=v.29:no.22-25 1996:June-July 1 rights=ic
New York Magazine,,HathiTrust,https://babel.hathitrust.org/cgi/pt?id=ien.35556026802702,,,,true,true,city_life|culture|reviews|ads,Urban culture and news audience,Hathi item enumcron=v.29:no.18-21 1996:May rights=ic
New York Magazine,,HathiTrust,https://babel.hathitrust.org/cgi/pt?id=ien.35556026802710,,,,true,true,city_life|culture|reviews|ads,Urban culture and news audience,Hathi item enumcron=v.29:no.13-17 1996:April rights=ic
New York Magazine,,HathiTrust,https://babel.hathitrust.org/cgi/pt?id=ien.35556026814152,,,,true,true,city_life|culture|reviews|ads,Urban culture and news audience,Hathi item enumcron=v.30:no.1-7 1997:Jan.13-Feb. rights=ic
New York Magazine,,HathiTrust,https://babel.hathitrust.org/cgi/pt?id=ien.35556026814160,,,,true,true,city_life|culture|reviews|ads,Urban culture and news audience,Hathi item enumcron=v.30:no.8-12 1997:Mar. rights=ic
New York Magazine,,HathiTrust,https://babel.hathitrust.org/cgi/pt?id=ien.35556026814293,,,,true,true,city_life|culture|reviews|ads,Urban culture and news audience,Hathi item enumcron=v.30:no.13-16 1997:Apr. rights=ic
New York Magazine,,HathiTrust,https://babel.hathitrust.org/cgi/pt?id=ien.35556026822155,,,,true,true,city_life|culture|reviews|ads,Urban culture and news audience,Hathi item enumcron=v.29:no.43-46 1996:Nov. rights=ic
New York Magazine,,HathiTrust,https://babel.hathitrust.org/cgi/pt?id=ien.35556026822163,,,,true,true,city_life|culture|reviews|ads,Urban culture and news audience,Hathi item enumcron=v.29:no.47-51 1996:Dec.-1997:Jan.6 rights=ic
New York Magazine,,HathiTrust,https://babel.hathitrust.org/cgi/pt?id=ien.35556027975119,,,,true,true,city_life|culture|reviews|ads,Urban culture and news audience,Hathi item enumcron=v.30:no.33-37 1997:Sept. rights=ic
New York Magazine,,HathiTrust,https://babel.hathitrust.org/cgi/pt?id=ien.35556027978352,,,,true,true,city_life|culture|reviews|ads,Urban culture and news audience,Hathi item enumcron=v.30:no.46-50 1997:Dec. rights=ic
New York Magazine,,HathiTrust,https://babel.hathitrust.org/cgi/pt?id=ien.35556027984889,,,,true,true,city_life|culture|reviews|ads,Urban culture and news audience,Hathi item enumcron=v.31:no.1-7 1998:Jan.-Feb. rights=ic
New York Magazine,,HathiTrust,https://babel.hathitrust.org/cgi/pt?id=ien.35556027994672,,,,true,true,city_life|culture|reviews|ads,Urban culture and news audience,Hathi item enumcron=v.31:no.17-20 1998:May rights=ic
New York Magazine,,HathiTrust,https://babel.hathitrust.org/cgi/pt?id=ien.35556027994680,,,,true,true,city_life|culture|reviews|ads,Urban culture and news audience,Hathi item enumcron=v.31:no.13-16 1998:Apr. rights=ic
New York Magazine,,HathiTrust,https://babel.hathitrust.org/cgi/pt?id=ien.35556027994698,,,,true,true,city_life|culture|reviews|ads,Urban culture and news audience,Hathi item enumcron=v.31:no.8-12 1998:Mar. rights=ic
New York Magazine,,HathiTrust,https://babel.hathitrust.org/cgi/pt?id=ien.35556027999143,,,,true,true,city_life|culture|reviews|ads,Urban culture and news audience,Hathi item enumcron=v.31:no.21-25 1998:June-July 6 rights=ic
New York Magazine,,HathiTrust,https://babel.hathitrust.org/cgi/pt?id=ien.35556027999275,,,,true,true,city_life|culture|reviews|ads,Urban culture and news audience,Hathi item enumcron=v.31:no.26-33 1998:July 13-Aug. rights=ic
New York Magazine,,HathiTrust,https://babel.hathitrust.org/cgi/pt?id=ien.35556028002228,,,,true,true,city_life|culture|reviews|ads,Urban culture and news audience,Hathi item enumcron=v.31:no.34-37 1998:Sept. rights=ic
New York Magazine,,HathiTrust,https://babel.hathitrust.org/cgi/pt?id=ien.35556028013126,,,,true,true,city_life|culture|reviews|ads,Urban culture and news audience,Hathi item enumcron=v.31:no.38-42 1998:Oct. rights=ic
New York Magazine,,HathiTrust,https://babel.hathitrust.org/cgi/pt?id=ien.35556028013134,,,,true,true,city_life|culture|reviews|ads,Urban culture and news audience,Hathi item enumcron=v.31:no.42-46 1998:Nov. rights=ic
New York Magazine,,HathiTrust,https://babel.hathitrust.org/cgi/pt?id=ien.35556028013142,,,,true,true,city_life|culture|reviews|ads,Urban culture and news audience,Hathi item enumcron=v.31:no.47-49 1998:Dec. rights=ic
New York Magazine,,HathiTrust,https://babel.hathitrust.org/cgi/pt?id=ien.35556028016111,,,,true,true,city_life|culture|reviews|ads,Urban culture and news audience,Hathi item enumcron=v.31:no.50-v.32:no.7 1999:Jan.-Feb. rights=ic
New York Magazine,,HathiTrust,https://babel.hathitrust.org/cgi/pt?id=ien.35556028025716,,,,true,true,city_life|culture|reviews|ads,Urban culture and news audience,Hathi item enumcron=v.30:no.42-45 1997:Nov. rights=ic
New York Magazine,,HathiTrust,https://babel.hathitrust.org/cgi/pt?id=ien.35556028026284,,,,true,true,city_life|culture|reviews|ads,Urban culture and news audience,Hathi item enumcron=v.30:no.38-41 1997:Oct. rights=ic
New York Magazine,,HathiTrust,https://babel.hathitrust.org/cgi/pt?id=ien.35556028029890,,,,true,true,city_life|culture|reviews|ads,Urban culture and news audience,Hathi item enumcron=v.30:no.17-20 1997:May rights=ic
New York Magazine,,HathiTrust,https://babel.hathitrust.org/cgi/pt?id=ien.35556028029908,,,,true,true,city_life|culture|reviews|ads,Urban culture and news audience,Hathi item enumcron=v.30:no.21-24 1997 June rights=ic
New York Magazine,,HathiTrust,https://babel.hathitrust.org/cgi/pt?id=ien.35556028029916,,,,true,true,city_life|culture|reviews|ads,Urban culture and news audience,Hathi item enumcron=v.30:no.25-28 1997:July rights=ic
New York Magazine,,HathiTrust,https://babel.hathitrust.org/cgi/pt?id=ien.35556028029924,,,,true,true,city_life|culture|reviews|ads,Urban culture and news audience,Hathi item enumcron=v.30:no.29-32 1997:Aug. rights=ic
New York Magazine,,HathiTrust,https://babel.hathitrust.org/cgi/pt?id=ien.35556030705438,,,,true,true,city_life|culture|reviews|ads,Urban culture and news audience,Hathi item enumcron=v.33:no.47-49 2000:Dec. rights=ic
New York Magazine,,HathiTrust,https://babel.hathitrust.org/cgi/pt?id=ien.35556030850283,,,,true,true,city_life|culture|reviews|ads,Urban culture and news audience,Hathi item enumcron=v.32:no.8-12 1999:Mar. rights=ic
New York Magazine,,HathiTrust,https://babel.hathitrust.org/cgi/pt?id=ien.35556030856850,,,,true,true,city_life|culture|reviews|ads,Urban culture and news audience,Hathi item enumcron=v.32:no.17-21 1999:May rights=ic
New York Magazine,,HathiTrust,https://babel.hathitrust.org/cgi/pt?id=ien.35556030856868,,,,true,true,city_life|culture|reviews|ads,Urban culture and news audience,Hathi item enumcron=v.32:no.13-16 1999:Apr. rights=ic
New York Magazine,,HathiTrust,https://babel.hathitrust.org/cgi/pt?id=ien.35556030864383,,,,true,true,city_life|culture|reviews|ads,Urban culture and news audience,Hathi item enumcron=v.32:no.22-28 1999:June-July rights=ic
New York Magazine,,HathiTrust,https://babel.hathitrust.org/cgi/pt?id=ien.35556030864391,,,,true,true,city_life|culture|reviews|ads,Urban culture and news audience,Hathi item enumcron=v.32:no.29-33 1999:August rights=ic
New York Magazine,,HathiTrust,https://babel.hathitrust.org/cgi/pt?id=ien.35556030864409,,,,true,true,city_life|culture|reviews|ads,Urban culture and news audience,Hathi item enumcron=v.32:no.34-37 1999:Sept. rights=ic
New York Magazine,,HathiTrust,https://babel.hathitrust.org/cgi/pt?id=ien.35556030872162,,,,true,true,city_life|culture|reviews|ads,Urban culture and news audience,Hathi item enumcron=v.32:no.50-v.33:no.4 2000:Jan. rights=ic
New York Magazine,,HathiTrust,https://babel.hathitrust.org/cgi/pt?id=ien.35556030872170,,,,true,true,city_life|culture|reviews|ads,Urban culture and news audience,Hathi item enumcron=v.32:no.47-49 1999:Dec. rights=ic
New York Magazine,,HathiTrust,https://babel.hathitrust.org/cgi/pt?id=ien.35556030872188,,,,true,true,city_life|culture|reviews|ads,Urban culture and news audience,Hathi item enumcron=v.32:no.42-46 1999:Nov. rights=ic
New York Magazine,,HathiTrust,https://babel.hathitrust.org/cgi/pt?id=ien.35556030872196,,,,true,true,city_life|culture|reviews|ads,Urban culture and news audience,Hathi item enumcron=v.32:no.38-41 1999:Oct. rights=ic
New York Magazine,,HathiTrust,https://babel.hathitrust.org/cgi/pt?id=ien.35556030885834,,,,true,true,city_life|culture|reviews|ads,Urban culture and news audience,Hathi item enumcron=v.33:no.5-12 2000:Feb.-Mar. rights=ic
New York Magazine,1980-01-01,HathiTrust,https://babel.hathitrust.org/cgi/pt?id=ien.35556030891980,,,,true,true,city_life|culture|reviews|ads,Urban culture and news audience,Hathi item enumcron=v.33:no17-21 2000:May rights=ic
New York Magazine,,HathiTrust,https://babel.hathitrust.org/cgi/pt?id=ien.35556030897060,,,,true,true,city_life|culture|reviews|ads,Urban culture and news audience,Hathi item enumcron=v.33:no.13-16 2000:Apr. rights=ic
New York Magazine,,HathiTrust,https://babel.hathitrust.org/cgi/pt?id=ien.35556030897540,,,,true,true,city_life|culture|reviews|ads,Urban culture and news audience,Hathi item enumcron=v.33:no.22-27 2000:June-July 17 rights=ic
New York Magazine,,HathiTrust,https://babel.hathitrust.org/cgi/pt?id=ien.35556030897557,,,,true,true,city_life|culture|reviews|ads,Urban culture and news audience,Hathi item enumcron=v.33:no.28-33 2000:July 24-Aug. rights=ic
New York Magazine,,HathiTrust,https://babel.hathitrust.org/cgi/pt?id=ien.35556030902241,,,,true,true,city_life|culture|reviews|ads,Urban culture and news audience,Hathi item enumcron=v.33:no.34-37 2000:Sept. rights=ic
New York Magazine,,HathiTrust,https://babel.hathitrust.org/cgi/pt?id=ien.35556030902258,,,,true,true,city_life|culture|reviews|ads,Urban culture and news audience,Hathi item enumcron=v.33:no.38-42 2000:Oct. rights=ic
New York Magazine,,HathiTrust,https://babel.hathitrust.org/cgi/pt?id=ien.35556030902266,,,,true,true,city_life|culture|reviews|ads,Urban culture and news audience,Hathi item enumcron=v.33:no.43-46 2000:Nov. rights=ic
New York Magazine,,HathiTrust,https://babel.hathitrust.org/cgi/pt?id=ien.35556032886442,,,,true,true,city_life|culture|reviews|ads,Urban culture and news audience,Hathi item enumcron=v.34:no.14-17 2001:Apr. 9-30 rights=ic
New York Magazine,,HathiTrust,https://babel.hathitrust.org/cgi/pt?id=ien.35556032886483,,,,true,true,city_life|culture|reviews|ads,Urban culture and news audience,Hathi item enumcron=v.34:no.18-21 2001:May rights=ic
New York Magazine,,HathiTrust,https://babel.hathitrust.org/cgi/pt?id=ien.35556032886558,,,,true,true,city_life|culture|reviews|ads,Urban culture and news audience,Hathi item enumcron=v.34:no.22-25 2001:June 4-June 25/July 2 rights=ic
New York Magazine,,HathiTrust,https://babel.hathitrust.org/cgi/pt?id=ien.35556033617085,,,,true,true,city_life|culture|reviews|ads,Urban culture and news audience,Hathi item enumcron=v.34:no.26-33 2001:July.9-Sept. 3 rights=ic
New York Magazine,,HathiTrust,https://babel.hathitrust.org/cgi/pt?id=ien.35556033622523,,,,true,true,city_life|culture|reviews|ads,Urban culture and news audience,Hathi item enumcron=v.34:no.42-45 2001:Nov. rights=ic
New York Magazine,,HathiTrust,https://babel.hathitrust.org/cgi/pt?id=ien.35556033630799,,,,true,true,city_life|culture|reviews|ads,Urban culture and news audience,Hathi item enumcron=v.35:no.1-6 2002:Jan.14-Feb.25 rights=ic
New York Magazine,,HathiTrust,https://babel.hathitrust.org/cgi/pt?id=ien.35556033630807,,,,true,true,city_life|culture|reviews|ads,Urban culture and news audience,Hathi item enumcron=v.34:no.46-50 2001:Dec.-2002:Jan.7 rights=ic
New York Magazine,,HathiTrust,https://babel.hathitrust.org/cgi/pt?id=ien.35556033637117,,,,true,true,city_life|culture|reviews|ads,Urban culture and news audience,Hathi item enumcron=v.35:no.7-14 2002:Mar.-Apr. rights=ic
New York Magazine,,HathiTrust,https://babel.hathitrust.org/cgi/pt?id=ien.35556033651795,,,,true,true,city_life|culture|reviews|ads,Urban culture and news audience,Hathi item enumcron=v.35:no.32-46:inc. 2002:Sept.23-2003:Jan.6 rights=ic
New York Magazine,,HathiTrust,https://babel.hathitrust.org/cgi/pt?id=ien.35556033651803,,,,true,true,city_life|culture|reviews|ads,Urban culture and news audience,Hathi item enumcron=v.35:no.23-29 2002:July 8-Sept.2 rights=ic
New York Magazine,,HathiTrust,https://babel.hathitrust.org/cgi/pt?id=ien.35556033659665,,,,true,true,city_life|culture|reviews|ads,Urban culture and news audience,Hathi item enumcron=v.36:no.1-6 2003:Jan.13-Feb. rights=ic
New York Magazine,,HathiTrust,https://babel.hathitrust.org/cgi/pt?id=ien.35556033669029,,,,true,true,city_life|culture|reviews|ads,Urban culture and news audience,Hathi item enumcron=v.36:no.7-14 2003:Mar.-Apr. rights=ic
New York Magazine,,HathiTrust,https://babel.hathitrust.org/cgi/pt?id=ien.35556033677469,,,,true,true,city_life|culture|reviews|ads,Urban culture and news audience,Hathi item enumcron=v.35:no.15-22 2002:May-July 1 rights=ic
New York Magazine,,HathiTrust,https://babel.hathitrust.org/cgi/pt?id=ien.35556035363662,,,,true,true,city_life|culture|reviews|ads,Urban culture and news audience,Hathi item enumcron=v.36:no.15-21 2003:May-June 23 rights=ic
New York Magazine,,HathiTrust,https://babel.hathitrust.org/cgi/pt?id=ien.35556035363720,,,,true,true,city_life|culture|reviews|ads,Urban culture and news audience,Hathi item enumcron=v.36:no.22-29 2003:June30-Sept.1 rights=ic
New York Magazine,,HathiTrust,https://babel.hathitrust.org/cgi/pt?id=ien.35556035374198,,,,true,true,city_life|culture|reviews|ads,Urban culture and news audience,Hathi item enumcron=v.36:no.38-47 2003:Nov.-2004:Jan.12 rights=ic
New York Magazine,,HathiTrust,https://babel.hathitrust.org/cgi/pt?id=ien.35556035624469,,,,true,true,city_life|culture|reviews|ads,Urban culture and news audience,Hathi item enumcron=v.37:no.11-19 2004:Apr.-May rights=ic
New York Magazine,,HathiTrust,https://babel.hathitrust.org/cgi/pt?id=ien.35556035628593,,,,true,true,city_life|culture|reviews|ads,Urban culture and news audience,Hathi item enumcron=v.37:no.2-9:inc. 2004:19 Jan.-Mar. rights=ic
New York Magazine,,HathiTrust,https://babel.hathitrust.org/cgi/pt?id=ien.35556035738491,,,,true,true,city_life|culture|reviews|ads,Urban culture and news audience,Hathi item enumcron=v.37:no.27-33 2004:Aug.9-Sept. rights=ic
New York Magazine,,HathiTrust,https://babel.hathitrust.org/cgi/pt?id=ien.35556035749076,,,,true,true,city_life|culture|reviews|ads,Urban culture and news audience,Hathi item enumcron=v.37:no.38-46 2004:Nov.-2005:Jan.3 rights=ic
New York Magazine,,HathiTrust,https://babel.hathitrust.org/cgi/pt?id=ien.35556035749209,,,,true,true,city_life|culture|reviews|ads,Urban culture and news audience,Hathi item enumcron=v.37:no.34-37 2004:Oct. rights=ic
New York Magazine,,HathiTrust,https://babel.hathitrust.org/cgi/pt?id=ien.35556035775907,,,,true,true,city_life|culture|reviews|ads,Urban culture and news audience,Hathi item enumcron=v.38:no.27-33 2005:Aug.-Sept. rights=ic
New York Magazine,,HathiTrust,https://babel.hathitrust.org/cgi/pt?id=ien.35556035775915,,,,true,true,city_life|culture|reviews|ads,Urban culture and news audience,Hathi item enumcron=v.38:no.20-26 2005:June-July rights=ic
New York Magazine,,HathiTrust,https://babel.hathitrust.org/cgi/pt?id=ien.35556035785831,,,,true,true,city_life|culture|reviews|ads,Urban culture and news audience,Hathi item enumcron=v.38:no.2-9:inc. 2005:Jan.17-Mar. rights=ic
New York Magazine,,HathiTrust,https://babel.hathitrust.org/cgi/pt?id=ien.35556037050911,,,,true,true,city_life|culture|reviews|ads,Urban culture and news audience,Hathi item enumcron=v.39:no.8-14 2006:Mar.-Apr. rights=ic
New York Magazine,2031-01-01,HathiTrust,https://babel.hathitrust.org/cgi/pt?id=ien.35556037142031,,,,true,true,city_life|culture|reviews|ads,Urban culture and news audience,Hathi item enumcron=v.38:no.34-38 2005:Oct. rights=ic
New York Magazine,,HathiTrust,https://babel.hathitrust.org/cgi/pt?id=ien.35556037454030,,,,true,true,city_life|culture|reviews|ads,Urban culture and news audience,Hathi item enumcron=v.39:no.24-29 2006:July-Aug. rights=ic
New York Magazine,,HathiTrust,https://babel.hathitrust.org/cgi/pt?id=ien.35556037456647,,,,true,true,city_life|culture|reviews|ads,Urban culture and news audience,Hathi item enumcron=v.39:no.39-46 2006:Nov.-2007:Jan.1 rights=ic
New York Magazine,,HathiTrust,https://babel.hathitrust.org/cgi/pt?id=ien.35556037540861,,,,true,true,city_life|culture|reviews|ads,Urban culture and news audience,Hathi item enumcron=v.39:no.20-23 2006:June rights=ic
New York Magazine,,HathiTrust,https://babel.hathitrust.org/cgi/pt?id=ien.35556038709994,,,,true,true,city_life|culture|reviews|ads,Urban culture and news audience,Hathi item enumcron=v.41:no.16-24 2008:May-July 7 rights=ic
New York Magazine,,HathiTrust,https://babel.hathitrust.org/cgi/pt?id=ien.35556038760039,,,,true,true,city_life|culture|reviews|ads,Urban culture and news audience,Hathi item enumcron=v.41:no.32-38 2008:Sept.15-Oct. rights=ic
New York Magazine,,HathiTrust,https://babel.hathitrust.org/cgi/pt?id=ien.35556038768628,,,,true,true,city_life|culture|reviews|ads,Urban culture and news audience,Hathi item enumcron=v.41:no.25-31 2008:July 14-Sept.1/8 rights=ic
New York Magazine,,HathiTrust,https://babel.hathitrust.org/cgi/pt?id=ien.35556038768867,,,,true,true,city_life|culture|reviews|ads,Urban culture and news audience,Hathi item enumcron=v.40:no.39-45 2007:Nov.-Dec.17 rights=ic
New York Magazine,,HathiTrust,https://babel.hathitrust.org/cgi/pt?id=ien.35556039237326,,,,true,true,city_life|culture|reviews|ads,Urban culture and news audience,Hathi item enumcron=v.42:no.15-22 2009:May-July 6 rights=ic
New York Magazine,,HathiTrust,https://babel.hathitrust.org/cgi/pt?id=ien.35556039807813,,,,true,true,city_life|culture|reviews|ads,Urban culture and news audience,Hathi item enumcron=v.42:no.36-43 2009:Nov.-Dec. rights=ic
New York Magazine,2052-01-01,HathiTrust,https://babel.hathitrust.org/cgi/pt?id=ien.35556039812052,,,,true,true,city_life|culture|reviews|ads,Urban culture and news audience,Hathi item enumcron=v.43:no.1-7 2010:Jan.-Mar.8 rights=ic
New York Magazine,,HathiTrust,https://babel.hathitrust.org/cgi/pt?id=ien.35556041083866,,,,true,true,city_life|culture|reviews|ads,Urban culture and news audience,Hathi item enumcron=v.43:no.8-13 2010:Mar.15/22-Apr. rights=ic
New York Magazine,,HathiTrust,https://babel.hathitrust.org/cgi/pt?id=ien.35556041085986,,,,true,true,city_life|culture|reviews|ads,Urban culture and news audience,Hathi item enumcron=v.43:no.14-21 2010:May-July 5 rights=ic
New York Magazine,,HathiTrust,https://babel.hathitrust.org/cgi/pt?id=mdp.39015008604780,,,,true,true,city_life|culture|reviews|ads,Urban culture and news audience,Hathi item enumcron=v.13 no.43-50 1980 Nov-Dec rights=ic
New York Magazine,2008-01-01,HathiTrust,https://babel.hathitrust.org/cgi/pt?id=mdp.39015011572008,,,,true,true,city_life|culture|reviews|ads,Urban culture and news audience,Hathi item enumcron=v.13 no.19-33 1980 May-Aug rights=ic
New York Magazine,,HathiTrust,https://babel.hathitrust.org/cgi/pt?id=mdp.39015014521572,,,,true,true,city_life|culture|reviews|ads,Urban culture and news audience,"Hathi item enumcron=v.3 no.1,9,11,13,15-17,19,23,27-28 1970 Jan-Jun rights=ic"
New York Magazine,,HathiTrust,https://babel.hathitrust.org/cgi/pt?id=mdp.39015024640214,,,,true,true,city_life|culture|reviews|ads,Urban culture and news audience,Hathi item enumcron=v.4 no.1-17 1971 Jan-Apr rights=ic
New York Magazine,2090-01-01,HathiTrust,https://babel.hathitrust.org/cgi/pt?id=mdp.39015052090019,,,,true,true,city_life|culture|reviews|ads,Urban culture and news audience,Hathi item enumcron=v.5 no.1-17 1972 Jan-Apr rights=ic
New York Magazine,,HathiTrust,https://babel.hathitrust.org/cgi/pt?id=mdp.39015061534551,,,,true,true,city_life|culture|reviews|ads,Urban culture and news audience,Hathi item enumcron=v.5 no.18-35 1972 May-Aug rights=ic
New York Magazine,,HathiTrust,https://babel.hathitrust.org/cgi/pt?id=mdp.39015066152110,,,,true,true,city_life|culture|reviews|ads,Urban culture and news audience,Hathi item enumcron=v.39:no.31-37(2006:Sep.-Oct.) rights=ic
New York Magazine,,HathiTrust,https://babel.hathitrust.org/cgi/pt?id=mdp.39015066152128,,,,true,true,city_life|culture|reviews|ads,Urban culture and news audience,Hathi item enumcron=v.39:no.39-46(2006:Nov.-Dec.) rights=ic
New York Magazine,,HathiTrust,https://babel.hathitrust.org/cgi/pt?id=mdp.39015066152136,,,,true,true,city_life|culture|reviews|ads,Urban culture and news audience,Hathi item enumcron=v.40:no.1-7(2007:Jan.-Feb.) rights=ic
New York Magazine,,HathiTrust,https://babel.hathitrust.org/cgi/pt?id=mdp.39015066174726,,,,true,true,city_life|culture|reviews|ads,Urban culture and news audience,Hathi item enumcron=v.40:no.16-23(2007:May-Jun.) rights=ic
New York Magazine,,HathiTrust,https://babel.hathitrust.org/cgi/pt?id=mdp.39015078233650,,,,true,true,city_life|culture|reviews|ads,Urban culture and news audience,Hathi item enumcron=v.40:no.24-30(2007:Jul.-Aug.) rights=ic
New York Magazine,,HathiTrust,https://babel.hathitrust.org/cgi/pt?id=mdp.39015078233668,,,,true,true,city_life|culture|reviews|ads,Urban culture and news audience,Hathi item enumcron=v.40:no.31-38(2007:Sep.-Oct.) rights=ic
New York Magazine,,HathiTrust,https://babel.hathitrust.org/cgi/pt?id=mdp.39015078233676,,,,true,true,city_life|culture|reviews|ads,Urban culture and news audience,Hathi item enumcron=v.40:no.39-46(2007:Nov.-Dec.) rights=ic
New York Magazine,,HathiTrust,https://babel.hathitrust.org/cgi/pt?id=mdp.39015078233684,,,,true,true,city_life|culture|reviews|ads,Urban culture and news audience,Hathi item enumcron=v.41:no.8-15(2008:Mar.-Apr.) rights=ic
New York Magazine,,HathiTrust,https://babel.hathitrust.org/cgi/pt?id=mdp.39015079662808,,,,true,true,city_life|culture|reviews|ads,Urban culture and news audience,"Hathi item enumcron=v.41:no.1-3,5-7(2008:Jan.-Feb.) rights=ic"
New York Magazine,,HathiTrust,https://babel.hathitrust.org/cgi/pt?id=mdp.39015079662816,,,,true,true,city_life|culture|reviews|ads,Urban culture and news audience,Hathi item enumcron=v.41:no.16-19(2008:May) rights=ic
New York Magazine,,HathiTrust,https://babel.hathitrust.org/cgi/pt?id=mdp.39015079662824,,,,true,true,city_life|culture|reviews|ads,Urban culture and news audience,Hathi item enumcron=v.41:no.20-24(2008:Jun.-Jul.) rights=ic
New York Magazine,,HathiTrust,https://babel.hathitrust.org/cgi/pt?id=mdp.39015079662832,,,,true,true,city_life|culture|reviews|ads,Urban culture and news audience,Hathi item enumcron=v.41:no.25-30(2008:Jul.-Aug.) rights=ic
New York Magazine,,HathiTrust,https://babel.hathitrust.org/cgi/pt?id=mdp.39015079662840,,,,true,true,city_life|culture|reviews|ads,Urban culture and news audience,Hathi item enumcron=v.41:no.39-46(2008:Nov.-Dec.) rights=ic
New York Magazine,,HathiTrust,https://babel.hathitrust.org/cgi/pt?id=mdp.39015079684901,,,,true,true,city_life|culture|reviews|ads,Urban culture and news audience,Hathi item enumcron=v.41:no.31-38(2008:Sep.-Oct.) rights=ic
New York Magazine,,HathiTrust,https://babel.hathitrust.org/cgi/pt?id=uva.x030365990,,,,true,true,city_life|culture|reviews|ads,Urban culture and news audience,"Hathi item enumcron=v.11 no.23,36,41 1978 rights=ic"
New York Magazine,1971-08-02,Internet Archive,https://archive.org/details/newyorkmag_8-2-1971,true,true,60,true,true,city_life|culture|reviews|ads,Urban culture and news audience,IA title: New York Magazine
New York Magazine,1985-08-05,Internet Archive,https://archive.org/details/wexner-bachelor-billionaire-dybbuk,true,true,,true,true,city_life|culture|reviews|ads,Urban culture and news audience,IA title: New York Magazine The Bachelor Billionaire: On Pins and Needles Wexner Dybbuk
New York Magazine,1996-01-01,Internet Archive,https://archive.org/details/ramones-retire-new-york-magazine-jan-1996,true,true,,true,true,city_life|culture|reviews|ads,Urban culture and news audience,IA title: Ramones Retire - New York Magazine - Jan. 1996
New York Magazine,1997-07-07,Internet Archive,https://archive.org/details/7july97-newyorkmag-wildamerica,false,false,,true,true,city_life|culture|reviews|ads,Urban culture and news audience,"IA title: New York Magazine (July 7, 1997) ""Wild America"""
New York Magazine,2015-12-31,Internet Archive,https://archive.org/details/New_York_Magazine_December_14_2015,true,true,250,true,true,city_life|culture|reviews|ads,Urban culture and news audience,"IA title: New York Magazine December 14, 2015"
New York Magazine,2015-12-31,Internet Archive,https://archive.org/details/New_York_Magazine_November_30_2015,true,true,100,true,true,city_life|culture|reviews|ads,Urban culture and news audience,"IA title: New York Magazine November 30, 2015"
New York Magazine,2015-12-31,Internet Archive,https://archive.org/details/New_York_Magazine_November_9_2015,true,true,120,true,true,city_life|culture|reviews|ads,Urban culture and news audience,"IA title: New York Magazine November 9, 2015"
New York Magazine,2016-01-02,Internet Archive,https://archive.org/details/New_York_Magazine_September_20_2015,true,true,164,true,true,city_life|culture|reviews|ads,Urban culture and news audience,"IA title: New York Magazine September 20, 2015"
New York Magazine,2017-01-16,Internet Archive,https://archive.org/details/New_York_Magazine_April_20_2015,true,true,176,true,true,city_life|culture|reviews|ads,Urban culture and news audience,"IA title: New York Magazine April 20, 2015"
New York Magazine,2017-01-16,Internet Archive,https://archive.org/details/New_York_Magazine_April_6_2015,true,true,124,true,true,city_life|culture|reviews|ads,Urban culture and news audience,"IA title: New York Magazine April 6, 2015"
New York Magazine,2017-01-16,Internet Archive,https://archive.org/details/New_York_Magazine_August_24_2015,true,true,180,true,true,city_life|culture|reviews|ads,Urban culture and news audience,"IA title: New York Magazine August 24, 2015"
New York Magazine,2017-01-16,Internet Archive,https://archive.org/details/New_York_Magazine_August_9_2015_USA,true,true,108,true,true,city_life|culture|reviews|ads,Urban culture and news audience,"IA title: New York Magazine August 9, 2015 USA"
New York Magazine,2017-01-16,Internet Archive,https://archive.org/details/New_York_Magazine_July_13_2015,true,true,116,true,true,city_life|culture|reviews|ads,Urban culture and news audience,"IA title: New York Magazine July 13, 2015"
New York Magazine,2017-01-16,Internet Archive,https://archive.org/details/New_York_Magazine_June_8_2015,true,true,128,true,true,city_life|culture|reviews|ads,Urban culture and news audience,"IA title: New York Magazine June 8, 2015"
New York Magazine,2017-01-16,Internet Archive,https://archive.org/details/New_York_Magazine_November_16_2015,true,true,124,true,true,city_life|culture|reviews|ads,Urban culture and news audience,"IA title: New York Magazine November 16, 2015"
New York Magazine,2017-01-16,Internet Archive,https://archive.org/details/New_York_Magazine_November_23_2015,true,true,158,true,true,city_life|culture|reviews|ads,Urban culture and news audience,"IA title: New York Magazine November 23, 2015"
New York Magazine,2017-01-16,Internet Archive,https://archive.org/details/New_York_Magazine_October_19_2015,true,true,124,true,true,city_life|culture|reviews|ads,Urban culture and news audience,"IA title: New York Magazine October 19, 2015"
New York Magazine,2017-01-16,Internet Archive,https://archive.org/details/New_York_Magazine_September_21_2015,true,true,164,true,true,city_life|culture|reviews|ads,Urban culture and news audience,"IA title: New York Magazine September 21, 2015"
New York Magazine,2025-09-14,Internet Archive,https://archive.org/details/new-york-magazine-1977-2002,true,true,,true,true,city_life|culture|reviews|ads,Urban culture and news audience,IA title: New York Magazine 1977-2002
People,1921,Google Books,http://books.google.com/books?id=GFotAAAAMAAJ&dq=%22People%22+magazine,false,,242,true,true,celebrity_profiles|lifestyle|entertainment_news|ads,General celebrity and lifestyle audience,Google Books viewability=view_all_pages
People,1953-08-01,Internet Archive,https://archive.org/details/tv-people-v-01n-01-1953-08.non-pareil-bones,true,true,,true,true,celebrity_profiles|lifestyle|entertainment_news|ads,General celebrity and lifestyle audience,IA title: TV People v01n01 (1953-08.non-pareil) (BONES)
People,1953-10-01,Internet Archive,https://archive.org/details/tv-people-v-01n-02-1953-10.non-pareil-bones,true,true,,true,true,celebrity_profiles|lifestyle|entertainment_news|ads,General celebrity and lifestyle audience,IA title: TV People v01n02 [1953-10] (BONES)
People,1956-12-01,Internet Archive,https://archive.org/details/people-today-december-1956,true,true,,true,true,celebrity_profiles|lifestyle|entertainment_news|ads,General celebrity and lifestyle audience,IA title: People Today (Magazine) - December 1956
People,1958-06-01,Internet Archive,https://archive.org/details/img03262021_0001,true,true,68,true,true,celebrity_profiles|lifestyle|entertainment_news|ads,General celebrity and lifestyle audience,IA title: People Today (Magazine) - June 1958
People,1975-01-01,Internet Archive,https://archive.org/details/people-and-the-pursuit-of-truth,true,true,,true,true,celebrity_profiles|lifestyle|entertainment_news|ads,General celebrity and lifestyle audience,"IA title: People and the PURSUIT of Truth - Political Newsletter, 1975/76"
People,1978-05-01,Internet Archive,https://archive.org/details/people-magazine-1978-05-01-the-wild-and-crazy-steve-martin-red,true,true,,true,true,celebrity_profiles|lifestyle|entertainment_news|ads,General celebrity and lifestyle audience,IA title: People Magazine - (1978/05/01) - The Wild And Crazy Steve Martin
People,1980-06-23,Internet Archive,https://archive.org/details/people-magazine-1980-06-23-john-travolta-red,true,true,,true,true,celebrity_profiles|lifestyle|entertainment_news|ads,General celebrity and lifestyle audience,IA title: People Magazine - (1980/06/23) - John Travolta
People,1980-12-22,Internet Archive,https://archive.org/details/1980-12-22-people-magazine-john-lennon-a-tribute,true,true,,true,true,celebrity_profiles|lifestyle|entertainment_news|ads,General celebrity and lifestyle audience,IA title: People Magazine - (1980-12-22) - John Lennon A Tribute
People,1981-01-01,Internet Archive,https://archive.org/details/people-magazine-lb-article-1981,true,true,,true,true,celebrity_profiles|lifestyle|entertainment_news|ads,General celebrity and lifestyle audience,IA title: People Magazine LB Article 1981
People,1981-01-12,Internet Archive,https://archive.org/details/1981-01-12-people-magazine-yoko,true,true,,true,true,celebrity_profiles|lifestyle|entertainment_news|ads,General celebrity and lifestyle audience,IA title: People Magazine - Yoko - (1981/01/12)
People,1982-09-06,Internet Archive,https://archive.org/details/PeopleSep82,true,true,,true,true,celebrity_profiles|lifestyle|entertainment_news|ads,General celebrity and lifestyle audience,"IA title: People Weekly Sep 6, 1982 (The Dark Crystal)"
People,1982-12-13,Internet Archive,https://archive.org/details/1982-12-13-people-magazine-yoko-and-sean-two-years-later,true,true,,true,true,celebrity_profiles|lifestyle|entertainment_news|ads,General celebrity and lifestyle audience,IA title: People Magazine - (1982/12/13) - Yoko And Sean Two Years Later
People,1983-06-06,Internet Archive,https://archive.org/details/people-magazine-6-6-83,true,true,,true,true,celebrity_profiles|lifestyle|entertainment_news|ads,General celebrity and lifestyle audience,IA title: People Magazine 6 6 83
People,1984-01-01,Internet Archive,https://archive.org/details/PeopleForAnimalsInc.NewsletterVol5No1January1984,true,true,,true,true,celebrity_profiles|lifestyle|entertainment_news|ads,General celebrity and lifestyle audience,"IA title: People For Animals, Inc. Newsletter, Vol 5 No 1, January 1984"
People,1984-08-20,Internet Archive,https://archive.org/details/people-magazine-1984-08-20-richard-burton-red,true,true,,true,true,celebrity_profiles|lifestyle|entertainment_news|ads,General celebrity and lifestyle audience,IA title: People Magazine (1984/08/20) Richard Burton
People,1989-12-25,Internet Archive,https://archive.org/details/people-magazine-1989-12-25-c,true,true,,true,true,celebrity_profiles|lifestyle|entertainment_news|ads,General celebrity and lifestyle audience,IA title: People Magazine | 1989-12-25 | 25 Most Intriguing People
People,1990-04-01,Internet Archive,https://archive.org/details/people-magazine-1990-spring-c,true,true,,true,true,celebrity_profiles|lifestyle|entertainment_news|ads,General celebrity and lifestyle audience,IA title: People Magazine | 1990-Spring | Dazzling New Styles of the '90s
People,1991-04-15,Internet Archive,https://archive.org/details/people-1991-04-15-madonna-michael-jackson-c,true,true,,true,true,celebrity_profiles|lifestyle|entertainment_news|ads,General celebrity and lifestyle audience,IA title: People Magazine | 1991-04-15 | Madonna & Michael Jackson
People,1991-04-15,Internet Archive,https://archive.org/details/people-magazine-1991-04-15-michael-jackson-madonna-c,true,true,,true,true,celebrity_profiles|lifestyle|entertainment_news|ads,General celebrity and lifestyle audience,IA title: People Magazine | 1991-04-15 | Madonna & Michael Jackson
People,1991-10-14,Internet Archive,https://archive.org/details/people-magazine-oprah-winfrey-1991-10-14-reduced,true,true,,true,true,celebrity_profiles|lifestyle|entertainment_news|ads,General celebrity and lifestyle audience,IA title: People Magazine - (1991/10/14) - Oprah Winfrey
People,1992-03-01,Internet Archive,https://archive.org/details/commerce-people-1992-03,true,true,,true,true,celebrity_profiles|lifestyle|entertainment_news|ads,General celebrity and lifestyle audience,IA title: Commerce People March 1992
People,1992-10-30,Internet Archive,https://archive.org/details/entertainment-weekly-142-1992-10-30-power-people-c,true,true,,true,true,celebrity_profiles|lifestyle|entertainment_news|ads,General celebrity and lifestyle audience,IA title: Entertainment Weekly #0142 | 10/30/1992 | 101 Most Powerful People
People,1993-06-01,Internet Archive,https://archive.org/details/commerce-people-1993-06,true,true,,true,true,celebrity_profiles|lifestyle|entertainment_news|ads,General celebrity and lifestyle audience,IA title: Commerce People June/July 1993
People,1993-09-01,Internet Archive,https://archive.org/details/commerce-people-1993-09,true,true,,true,true,celebrity_profiles|lifestyle|entertainment_news|ads,General celebrity and lifestyle audience,IA title: Commerce People September 1993
People,1993-10-01,Internet Archive,https://archive.org/details/commerce-people-1993-10,true,true,,true,true,celebrity_profiles|lifestyle|entertainment_news|ads,General celebrity and lifestyle audience,IA title: Commerce People October 1993
People,1993-11-22,Internet Archive,https://archive.org/details/1993-11-22-people-magazine-mariah-carey-red,true,true,,true,true,celebrity_profiles|lifestyle|entertainment_news|ads,General celebrity and lifestyle audience,IA title: People Magazine - (1993/11/22) Mariah Carey
People,1995-01-01,Internet Archive,https://archive.org/details/people-weekly-tribute-1995-spring,true,true,,true,true,celebrity_profiles|lifestyle|entertainment_news|ads,General celebrity and lifestyle audience,IA title: People Weekly magazine 1995 Spring Selena Tribute
People,1995-05-27,Internet Archive,https://archive.org/details/1996-05-27-people-magazine-prom-nights,true,true,,true,true,celebrity_profiles|lifestyle|entertainment_news|ads,General celebrity and lifestyle audience,IA title: People Magazine - (1996/05/27) - Prom Nights
People,1995-11-27,Internet Archive,https://archive.org/details/1995-11-27-people-magazine-courtney-cox-red,true,true,,true,true,celebrity_profiles|lifestyle|entertainment_news|ads,General celebrity and lifestyle audience,IA title: People Magazine (1995/11/27) Courteney Cox
People,1996-07-01,Internet Archive,https://archive.org/details/july1996-teenpeople-jtt,false,false,,true,true,celebrity_profiles|lifestyle|entertainment_news|ads,General celebrity and lifestyle audience,IA title: Teen People Magazine (July 1996) Jonathan Taylor Thomas
People,1998-12-28,Internet Archive,https://archive.org/details/people-weekly-1998-12-28-c,true,true,,true,true,celebrity_profiles|lifestyle|entertainment_news|ads,General celebrity and lifestyle audience,IA title: People Magazine | 1998-12-28 | 25 Most Intriguing People
People,2001-01-08,Internet Archive,https://archive.org/details/people-2001-01-08-madonna-c,true,true,,true,true,celebrity_profiles|lifestyle|entertainment_news|ads,General celebrity and lifestyle audience,IA title: People Magazine | 2001-01-08 | Madonna
People,2001-10-01,Internet Archive,https://archive.org/details/2001-10-01-people-magazine-america-unites-red,true,true,,true,true,celebrity_profiles|lifestyle|entertainment_news|ads,General celebrity and lifestyle audience,IA title: People Magazine - (2001/10/01) - America Unites
People,2005-11-01,Internet Archive,https://archive.org/details/teen-people-magazine-november-2005,true,true,,true,true,celebrity_profiles|lifestyle|entertainment_news|ads,General celebrity and lifestyle audience,IA title: Teen People Magazine November 2005
People,2010-01-01,Internet Archive,https://archive.org/details/serve-the-people-101,true,true,46,true,true,celebrity_profiles|lifestyle|entertainment_news|ads,General celebrity and lifestyle audience,IA title: Serve the People! 10 (2010)
People,2010-01-18,Internet Archive,https://archive.org/details/people-magazine-2010-01-18-c,true,true,,true,true,celebrity_profiles|lifestyle|entertainment_news|ads,General celebrity and lifestyle audience,IA title: People Magazine | 2010-01-18 | Kate Gosselin
People,2010-01-25,Internet Archive,https://archive.org/details/people-magazine-2010-01-25-c,true,true,,true,true,celebrity_profiles|lifestyle|entertainment_news|ads,General celebrity and lifestyle audience,IA title: People Magazine | 2010-01-25 | Heidi Montag
People,2010-02-08,Internet Archive,https://archive.org/details/people-magazine-2010-02-08-c,true,true,,true,true,celebrity_profiles|lifestyle|entertainment_news|ads,General celebrity and lifestyle audience,IA title: People Magazine | 2010-02-08 | Elizabeth Edwards
People,2011-01-01,Internet Archive,https://archive.org/details/self-advocacy-for-people-with-learning-disabilities-2011,true,true,,true,true,celebrity_profiles|lifestyle|entertainment_news|ads,General celebrity and lifestyle audience,IA title: Self Advocacy For People With Learning Disabilities: A Guide for Adult Educators
People,2014-06-01,Internet Archive,https://archive.org/details/people-espanol-june-2014-los-50-mas-bellos,true,true,,true,true,celebrity_profiles|lifestyle|entertainment_news|ads,General celebrity and lifestyle audience,IA title: People (Español) June 2014 (Los 50 Mas Bellos)
People,2016-01-01,Internet Archive,https://archive.org/details/People_November_27_2015_ZA,true,true,96,true,true,celebrity_profiles|lifestyle|entertainment_news|ads,General celebrity and lifestyle audience,"IA title: People November 27, 2015 ZA"
People,2016-01-01,Internet Archive,https://archive.org/details/People_November_30_2015_USA,true,true,164,true,true,celebrity_profiles|lifestyle|entertainment_news|ads,General celebrity and lifestyle audience,"IA title: People November 30, 2015 USA"
People,2016-01-01,Internet Archive,https://archive.org/details/People_USA_4_January_2016,true,true,88,true,true,celebrity_profiles|lifestyle|entertainment_news|ads,General celebrity and lifestyle audience,IA title: People USA 4 January 2016
People,2016-01-02,Internet Archive,https://archive.org/details/People_StyleWatch_January_2016,true,true,174,true,true,celebrity_profiles|lifestyle|entertainment_news|ads,General celebrity and lifestyle audience,IA title: People StyleWatch January 2016
People,2016-02-20,Internet Archive,https://archive.org/details/People_February_22_2016,true,true,98,true,true,celebrity_profiles|lifestyle|entertainment_news|ads,General celebrity and lifestyle audience,"IA title: People February 22, 2016"
People,2016-03-06,Internet Archive,https://archive.org/details/People_14_March_2016,true,true,156,true,true,celebrity_profiles|lifestyle|entertainment_news|ads,General celebrity and lifestyle audience,IA title: People 14 March 2016
People,2016-03-06,Internet Archive,https://archive.org/details/People_7_March_2016,true,true,94,true,true,celebrity_profiles|lifestyle|entertainment_news|ads,General celebrity and lifestyle audience,IA title: People 7 March 2016
People,2017-01-09,Internet Archive,https://archive.org/details/People_April_10_2015_ZA,true,true,120,true,true,celebrity_profiles|lifestyle|entertainment_news|ads,General celebrity and lifestyle audience,"IA title: People April 10, 2015 ZA"
People,2017-01-09,Internet Archive,https://archive.org/details/People_April_13_2015_USA,true,true,122,true,true,celebrity_profiles|lifestyle|entertainment_news|ads,General celebrity and lifestyle audience,"IA title: People April 13, 2015 USA"
People,2017-01-09,Internet Archive,https://archive.org/details/People_April_17_2015_ZA,true,true,96,true,true,celebrity_profiles|lifestyle|entertainment_news|ads,General celebrity and lifestyle audience,"IA title: People April 17, 2015 ZA"
People,2017-01-09,Internet Archive,https://archive.org/details/People_April_27_2015,true,true,86,true,true,celebrity_profiles|lifestyle|entertainment_news|ads,General celebrity and lifestyle audience,"IA title: People April 27, 2015"
People,2017-01-09,Internet Archive,https://archive.org/details/People_April_6_2015,true,true,92,true,true,celebrity_profiles|lifestyle|entertainment_news|ads,General celebrity and lifestyle audience,"IA title: People April 6, 2015"
People,2017-01-09,Internet Archive,https://archive.org/details/People_August_14_2015_ZA,true,true,96,true,true,celebrity_profiles|lifestyle|entertainment_news|ads,General celebrity and lifestyle audience,"IA title: People August 14, 2015 ZA"
People,2017-01-09,Internet Archive,https://archive.org/details/People_August_17_2015_USA,true,true,94,true,true,celebrity_profiles|lifestyle|entertainment_news|ads,General celebrity and lifestyle audience,"IA title: People August 17, 2015 USA"
People,2017-01-09,Internet Archive,https://archive.org/details/People_August_31_2015,true,true,106,true,true,celebrity_profiles|lifestyle|entertainment_news|ads,General celebrity and lifestyle audience,"IA title: People August 31, 2015"
People,2017-01-09,Internet Archive,https://archive.org/details/People_August_3_2015_USA,true,true,90,true,true,celebrity_profiles|lifestyle|entertainment_news|ads,General celebrity and lifestyle audience,"IA title: People August 3, 2015 USA"
People,2017-01-09,Internet Archive,https://archive.org/details/People_February_16_2015,true,true,98,true,true,celebrity_profiles|lifestyle|entertainment_news|ads,General celebrity and lifestyle audience,"IA title: People February 16, 2015"
People,2017-01-09,Internet Archive,https://archive.org/details/People_February_9_2015,true,true,108,true,true,celebrity_profiles|lifestyle|entertainment_news|ads,General celebrity and lifestyle audience,"IA title: People February 9, 2015"
People,2017-01-09,Internet Archive,https://archive.org/details/People_July_13_2015_USA,true,true,86,true,true,celebrity_profiles|lifestyle|entertainment_news|ads,General celebrity and lifestyle audience,"IA title: People July 13, 2015 USA"
People,2017-01-09,Internet Archive,https://archive.org/details/People_July_20_2015_USA,true,true,90,true,true,celebrity_profiles|lifestyle|entertainment_news|ads,General celebrity and lifestyle audience,"IA title: People July 20, 2015 USA"
People,2017-01-09,Internet Archive,https://archive.org/details/People_July_6_2015,true,true,102,true,true,celebrity_profiles|lifestyle|entertainment_news|ads,General celebrity and lifestyle audience,"IA title: People July 6, 2015"
People,2017-01-09,Internet Archive,https://archive.org/details/People_June_15_2015_USA,true,true,138,true,true,celebrity_profiles|lifestyle|entertainment_news|ads,General celebrity and lifestyle audience,"IA title: People June 15, 2015 USA"
People,2017-01-09,Internet Archive,https://archive.org/details/People_June_22_2015,true,true,92,true,true,celebrity_profiles|lifestyle|entertainment_news|ads,General celebrity and lifestyle audience,"IA title: People June 22, 2015"
People,2017-01-09,Internet Archive,https://archive.org/details/People_June_29_2015,true,true,90,true,true,celebrity_profiles|lifestyle|entertainment_news|ads,General celebrity and lifestyle audience,"IA title: People June 29, 2015"
People,2017-01-09,Internet Archive,https://archive.org/details/People_June_8_2015,true,true,92,true,true,celebrity_profiles|lifestyle|entertainment_news|ads,General celebrity and lifestyle audience,"IA title: People June 8, 2015"
People,2017-01-09,Internet Archive,https://archive.org/details/People_Magazine_December_7_2015,true,true,126,true,true,celebrity_profiles|lifestyle|entertainment_news|ads,General celebrity and lifestyle audience,"IA title: People Magazine December 7, 2015"
People,2017-01-09,Internet Archive,https://archive.org/details/People_Magazine_February_23_2015,true,true,102,true,true,celebrity_profiles|lifestyle|entertainment_news|ads,General celebrity and lifestyle audience,"IA title: People Magazine February 23, 2015"
People,2017-01-09,Internet Archive,https://archive.org/details/People_Magazine_Holiday_2015,true,true,84,true,true,celebrity_profiles|lifestyle|entertainment_news|ads,General celebrity and lifestyle audience,IA title: People Magazine Holiday 2015
People,2017-01-09,Internet Archive,https://archive.org/details/People_Magazine_March_23_2015_USA,true,true,90,true,true,celebrity_profiles|lifestyle|entertainment_news|ads,General celebrity and lifestyle audience,"IA title: People Magazine March 23, 2015 USA"
People,2017-01-09,Internet Archive,https://archive.org/details/People_Magazine_March_30_2015_USA,true,true,98,true,true,celebrity_profiles|lifestyle|entertainment_news|ads,General celebrity and lifestyle audience,"IA title: People Magazine March 30, 2015 USA"
People,2017-01-09,Internet Archive,https://archive.org/details/People_Magazine_March_9_2015,true,true,152,true,true,celebrity_profiles|lifestyle|entertainment_news|ads,General celebrity and lifestyle audience,"IA title: People Magazine March 9, 2015"
People,2017-01-09,Internet Archive,https://archive.org/details/People_March_16_2015,true,true,102,true,true,celebrity_profiles|lifestyle|entertainment_news|ads,General celebrity and lifestyle audience,"IA title: People March 16, 2015"
People,2017-01-09,Internet Archive,https://archive.org/details/People_March_2_2015,true,true,78,true,true,celebrity_profiles|lifestyle|entertainment_news|ads,General celebrity and lifestyle audience,"IA title: People March 2, 2015"
People,2017-01-09,Internet Archive,https://archive.org/details/People_May_1_2015,true,true,96,true,true,celebrity_profiles|lifestyle|entertainment_news|ads,General celebrity and lifestyle audience,"IA title: People May 1, 2015"
People,2017-01-09,Internet Archive,https://archive.org/details/People_May_4_2015,true,true,168,true,true,celebrity_profiles|lifestyle|entertainment_news|ads,General celebrity and lifestyle audience,"IA title: People May 4, 2015"
People,2017-01-09,Internet Archive,https://archive.org/details/People_November_16_2015_USA,true,true,88,true,true,celebrity_profiles|lifestyle|entertainment_news|ads,General celebrity and lifestyle audience,"IA title: People November 16, 2015 USA"
People,2017-01-09,Internet Archive,https://archive.org/details/People_November_2_2015,true,true,88,true,true,celebrity_profiles|lifestyle|entertainment_news|ads,General celebrity and lifestyle audience,"IA title: People November 2, 2015"
People,2017-01-09,Internet Archive,https://archive.org/details/People_November_9_2015,true,true,118,true,true,celebrity_profiles|lifestyle|entertainment_news|ads,General celebrity and lifestyle audience,"IA title: People November 9, 2015"
People,2017-01-09,Internet Archive,https://archive.org/details/People_October_12_2015,true,true,102,true,true,celebrity_profiles|lifestyle|entertainment_news|ads,General celebrity and lifestyle audience,"IA title: People October 12, 2015"
People,2017-01-09,Internet Archive,https://archive.org/details/People_October_26_2015,true,true,96,true,true,celebrity_profiles|lifestyle|entertainment_news|ads,General celebrity and lifestyle audience,"IA title: People October 26, 2015"
People,2017-01-09,Internet Archive,https://archive.org/details/People_October_5_2015,true,true,98,true,true,celebrity_profiles|lifestyle|entertainment_news|ads,General celebrity and lifestyle audience,"IA title: People October 5, 2015"
People,2017-01-09,Internet Archive,https://archive.org/details/People_October_9_2015_ZA,true,true,96,true,true,celebrity_profiles|lifestyle|entertainment_news|ads,General celebrity and lifestyle audience,"IA title: People October 9, 2015 ZA"
People,2017-01-09,Internet Archive,https://archive.org/details/People_September_11_2015_ZA,true,true,96,true,true,celebrity_profiles|lifestyle|entertainment_news|ads,General celebrity and lifestyle audience,"IA title: People September 11, 2015 ZA"
People,2017-01-09,Internet Archive,https://archive.org/details/People_September_21_2015_USA,true,true,164,true,true,celebrity_profiles|lifestyle|entertainment_news|ads,General celebrity and lifestyle audience,"IA title: People September 21, 2015 USA"
People,2017-01-09,Internet Archive,https://archive.org/details/People_September_25_2015_ZA,true,true,96,true,true,celebrity_profiles|lifestyle|entertainment_news|ads,General celebrity and lifestyle audience,"IA title: People September 25, 2015 ZA"
People,2017-01-09,Internet Archive,https://archive.org/details/People_September_28_2015_USA,true,true,112,true,true,celebrity_profiles|lifestyle|entertainment_news|ads,General celebrity and lifestyle audience,"IA title: People September 28, 2015 USA"
People,2017-01-09,Internet Archive,https://archive.org/details/People_StyleWatch_April_2015_USA,true,true,162,true,true,celebrity_profiles|lifestyle|entertainment_news|ads,General celebrity and lifestyle audience,IA title: People StyleWatch April 2015 USA
People,2017-01-09,Internet Archive,https://archive.org/details/People_StyleWatch_August_2015_USA,true,true,136,true,true,celebrity_profiles|lifestyle|entertainment_news|ads,General celebrity and lifestyle audience,IA title: People StyleWatch August 2015 USA
People,2017-01-09,Internet Archive,https://archive.org/details/People_StyleWatch_July_2015_USA,true,true,128,true,true,celebrity_profiles|lifestyle|entertainment_news|ads,General celebrity and lifestyle audience,IA title: People StyleWatch July 2015 USA
People,2017-01-09,Internet Archive,https://archive.org/details/People_StyleWatch_May_2015,true,true,168,true,true,celebrity_profiles|lifestyle|entertainment_news|ads,General celebrity and lifestyle audience,IA title: People StyleWatch May 2015
People,2017-01-09,Internet Archive,https://archive.org/details/People_StyleWatch_November_2015_USA,true,true,144,true,true,celebrity_profiles|lifestyle|entertainment_news|ads,General celebrity and lifestyle audience,IA title: People StyleWatch November 2015 USA
People,2017-01-09,Internet Archive,https://archive.org/details/People_StyleWatch_October_2015,true,true,180,true,true,celebrity_profiles|lifestyle|entertainment_news|ads,General celebrity and lifestyle audience,IA title: People StyleWatch October 2015
People,2021-04-03,Internet Archive,https://archive.org/details/harper-s-young-people-1884-5,true,true,,true,true,celebrity_profiles|lifestyle|entertainment_news|ads,General celebrity and lifestyle audience,IA title: Harper S Young People 1884 5
People,2021-08-19,Internet Archive,https://archive.org/details/people-magazine-collection,true,false,,true,true,celebrity_profiles|lifestyle|entertainment_news|ads,General celebrity and lifestyle audience,IA title: People Magazine Collection
People,2021-10-19,Internet Archive,https://archive.org/details/harper-s-young-people-nov-dec-1883,true,true,,true,true,celebrity_profiles|lifestyle|entertainment_news|ads,General celebrity and lifestyle audience,IA title: Harper's Young People Nov 1883 - Oct 1884
People,2021-12-09,Internet Archive,https://archive.org/details/tamil-christian-ebook-the-people-of-ark,true,true,,true,true,celebrity_profiles|lifestyle|entertainment_news|ads,General celebrity and lifestyle audience,IA title: The People Of Ark
People,2022-04-19,Internet Archive,https://archive.org/details/tamil-christian-ebook-if_my_people_humble_themselves_tam-r-stanley,true,true,,true,true,celebrity_profiles|lifestyle|entertainment_news|ads,General celebrity and lifestyle audience,IA title: if_my_people_humble_themselves_tam-R-Stanley
People,2022-05-03,Internet Archive,https://archive.org/details/to-my-people,true,true,,true,true,celebrity_profiles|lifestyle|entertainment_news|ads,General celebrity and lifestyle audience,IA title: To My People
People,2022-08-28,Internet Archive,https://archive.org/details/tamil-christian-ebook-origins-of-people-01-tamil,true,true,,true,true,celebrity_profiles|lifestyle|entertainment_news|ads,General celebrity and lifestyle audience,IA title: Origins Of People 01 Tamil
People,2022-08-28,Internet Archive,https://archive.org/details/tamil-christian-ebook-origins-of-people-03-buddhism-tamil,true,true,,true,true,celebrity_profiles|lifestyle|entertainment_news|ads,General celebrity and lifestyle audience,IA title: Origins Of People 03 Buddhism Tamil
People,2022-08-28,Internet Archive,https://archive.org/details/tamil-christian-ebook-origins-of-people-04-islam-tamil,true,true,,true,true,celebrity_profiles|lifestyle|entertainment_news|ads,General celebrity and lifestyle audience,IA title: Origins Of People 04 Islam Tamil
People,2022-10-16,Internet Archive,https://archive.org/details/tamil-christian-ebook-origins-of-people-02-tamil_202210,true,true,,true,true,celebrity_profiles|lifestyle|entertainment_news|ads,General celebrity and lifestyle audience,IA title: Origins Of People 02 Tamil
People,2022-10-16,Internet Archive,https://archive.org/details/tamil-christian-ebook-origins-of-people-03-buddhism-tamil_202210,true,true,,true,true,celebrity_profiles|lifestyle|entertainment_news|ads,General celebrity and lifestyle audience,IA title: Origins Of People 03 Buddhism Tamil
People,2022-10-16,Internet Archive,https://archive.org/details/tamil-christian-ebook-origins-of-people-04-islam-tamil_202210,true,true,,true,true,celebrity_profiles|lifestyle|entertainment_news|ads,General celebrity and lifestyle audience,IA title: Origins Of People 04 Islam Tamil
People,2023-02-06,Internet Archive,https://archive.org/details/marconi-companies-and-their-people-vol-1-iss-08,true,true,,true,true,celebrity_profiles|lifestyle|entertainment_news|ads,General celebrity and lifestyle audience,IA title: Marconi Companies And Their People Vol 1 Iss 08
People,2023-02-06,Internet Archive,https://archive.org/details/marconi-companies-and-their-people-vol-1-iss-11,true,true,,true,true,celebrity_profiles|lifestyle|entertainment_news|ads,General celebrity and lifestyle audience,IA title: Marconi Companies And Their People Vol 1 Iss 11
People,2023-05-02,Internet Archive,https://archive.org/details/climate-doomism-and-why-it-hurts-the-climate-column-predictions-of-doom-can-alienate-people-f,true,true,,true,true,celebrity_profiles|lifestyle|entertainment_news|ads,General celebrity and lifestyle audience,IA title: Climate Doomism And Why It Hurts The Climate Column Predictions Of Doom Can Alienate People F
People,2023-05-08,Internet Archive,https://archive.org/details/four-key-stressors-fueling-the-mental-health-crisis-in-young-people,true,true,,true,true,celebrity_profiles|lifestyle|entertainment_news|ads,General celebrity and lifestyle audience,IA title: Four Key Stressors Fueling The Mental Health Crisis In Young People
People,2023-05-12,Internet Archive,https://archive.org/details/co-2-is-dangerous.-it-makes-people-nuts,true,true,,true,true,celebrity_profiles|lifestyle|entertainment_news|ads,General celebrity and lifestyle audience,IA title: CO 2 Is Dangerous. It Makes People Nuts
People,2023-05-12,Internet Archive,https://archive.org/details/keeping-poor-people-in-the-dark,true,true,,true,true,celebrity_profiles|lifestyle|entertainment_news|ads,General celebrity and lifestyle audience,IA title: Keeping Poor People In The Dark
People,2023-05-16,Internet Archive,https://archive.org/details/soylent-green-is-people-what-futurists-predicted-for-the-year-2022,true,true,,true,true,celebrity_profiles|lifestyle|entertainment_news|ads,General celebrity and lifestyle audience,IA title: Soylent Green Is People What Futurists Predicted For The Year 2022
People,2023-05-24,Internet Archive,https://archive.org/details/people-talk-about-deep-sadness-scientists-study-climate-change-grief,true,true,,true,true,celebrity_profiles|lifestyle|entertainment_news|ads,General celebrity and lifestyle audience,IA title: 'People Talk About Deep Sadness:' Scientists Study Climate Change Grief
People,2023-05-25,Internet Archive,https://archive.org/details/government-must-finally-support-young-people,true,true,,true,true,celebrity_profiles|lifestyle|entertainment_news|ads,General celebrity and lifestyle audience,IA title: Government Must Finally Support Young People
People,2023-05-25,Internet Archive,https://archive.org/details/politicians-fail-to-admit-that-the-economy-is-not-working-well-for-working-people-rivals-pose-thre,true,true,,true,true,celebrity_profiles|lifestyle|entertainment_news|ads,General celebrity and lifestyle audience,IA title: Politicians Fail To Admit That The Economy Is Not Working Well For Working People Rivals Pose Thre
People,2023-05-26,Internet Archive,https://archive.org/details/protesters-block-entrances-set-fires-vandalize-more-than-200-people-were-arrested-for-trashing-p,true,true,,true,true,celebrity_profiles|lifestyle|entertainment_news|ads,General celebrity and lifestyle audience,IA title: Protesters Block Entrances Set Fires Vandalize More Than 200 People Were Arrested For Trashing P
People,2023-05-29,Internet Archive,https://archive.org/details/listen-to-young-people-on-dealing-with-climate-change,true,true,,true,true,celebrity_profiles|lifestyle|entertainment_news|ads,General celebrity and lifestyle audience,IA title: Listen To Young People On Dealing With Climate Change
People,2023-05-29,Internet Archive,https://archive.org/details/this-is-what-people-power-looks-like-more-than-a-million-took-to-the-streets-in-youth-led-climat,true,true,,true,true,celebrity_profiles|lifestyle|entertainment_news|ads,General celebrity and lifestyle audience,IA title: This Is What People Power Looks Like More Than A Million Took To The Streets In Youth Led Climat
People,2023-05-29,Internet Archive,https://archive.org/details/why-young-people-deserve-the-right-to-vote,true,true,,true,true,celebrity_profiles|lifestyle|entertainment_news|ads,General celebrity and lifestyle audience,IA title: Why Young People Deserve The Right To Vote
People,2023-07-11,Internet Archive,https://archive.org/details/dissent-indigenous-people-allies-across-canada-cite-bond-of-solidarity-with-b.-c.-protesters-disse,true,true,,true,true,celebrity_profiles|lifestyle|entertainment_news|ads,General celebrity and lifestyle audience,IA title: DISSENT Indigenous People Allies Across Canada Cite Bond Of Solidarity With B. C. Protesters DISSE
People,2023-07-12,Internet Archive,https://archive.org/details/consider-people-with-disabilities-in-pollution-pricing,true,true,,true,true,celebrity_profiles|lifestyle|entertainment_news|ads,General celebrity and lifestyle audience,IA title: Consider People With Disabilities In Pollution Pricing
People,2023-07-12,Internet Archive,https://archive.org/details/indigenous-people-will-save-planet,true,true,,true,true,celebrity_profiles|lifestyle|entertainment_news|ads,General celebrity and lifestyle audience,IA title: Indigenous People Will Save Planet
People,2023-08-23,Internet Archive,https://archive.org/details/federal-election-2019-roundup-ndp-not-happy-about-people-s-party-debate-invitation,true,true,,true,true,celebrity_profiles|lifestyle|entertainment_news|ads,General celebrity and lifestyle audience,IA title: Federal Election 2019 Roundup NDP Not Happy About People S Party Debate Invitation
People,2023-09-17,Internet Archive,https://archive.org/details/stalking-leatherface-austin-people-today,true,true,,true,true,celebrity_profiles|lifestyle|entertainment_news|ads,General celebrity and lifestyle audience,IA title: Stalking Leatherface: Austin People Today Magazine Article (10-1973)
People,2023-10-01,Internet Archive,https://archive.org/details/people-usa-october-2023-britney-spears,true,true,,true,true,celebrity_profiles|lifestyle|entertainment_news|ads,General celebrity and lifestyle audience,IA title: People (USA) October 2023 (Britney Spears)
People,2024-01-01,Internet Archive,https://archive.org/details/time-special-edition-people-we-lost-2024,true,true,,true,true,celebrity_profiles|lifestyle|entertainment_news|ads,General celebrity and lifestyle audience,IA title: Time Special Edition - People We Lost 2024
People,2024-04-27,Internet Archive,https://archive.org/details/a-lesson-plan-about-climate-change-and-the-people-already-harmed-by-it-science,true,true,,true,true,celebrity_profiles|lifestyle|entertainment_news|ads,General celebrity and lifestyle audience,IA title: A Lesson Plan About Climate Change And The People Already Harmed By It Science
People,2024-04-28,Internet Archive,https://archive.org/details/we-the-people-pledge-to-fight-climate-change-turning-points,true,true,,true,true,celebrity_profiles|lifestyle|entertainment_news|ads,General celebrity and lifestyle audience,IA title: We The People Pledge To Fight Climate Change Turning Points
People,2024-07-08,Internet Archive,https://archive.org/details/crestwood-house-monsters-series-the-mole-people-1985-crestwood,true,true,,true,true,celebrity_profiles|lifestyle|entertainment_news|ads,General celebrity and lifestyle audience,IA title: Crestwood House Monsters Series The Mole People 1985 Crestwood
People,2024-09-21,Internet Archive,https://archive.org/details/robey-people-magazine-1987,true,true,,true,true,celebrity_profiles|lifestyle|entertainment_news|ads,General celebrity and lifestyle audience,IA title: Robey: People Magazine Article (1987)
People,2025-01-01,Internet Archive,https://archive.org/details/time-special-edition-people-we-lost-2025,true,true,,true,true,celebrity_profiles|lifestyle|entertainment_news|ads,General celebrity and lifestyle audience,IA title: TIME Special Edition - People We Lost 2025
People,2025-01-29,Internet Archive,https://archive.org/details/people-magazine-march-23-2015,true,true,,true,true,celebrity_profiles|lifestyle|entertainment_news|ads,General celebrity and lifestyle audience,IA title: People Magazine March 23 2015
Seventeen,2011,Google Books,http://books.google.com/books?id=17I6NQEACAAJ&dq=%22Seventeen%22+magazine,false,,,true,true,fashion|beauty|advice|ads,Teen and young women audience,Google Books viewability=view_no_pages
Seventeen,1950-11-01,Internet Archive,https://archive.org/details/SeventeenMagazineSylviaPlath1950,true,true,2,true,true,fashion|beauty|advice|ads,Teen and young women audience,"IA title: Seventeen Magazine, Sylvia Plath 1950"
Seventeen,1975-04-01,Internet Archive,https://archive.org/details/seventeen-magazine-april-1975,true,true,,true,true,fashion|beauty|advice|ads,Teen and young women audience,IA title: Seventeen Magazine April 1975
Seventeen,1975-06-01,Internet Archive,https://archive.org/details/seventeen-magazine-june-1975,true,true,,true,true,fashion|beauty|advice|ads,Teen and young women audience,IA title: Seventeen Magazine June 1975
Seventeen,1975-07-01,Internet Archive,https://archive.org/details/seventeen-magazine-july-1975,true,true,,true,true,fashion|beauty|advice|ads,Teen and young women audience,IA title: Seventeen Magazine July 1975
Seventeen,1975-10-01,Internet Archive,https://archive.org/details/seventeen-magazine-oct-1975,true,true,,true,true,fashion|beauty|advice|ads,Teen and young women audience,IA title: Seventeen Magazine Oct 1975
Seventeen,1976-01-01,Internet Archive,https://archive.org/details/seventeen-magazine-jan-1976,true,true,,true,true,fashion|beauty|advice|ads,Teen and young women audience,IA title: Seventeen Magazine Jan 1976
Seventeen,1976-04-01,Internet Archive,https://archive.org/details/seventeen-magazine-april-1976,true,true,,true,true,fashion|beauty|advice|ads,Teen and young women audience,IA title: Seventeen Magazine April 1976
Seventeen,1976-11-01,Internet Archive,https://archive.org/details/seventeen-magazine-nov-1976,true,true,,true,true,fashion|beauty|advice|ads,Teen and young women audience,IA title: Seventeen Magazine Nov 1976
Seventeen,1977-05-01,Internet Archive,https://archive.org/details/seventeen-magazine-may-1977,true,true,,true,true,fashion|beauty|advice|ads,Teen and young women audience,IA title: Seventeen Magazine May 1977
Seventeen,1977-07-01,Internet Archive,https://archive.org/details/seventeen-magazine-july-1977,true,true,,true,true,fashion|beauty|advice|ads,Teen and young women audience,IA title: Seventeen Magazine July 1977
Seventeen,1997-08-01,Internet Archive,https://archive.org/details/seventeen-aug97-jtt,false,false,,true,true,fashion|beauty|advice|ads,Teen and young women audience,IA title: Jonathan Taylor Thomas Seventeen Magazine August 1997
Seventeen,2004-03-01,Internet Archive,https://archive.org/details/seventeen-march-2004,true,true,,true,true,fashion|beauty|advice|ads,Teen and young women audience,IA title: Seventeen March 2004
Seventeen,2007-05-01,Internet Archive,https://archive.org/details/SeventeenMagazine2007-05,true,true,,true,true,fashion|beauty|advice|ads,Teen and young women audience,IA title: Seventeen Magazine 2007-05
Seventeen,2007-07-01,Internet Archive,https://archive.org/details/SeventeenMagazine2007-07,true,true,,true,true,fashion|beauty|advice|ads,Teen and young women audience,IA title: Seventeen Magazine 2007-07
Seventeen,2007-10-01,Internet Archive,https://archive.org/details/SeventeenMagazine2007-10,true,true,,true,true,fashion|beauty|advice|ads,Teen and young women audience,IA title: Seventeen Magazine 2007-10
Seventeen,2008-12-01,Internet Archive,https://archive.org/details/203_20260109,false,false,,true,true,fashion|beauty|advice|ads,Teen and young women audience,IA title: Seventeen December 2008
Seventeen,2009-01-01,Internet Archive,https://archive.org/details/094_20260126,false,false,,true,true,fashion|beauty|advice|ads,Teen and young women audience,IA title: Seventeen January 2009
Seventeen,2009-02-01,Internet Archive,https://archive.org/details/150_20260109,false,false,,true,true,fashion|beauty|advice|ads,Teen and young women audience,IA title: Seventeen Feburary 2009
Seventeen,2009-03-01,Internet Archive,https://archive.org/details/215_20260126,false,false,,true,true,fashion|beauty|advice|ads,Teen and young women audience,IA title: Seventeen March 2009
Seventeen,2009-05-01,Internet Archive,https://archive.org/details/141_20260126,false,false,,true,true,fashion|beauty|advice|ads,Teen and young women audience,IA title: Seventeen May 2009
Seventeen,2009-06-01,Internet Archive,https://archive.org/details/201_20260126,false,false,,true,true,fashion|beauty|advice|ads,Teen and young women audience,IA title: Seventeen June 2009
Seventeen,2009-11-01,Internet Archive,https://archive.org/details/seventeen-november-224,false,false,,true,true,fashion|beauty|advice|ads,Teen and young women audience,IA title: Seventeen November 2009
Seventeen,2010-01-01,Internet Archive,https://archive.org/details/seventeen-2010-01,true,true,,true,true,fashion|beauty|advice|ads,Teen and young women audience,IA title: Seventeen 2010 01
Seventeen,2010-02-01,Internet Archive,https://archive.org/details/SeventeenMagazine2010-02,true,true,,true,true,fashion|beauty|advice|ads,Teen and young women audience,IA title: Seventeen Magazine 2010-02
Seventeen,2010-03-01,Internet Archive,https://archive.org/details/219_20240824,false,false,,true,true,fashion|beauty|advice|ads,Teen and young women audience,IA title: Seventeen March 2010
Seventeen,2010-03-01,Internet Archive,https://archive.org/details/SeventeenMagazine2010-03,true,true,,true,true,fashion|beauty|advice|ads,Teen and young women audience,IA title: Seventeen Magazine 2010-03
Seventeen,2010-04-01,Internet Archive,https://archive.org/details/243_20240824,false,false,,true,true,fashion|beauty|advice|ads,Teen and young women audience,IA title: Seventeen April 2010
Seventeen,2010-04-01,Internet Archive,https://archive.org/details/SeventeenMagazine2010-04,true,true,,true,true,fashion|beauty|advice|ads,Teen and young women audience,IA title: Seventeen Magazine 2010-04
Seventeen,2010-05-01,Internet Archive,https://archive.org/details/176_20260126,false,false,,true,true,fashion|beauty|advice|ads,Teen and young women audience,IA title: Seventeen May 2010
Seventeen,2010-05-01,Internet Archive,https://archive.org/details/SeventeenMagazine2010-05,true,true,,true,true,fashion|beauty|advice|ads,Teen and young women audience,IA title: Seventeen Magazine 2010-05
Seventeen,2010-06-01,Internet Archive,https://archive.org/details/SeventeenMagazine2010-0607,true,true,,true,true,fashion|beauty|advice|ads,Teen and young women audience,IA title: Seventeen Magazine 2010-06 07
Seventeen,2010-08-01,Internet Archive,https://archive.org/details/SeventeenMagazine2010-08,true,true,,true,true,fashion|beauty|advice|ads,Teen and young women audience,IA title: Seventeen Magazine 2010-08
Seventeen,2010-09-01,Internet Archive,https://archive.org/details/SeventeenMagazine2010-09,true,true,,true,true,fashion|beauty|advice|ads,Teen and young women audience,IA title: Seventeen Magazine 2010-09
Seventeen,2010-10-01,Internet Archive,https://archive.org/details/SeventeenMagazine2010-10,true,true,,true,true,fashion|beauty|advice|ads,Teen and young women audience,IA title: Seventeen Magazine 2010-10
Seventeen,2010-11-01,Internet Archive,https://archive.org/details/SeventeenMagazine2010-11,true,true,,true,true,fashion|beauty|advice|ads,Teen and young women audience,IA title: Seventeen Magazine 2010-11
Seventeen,2010-12-01,Internet Archive,https://archive.org/details/SeventeenMagazine2010-122011-01,true,true,,true,true,fashion|beauty|advice|ads,Teen and young women audience,IA title: Seventeen Magazine 2010-12 2011-01
Seventeen,2011-01-01,Internet Archive,https://archive.org/details/114_20260126,false,false,,true,true,fashion|beauty|advice|ads,Teen and young women audience,IA title: Seventeen January 2011
Seventeen,2011-02-01,Internet Archive,https://archive.org/details/199_20260109,false,false,,true,true,fashion|beauty|advice|ads,Teen and young women audience,IA title: Seventeen Feburary 2011
Seventeen,2011-02-01,Internet Archive,https://archive.org/details/SeventeenMagazine2011-02,true,true,,true,true,fashion|beauty|advice|ads,Teen and young women audience,IA title: Seventeen Magazine 2011-02
Seventeen,2011-03-01,Internet Archive,https://archive.org/details/173_20260126_202601,false,false,,true,true,fashion|beauty|advice|ads,Teen and young women audience,IA title: Seventeen March 2011
Seventeen,2011-03-01,Internet Archive,https://archive.org/details/SeventeenMagazine2011-03,true,true,,true,true,fashion|beauty|advice|ads,Teen and young women audience,IA title: Seventeen Magazine 2011-03
Seventeen,2011-04-01,Internet Archive,https://archive.org/details/285_20260109,false,false,,true,true,fashion|beauty|advice|ads,Teen and young women audience,IA title: Seventeen April 2011
Seventeen,2011-04-01,Internet Archive,https://archive.org/details/SeventeenMagazine2011-04,true,true,,true,true,fashion|beauty|advice|ads,Teen and young women audience,IA title: Seventeen Magazine 2011-04
Seventeen,2011-04-01,Internet Archive,https://archive.org/details/SeventeenMagazineThailand2011-04,true,true,,true,true,fashion|beauty|advice|ads,Teen and young women audience,IA title: Seventeen Magazine Thailand 2011-04
Seventeen,2011-05-01,Internet Archive,https://archive.org/details/252_20260126,false,false,,true,true,fashion|beauty|advice|ads,Teen and young women audience,IA title: Seventeen May 2011
Seventeen,2011-05-01,Internet Archive,https://archive.org/details/SeventeenMagazine2011-05,true,true,,true,true,fashion|beauty|advice|ads,Teen and young women audience,IA title: Seventeen Magazine 2011-05
Seventeen,2011-06-01,Internet Archive,https://archive.org/details/205_20260126,false,false,,true,true,fashion|beauty|advice|ads,Teen and young women audience,IA title: Seventeen June 2011
Seventeen,2011-06-01,Internet Archive,https://archive.org/details/SeventeenMagazine2011-0607,true,true,,true,true,fashion|beauty|advice|ads,Teen and young women audience,IA title: Seventeen Magazine 2011-06 07
Seventeen,2011-07-01,Internet Archive,https://archive.org/details/173_20260126,false,false,,true,true,fashion|beauty|advice|ads,Teen and young women audience,IA title: Seventeen July 2011
Seventeen,2011-08-01,Internet Archive,https://archive.org/details/206_20260109,false,false,,true,true,fashion|beauty|advice|ads,Teen and young women audience,IA title: Seventeen August 2011
Seventeen,2011-08-01,Internet Archive,https://archive.org/details/SeventeenMagazine2011-08,true,true,,true,true,fashion|beauty|advice|ads,Teen and young women audience,IA title: Seventeen Magazine 2011-08
Seventeen,2011-09-01,Internet Archive,https://archive.org/details/189_20260126,false,false,,true,true,fashion|beauty|advice|ads,Teen and young women audience,IA title: Seventeen September 2011
Seventeen,2011-09-01,Internet Archive,https://archive.org/details/SeventeenMagazine2011-09,true,true,,true,true,fashion|beauty|advice|ads,Teen and young women audience,IA title: Seventeen Magazine 2011-09
Seventeen,2011-10-01,Internet Archive,https://archive.org/details/198_20260126,false,false,,true,true,fashion|beauty|advice|ads,Teen and young women audience,IA title: Seventeen October 2011
Seventeen,2011-10-01,Internet Archive,https://archive.org/details/SeventeenMagazine2011-10,true,true,,true,true,fashion|beauty|advice|ads,Teen and young women audience,IA title: Seventeen Magazine 2011-10
Seventeen,2011-11-01,Internet Archive,https://archive.org/details/SeventeenMagazine2011-11,true,true,,true,true,fashion|beauty|advice|ads,Teen and young women audience,IA title: Seventeen Magazine 2011-11
Seventeen,2011-12-01,Internet Archive,https://archive.org/details/190_20260109,false,false,,true,true,fashion|beauty|advice|ads,Teen and young women audience,IA title: Seventeen December 2011
Seventeen,2011-12-01,Internet Archive,https://archive.org/details/SeventeenMagazine2011-122012-01,true,true,,true,true,fashion|beauty|advice|ads,Teen and young women audience,IA title: Seventeen Magazine 2011-12 2012-01
Seventeen,2012-02-01,Internet Archive,https://archive.org/details/SeventeenMagazine2012-02,true,true,,true,true,fashion|beauty|advice|ads,Teen and young women audience,IA title: Seventeen Magazine 2012-02
Seventeen,2012-04-01,Internet Archive,https://archive.org/details/SeventeenMagazine2012-04,true,true,,true,true,fashion|beauty|advice|ads,Teen and young women audience,IA title: Seventeen Magazine 2012-04
Seventeen,2012-05-01,Internet Archive,https://archive.org/details/SeventeenMagazine2012-05,true,true,,true,true,fashion|beauty|advice|ads,Teen and young women audience,IA title: Seventeen Magazine 2012-05
Seventeen,2017-01-09,Internet Archive,https://archive.org/details/Seventeen_April_2015_USA,true,true,140,true,true,fashion|beauty|advice|ads,Teen and young women audience,IA title: Seventeen April 2015 USA
Seventeen,2017-01-09,Internet Archive,https://archive.org/details/Seventeen_August_2015_USA,true,true,144,true,true,fashion|beauty|advice|ads,Teen and young women audience,IA title: Seventeen August 2015 USA
Seventeen,2017-01-09,Internet Archive,https://archive.org/details/Seventeen_March_2015_USA,true,true,154,true,true,fashion|beauty|advice|ads,Teen and young women audience,IA title: Seventeen March 2015 USA
Seventeen,2017-01-09,Internet Archive,https://archive.org/details/Seventeen_May_2015_USA,true,true,138,true,true,fashion|beauty|advice|ads,Teen and young women audience,IA title: Seventeen May 2015 USA
Seventeen,2017-01-09,Internet Archive,https://archive.org/details/Seventeen_October_2015,true,true,136,true,true,fashion|beauty|advice|ads,Teen and young women audience,IA title: Seventeen October 2015
Seventeen,2017-01-09,Internet Archive,https://archive.org/details/Seventeen_September_2015_USA,true,true,158,true,true,fashion|beauty|advice|ads,Teen and young women audience,IA title: Seventeen September 2015 USA
Seventeen,2022-12-13,Internet Archive,https://archive.org/details/seventeen-1963-04,true,true,,true,true,fashion|beauty|advice|ads,Teen and young women audience,IA title: Seventeen Magazine April 1963
Seventeen,2023-08-04,Internet Archive,https://archive.org/details/seventeen-1958-05,true,true,,true,true,fashion|beauty|advice|ads,Teen and young women audience,IA title: Seventeen Magazine May 1958
Seventeen,2023-08-04,Internet Archive,https://archive.org/details/seventeen-1959-06,true,true,,true,true,fashion|beauty|advice|ads,Teen and young women audience,IA title: Seventeen Magazine June 1959
Tiger Beat,2008-01-01,Internet Archive,https://archive.org/details/tiger-beat-2008-magazine,true,true,,true,true,idol_profiles|posters|fan_mail|ads,Teen pop culture and fan audience,IA title: Tiger Beat 2008 Magazine
Tiger Beat,2018-04-01,Internet Archive,https://archive.org/details/TigerBeat1968SpendADayOnDarkShadows,true,true,,true,true,idol_profiles|posters|fan_mail|ads,Teen pop culture and fan audience,IA title: Tiger Beat 1968 Spend A Day On Dark Shadows
Tiger Beat,2018-04-01,Internet Archive,https://archive.org/details/TigerBeatJan1970Vol5No5_201804,true,true,,true,true,idol_profiles|posters|fan_mail|ads,Teen pop culture and fan audience,IA title: Tiger Beat Jan 1970 Vol 5 No 5
Tiger Beat,2018-04-01,Internet Archive,https://archive.org/details/TigerBeatJune1968,true,true,,true,true,idol_profiles|posters|fan_mail|ads,Teen pop culture and fan audience,IA title: Tiger Beat June 1968
Tiger Beat,2018-04-01,Internet Archive,https://archive.org/details/TigerBeatMay1971Vol7No8,true,true,,true,true,idol_profiles|posters|fan_mail|ads,Teen pop culture and fan audience,IA title: Tiger Beat May 1971 Vol 7 No 8
