magazine,title,date,identifier,archive_url
Billboard,,1924-01-01,,https://babel.hathitrust.org/cgi/pt?id=coo.31924015100799
Billboard,,1924-01-01,,https://babel.hathitrust.org/cgi/pt?id=coo.31924069226722
Billboard,,1924-01-01,,https://babel.hathitrust.org/cgi/pt?id=coo.31924069226730
Billboard,,1924-01-01,,https://babel.hathitrust.org/cgi/pt?id=coo.31924069226748
Billboard,,1924-01-01,,https://babel.hathitrust.org/cgi/pt?id=coo.31924069226805
Billboard,,1924-01-01,,https://babel.hathitrust.org/cgi/pt?id=coo.31924069226813
Billboard,,1924-01-01,,https://babel.hathitrust.org/cgi/pt?id=coo.31924069226821
Billboard,,1924-01-01,,https://babel.hathitrust.org/cgi/pt?id=coo.31924069226839
Billboard,,1924-01-01,,https://babel.hathitrust.org/cgi/pt?id=coo.31924069226847
Billboard,,1924-01-01,,https://babel.hathitrust.org/cgi/pt?id=coo.31924069226854
Billboard,,1924-01-01,,https://babel.hathitrust.org/cgi/pt?id=coo.31924069226888
Billboard,,1924-01-01,,https://babel.hathitrust.org/cgi/pt?id=coo.31924069226896
Billboard,,1924-01-01,,https://babel.hathitrust.org/cgi/pt?id=coo.31924069226904
Billboard,,1924-01-01,,https://babel.hathitrust.org/cgi/pt?id=coo.31924069226912
Billboard,,1924-01-01,,https://babel.hathitrust.org/cgi/pt?id=coo.31924069226920
Billboard,,1924-01-01,,https://babel.hathitrust.org/cgi/pt?id=coo.31924069226938
Billboard,,1924-01-01,,https://babel.hathitrust.org/cgi/pt?id=coo.31924069226946
Billboard,,1924-01-01,,https://babel.hathitrust.org/cgi/pt?id=coo.31924069226953
Billboard,,1924-01-01,,https://babel.hathitrust.org/cgi/pt?id=coo.31924069226961
Billboard,,1924-01-01,,https://babel.hathitrust.org/cgi/pt?id=coo.31924069227001
Billboard,,1924-01-01,,https://babel.hathitrust.org/cgi/pt?id=coo.31924069227019
Billboard,,1924-01-01,,https://babel.hathitrust.org/cgi/pt?id=coo.31924069227027
Billboard,,1924-01-01,,https://babel.hathitrust.org/cgi/pt?id=coo.31924069227035
Billboard,,1924-01-01,,https://babel.hathitrust.org/cgi/pt?id=coo.31924069227043
Billboard,,1924-01-01,,https://babel.hathitrust.org/cgi/pt?id=coo.31924069227050
Billboard,,1924-01-01,,https://babel.hathitrust.org/cgi/pt?id=coo.31924069227068
Billboard,,1924-01-01,,https://babel.hathitrust.org/cgi/pt?id=coo.31924069227076
Billboard,,1924-01-01,,https://babel.hathitrust.org/cgi/pt?id=coo.31924069227084
Billboard,,1924-01-01,,https://babel.hathitrust.org/cgi/pt?id=coo.31924069227092
Billboard,,1924-01-01,,https://babel.hathitrust.org/cgi/pt?id=coo.31924069227100
Billboard,,1924-01-01,,https://babel.hathitrust.org/cgi/pt?id=coo.31924069227118
Billboard,,1924-01-01,,https://babel.hathitrust.org/cgi/pt?id=coo.31924069227126
Billboard,,1924-01-01,,https://babel.hathitrust.org/cgi/pt?id=coo.31924069227134
Billboard,,1924-01-01,,https://babel.hathitrust.org/cgi/pt?id=coo.31924069227142
Billboard,,1924-01-01,,https://babel.hathitrust.org/cgi/pt?id=coo.31924069227159
Billboard,,1924-01-01,,https://babel.hathitrust.org/cgi/pt?id=coo.31924069227167
Billboard,,1924-01-01,,https://babel.hathitrust.org/cgi/pt?id=coo.31924069227175
Billboard,,1924-01-01,,https://babel.hathitrust.org/cgi/pt?id=coo.31924069227183
Billboard,,1924-01-01,,https://babel.hathitrust.org/cgi/pt?id=coo.31924069227191
Billboard,,1924-01-01,,https://babel.hathitrust.org/cgi/pt?id=coo.31924069227449
Billboard,,1924-01-01,,https://babel.hathitrust.org/cgi/pt?id=coo.31924069227456
Billboard,,1924-01-01,,https://babel.hathitrust.org/cgi/pt?id=coo.31924069227464
Billboard,,1924-01-01,,https://babel.hathitrust.org/cgi/pt?id=coo.31924069232647
Billboard,,1924-01-01,,https://babel.hathitrust.org/cgi/pt?id=coo.31924069232654
Billboard,,1924-01-01,,https://babel.hathitrust.org/cgi/pt?id=coo.31924069232670
Billboard,,1924-01-01,,https://babel.hathitrust.org/cgi/pt?id=coo.31924069232688
Billboard,,1924-01-01,,https://babel.hathitrust.org/cgi/pt?id=coo.31924069232704
Billboard,,1924-01-01,,https://babel.hathitrust.org/cgi/pt?id=coo.31924069232712
Billboard,,1924-01-01,,https://babel.hathitrust.org/cgi/pt?id=coo.31924069232720
Billboard,,1924-01-01,,https://babel.hathitrust.org/cgi/pt?id=coo.31924069232738
Billboard,,1924-01-01,,https://babel.hathitrust.org/cgi/pt?id=coo.31924069232746
Billboard,,1924-01-01,,https://babel.hathitrust.org/cgi/pt?id=coo.31924069232753
Billboard,,1924-01-01,,https://babel.hathitrust.org/cgi/pt?id=coo.31924069232761
Billboard,,1924-01-01,,https://babel.hathitrust.org/cgi/pt?id=coo.31924069232779
Billboard,,1924-01-01,,https://babel.hathitrust.org/cgi/pt?id=coo.31924069232787
Billboard,,1924-01-01,,https://babel.hathitrust.org/cgi/pt?id=coo.31924069232795
Billboard,,1924-01-01,,https://babel.hathitrust.org/cgi/pt?id=coo.31924069232803
Billboard,,1924-01-01,,https://babel.hathitrust.org/cgi/pt?id=coo.31924069232811
Billboard,,1924-01-01,,https://babel.hathitrust.org/cgi/pt?id=coo.31924069232845
Billboard,,1924-01-01,,https://babel.hathitrust.org/cgi/pt?id=coo.31924069232852
Billboard,,1924-01-01,,https://babel.hathitrust.org/cgi/pt?id=coo.31924069232860
Billboard,,1924-01-01,,https://babel.hathitrust.org/cgi/pt?id=coo.31924069232878
Billboard,,1924-01-01,,https://babel.hathitrust.org/cgi/pt?id=coo.31924069232894
Billboard,,1924-01-01,,https://babel.hathitrust.org/cgi/pt?id=coo.31924069232936
Billboard,,1924-01-01,,https://babel.hathitrust.org/cgi/pt?id=coo.31924069232944
Billboard,,1924-01-01,,https://babel.hathitrust.org/cgi/pt?id=coo.31924069232951
Billboard,,1935-02-23,billboard-feb-23-1935-damaged,https://archive.org/details/billboard-feb-23-1935-damaged
Billboard,,1936-04-11,billboard-april-11-1936,https://archive.org/details/billboard-april-11-1936
Billboard,,1936-10-24,the-billboard-oct-24-1936,https://archive.org/details/the-billboard-oct-24-1936
Billboard,,1937-05-29,the-billboard-may-29th-1937,https://archive.org/details/the-billboard-may-29th-1937
Billboard,,1938-12-10,the-billboard-dec-10th-1938_202510,https://archive.org/details/the-billboard-dec-10th-1938_202510
Billboard,,1938-12-17,the-billboard-dec-17-1938,https://archive.org/details/the-billboard-dec-17-1938
Billboard,,1940-05-18,the-billboard-may-18th-1940-severe-damage,https://archive.org/details/the-billboard-may-18th-1940-severe-damage
Billboard,,1940-12-14,the-billboard-dec-14-1940,https://archive.org/details/the-billboard-dec-14-1940
Billboard,,1974-12-26,,http://books.google.com/books?id=hAkEAAAAMBAJ&dq=%22Billboard%22+magazine
Billboard,,1978-08-05,,http://books.google.com/books?id=ViQEAAAAMBAJ&dq=%22Billboard%22+magazine
Billboard,,1982-03-27,billboard-1982-03-27,https://archive.org/details/billboard-1982-03-27
Billboard,,1984-10-06,,http://books.google.com/books?id=MyQEAAAAMBAJ&dq=%22Billboard%22+magazine
Billboard,,1984-11-03,,http://books.google.com/books?id=wCQEAAAAMBAJ&dq=%22Billboard%22+magazine
Billboard,,1985-09-28,,http://books.google.com/books?id=vCQEAAAAMBAJ&dq=%22Billboard%22+magazine
Billboard,,1992-06-27,,http://books.google.com/books?id=wBAEAAAAMBAJ&dq=%22Billboard%22+magazine
Billboard,,2000-09-09,,http://books.google.com/books?id=aREEAAAAMBAJ&dq=%22Billboard%22+magazine
Billboard,,2000-10-21,ak-billboard-october-21-2000,https://archive.org/details/ak-billboard-october-21-2000
Billboard,,2001-07-28,,http://books.google.com/books?id=-RMEAAAAMBAJ&dq=%22Billboard%22+magazine
Billboard,,2001-09-15,,http://books.google.com/books?id=EhEEAAAAMBAJ&dq=%22Billboard%22+magazine
Billboard,,2015-12-31,Billboard_Magazine_December_12_2015,https://archive.org/details/Billboard_Magazine_December_12_2015
Billboard,,2015-12-31,Billboard_Magazine_November_14_2015,https://archive.org/details/Billboard_Magazine_November_14_2015
Billboard,,2015-12-31,Billboard_Magazine_November_21_2015,https://archive.org/details/Billboard_Magazine_November_21_2015
Billboard,,2015-12-31,Billboard_Magazine_November_28_2015,https://archive.org/details/Billboard_Magazine_November_28_2015
Billboard,,2015-12-31,Billboard_Magazine_November_7_2015,https://archive.org/details/Billboard_Magazine_November_7_2015
Billboard,,2016-01-01,Billboard_2_January_2016,https://archive.org/details/Billboard_2_January_2016
Billboard,,2016-01-02,Billboard_October_31_2015,https://archive.org/details/Billboard_October_31_2015
Billboard,,2016-02-20,Billboard_Magazine_February_13_2016,https://archive.org/details/Billboard_Magazine_February_13_2016
Billboard,,2016-02-20,Billboard_Magazine_February_20_2016,https://archive.org/details/Billboard_Magazine_February_20_2016
Billboard,,2016-12-29,Billboard_January_23_2016,https://archive.org/details/Billboard_January_23_2016
Billboard,,2017-01-09,Billboard_July_25_2015,https://archive.org/details/Billboard_July_25_2015
Billboard,,2017-01-09,Billboard_Magazine_April_11_2015_USA,https://archive.org/details/Billboard_Magazine_April_11_2015_USA
Billboard,,2017-01-09,Billboard_Magazine_April_18_2015_USA,https://archive.org/details/Billboard_Magazine_April_18_2015_USA
Billboard,,2017-01-09,Billboard_Magazine_April_4_2015_USA,https://archive.org/details/Billboard_Magazine_April_4_2015_USA
Billboard,,2017-01-09,Billboard_Magazine_August_1_2015_USA,https://archive.org/details/Billboard_Magazine_August_1_2015_USA
Billboard,,2017-01-09,Billboard_Magazine_August_29_2015,https://archive.org/details/Billboard_Magazine_August_29_2015
Billboard,,2017-01-09,Billboard_Magazine_August_8_2015_USA,https://archive.org/details/Billboard_Magazine_August_8_2015_USA
Billboard,,2017-01-09,Billboard_Magazine_February_14_2015_USA,https://archive.org/details/Billboard_Magazine_February_14_2015_USA
Billboard,,2017-01-09,Billboard_Magazine_February_21_2015_USA,https://archive.org/details/Billboard_Magazine_February_21_2015_USA
Billboard,,2017-01-09,Billboard_Magazine_February_7_2015,https://archive.org/details/Billboard_Magazine_February_7_2015
Billboard,,2017-01-09,Billboard_Magazine_July_4_2015,https://archive.org/details/Billboard_Magazine_July_4_2015
Billboard,,2017-01-09,Billboard_Magazine_June_13_2015,https://archive.org/details/Billboard_Magazine_June_13_2015
Billboard,,2017-01-09,Billboard_Magazine_June_20_2015,https://archive.org/details/Billboard_Magazine_June_20_2015
Billboard,,2017-01-09,Billboard_Magazine_March_21_2015,https://archive.org/details/Billboard_Magazine_March_21_2015
Billboard,,2017-01-09,Billboard_Magazine_May_2_2015_USA,https://archive.org/details/Billboard_Magazine_May_2_2015_USA
Billboard,,2017-01-09,Billboard_Magazine_October_17_2015,https://archive.org/details/Billboard_Magazine_October_17_2015
Billboard,,2017-01-09,Billboard_Magazine_October_3_2015,https://archive.org/details/Billboard_Magazine_October_3_2015
Billboard,,2017-01-09,Billboard_Magazine_September_5_2015,https://archive.org/details/Billboard_Magazine_September_5_2015
Billboard,,2017-01-09,Billboard_September_26_2015,https://archive.org/details/Billboard_September_26_2015
Billboard,,2017-01-16,Billboard_Magazine_March_14_2015_USA,https://archive.org/details/Billboard_Magazine_March_14_2015_USA
Billboard,,2017-01-16,Billboard_Magazine_October_24_2015,https://archive.org/details/Billboard_Magazine_October_24_2015
Billboard,,2019-02-12,Billboard_-_January_23_2016_vk_com_stopthepress,https://archive.org/details/Billboard_-_January_23_2016_vk_com_stopthepress
Billboard,,2019-02-12,Billboard_Magazine_-_May_7_2016_vk_com_stopthepress,https://archive.org/details/Billboard_Magazine_-_May_7_2016_vk_com_stopthepress
Billboard,,2020-01-01,,https://babel.hathitrust.org/cgi/pt?id=mdp.39015020205269
Billboard,,2023-09-01,billboard-september-2023-shakira,https://archive.org/details/billboard-september-2023-shakira
Billboard,,2023-10-01,billboard-october-2023-x-factor,https://archive.org/details/billboard-october-2023-x-factor
Billboard,,2025-07-23,billboard-1997-10-04-b,https://archive.org/details/billboard-1997-10-04-b
Billboard,,2025-07-23,billboard-2016-02-13,https://archive.org/details/billboard-2016-02-13
Billboard,,2025-07-25,billboard-1971-09-04,https://archive.org/details/billboard-1971-09-04
Billboard,,2025-07-25,billboard-1974-09-07,https://archive.org/details/billboard-1974-09-07
Billboard,,2025-07-25,billboard-1975-12-27-ii-talent-in-action,https://archive.org/details/billboard-1975-12-27-ii-talent-in-action
Billboard,,2025-07-25,billboard-1976-07-31,https://archive.org/details/billboard-1976-07-31
Billboard,,2025-07-26,billboard-1977-10-01,https://archive.org/details/billboard-1977-10-01
Billboard,,2025-08-23,billboard-2009-12-19,https://archive.org/details/billboard-2009-12-19
Billboard,,2025-10-28,billboard-1937-july-24,https://archive.org/details/billboard-1937-july-24
Billboard,,,,https://babel.hathitrust.org/cgi/pt?id=mdp.39015003294645
Billboard,,,,https://babel.hathitrust.org/cgi/pt?id=mdp.39015003294660
Billboard,,,,https://babel.hathitrust.org/cgi/pt?id=mdp.39015006950334
Billboard,,,,https://babel.hathitrust.org/cgi/pt?id=mdp.39015006961042
Billboard,,,,https://babel.hathitrust.org/cgi/pt?id=mdp.39015006961240
Billboard,,,,https://babel.hathitrust.org/cgi/pt?id=mdp.39015006969664
Billboard,,,,https://babel.hathitrust.org/cgi/pt?id=mdp.39015006970944
Billboard,,,,https://babel.hathitrust.org/cgi/pt?id=mdp.39015006970951
Billboard,,,,https://babel.hathitrust.org/cgi/pt?id=mdp.39015006972833
Billboard,,,,https://babel.hathitrust.org/cgi/pt?id=mdp.39015006972957
Billboard,,,,https://babel.hathitrust.org/cgi/pt?id=mdp.39015006975141
Billboard,,,,https://babel.hathitrust.org/cgi/pt?id=mdp.39015006975307
Billboard,,,,https://babel.hathitrust.org/cgi/pt?id=mdp.39015006975620
Billboard,,,,https://babel.hathitrust.org/cgi/pt?id=mdp.39015006976727
Billboard,,,,https://babel.hathitrust.org/cgi/pt?id=mdp.39015006976735
Billboard,,,,https://babel.hathitrust.org/cgi/pt?id=mdp.39015006977295
Billboard,,,,https://babel.hathitrust.org/cgi/pt?id=mdp.39015006977550
Billboard,,,,https://babel.hathitrust.org/cgi/pt?id=mdp.39015006977717
Billboard,,,,https://babel.hathitrust.org/cgi/pt?id=mdp.39015006979283
Billboard,,,,https://babel.hathitrust.org/cgi/pt?id=mdp.39015006979291
Billboard,,,,https://babel.hathitrust.org/cgi/pt?id=mdp.39015006980588
Billboard,,,,https://babel.hathitrust.org/cgi/pt?id=mdp.39015006980752
Billboard,,,,https://babel.hathitrust.org/cgi/pt?id=mdp.39015006981628
Billboard,,,,https://babel.hathitrust.org/cgi/pt?id=mdp.39015006981636
Billboard,,,,https://babel.hathitrust.org/cgi/pt?id=mdp.39015006981644
Billboard,,,,https://babel.hathitrust.org/cgi/pt?id=mdp.39015006983723
Billboard,,,,https://babel.hathitrust.org/cgi/pt?id=mdp.39015006983897
Billboard,,,,https://babel.hathitrust.org/cgi/pt?id=mdp.39015006988870
Billboard,,,,https://babel.hathitrust.org/cgi/pt?id=mdp.39015006989035
Billboard,,,,https://babel.hathitrust.org/cgi/pt?id=mdp.39015006996204
Billboard,,,,https://babel.hathitrust.org/cgi/pt?id=mdp.39015006996360
Billboard,,,,https://babel.hathitrust.org/cgi/pt?id=mdp.39015006997244
Billboard,,,,https://babel.hathitrust.org/cgi/pt?id=mdp.39015006997251
Billboard,,,,https://babel.hathitrust.org/cgi/pt?id=mdp.39015006999943
Billboard,,,,https://babel.hathitrust.org/cgi/pt?id=mdp.39015007000105
Billboard,,,,https://babel.hathitrust.org/cgi/pt?id=mdp.39015008826227
Billboard,,,,https://babel.hathitrust.org/cgi/pt?id=mdp.39015008826235
Billboard,,,,https://babel.hathitrust.org/cgi/pt?id=mdp.39015008888920
Billboard,,,,https://babel.hathitrust.org/cgi/pt?id=mdp.39015008888995
Billboard,,,,https://babel.hathitrust.org/cgi/pt?id=mdp.39015009215321
Billboard,,,,https://babel.hathitrust.org/cgi/pt?id=mdp.39015009215404
Billboard,,,,https://babel.hathitrust.org/cgi/pt?id=mdp.39015009225403
Billboard,,,,https://babel.hathitrust.org/cgi/pt?id=mdp.39015009225486
Billboard,,,,https://babel.hathitrust.org/cgi/pt?id=mdp.39015009299820
Billboard,,,,https://babel.hathitrust.org/cgi/pt?id=mdp.39015009299960
Billboard,,,,https://babel.hathitrust.org/cgi/pt?id=mdp.39015009300347
Billboard,,,,https://babel.hathitrust.org/cgi/pt?id=mdp.39015012360585
Billboard,,,,https://babel.hathitrust.org/cgi/pt?id=mdp.39015013159507
Billboard,,,,https://babel.hathitrust.org/cgi/pt?id=mdp.39015013159515
Billboard,,,,https://babel.hathitrust.org/cgi/pt?id=mdp.39015016698980
Billboard,,,,https://babel.hathitrust.org/cgi/pt?id=mdp.39015016698998
Billboard,,,,https://babel.hathitrust.org/cgi/pt?id=mdp.39015016699178
Billboard,,,,https://babel.hathitrust.org/cgi/pt?id=mdp.39015016699186
Billboard,,,,https://babel.hathitrust.org/cgi/pt?id=mdp.39015016699194
Billboard,,,,https://babel.hathitrust.org/cgi/pt?id=mdp.39015016760590
Billboard,,,,https://babel.hathitrust.org/cgi/pt?id=mdp.39015016760608
Billboard,,,,https://babel.hathitrust.org/cgi/pt?id=mdp.39015018036882
Billboard,,,,https://babel.hathitrust.org/cgi/pt?id=mdp.39015018036890
Billboard,,,,https://babel.hathitrust.org/cgi/pt?id=mdp.39015018036908
Billboard,,,,https://babel.hathitrust.org/cgi/pt?id=mdp.39015018036916
Billboard,,,,https://babel.hathitrust.org/cgi/pt?id=mdp.39015018036924
Billboard,,,,https://babel.hathitrust.org/cgi/pt?id=mdp.39015018036932
Billboard,,,,https://babel.hathitrust.org/cgi/pt?id=mdp.39015018036940
Billboard,,,,https://babel.hathitrust.org/cgi/pt?id=mdp.39015018036957
Billboard,,,,https://babel.hathitrust.org/cgi/pt?id=mdp.39015018049000
Billboard,,,,https://babel.hathitrust.org/cgi/pt?id=mdp.39015018049018
Billboard,,,,https://babel.hathitrust.org/cgi/pt?id=mdp.39015018049356
Billboard,,,,https://babel.hathitrust.org/cgi/pt?id=mdp.39015050967788
Billboard,,,,https://babel.hathitrust.org/cgi/pt?id=mdp.39015050967796
Billboard,,,,https://babel.hathitrust.org/cgi/pt?id=mdp.39015053239755
Billboard,"04 Media Publikasi BKKBN, Billboard - Buku Panduan Identitas BKKBN",,bkkbnbillboardhorizontal,https://archive.org/details/bkkbnbillboardhorizontal
Billboard,Art & Science of Billboard Liberation - 2008 Edition,,ArtScienceOfBillboardLiberation-2008Edition,https://archive.org/details/ArtScienceOfBillboardLiberation-2008Edition
Billboard,BKKBN Billboard Horizontal,,bkkbn-billboard-horizontal,https://archive.org/details/bkkbn-billboard-horizontal
Billboard,Bench Billboard Company v. City Of Cincinnati,,gov.uscourts.ohsd.229988,https://archive.org/details/gov.uscourts.ohsd.229988
Billboard,Bench Billboard Company v. City of Toledo,,gov.uscourts.ohnd.144522,https://archive.org/details/gov.uscourts.ohnd.144522
Billboard,Billboard-ifudofhumanrights,,Billboard-ifudofhumanrights,https://archive.org/details/Billboard-ifudofhumanrights
Billboard,Langevin Maxson Billboard 13 Sep 1947,,JL11071,https://archive.org/details/JL11071
Billboard,MACHO HINT BILLBOARD,,cbfc-ecinepramaan-100010291800012520,https://archive.org/details/cbfc-ecinepramaan-100010291800012520
Billboard,MEDIA OUTLET: FW: AP MARLBORO BILLBOARD AT SHEA,,tobacco_thkx0000,https://archive.org/details/tobacco_thkx0000
Billboard,"MUSIC TRENDS - CHARACTERISTICS OF THE ""BILLBOARD"" CHARTS, 1955 TO 1977",,31761117092940,https://archive.org/details/31761117092940
Billboard,The Billboard (October 1920) - Incomplete,,variety52-1919-09,https://archive.org/details/variety52-1919-09
Billboard,billboard-ifudofhumanrights-05,,billboard-ifudofhumanrights-05,https://archive.org/details/billboard-ifudofhumanrights-05
Billboard,Billboard advertising (September 1895),1895-09-01T00:00:00Z,billboard04-1895-09,https://archive.org/details/billboard04-1895-09
Billboard,Billboard Advertising 1895-11-01: Vol 4 Iss 4,1895-11-01T00:00:00Z,sim_billboard_1895-11-01_4_4,https://archive.org/details/sim_billboard_1895-11-01_4_4
Billboard,Billboard Advertising 1895-12-01: Vol 4 Iss 4,1895-12-01T00:00:00Z,sim_billboard_1895-12-01_4_4,https://archive.org/details/sim_billboard_1895-12-01_4_4
Billboard,Billboard Advertising 1896-04-01: Vol 5 Iss 4,1896-04-01T00:00:00Z,sim_billboard_1896-04-01_5_4,https://archive.org/details/sim_billboard_1896-04-01_5_4
Billboard,The billboard (December 1896),1896-12-01T00:00:00Z,billboard08-1896-12,https://archive.org/details/billboard08-1896-12
Billboard,The Billboard 1897-01-01: Vol 8 Iss 12,1897-01-01T00:00:00Z,sim_billboard_1897-01-01_8_12,https://archive.org/details/sim_billboard_1897-01-01_8_12
Billboard,The billboard (February 1897),1897-02-01T00:00:00Z,billboard09-1897-02,https://archive.org/details/billboard09-1897-02
Billboard,The billboard (July 1897),1897-07-01T00:00:00Z,billboard09-1897-07,https://archive.org/details/billboard09-1897-07
Billboard,The billboard (Jan 1898),1898-01-01T00:00:00Z,billboard10-1898-01,https://archive.org/details/billboard10-1898-01
Billboard,The Billboard 1898-03-01: Vol 10 Iss 3,1898-03-01T00:00:00Z,sim_billboard_1898-03-01_10_3,https://archive.org/details/sim_billboard_1898-03-01_10_3
Billboard,The Billboard 1898-04-01: Vol 10 Iss 4,1898-04-01T00:00:00Z,sim_billboard_1898-04-01_10_4,https://archive.org/details/sim_billboard_1898-04-01_10_4
Billboard,The Billboard 1898-07-01: Vol 10 Iss 7,1898-07-01T00:00:00Z,sim_billboard_1898-07-01_10_7,https://archive.org/details/sim_billboard_1898-07-01_10_7
Billboard,The Billboard 1899-05-01: Vol 11 Iss 5,1899-05-01T00:00:00Z,sim_billboard_1899-05-01_11_5,https://archive.org/details/sim_billboard_1899-05-01_11_5
Billboard,The billboard (Nov 1899),1899-11-01T00:00:00Z,billboard12-1899-11,https://archive.org/details/billboard12-1899-11
Billboard,The Billboard 1900-01-01: Vol 12 Iss 3,1900-01-01T00:00:00Z,sim_billboard_1900-01-01_12_3,https://archive.org/details/sim_billboard_1900-01-01_12_3
Billboard,The Billboard 1900-02-01: Vol 12 Iss 4,1900-02-01T00:00:00Z,sim_billboard_1900-02-01_12_4,https://archive.org/details/sim_billboard_1900-02-01_12_4
Billboard,The Billboard 1900-05-01: Vol 12 Iss 7,1900-05-01T00:00:00Z,sim_billboard_1900-05-01_12_7,https://archive.org/details/sim_billboard_1900-05-01_12_7
Billboard,The Billboard 1900-06-23: Vol 13 Iss 8,1900-06-23T00:00:00Z,sim_billboard_1900-06-23_13_8,https://archive.org/details/sim_billboard_1900-06-23_13_8
Billboard,The Billboard 1900-06-30: Vol 13 Iss 9,1900-06-30T00:00:00Z,sim_billboard_1900-06-30_13_9,https://archive.org/details/sim_billboard_1900-06-30_13_9
Billboard,The Billboard 1901-04-06: Vol 13 Iss 14,1901-04-06T00:00:00Z,sim_billboard_1901-04-06_13_14,https://archive.org/details/sim_billboard_1901-04-06_13_14
Billboard,The Billboard 1901-10-05: Vol 13 Iss 40,1901-10-05T00:00:00Z,sim_billboard_1901-10-05_13_40,https://archive.org/details/sim_billboard_1901-10-05_13_40
Billboard,The Billboard 1901-10-12: Vol 13 Iss 41,1901-10-12T00:00:00Z,sim_billboard_1901-10-12_13_41,https://archive.org/details/sim_billboard_1901-10-12_13_41
Billboard,The Billboard 1901-11-02: Vol 13 Iss 44,1901-11-02T00:00:00Z,sim_billboard_1901-11-02_13_44,https://archive.org/details/sim_billboard_1901-11-02_13_44
Billboard,The Billboard 1901-12-21: Vol 13 Iss 51,1901-12-21T00:00:00Z,sim_billboard_1901-12-21_13_51,https://archive.org/details/sim_billboard_1901-12-21_13_51
Billboard,The Billboard 1901-12-28: Vol 13 Iss 52,1901-12-28T00:00:00Z,sim_billboard_1901-12-28_13_52,https://archive.org/details/sim_billboard_1901-12-28_13_52
Billboard,The Billboard 1902-01-03: Vol 15 Iss 1,1902-01-03T00:00:00Z,sim_billboard_1902-01-03_15_1,https://archive.org/details/sim_billboard_1902-01-03_15_1
Billboard,The Billboard 1902-01-25: Vol 14 Iss 4,1902-01-25T00:00:00Z,sim_billboard_1902-01-25_14_4,https://archive.org/details/sim_billboard_1902-01-25_14_4
Billboard,The Billboard 1902-03-15: Vol 14 Iss 11,1902-03-15T00:00:00Z,sim_billboard_1902-03-15_14_11,https://archive.org/details/sim_billboard_1902-03-15_14_11
Billboard,The Billboard 1902-04-12: Vol 14 Iss 15,1902-04-12T00:00:00Z,sim_billboard_1902-04-12_14_15,https://archive.org/details/sim_billboard_1902-04-12_14_15
Billboard,The Billboard 1902-06-28: Vol 14 Iss 26,1902-06-28T00:00:00Z,sim_billboard_1902-06-28_14_26,https://archive.org/details/sim_billboard_1902-06-28_14_26
Billboard,The Billboard 1903-03-21: Vol 15 Iss 12,1903-03-21T00:00:00Z,sim_billboard_1903-03-21_15_12,https://archive.org/details/sim_billboard_1903-03-21_15_12
Billboard,The Billboard 1903-05-16: Vol 15 Iss 20,1903-05-16T00:00:00Z,sim_billboard_1903-05-16_15_20,https://archive.org/details/sim_billboard_1903-05-16_15_20
Billboard,The Billboard 1903-05-23: Vol 15 Iss 21,1903-05-23T00:00:00Z,sim_billboard_1903-05-23_15_21,https://archive.org/details/sim_billboard_1903-05-23_15_21
Billboard,The Billboard 1903-07-25: Vol 15 Iss 30,1903-07-25T00:00:00Z,sim_billboard_1903-07-25_15_30,https://archive.org/details/sim_billboard_1903-07-25_15_30
Billboard,The Billboard 1904-01-02: Vol 16 Iss 1,1904-01-02T00:00:00Z,sim_billboard_1904-01-02_16_1,https://archive.org/details/sim_billboard_1904-01-02_16_1
Billboard,The Billboard 1904-02-06: Vol 16 Iss 6,1904-02-06T00:00:00Z,sim_billboard_1904-02-06_16_6,https://archive.org/details/sim_billboard_1904-02-06_16_6
Billboard,The Billboard 1904-02-13: Vol 16 Iss 7,1904-02-13T00:00:00Z,sim_billboard_1904-02-13_16_7,https://archive.org/details/sim_billboard_1904-02-13_16_7
Billboard,The Billboard 1904-02-20: Vol 16 Iss 8,1904-02-20T00:00:00Z,sim_billboard_1904-02-20_16_8,https://archive.org/details/sim_billboard_1904-02-20_16_8
Billboard,The Billboard 1904-04-23: Vol 16 Iss 17,1904-04-23T00:00:00Z,sim_billboard_1904-04-23_16_17,https://archive.org/details/sim_billboard_1904-04-23_16_17
Billboard,The Billboard 1904-07-23: Vol 16 Iss 30,1904-07-23T00:00:00Z,sim_billboard_1904-07-23_16_30,https://archive.org/details/sim_billboard_1904-07-23_16_30
Billboard,The Billboard 1904-08-20: Vol 16 Iss 34,1904-08-20T00:00:00Z,sim_billboard_1904-08-20_16_34,https://archive.org/details/sim_billboard_1904-08-20_16_34
Billboard,The Billboard 1904-08-27: Vol 16 Iss 35,1904-08-27T00:00:00Z,sim_billboard_1904-08-27_16_35,https://archive.org/details/sim_billboard_1904-08-27_16_35
Billboard,The Billboard 1904-09-03: Vol 16 Iss 36,1904-09-03T00:00:00Z,sim_billboard_1904-09-03_16_36,https://archive.org/details/sim_billboard_1904-09-03_16_36
Billboard,The Billboard 1904-10-15: Vol 16 Iss 42,1904-10-15T00:00:00Z,sim_billboard_1904-10-15_16_42,https://archive.org/details/sim_billboard_1904-10-15_16_42
Billboard,The Billboard 1904-12-17: Vol 16 Iss 51,1904-12-17T00:00:00Z,sim_billboard_1904-12-17_16_51,https://archive.org/details/sim_billboard_1904-12-17_16_51
Billboard,The Billboard 1905-02-11: Vol 17 Iss 6,1905-02-11T00:00:00Z,sim_billboard_1905-02-11_17_6,https://archive.org/details/sim_billboard_1905-02-11_17_6
Billboard,The Billboard 1905-02-18: Vol 17 Iss 7,1905-02-18T00:00:00Z,sim_billboard_1905-02-18_17_7,https://archive.org/details/sim_billboard_1905-02-18_17_7
Billboard,The Billboard 1905-02-25: Vol 17 Iss 8,1905-02-25T00:00:00Z,sim_billboard_1905-02-25_17_8,https://archive.org/details/sim_billboard_1905-02-25_17_8
Billboard,The Billboard 1905-03-18: Vol 17 Iss 11,1905-03-18T00:00:00Z,sim_billboard_1905-03-18_17_11,https://archive.org/details/sim_billboard_1905-03-18_17_11
Billboard,The Billboard 1905-05-13: Vol 17 Iss 19,1905-05-13T00:00:00Z,sim_billboard_1905-05-13_17_19,https://archive.org/details/sim_billboard_1905-05-13_17_19
Billboard,The Billboard 1905-06-03: Vol 17 Iss 22,1905-06-03T00:00:00Z,sim_billboard_1905-06-03_17_22,https://archive.org/details/sim_billboard_1905-06-03_17_22
Billboard,The Billboard 1905-06-24: Vol 17 Iss 25,1905-06-24T00:00:00Z,sim_billboard_1905-06-24_17_25,https://archive.org/details/sim_billboard_1905-06-24_17_25
Billboard,The Billboard 1905-07-22: Vol 17 Iss 29,1905-07-22T00:00:00Z,sim_billboard_1905-07-22_17_29,https://archive.org/details/sim_billboard_1905-07-22_17_29
Billboard,The Billboard 1905-11-04: Vol 17 Iss 44,1905-11-04T00:00:00Z,sim_billboard_1905-11-04_17_44,https://archive.org/details/sim_billboard_1905-11-04_17_44
Billboard,The Billboard 1905-11-25: Vol 17 Iss 47,1905-11-25T00:00:00Z,sim_billboard_1905-11-25_17_47,https://archive.org/details/sim_billboard_1905-11-25_17_47
Billboard,The Billboard 1906-01-27: Vol 18 Iss 4,1906-01-27T00:00:00Z,sim_billboard_1906-01-27_18_4,https://archive.org/details/sim_billboard_1906-01-27_18_4
Billboard,The Billboard 1906-02-24: Vol 18 Iss 8,1906-02-24T00:00:00Z,sim_billboard_1906-02-24_18_8,https://archive.org/details/sim_billboard_1906-02-24_18_8
Billboard,The Billboard 1906-03-03: Vol 18 Iss 9,1906-03-03T00:00:00Z,sim_billboard_1906-03-03_18_9,https://archive.org/details/sim_billboard_1906-03-03_18_9
Billboard,The Billboard 1906-03-17: Vol 18 Iss 11,1906-03-17T00:00:00Z,sim_billboard_1906-03-17_18_11,https://archive.org/details/sim_billboard_1906-03-17_18_11
Billboard,The Billboard 1906-03-24: Vol 18 Iss 12,1906-03-24T00:00:00Z,sim_billboard_1906-03-24_18_12,https://archive.org/details/sim_billboard_1906-03-24_18_12
Billboard,The Billboard 1906-04-14: Vol 18 Iss 15,1906-04-14T00:00:00Z,sim_billboard_1906-04-14_18_15,https://archive.org/details/sim_billboard_1906-04-14_18_15
Billboard,The Billboard 1906-05-12: Vol 18 Iss 19,1906-05-12T00:00:00Z,sim_billboard_1906-05-12_18_19,https://archive.org/details/sim_billboard_1906-05-12_18_19
Billboard,The Billboard 1906-07-28: Vol 18 Iss 30,1906-07-28T00:00:00Z,sim_billboard_1906-07-28_18_30,https://archive.org/details/sim_billboard_1906-07-28_18_30
Billboard,The Billboard 1906-08-11: Vol 18 Iss 32,1906-08-11T00:00:00Z,sim_billboard_1906-08-11_18_32,https://archive.org/details/sim_billboard_1906-08-11_18_32
Billboard,The Billboard 1906-09-15: Vol 18 Iss 37,1906-09-15T00:00:00Z,sim_billboard_1906-09-15_18_37,https://archive.org/details/sim_billboard_1906-09-15_18_37
Billboard,The Billboard 1906-09-22: Vol 18 Iss 38,1906-09-22T00:00:00Z,sim_billboard_1906-09-22_18_38,https://archive.org/details/sim_billboard_1906-09-22_18_38
Billboard,The Billboard 1906-10-13: Vol 18 Iss 41,1906-10-13T00:00:00Z,sim_billboard_1906-10-13_18_41,https://archive.org/details/sim_billboard_1906-10-13_18_41
Billboard,The Billboard 1906-12-01: Vol 18 Iss 48,1906-12-01T00:00:00Z,sim_billboard_1906-12-01_18_48,https://archive.org/details/sim_billboard_1906-12-01_18_48
Billboard,The Billboard 1906-12-15: Vol 18 Iss 50,1906-12-15T00:00:00Z,sim_billboard_1906-12-15_18_50,https://archive.org/details/sim_billboard_1906-12-15_18_50
Billboard,The Billboard 1907-01-26: Vol 19 Iss 4,1907-01-26T00:00:00Z,sim_billboard_1907-01-26_19_4,https://archive.org/details/sim_billboard_1907-01-26_19_4
Billboard,The Billboard 1907-03-16: Vol 19 Iss 11,1907-03-16T00:00:00Z,sim_billboard_1907-03-16_19_11,https://archive.org/details/sim_billboard_1907-03-16_19_11
Billboard,The Billboard 1907-03-30: Vol 19 Iss 13,1907-03-30T00:00:00Z,sim_billboard_1907-03-30_19_13,https://archive.org/details/sim_billboard_1907-03-30_19_13
Billboard,The Billboard 1907-05-18: Vol 19 Iss 20,1907-05-18T00:00:00Z,sim_billboard_1907-05-18_19_20,https://archive.org/details/sim_billboard_1907-05-18_19_20
Billboard,The Billboard 1907-08-10: Vol 19 Iss 32,1907-08-10T00:00:00Z,sim_billboard_1907-08-10_19_32,https://archive.org/details/sim_billboard_1907-08-10_19_32
Billboard,The Billboard 1907-08-24: Vol 19 Iss 35,1907-08-24T00:00:00Z,sim_billboard_1907-08-24_19_35,https://archive.org/details/sim_billboard_1907-08-24_19_35
Billboard,The Billboard 1908-01-11: Vol 20 Iss 2,1908-01-11T00:00:00Z,sim_billboard_1908-01-11_20_2,https://archive.org/details/sim_billboard_1908-01-11_20_2
Billboard,The Billboard 1908-03-07: Vol 20 Iss 10,1908-03-07T00:00:00Z,sim_billboard_1908-03-07_20_10,https://archive.org/details/sim_billboard_1908-03-07_20_10
Billboard,The Billboard 1908-05-30: Vol 20 Iss 22,1908-05-30T00:00:00Z,sim_billboard_1908-05-30_20_22,https://archive.org/details/sim_billboard_1908-05-30_20_22
Billboard,The Billboard 1908-07-11: Vol 20 Iss 28,1908-07-11T00:00:00Z,sim_billboard_1908-07-11_20_28,https://archive.org/details/sim_billboard_1908-07-11_20_28
Billboard,The Billboard 1908-07-25: Vol 20 Iss 30,1908-07-25T00:00:00Z,sim_billboard_1908-07-25_20_30,https://archive.org/details/sim_billboard_1908-07-25_20_30
Billboard,The Billboard 1908-10-03: Vol 20 Iss 40,1908-10-03T00:00:00Z,sim_billboard_1908-10-03_20_40,https://archive.org/details/sim_billboard_1908-10-03_20_40
Billboard,The Billboard 1908-11-14: Vol 20 Iss 46,1908-11-14T00:00:00Z,sim_billboard_1908-11-14_20_46,https://archive.org/details/sim_billboard_1908-11-14_20_46
Billboard,The Billboard 1909-03-06: Vol 21 Iss 10,1909-03-06T00:00:00Z,sim_billboard_1909-03-06_21_10,https://archive.org/details/sim_billboard_1909-03-06_21_10
Billboard,The Billboard 1909-12-11: Vol 21 Iss 50,1909-12-11T00:00:00Z,sim_billboard_1909-12-11_21_50,https://archive.org/details/sim_billboard_1909-12-11_21_50
Billboard,The Billboard 1909-12-25: Vol 21 Iss 52,1909-12-25T00:00:00Z,sim_billboard_1909-12-25_21_52,https://archive.org/details/sim_billboard_1909-12-25_21_52
Billboard,The Billboard 1910-01-29: Vol 22 Iss 5,1910-01-29T00:00:00Z,sim_billboard_1910-01-29_22_5,https://archive.org/details/sim_billboard_1910-01-29_22_5
Billboard,The Billboard 1910-03-19: Vol 22 Iss 12,1910-03-19T00:00:00Z,sim_billboard_1910-03-19_22_12,https://archive.org/details/sim_billboard_1910-03-19_22_12
Billboard,The Billboard 1910-04-02: Vol 22 Iss 14,1910-04-02T00:00:00Z,sim_billboard_1910-04-02_22_14,https://archive.org/details/sim_billboard_1910-04-02_22_14
Billboard,The Billboard 1910-06-25: Vol 22 Iss 26,1910-06-25T00:00:00Z,sim_billboard_1910-06-25_22_26,https://archive.org/details/sim_billboard_1910-06-25_22_26
Billboard,The billboard (Sept 1910),1910-09-01T00:00:00Z,billboard22-1910-09,https://archive.org/details/billboard22-1910-09
Billboard,The Billboard 1910-10-01: Vol 22 Iss 40,1910-10-01T00:00:00Z,sim_billboard_1910-10-01_22_40,https://archive.org/details/sim_billboard_1910-10-01_22_40
Billboard,The Billboard 1911-04-01: Vol 23 Iss 13,1911-04-01T00:00:00Z,sim_billboard_1911-04-01_23_13,https://archive.org/details/sim_billboard_1911-04-01_23_13
Billboard,The Billboard 1912-02-10: Vol 24 Iss 6,1912-02-10T00:00:00Z,sim_billboard_1912-02-10_24_6,https://archive.org/details/sim_billboard_1912-02-10_24_6
Billboard,The Billboard 1912-03-09: Vol 24 Iss 10,1912-03-09T00:00:00Z,sim_billboard_1912-03-09_24_10,https://archive.org/details/sim_billboard_1912-03-09_24_10
Billboard,The Billboard 1912-03-30: Vol 24 Iss 13,1912-03-30T00:00:00Z,sim_billboard_1912-03-30_24_13,https://archive.org/details/sim_billboard_1912-03-30_24_13
Billboard,The Billboard 1912-04-13: Vol 24 Iss 15,1912-04-13T00:00:00Z,sim_billboard_1912-04-13_24_15,https://archive.org/details/sim_billboard_1912-04-13_24_15
Billboard,The Billboard 1912-06-15: Vol 24 Iss 24,1912-06-15T00:00:00Z,sim_billboard_1912-06-15_24_24,https://archive.org/details/sim_billboard_1912-06-15_24_24
Billboard,The Billboard 1912-07-27: Vol 24 Iss 30,1912-07-27T00:00:00Z,sim_billboard_1912-07-27_24_30,https://archive.org/details/sim_billboard_1912-07-27_24_30
Billboard,The Billboard 1912-08-10: Vol 24 Iss 32,1912-08-10T00:00:00Z,sim_billboard_1912-08-10_24_32,https://archive.org/details/sim_billboard_1912-08-10_24_32
Billboard,The Billboard 1912-10-12: Vol 24 Iss 44,1912-10-12T00:00:00Z,sim_billboard_1912-10-12_24_44,https://archive.org/details/sim_billboard_1912-10-12_24_44
Billboard,The Billboard 1912-12-14: Vol 24 Iss 50,1912-12-14T00:00:00Z,sim_billboard_1912-12-14_24_50,https://archive.org/details/sim_billboard_1912-12-14_24_50
Billboard,The Billboard 1912-12-21: Vol 24 Iss 51,1912-12-21T00:00:00Z,sim_billboard_1912-12-21_24_51,https://archive.org/details/sim_billboard_1912-12-21_24_51
Billboard,The Billboard 1913-01-04: Vol 25 Iss 1,1913-01-04T00:00:00Z,sim_billboard_1913-01-04_25_1,https://archive.org/details/sim_billboard_1913-01-04_25_1
Billboard,The Billboard 1913-03-15: Vol 25 Iss 11,1913-03-15T00:00:00Z,sim_billboard_1913-03-15_25_11,https://archive.org/details/sim_billboard_1913-03-15_25_11
Billboard,The Billboard 1913-04-26: Vol 25 Iss 17,1913-04-26T00:00:00Z,sim_billboard_1913-04-26_25_17,https://archive.org/details/sim_billboard_1913-04-26_25_17
Billboard,The Billboard 1913-05-17: Vol 25 Iss 20,1913-05-17T00:00:00Z,sim_billboard_1913-05-17_25_20,https://archive.org/details/sim_billboard_1913-05-17_25_20
Billboard,The Billboard 1913-05-24: Vol 25 Iss 21,1913-05-24T00:00:00Z,sim_billboard_1913-05-24_25_21,https://archive.org/details/sim_billboard_1913-05-24_25_21
Billboard,The Billboard 1913-07-19: Vol 25 Iss 29,1913-07-19T00:00:00Z,sim_billboard_1913-07-19_25_29,https://archive.org/details/sim_billboard_1913-07-19_25_29
Billboard,The Billboard 1913-09-06: Vol 25 Iss 36,1913-09-06T00:00:00Z,sim_billboard_1913-09-06_25_36,https://archive.org/details/sim_billboard_1913-09-06_25_36
Billboard,The Billboard 1913-10-25: Vol 25 Iss 43,1913-10-25T00:00:00Z,sim_billboard_1913-10-25_25_43,https://archive.org/details/sim_billboard_1913-10-25_25_43
Billboard,The Billboard 1913-11-15: Vol 25 Iss 46,1913-11-15T00:00:00Z,sim_billboard_1913-11-15_25_46,https://archive.org/details/sim_billboard_1913-11-15_25_46
Billboard,The Billboard 1913-12-13: Vol 25 Iss 50,1913-12-13T00:00:00Z,sim_billboard_1913-12-13_25_50,https://archive.org/details/sim_billboard_1913-12-13_25_50
Billboard,The Billboard 1913-12-20: Vol 25 Iss 51,1913-12-20T00:00:00Z,sim_billboard_1913-12-20_25_51,https://archive.org/details/sim_billboard_1913-12-20_25_51
Billboard,The Billboard 1914-01-10: Vol 26 Iss 2,1914-01-10T00:00:00Z,sim_billboard_1914-01-10_26_2,https://archive.org/details/sim_billboard_1914-01-10_26_2
Billboard,The Billboard 1914-01-24: Vol 26 Iss 4,1914-01-24T00:00:00Z,sim_billboard_1914-01-24_26_4,https://archive.org/details/sim_billboard_1914-01-24_26_4
Billboard,The Billboard 1914-01-31: Vol 26 Iss 5,1914-01-31T00:00:00Z,sim_billboard_1914-01-31_26_5,https://archive.org/details/sim_billboard_1914-01-31_26_5
Billboard,The Billboard 1914-04-25: Vol 26 Iss 17,1914-04-25T00:00:00Z,sim_billboard_1914-04-25_26_17,https://archive.org/details/sim_billboard_1914-04-25_26_17
Billboard,The Billboard 1914-05-09: Vol 26 Iss 19,1914-05-09T00:00:00Z,sim_billboard_1914-05-09_26_19,https://archive.org/details/sim_billboard_1914-05-09_26_19
Billboard,The Billboard 1914-05-30: Vol 26 Iss 22,1914-05-30T00:00:00Z,sim_billboard_1914-05-30_26_22,https://archive.org/details/sim_billboard_1914-05-30_26_22
Billboard,The Billboard 1914-06-20: Vol 26 Iss 25,1914-06-20T00:00:00Z,sim_billboard_1914-06-20_26_25,https://archive.org/details/sim_billboard_1914-06-20_26_25
Billboard,The Billboard 1914-09-19: Vol 26 Iss 38,1914-09-19T00:00:00Z,sim_billboard_1914-09-19_26_38,https://archive.org/details/sim_billboard_1914-09-19_26_38
Billboard,The Billboard 1914-10-17: Vol 26 Iss 42,1914-10-17T00:00:00Z,sim_billboard_1914-10-17_26_42,https://archive.org/details/sim_billboard_1914-10-17_26_42
Billboard,The Billboard 1914-11-14: Vol 26 Iss 46,1914-11-14T00:00:00Z,sim_billboard_1914-11-14_26_46,https://archive.org/details/sim_billboard_1914-11-14_26_46
Billboard,The Billboard 1914-12-26: Vol 26 Iss 52,1914-12-26T00:00:00Z,sim_billboard_1914-12-26_26_52,https://archive.org/details/sim_billboard_1914-12-26_26_52
Billboard,The Billboard 1915-03-27: Vol 27 Iss 13,1915-03-27T00:00:00Z,sim_billboard_1915-03-27_27_13,https://archive.org/details/sim_billboard_1915-03-27_27_13
Billboard,The Billboard 1915-04-03: Vol 27 Iss 14,1915-04-03T00:00:00Z,sim_billboard_1915-04-03_27_14,https://archive.org/details/sim_billboard_1915-04-03_27_14
Billboard,The Billboard 1915-05-29: Vol 27 Iss 22,1915-05-29T00:00:00Z,sim_billboard_1915-05-29_27_22,https://archive.org/details/sim_billboard_1915-05-29_27_22
Billboard,The Billboard 1915-08-07: Vol 27 Iss 32,1915-08-07T00:00:00Z,sim_billboard_1915-08-07_27_32,https://archive.org/details/sim_billboard_1915-08-07_27_32
Billboard,The Billboard 1915-08-21: Vol 27 Iss 34,1915-08-21T00:00:00Z,sim_billboard_1915-08-21_27_34,https://archive.org/details/sim_billboard_1915-08-21_27_34
Billboard,The Billboard 1915-08-28: Vol 27 Iss 35,1915-08-28T00:00:00Z,sim_billboard_1915-08-28_27_35,https://archive.org/details/sim_billboard_1915-08-28_27_35
Billboard,The Billboard 1915-09-18: Vol 27 Iss 38,1915-09-18T00:00:00Z,sim_billboard_1915-09-18_27_38,https://archive.org/details/sim_billboard_1915-09-18_27_38
Billboard,The Billboard 1915-10-02: Vol 27 Iss 40,1915-10-02T00:00:00Z,sim_billboard_1915-10-02_27_40,https://archive.org/details/sim_billboard_1915-10-02_27_40
Billboard,The Billboard 1915-10-16: Vol 27 Iss 42,1915-10-16T00:00:00Z,sim_billboard_1915-10-16_27_42,https://archive.org/details/sim_billboard_1915-10-16_27_42
Billboard,The Billboard 1915-12-11: Vol 27 Iss 50,1915-12-11T00:00:00Z,sim_billboard_1915-12-11_27_50,https://archive.org/details/sim_billboard_1915-12-11_27_50
Billboard,The Billboard 1916-02-19: Vol 28 Iss 8,1916-02-19T00:00:00Z,sim_billboard_1916-02-19_28_8,https://archive.org/details/sim_billboard_1916-02-19_28_8
Billboard,The Billboard 1916-04-01: Vol 28 Iss 14,1916-04-01T00:00:00Z,sim_billboard_1916-04-01_28_14,https://archive.org/details/sim_billboard_1916-04-01_28_14
Billboard,The Billboard 1916-04-08: Vol 28 Iss 15,1916-04-08T00:00:00Z,sim_billboard_1916-04-08_28_15,https://archive.org/details/sim_billboard_1916-04-08_28_15
Billboard,The Billboard 1916-08-26: Vol 28 Iss 35,1916-08-26T00:00:00Z,sim_billboard_1916-08-26_28_35,https://archive.org/details/sim_billboard_1916-08-26_28_35
Billboard,The Billboard 1916-10-07: Vol 28 Iss 41,1916-10-07T00:00:00Z,sim_billboard_1916-10-07_28_41,https://archive.org/details/sim_billboard_1916-10-07_28_41
Billboard,The Billboard 1916-11-04: Vol 28 Iss 45,1916-11-04T00:00:00Z,sim_billboard_1916-11-04_28_45,https://archive.org/details/sim_billboard_1916-11-04_28_45
Billboard,The Billboard 1916-11-25: Vol 28 Iss 48,1916-11-25T00:00:00Z,sim_billboard_1916-11-25_28_48,https://archive.org/details/sim_billboard_1916-11-25_28_48
Billboard,The Billboard 1917-01-13: Vol 29 Iss 2,1917-01-13T00:00:00Z,sim_billboard_1917-01-13_29_2,https://archive.org/details/sim_billboard_1917-01-13_29_2
Billboard,The Billboard 1917-03-03: Vol 29 Iss 9,1917-03-03T00:00:00Z,sim_billboard_1917-03-03_29_9,https://archive.org/details/sim_billboard_1917-03-03_29_9
Billboard,The Billboard 1917-03-17: Vol 29 Iss 11,1917-03-17T00:00:00Z,sim_billboard_1917-03-17_29_11,https://archive.org/details/sim_billboard_1917-03-17_29_11
Billboard,The Billboard 1917-03-31: Vol 29 Iss 13,1917-03-31T00:00:00Z,sim_billboard_1917-03-31_29_13,https://archive.org/details/sim_billboard_1917-03-31_29_13
Billboard,The Billboard 1917-05-19: Vol 29 Iss 20,1917-05-19T00:00:00Z,sim_billboard_1917-05-19_29_20,https://archive.org/details/sim_billboard_1917-05-19_29_20
Billboard,The Billboard 1917-06-09: Vol 29 Iss 23,1917-06-09T00:00:00Z,sim_billboard_1917-06-09_29_23,https://archive.org/details/sim_billboard_1917-06-09_29_23
Billboard,The Billboard 1917-07-28: Vol 29 Iss 30,1917-07-28T00:00:00Z,sim_billboard_1917-07-28_29_30,https://archive.org/details/sim_billboard_1917-07-28_29_30
Billboard,The billboard (Aug 1917),1917-08-01T00:00:00Z,billboard29-1917-08,https://archive.org/details/billboard29-1917-08
Billboard,The Billboard 1917-08-25: Vol 29 Iss 34,1917-08-25T00:00:00Z,sim_billboard_1917-08-25_29_34,https://archive.org/details/sim_billboard_1917-08-25_29_34
Billboard,The Billboard 1917-09-01: Vol 29 Iss 35,1917-09-01T00:00:00Z,sim_billboard_1917-09-01_29_35,https://archive.org/details/sim_billboard_1917-09-01_29_35
Billboard,The Billboard 1917-12-01: Vol 29 Iss 48,1917-12-01T00:00:00Z,sim_billboard_1917-12-01_29_48,https://archive.org/details/sim_billboard_1917-12-01_29_48
Billboard,The Billboard 1917-12-08: Vol 29 Iss 49,1917-12-08T00:00:00Z,sim_billboard_1917-12-08_29_49,https://archive.org/details/sim_billboard_1917-12-08_29_49
Billboard,The Billboard 1918-04-27: Vol 30 Iss 17,1918-04-27T00:00:00Z,sim_billboard_1918-04-27_30_17,https://archive.org/details/sim_billboard_1918-04-27_30_17
Billboard,The Billboard 1918-06-01: Vol 30 Iss 22,1918-06-01T00:00:00Z,sim_billboard_1918-06-01_30_22,https://archive.org/details/sim_billboard_1918-06-01_30_22
Billboard,The Billboard 1918-07-06: Vol 30 Iss 27,1918-07-06T00:00:00Z,sim_billboard_1918-07-06_30_27,https://archive.org/details/sim_billboard_1918-07-06_30_27
Billboard,The Billboard 1918-07-27: Vol 30 Iss 30,1918-07-27T00:00:00Z,sim_billboard_1918-07-27_30_30,https://archive.org/details/sim_billboard_1918-07-27_30_30
Billboard,The Billboard 1918-08-17: Vol 30 Iss 33,1918-08-17T00:00:00Z,sim_billboard_1918-08-17_30_33,https://archive.org/details/sim_billboard_1918-08-17_30_33
Billboard,The Billboard 1918-09-28: Vol 30 Iss 39,1918-09-28T00:00:00Z,sim_billboard_1918-09-28_30_39,https://archive.org/details/sim_billboard_1918-09-28_30_39
Billboard,The billboard (Oct 1918),1918-10-01T00:00:00Z,billboard30-1918-10,https://archive.org/details/billboard30-1918-10
Billboard,The billboard (Nov 1918),1918-11-01T00:00:00Z,billboard30-1918-11,https://archive.org/details/billboard30-1918-11
Billboard,The Billboard 1918-12-07: Vol 30 Iss 49,1918-12-07T00:00:00Z,sim_billboard_1918-12-07_30_49,https://archive.org/details/sim_billboard_1918-12-07_30_49
Billboard,The Billboard 1919-01-04: Vol 31 Iss 1,1919-01-04T00:00:00Z,sim_billboard_1919-01-04_31_1,https://archive.org/details/sim_billboard_1919-01-04_31_1
Billboard,The Billboard 1919-02-22: Vol 31 Iss 8,1919-02-22T00:00:00Z,sim_billboard_1919-02-22_31_8,https://archive.org/details/sim_billboard_1919-02-22_31_8
Billboard,The Billboard 1919-04-05: Vol 31 Iss 14,1919-04-05T00:00:00Z,sim_billboard_1919-04-05_31_14,https://archive.org/details/sim_billboard_1919-04-05_31_14
Billboard,The Billboard 1919-04-12: Vol 31 Iss 15,1919-04-12T00:00:00Z,sim_billboard_1919-04-12_31_15,https://archive.org/details/sim_billboard_1919-04-12_31_15
Billboard,The Billboard 1919-06-07: Vol 31 Iss 23,1919-06-07T00:00:00Z,sim_billboard_1919-06-07_31_23,https://archive.org/details/sim_billboard_1919-06-07_31_23
Billboard,The Billboard 1919-12-13: Vol 31 Iss 50,1919-12-13T00:00:00Z,sim_billboard_1919-12-13_31_50,https://archive.org/details/sim_billboard_1919-12-13_31_50
Billboard,The Billboard 1920-01-24: Vol 32 Iss 4,1920-01-24T00:00:00Z,sim_billboard_1920-01-24_32_4,https://archive.org/details/sim_billboard_1920-01-24_32_4
Billboard,The Billboard 1920-02-28: Vol 32 Iss 9,1920-02-28T00:00:00Z,sim_billboard_1920-02-28_32_9,https://archive.org/details/sim_billboard_1920-02-28_32_9
Billboard,The Billboard 1920-03-06: Vol 32 Iss 10,1920-03-06T00:00:00Z,sim_billboard_1920-03-06_32_10,https://archive.org/details/sim_billboard_1920-03-06_32_10
Billboard,The Billboard 1920-03-20: Vol 32 Iss 12,1920-03-20T00:00:00Z,sim_billboard_1920-03-20_32_12,https://archive.org/details/sim_billboard_1920-03-20_32_12
Billboard,The Billboard 1920-05-08: Vol 32 Iss 19,1920-05-08T00:00:00Z,sim_billboard_1920-05-08_32_19,https://archive.org/details/sim_billboard_1920-05-08_32_19
Billboard,The Billboard 1920-05-15: Vol 32 Iss 20,1920-05-15T00:00:00Z,sim_billboard_1920-05-15_32_20,https://archive.org/details/sim_billboard_1920-05-15_32_20
Billboard,The Billboard 1920-06-12: Vol 32 Iss 24,1920-06-12T00:00:00Z,sim_billboard_1920-06-12_32_24,https://archive.org/details/sim_billboard_1920-06-12_32_24
Billboard,The Billboard 1920-07-03: Vol 32 Iss 27,1920-07-03T00:00:00Z,sim_billboard_1920-07-03_32_27,https://archive.org/details/sim_billboard_1920-07-03_32_27
Billboard,The Billboard 1920-07-17: Vol 32 Iss 29,1920-07-17T00:00:00Z,sim_billboard_1920-07-17_32_29,https://archive.org/details/sim_billboard_1920-07-17_32_29
Billboard,The Billboard 1920-08-21: Vol 32 Iss 34,1920-08-21T00:00:00Z,sim_billboard_1920-08-21_32_34,https://archive.org/details/sim_billboard_1920-08-21_32_34
Billboard,The Billboard 1920-09-04: Vol 32 Iss 36,1920-09-04T00:00:00Z,sim_billboard_1920-09-04_32_36,https://archive.org/details/sim_billboard_1920-09-04_32_36
Billboard,The Billboard 1920-11-20: Vol 32 Iss 47,1920-11-20T00:00:00Z,sim_billboard_1920-11-20_32_47,https://archive.org/details/sim_billboard_1920-11-20_32_47
Billboard,The Billboard 1920-12-25: Vol 32 Iss 52,1920-12-25T00:00:00Z,sim_billboard_1920-12-25_32_52,https://archive.org/details/sim_billboard_1920-12-25_32_52
Billboard,The Billboard 1921-02-12: Vol 33 Iss 7,1921-02-12T00:00:00Z,sim_billboard_1921-02-12_33_7,https://archive.org/details/sim_billboard_1921-02-12_33_7
Billboard,The Billboard 1921-09-10: Vol 33 Iss 37,1921-09-10T00:00:00Z,sim_billboard_1921-09-10_33_37,https://archive.org/details/sim_billboard_1921-09-10_33_37
Billboard,The Billboard 1922-01-28: Vol 34 Iss 4,1922-01-28T00:00:00Z,sim_billboard_1922-01-28_34_4,https://archive.org/details/sim_billboard_1922-01-28_34_4
Billboard,The Billboard 1922-02-18: Vol 34 Iss 7,1922-02-18T00:00:00Z,sim_billboard_1922-02-18_34_7,https://archive.org/details/sim_billboard_1922-02-18_34_7
Billboard,The Billboard 1922-04-08: Vol 34 Iss 14,1922-04-08T00:00:00Z,sim_billboard_1922-04-08_34_14,https://archive.org/details/sim_billboard_1922-04-08_34_14
Billboard,The Billboard 1922-06-10: Vol 34 Iss 23,1922-06-10T00:00:00Z,sim_billboard_1922-06-10_34_23,https://archive.org/details/sim_billboard_1922-06-10_34_23
Billboard,The Billboard 1922-06-24: Vol 34 Iss 25,1922-06-24T00:00:00Z,sim_billboard_1922-06-24_34_25,https://archive.org/details/sim_billboard_1922-06-24_34_25
Billboard,The Billboard 1922-10-21: Vol 34 Iss 42,1922-10-21T00:00:00Z,sim_billboard_1922-10-21_34_42,https://archive.org/details/sim_billboard_1922-10-21_34_42
Billboard,The Billboard 1922-11-04: Vol 34 Iss 44,1922-11-04T00:00:00Z,sim_billboard_1922-11-04_34_44,https://archive.org/details/sim_billboard_1922-11-04_34_44
Billboard,The Billboard 1922-11-18: Vol 34 Iss 46,1922-11-18T00:00:00Z,sim_billboard_1922-11-18_34_46,https://archive.org/details/sim_billboard_1922-11-18_34_46
Billboard,The Billboard 1922-12-02: Vol 34 Iss 48,1922-12-02T00:00:00Z,sim_billboard_1922-12-02_34_48,https://archive.org/details/sim_billboard_1922-12-02_34_48
Billboard,The Billboard 1922-12-23: Vol 34 Iss 51,1922-12-23T00:00:00Z,sim_billboard_1922-12-23_34_51,https://archive.org/details/sim_billboard_1922-12-23_34_51
Billboard,The Billboard 1923-01-06: Vol 35 Iss 1,1923-01-06T00:00:00Z,sim_billboard_1923-01-06_35_1,https://archive.org/details/sim_billboard_1923-01-06_35_1
Billboard,The Billboard 1923-01-20: Vol 35 Iss 3,1923-01-20T00:00:00Z,sim_billboard_1923-01-20_35_3,https://archive.org/details/sim_billboard_1923-01-20_35_3
Billboard,The Billboard 1923-05-19: Vol 35 Iss 20,1923-05-19T00:00:00Z,sim_billboard_1923-05-19_35_20,https://archive.org/details/sim_billboard_1923-05-19_35_20
Billboard,The Billboard 1923-06-09: Vol 35 Iss 23,1923-06-09T00:00:00Z,sim_billboard_1923-06-09_35_23,https://archive.org/details/sim_billboard_1923-06-09_35_23
Billboard,The Billboard 1923-06-16: Vol 35 Iss 24,1923-06-16T00:00:00Z,sim_billboard_1923-06-16_35_24,https://archive.org/details/sim_billboard_1923-06-16_35_24
Billboard,The Billboard 1923-06-30: Vol 35 Iss 26,1923-06-30T00:00:00Z,sim_billboard_1923-06-30_35_26,https://archive.org/details/sim_billboard_1923-06-30_35_26
Billboard,The Billboard 1923-07-21: Vol 35 Iss 29,1923-07-21T00:00:00Z,sim_billboard_1923-07-21_35_29,https://archive.org/details/sim_billboard_1923-07-21_35_29
Billboard,The Billboard 1923-08-04: Vol 35 Iss 31,1923-08-04T00:00:00Z,sim_billboard_1923-08-04_35_31,https://archive.org/details/sim_billboard_1923-08-04_35_31
Billboard,The Billboard 1923-12-01: Vol 35 Iss 14,1923-12-01T00:00:00Z,sim_billboard_1923-12-01_35_14,https://archive.org/details/sim_billboard_1923-12-01_35_14
Billboard,The Billboard 1924-02-16: Vol 36 Iss 7,1924-02-16T00:00:00Z,sim_billboard_1924-02-16_36_7,https://archive.org/details/sim_billboard_1924-02-16_36_7
Billboard,The Billboard 1924-04-12: Vol 36 Iss 15,1924-04-12T00:00:00Z,sim_billboard_1924-04-12_36_15,https://archive.org/details/sim_billboard_1924-04-12_36_15
Billboard,The Billboard 1924-08-02: Vol 36 Iss 31,1924-08-02T00:00:00Z,sim_billboard_1924-08-02_36_31,https://archive.org/details/sim_billboard_1924-08-02_36_31
Billboard,The Billboard 1924-08-09: Vol 36 Iss 32,1924-08-09T00:00:00Z,sim_billboard_1924-08-09_36_32,https://archive.org/details/sim_billboard_1924-08-09_36_32
Billboard,The Billboard 1924-10-04: Vol 36 Iss 40,1924-10-04T00:00:00Z,sim_billboard_1924-10-04_36_40,https://archive.org/details/sim_billboard_1924-10-04_36_40
Billboard,The Billboard 1924-10-11: Vol 36 Iss 41,1924-10-11T00:00:00Z,sim_billboard_1924-10-11_36_41,https://archive.org/details/sim_billboard_1924-10-11_36_41
Billboard,The Billboard 1924-11-01: Vol 36 Iss 44,1924-11-01T00:00:00Z,sim_billboard_1924-11-01_36_44,https://archive.org/details/sim_billboard_1924-11-01_36_44
Billboard,The Billboard 1924-12-27: Vol 36 Iss 52,1924-12-27T00:00:00Z,sim_billboard_1924-12-27_36_52,https://archive.org/details/sim_billboard_1924-12-27_36_52
Billboard,The Billboard 1925-01-17: Vol 37 Iss 3,1925-01-17T00:00:00Z,sim_billboard_1925-01-17_37_3,https://archive.org/details/sim_billboard_1925-01-17_37_3
Billboard,The Billboard 1925-04-25: Vol 37 Iss 17,1925-04-25T00:00:00Z,sim_billboard_1925-04-25_37_17,https://archive.org/details/sim_billboard_1925-04-25_37_17
Billboard,The Billboard 1925-05-02: Vol 37 Iss 18,1925-05-02T00:00:00Z,sim_billboard_1925-05-02_37_18,https://archive.org/details/sim_billboard_1925-05-02_37_18
Billboard,The Billboard 1925-06-13: Vol 37 Iss 24,1925-06-13T00:00:00Z,sim_billboard_1925-06-13_37_24,https://archive.org/details/sim_billboard_1925-06-13_37_24
Billboard,The Billboard 1925-10-10: Vol 37 Iss 41,1925-10-10T00:00:00Z,sim_billboard_1925-10-10_37_41,https://archive.org/details/sim_billboard_1925-10-10_37_41
Billboard,The Billboard 1925-10-24: Vol 37 Iss 43,1925-10-24T00:00:00Z,sim_billboard_1925-10-24_37_43,https://archive.org/details/sim_billboard_1925-10-24_37_43
Billboard,The Billboard 1925-11-14: Vol 37 Iss 46,1925-11-14T00:00:00Z,sim_billboard_1925-11-14_37_46,https://archive.org/details/sim_billboard_1925-11-14_37_46
Billboard,The Billboard 1925-11-21: Vol 37 Iss 47,1925-11-21T00:00:00Z,sim_billboard_1925-11-21_37_47,https://archive.org/details/sim_billboard_1925-11-21_37_47
Billboard,The Billboard 1925-12-05: Vol 37 Iss 49,1925-12-05T00:00:00Z,sim_billboard_1925-12-05_37_49,https://archive.org/details/sim_billboard_1925-12-05_37_49
Billboard,,1926,,http://books.google.com/books?id=mPWXg_NzsqkC&dq=%22Billboard%22+magazine
Billboard,The Billboard 1926-02-27: Vol 38 Iss 9,1926-02-27T00:00:00Z,sim_billboard_1926-02-27_38_9,https://archive.org/details/sim_billboard_1926-02-27_38_9
Billboard,The Billboard 1926-05-15: Vol 38 Iss 20,1926-05-15T00:00:00Z,sim_billboard_1926-05-15_38_20,https://archive.org/details/sim_billboard_1926-05-15_38_20
Billboard,The Billboard 1926-08-14: Vol 38 Iss 33,1926-08-14T00:00:00Z,sim_billboard_1926-08-14_38_33,https://archive.org/details/sim_billboard_1926-08-14_38_33
Billboard,The Billboard 1926-09-04: Vol 38 Iss 36,1926-09-04T00:00:00Z,sim_billboard_1926-09-04_38_36,https://archive.org/details/sim_billboard_1926-09-04_38_36
Billboard,The Billboard 1927-01-22: Vol 39 Iss 4,1927-01-22T00:00:00Z,sim_billboard_1927-01-22_39_4,https://archive.org/details/sim_billboard_1927-01-22_39_4
Billboard,The Billboard 1927-02-19: Vol 39 Iss 8,1927-02-19T00:00:00Z,sim_billboard_1927-02-19_39_8,https://archive.org/details/sim_billboard_1927-02-19_39_8
Billboard,The Billboard 1927-06-18: Vol 39 Iss 25,1927-06-18T00:00:00Z,sim_billboard_1927-06-18_39_25,https://archive.org/details/sim_billboard_1927-06-18_39_25
Billboard,The Billboard 1927-07-02: Vol 39 Iss 27,1927-07-02T00:00:00Z,sim_billboard_1927-07-02_39_27,https://archive.org/details/sim_billboard_1927-07-02_39_27
Billboard,The Billboard 1927-07-30: Vol 39 Iss 31,1927-07-30T00:00:00Z,sim_billboard_1927-07-30_39_31,https://archive.org/details/sim_billboard_1927-07-30_39_31
Billboard,The Billboard 1927-08-27: Vol 39 Iss 35,1927-08-27T00:00:00Z,sim_billboard_1927-08-27_39_35,https://archive.org/details/sim_billboard_1927-08-27_39_35
Billboard,The Billboard 1927-10-01: Vol 39 Iss 40,1927-10-01T00:00:00Z,sim_billboard_1927-10-01_39_40,https://archive.org/details/sim_billboard_1927-10-01_39_40
Billboard,The Billboard 1927-11-05: Vol 39 Iss 45,1927-11-05T00:00:00Z,sim_billboard_1927-11-05_39_45,https://archive.org/details/sim_billboard_1927-11-05_39_45
Billboard,The Billboard 1927-11-19: Vol 39 Iss 47,1927-11-19T00:00:00Z,sim_billboard_1927-11-19_39_47,https://archive.org/details/sim_billboard_1927-11-19_39_47
Billboard,The Billboard 1928-04-07: Vol 40 Iss 14,1928-04-07T00:00:00Z,sim_billboard_1928-04-07_40_14,https://archive.org/details/sim_billboard_1928-04-07_40_14
Billboard,The Billboard 1928-07-14: Vol 40 Iss 28,1928-07-14T00:00:00Z,sim_billboard_1928-07-14_40_28,https://archive.org/details/sim_billboard_1928-07-14_40_28
Billboard,The Billboard 1928-09-15: Vol 40 Iss 37,1928-09-15T00:00:00Z,sim_billboard_1928-09-15_40_37,https://archive.org/details/sim_billboard_1928-09-15_40_37
Billboard,The Billboard 1928-10-06: Vol 40 Iss 40,1928-10-06T00:00:00Z,sim_billboard_1928-10-06_40_40,https://archive.org/details/sim_billboard_1928-10-06_40_40
Billboard,The Billboard 1928-10-13: Vol 40 Iss 41,1928-10-13T00:00:00Z,sim_billboard_1928-10-13_40_41,https://archive.org/details/sim_billboard_1928-10-13_40_41
Billboard,The Billboard 1928-10-20: Vol 40 Iss 42,1928-10-20T00:00:00Z,sim_billboard_1928-10-20_40_42,https://archive.org/details/sim_billboard_1928-10-20_40_42
Billboard,The Billboard 1928-12-29: Vol 40 Iss 52,1928-12-29T00:00:00Z,sim_billboard_1928-12-29_40_52,https://archive.org/details/sim_billboard_1928-12-29_40_52
Billboard,The Billboard 1929-01-05: Vol 41 Iss 1,1929-01-05T00:00:00Z,sim_billboard_1929-01-05_41_1,https://archive.org/details/sim_billboard_1929-01-05_41_1
Billboard,The Billboard 1929-01-12: Vol 41 Iss 2,1929-01-12T00:00:00Z,sim_billboard_1929-01-12_41_2,https://archive.org/details/sim_billboard_1929-01-12_41_2
Billboard,The Billboard 1929-02-02: Vol 41 Iss 5,1929-02-02T00:00:00Z,sim_billboard_1929-02-02_41_5,https://archive.org/details/sim_billboard_1929-02-02_41_5
Billboard,The Billboard 1929-03-16: Vol 41 Iss 11,1929-03-16T00:00:00Z,sim_billboard_1929-03-16_41_11,https://archive.org/details/sim_billboard_1929-03-16_41_11
Billboard,The Billboard 1929-04-20: Vol 41 Iss 16,1929-04-20T00:00:00Z,sim_billboard_1929-04-20_41_16,https://archive.org/details/sim_billboard_1929-04-20_41_16
Billboard,The Billboard 1929-06-08: Vol 41 Iss 23,1929-06-08T00:00:00Z,sim_billboard_1929-06-08_41_23,https://archive.org/details/sim_billboard_1929-06-08_41_23
Billboard,The Billboard 1929-08-17: Vol 41 Iss 33,1929-08-17T00:00:00Z,sim_billboard_1929-08-17_41_33,https://archive.org/details/sim_billboard_1929-08-17_41_33
Billboard,The Billboard 1929-08-24: Vol 41 Iss 34,1929-08-24T00:00:00Z,sim_billboard_1929-08-24_41_34,https://archive.org/details/sim_billboard_1929-08-24_41_34
Billboard,The Billboard 1929-09-21: Vol 41 Iss 38,1929-09-21T00:00:00Z,sim_billboard_1929-09-21_41_38,https://archive.org/details/sim_billboard_1929-09-21_41_38
Billboard,The Billboard 1929-10-26: Vol 41 Iss 43,1929-10-26T00:00:00Z,sim_billboard_1929-10-26_41_43,https://archive.org/details/sim_billboard_1929-10-26_41_43
Billboard,The Billboard 1929-11-09: Vol 41 Iss 45,1929-11-09T00:00:00Z,sim_billboard_1929-11-09_41_45,https://archive.org/details/sim_billboard_1929-11-09_41_45
Billboard,The Billboard 1929-11-23: Vol 41 Iss 47,1929-11-23T00:00:00Z,sim_billboard_1929-11-23_41_47,https://archive.org/details/sim_billboard_1929-11-23_41_47
Billboard,The Billboard 1930-01-18: Vol 42 Iss 3,1930-01-18T00:00:00Z,sim_billboard_1930-01-18_42_3,https://archive.org/details/sim_billboard_1930-01-18_42_3
Billboard,The Billboard 1930-06-07: Vol 42 Iss 23,1930-06-07T00:00:00Z,sim_billboard_1930-06-07_42_23,https://archive.org/details/sim_billboard_1930-06-07_42_23
Billboard,The Billboard 1930-06-14: Vol 42 Iss 24,1930-06-14T00:00:00Z,sim_billboard_1930-06-14_42_24,https://archive.org/details/sim_billboard_1930-06-14_42_24
Billboard,The Billboard 1930-09-13: Vol 42 Iss 37,1930-09-13T00:00:00Z,sim_billboard_1930-09-13_42_37,https://archive.org/details/sim_billboard_1930-09-13_42_37
Billboard,The Billboard 1930-09-27: Vol 42 Iss 39,1930-09-27T00:00:00Z,sim_billboard_1930-09-27_42_39,https://archive.org/details/sim_billboard_1930-09-27_42_39
Billboard,The Billboard 1930-11-08: Vol 42 Iss 45,1930-11-08T00:00:00Z,sim_billboard_1930-11-08_42_45,https://archive.org/details/sim_billboard_1930-11-08_42_45
Billboard,The Billboard 1930-12-06: Vol 42 Iss 49,1930-12-06T00:00:00Z,sim_billboard_1930-12-06_42_49,https://archive.org/details/sim_billboard_1930-12-06_42_49
Billboard,The Billboard 1931-03-28: Vol 43 Iss 13,1931-03-28T00:00:00Z,sim_billboard_1931-03-28_43_13,https://archive.org/details/sim_billboard_1931-03-28_43_13
Billboard,The Billboard 1931-04-11: Vol 43 Iss 15,1931-04-11T00:00:00Z,sim_billboard_1931-04-11_43_15,https://archive.org/details/sim_billboard_1931-04-11_43_15
Billboard,The Billboard 1931-05-09: Vol 43 Iss 19,1931-05-09T00:00:00Z,sim_billboard_1931-05-09_43_19,https://archive.org/details/sim_billboard_1931-05-09_43_19
Billboard,The Billboard 1931-08-15: Vol 43 Iss 33,1931-08-15T00:00:00Z,sim_billboard_1931-08-15_43_33,https://archive.org/details/sim_billboard_1931-08-15_43_33
Billboard,The Billboard 1931-09-05: Vol 43 Iss 36,1931-09-05T00:00:00Z,sim_billboard_1931-09-05_43_36,https://archive.org/details/sim_billboard_1931-09-05_43_36
Billboard,The Billboard 1931-12-26: Vol 43 Iss 52,1931-12-26T00:00:00Z,sim_billboard_1931-12-26_43_52,https://archive.org/details/sim_billboard_1931-12-26_43_52
Billboard,The Billboard 1932-02-20: Vol 44 Iss 8,1932-02-20T00:00:00Z,sim_billboard_1932-02-20_44_8,https://archive.org/details/sim_billboard_1932-02-20_44_8
Billboard,The Billboard 1932-03-12: Vol 44 Iss 11,1932-03-12T00:00:00Z,sim_billboard_1932-03-12_44_11,https://archive.org/details/sim_billboard_1932-03-12_44_11
Billboard,The Billboard 1932-03-26: Vol 44 Iss 13,1932-03-26T00:00:00Z,sim_billboard_1932-03-26_44_13,https://archive.org/details/sim_billboard_1932-03-26_44_13
Billboard,The Billboard 1932-04-09: Vol 44 Iss 15,1932-04-09T00:00:00Z,sim_billboard_1932-04-09_44_15,https://archive.org/details/sim_billboard_1932-04-09_44_15
Billboard,The Billboard 1932-07-09: Vol 44 Iss 28,1932-07-09T00:00:00Z,sim_billboard_1932-07-09_44_28,https://archive.org/details/sim_billboard_1932-07-09_44_28
Billboard,The Billboard 1932-08-13: Vol 44 Iss 33,1932-08-13T00:00:00Z,sim_billboard_1932-08-13_44_33,https://archive.org/details/sim_billboard_1932-08-13_44_33
Billboard,The Billboard 1932-10-15: Vol 44 Iss 42,1932-10-15T00:00:00Z,sim_billboard_1932-10-15_44_42,https://archive.org/details/sim_billboard_1932-10-15_44_42
Billboard,The Billboard 1932-11-12: Vol 44 Iss 46,1932-11-12T00:00:00Z,sim_billboard_1932-11-12_44_46,https://archive.org/details/sim_billboard_1932-11-12_44_46
Billboard,The Billboard 1932-12-24: Vol 44 Iss 52,1932-12-24T00:00:00Z,sim_billboard_1932-12-24_44_52,https://archive.org/details/sim_billboard_1932-12-24_44_52
Billboard,The Billboard 1933-01-28: Vol 45 Iss 4,1933-01-28T00:00:00Z,sim_billboard_1933-01-28_45_4,https://archive.org/details/sim_billboard_1933-01-28_45_4
Billboard,The Billboard 1933-02-04: Vol 45 Iss 5,1933-02-04T00:00:00Z,sim_billboard_1933-02-04_45_5,https://archive.org/details/sim_billboard_1933-02-04_45_5
Billboard,The Billboard 1933-02-11: Vol 45 Iss 6,1933-02-11T00:00:00Z,sim_billboard_1933-02-11_45_6,https://archive.org/details/sim_billboard_1933-02-11_45_6
Billboard,The Billboard 1933-02-25: Vol 45 Iss 8,1933-02-25T00:00:00Z,sim_billboard_1933-02-25_45_8,https://archive.org/details/sim_billboard_1933-02-25_45_8
Billboard,The Billboard 1933-06-17: Vol 45 Iss 24,1933-06-17T00:00:00Z,sim_billboard_1933-06-17_45_24,https://archive.org/details/sim_billboard_1933-06-17_45_24
Billboard,The Billboard 1933-09-02: Vol 45 Iss 35,1933-09-02T00:00:00Z,sim_billboard_1933-09-02_45_35,https://archive.org/details/sim_billboard_1933-09-02_45_35
Billboard,The Billboard 1933-09-09: Vol 45 Iss 36,1933-09-09T00:00:00Z,sim_billboard_1933-09-09_45_36,https://archive.org/details/sim_billboard_1933-09-09_45_36
Billboard,The Billboard 1933-10-14: Vol 45 Iss 41,1933-10-14T00:00:00Z,sim_billboard_1933-10-14_45_41,https://archive.org/details/sim_billboard_1933-10-14_45_41
Billboard,The Billboard 1934-01-20: Vol 46 Iss 3,1934-01-20T00:00:00Z,sim_billboard_1934-01-20_46_3,https://archive.org/details/sim_billboard_1934-01-20_46_3
Billboard,The Billboard 1934-02-03: Vol 46 Iss 5,1934-02-03T00:00:00Z,sim_billboard_1934-02-03_46_5,https://archive.org/details/sim_billboard_1934-02-03_46_5
Billboard,The Billboard 1934-02-10: Vol 46 Iss 6,1934-02-10T00:00:00Z,sim_billboard_1934-02-10_46_6,https://archive.org/details/sim_billboard_1934-02-10_46_6
Billboard,The Billboard 1934-05-26: Vol 46 Iss 21,1934-05-26T00:00:00Z,sim_billboard_1934-05-26_46_21,https://archive.org/details/sim_billboard_1934-05-26_46_21
Billboard,The Billboard 1934-07-28: Vol 46 Iss 30,1934-07-28T00:00:00Z,sim_billboard_1934-07-28_46_30,https://archive.org/details/sim_billboard_1934-07-28_46_30
Billboard,The Billboard 1934-08-11: Vol 46 Iss 32,1934-08-11T00:00:00Z,sim_billboard_1934-08-11_46_32,https://archive.org/details/sim_billboard_1934-08-11_46_32
Billboard,The Billboard 1934-10-27: Vol 46 Iss 43,1934-10-27T00:00:00Z,sim_billboard_1934-10-27_46_43,https://archive.org/details/sim_billboard_1934-10-27_46_43
Billboard,The Billboard 1934-11-10: Vol 46 Iss 45,1934-11-10T00:00:00Z,sim_billboard_1934-11-10_46_45,https://archive.org/details/sim_billboard_1934-11-10_46_45
Billboard,The Billboard 1934-12-29: Vol 46 Iss 52,1934-12-29T00:00:00Z,sim_billboard_1934-12-29_46_52,https://archive.org/details/sim_billboard_1934-12-29_46_52
Billboard,The Billboard 1935-07-06: Vol 47 Iss 27,1935-07-06T00:00:00Z,sim_billboard_1935-07-06_47_27,https://archive.org/details/sim_billboard_1935-07-06_47_27
Billboard,The Billboard 1935-08-03: Vol 47 Iss 31,1935-08-03T00:00:00Z,sim_billboard_1935-08-03_47_31,https://archive.org/details/sim_billboard_1935-08-03_47_31
Billboard,The Billboard 1935-09-28: Vol 47 Iss 39,1935-09-28T00:00:00Z,sim_billboard_1935-09-28_47_39,https://archive.org/details/sim_billboard_1935-09-28_47_39
Billboard,The Billboard 1935-11-09: Vol 47 Iss 45,1935-11-09T00:00:00Z,sim_billboard_1935-11-09_47_45,https://archive.org/details/sim_billboard_1935-11-09_47_45
Billboard,The Billboard 1936-02-01: Vol 48 Iss 5,1936-02-01T00:00:00Z,sim_billboard_1936-02-01_48_5,https://archive.org/details/sim_billboard_1936-02-01_48_5
Billboard,The Billboard 1936-03-14: Vol 48 Iss 11,1936-03-14T00:00:00Z,sim_billboard_1936-03-14_48_11,https://archive.org/details/sim_billboard_1936-03-14_48_11
Billboard,The Billboard 1936-03-28: Vol 48 Iss 13,1936-03-28T00:00:00Z,sim_billboard_1936-03-28_48_13,https://archive.org/details/sim_billboard_1936-03-28_48_13
Billboard,The Billboard 1936-07-04: Vol 48 Iss 27,1936-07-04T00:00:00Z,sim_billboard_1936-07-04_48_27,https://archive.org/details/sim_billboard_1936-07-04_48_27
Billboard,The Billboard 1936-09-05: Vol 48 Iss 36,1936-09-05T00:00:00Z,sim_billboard_1936-09-05_48_36,https://archive.org/details/sim_billboard_1936-09-05_48_36
Billboard,The Billboard 1936-10-03: Vol 48 Iss 40,1936-10-03T00:00:00Z,sim_billboard_1936-10-03_48_40,https://archive.org/details/sim_billboard_1936-10-03_48_40
Billboard,The Billboard 1936-10-24: Vol 48 Iss 43,1936-10-24T00:00:00Z,sim_billboard_1936-10-24_48_43,https://archive.org/details/sim_billboard_1936-10-24_48_43
Billboard,The Billboard 1936-11-07: Vol 48 Iss 45,1936-11-07T00:00:00Z,sim_billboard_1936-11-07_48_45,https://archive.org/details/sim_billboard_1936-11-07_48_45
Billboard,The Billboard 1936-11-21: Vol 48 Iss 47,1936-11-21T00:00:00Z,sim_billboard_1936-11-21_48_47,https://archive.org/details/sim_billboard_1936-11-21_48_47
Billboard,"The Billboard November 28 1936 (DAMAGED, MISSING PAGES)",1936-11-28T00:00:00Z,billboard-nov-28-1936,https://archive.org/details/billboard-nov-28-1936
Billboard,The Billboard 1936-12-26: Vol 48 Iss 52,1936-12-26T00:00:00Z,sim_billboard_1936-12-26_48_52,https://archive.org/details/sim_billboard_1936-12-26_48_52
Billboard,The Billboard 1937-02-20: Vol 49 Iss 8,1937-02-20T00:00:00Z,sim_billboard_1937-02-20_49_8,https://archive.org/details/sim_billboard_1937-02-20_49_8
Billboard,The Billboard 1937-03-13: Vol 49 Iss 11,1937-03-13T00:00:00Z,sim_billboard_1937-03-13_49_11,https://archive.org/details/sim_billboard_1937-03-13_49_11
Billboard,The Billboard 1937-03-20: Vol 49 Iss 12,1937-03-20T00:00:00Z,sim_billboard_1937-03-20_49_12,https://archive.org/details/sim_billboard_1937-03-20_49_12
Billboard,The Billboard 1937-04-10: Vol 49 Iss 15,1937-04-10T00:00:00Z,sim_billboard_1937-04-10_49_15,https://archive.org/details/sim_billboard_1937-04-10_49_15
Billboard,The Billboard 1937-04-17: Vol 49 Iss 16,1937-04-17T00:00:00Z,sim_billboard_1937-04-17_49_16,https://archive.org/details/sim_billboard_1937-04-17_49_16
Billboard,The Billboard 1937-05-08: Vol 49 Iss 19,1937-05-08T00:00:00Z,sim_billboard_1937-05-08_49_19,https://archive.org/details/sim_billboard_1937-05-08_49_19
Billboard,The Billboard 1937-06-19: Vol 49 Iss 25,1937-06-19T00:00:00Z,sim_billboard_1937-06-19_49_25,https://archive.org/details/sim_billboard_1937-06-19_49_25
Billboard,The Billboard 1937-07-24: Vol 49 Iss 30,1937-07-24T00:00:00Z,sim_billboard_1937-07-24_49_30,https://archive.org/details/sim_billboard_1937-07-24_49_30
Billboard,The Billboard 1937-11-13: Vol 49 Iss 46,1937-11-13T00:00:00Z,sim_billboard_1937-11-13_49_46,https://archive.org/details/sim_billboard_1937-11-13_49_46
Billboard,The Billboard 1937-12-04: Vol 49 Iss 49,1937-12-04T00:00:00Z,sim_billboard_1937-12-04_49_49,https://archive.org/details/sim_billboard_1937-12-04_49_49
Billboard,The Billboard 1938-03-05: Vol 50 Iss 10,1938-03-05T00:00:00Z,sim_billboard_1938-03-05_50_10,https://archive.org/details/sim_billboard_1938-03-05_50_10
Billboard,The Billboard 1938-04-16: Vol 50 Iss 16,1938-04-16T00:00:00Z,sim_billboard_1938-04-16_50_16,https://archive.org/details/sim_billboard_1938-04-16_50_16
Billboard,The Billboard 1938-04-23: Vol 50 Iss 17,1938-04-23T00:00:00Z,sim_billboard_1938-04-23_50_17,https://archive.org/details/sim_billboard_1938-04-23_50_17
Billboard,The Billboard 1938-05-14: Vol 50 Iss 20,1938-05-14T00:00:00Z,sim_billboard_1938-05-14_50_20,https://archive.org/details/sim_billboard_1938-05-14_50_20
Billboard,The Billboard 1938-12-31: Vol 50 Iss 53,1938-12-31T00:00:00Z,sim_billboard_1938-12-31_50_53,https://archive.org/details/sim_billboard_1938-12-31_50_53
Billboard,Billboard,1942-02-14T00:00:00Z,bub_gb_EwwEAAAAMBAJ,https://archive.org/details/bub_gb_EwwEAAAAMBAJ
Billboard,Billboard,1942-08-01T00:00:00Z,bub_gb_KgwEAAAAMBAJ,https://archive.org/details/bub_gb_KgwEAAAAMBAJ
Billboard,Billboard,1942-08-08T00:00:00Z,bub_gb_IwwEAAAAMBAJ,https://archive.org/details/bub_gb_IwwEAAAAMBAJ
Billboard,Billboard,1942-08-22T00:00:00Z,bub_gb_JAwEAAAAMBAJ,https://archive.org/details/bub_gb_JAwEAAAAMBAJ
Billboard,Billboard,1942-09-05T00:00:00Z,bub_gb_NAwEAAAAMBAJ,https://archive.org/details/bub_gb_NAwEAAAAMBAJ
Billboard,Billboard,1944-09-23T00:00:00Z,bub_gb_PwwEAAAAMBAJ,https://archive.org/details/bub_gb_PwwEAAAAMBAJ
Billboard,"The Billboard June 22nd 1946 (DAMAGED, MISSING PAGES)",1946-06-22T00:00:00Z,the-billboard-june-22nd-1946,https://archive.org/details/the-billboard-june-22nd-1946
Billboard,Billboard,1948-04-24T00:00:00Z,bub_gb_H0UEAAAAMBAJ,https://archive.org/details/bub_gb_H0UEAAAAMBAJ
Billboard,Billboard,1950-09-16T00:00:00Z,bub_gb_QgEEAAAAMBAJ,https://archive.org/details/bub_gb_QgEEAAAAMBAJ
Billboard,Billboard,1950-11-18T00:00:00Z,bub_gb_5x0EAAAAMBAJ,https://archive.org/details/bub_gb_5x0EAAAAMBAJ
Billboard,Billboard,1951-08-04T00:00:00Z,bub_gb_tCEEAAAAMBAJ,https://archive.org/details/bub_gb_tCEEAAAAMBAJ
Billboard,Billboard,1954-03-13T00:00:00Z,bub_gb_iB4EAAAAMBAJ,https://archive.org/details/bub_gb_iB4EAAAAMBAJ
Billboard,Billboard,1955-12-10T00:00:00Z,bub_gb_uiEEAAAAMBAJ,https://archive.org/details/bub_gb_uiEEAAAAMBAJ
Billboard,Billboard,1957-09-02T00:00:00Z,bub_gb_fCEEAAAAMBAJ,https://archive.org/details/bub_gb_fCEEAAAAMBAJ
Billboard,Billboard,1958-01-13T00:00:00Z,bub_gb_ayEEAAAAMBAJ,https://archive.org/details/bub_gb_ayEEAAAAMBAJ
Billboard,The Hot 100 Billboard,1958-08-04T00:00:00Z,the-hot-100-billboard,https://archive.org/details/the-hot-100-billboard
Billboard,Billboard,1959-01-01T00:00:00Z,bub_gb_KCAEAAAAMBAJ,https://archive.org/details/bub_gb_KCAEAAAAMBAJ
Billboard,Billboard,1959-07-27T00:00:00Z,bub_gb_RQoEAAAAMBAJ,https://archive.org/details/bub_gb_RQoEAAAAMBAJ
Billboard,Billboard,1959-10-26T00:00:00Z,bub_gb_QgoEAAAAMBAJ,https://archive.org/details/bub_gb_QgoEAAAAMBAJ
Billboard,the billboard madonna,1960-01-01T00:00:00Z,billboardmadonna0000unse_p8y0,https://archive.org/details/billboardmadonna0000unse_p8y0
Billboard,Billboard,1960-01-18T00:00:00Z,bub_gb_4x4EAAAAMBAJ,https://archive.org/details/bub_gb_4x4EAAAAMBAJ
Billboard,Billboard,1960-03-21T00:00:00Z,bub_gb_pB8EAAAAMBAJ,https://archive.org/details/bub_gb_pB8EAAAAMBAJ
Billboard,Billboard,1961-07-24T00:00:00Z,bub_gb_FyEEAAAAMBAJ,https://archive.org/details/bub_gb_FyEEAAAAMBAJ
Billboard,Billboard,1962-05-12T00:00:00Z,bub_gb_zBMEAAAAMBAJ,https://archive.org/details/bub_gb_zBMEAAAAMBAJ
Billboard,Billboard,1962-07-14T00:00:00Z,bub_gb_lRcEAAAAMBAJ,https://archive.org/details/bub_gb_lRcEAAAAMBAJ
Billboard,Billboard,1962-09-01T00:00:00Z,bub_gb_VhcEAAAAMBAJ,https://archive.org/details/bub_gb_VhcEAAAAMBAJ
Billboard,Billboard,1963-01-26T00:00:00Z,bub_gb_dAsEAAAAMBAJ,https://archive.org/details/bub_gb_dAsEAAAAMBAJ
Billboard,Billboard,1966-01-29T00:00:00Z,bub_gb_eg8EAAAAMBAJ_2,https://archive.org/details/bub_gb_eg8EAAAAMBAJ_2
Billboard,Billboard,1966-05-14T00:00:00Z,bub_gb_0ygEAAAAMBAJ,https://archive.org/details/bub_gb_0ygEAAAAMBAJ
Billboard,Billboard,1966-06-25T00:00:00Z,bub_gb_MikEAAAAMBAJ,https://archive.org/details/bub_gb_MikEAAAAMBAJ
Billboard,Billboard,1966-11-05T00:00:00Z,bub_gb_LSkEAAAAMBAJ,https://archive.org/details/bub_gb_LSkEAAAAMBAJ
Billboard,Billboard,1966-12-03T00:00:00Z,bub_gb_eQ8EAAAAMBAJ,https://archive.org/details/bub_gb_eQ8EAAAAMBAJ
Billboard,Billboard,1967-07-15T00:00:00Z,bub_gb_LigEAAAAMBAJ,https://archive.org/details/bub_gb_LigEAAAAMBAJ
Billboard,1968-05-18-billboard-p22,1968-05-18T00:00:00Z,1968-05-18-billboard-p22,https://archive.org/details/1968-05-18-billboard-p22
Billboard,1969-11-15-billboard,1969-11-15T00:00:00Z,1969-11-15-billboard,https://archive.org/details/1969-11-15-billboard
Billboard,Billboard,1970-07-25T00:00:00Z,bub_gb_dikEAAAAMBAJ,https://archive.org/details/bub_gb_dikEAAAAMBAJ
Billboard,Billboard,1970-11-21T00:00:00Z,bub_gb_tCkEAAAAMBAJ,https://archive.org/details/bub_gb_tCkEAAAAMBAJ
Billboard,Billboard,1971-02-13T00:00:00Z,bub_gb_6ggEAAAAMBAJ,https://archive.org/details/bub_gb_6ggEAAAAMBAJ
Billboard,Billboard,1971-09-11T00:00:00Z,bub_gb_yggEAAAAMBAJ,https://archive.org/details/bub_gb_yggEAAAAMBAJ
Billboard,Billboard,1972-01-15T00:00:00Z,bub_gb_uigEAAAAMBAJ_2,https://archive.org/details/bub_gb_uigEAAAAMBAJ_2
Billboard,Billboard,1972-08-26T00:00:00Z,bub_gb_xCgEAAAAMBAJ_2,https://archive.org/details/bub_gb_xCgEAAAAMBAJ_2
Billboard,Billboard,1973-03-31T00:00:00Z,bub_gb_BigEAAAAMBAJ,https://archive.org/details/bub_gb_BigEAAAAMBAJ
Billboard,Billboard,1973-04-14T00:00:00Z,bub_gb_3ycEAAAAMBAJ,https://archive.org/details/bub_gb_3ycEAAAAMBAJ
Billboard,Billboard,1973-08-25T00:00:00Z,bub_gb_KAkEAAAAMBAJ,https://archive.org/details/bub_gb_KAkEAAAAMBAJ
Billboard,Billboard,1973-09-15T00:00:00Z,bub_gb_CQkEAAAAMBAJ,https://archive.org/details/bub_gb_CQkEAAAAMBAJ
Billboard,Billboard,1974-09-07T00:00:00Z,bub_gb_RAkEAAAAMBAJ,https://archive.org/details/bub_gb_RAkEAAAAMBAJ
Billboard,,1975-04,,http://books.google.com/books?id=TfoiAQAAMAAJ&dq=%22Billboard%22+magazine
Billboard,Billboard,1977-01-22T00:00:00Z,bub_gb_PkUEAAAAMBAJ,https://archive.org/details/bub_gb_PkUEAAAAMBAJ
Billboard,Billboard,1978-01-21T00:00:00Z,bub_gb_4iMEAAAAMBAJ,https://archive.org/details/bub_gb_4iMEAAAAMBAJ
Billboard,Billboard,1978-07-01T00:00:00Z,bub_gb_9CQEAAAAMBAJ,https://archive.org/details/bub_gb_9CQEAAAAMBAJ
Billboard,Billboard,1979-09-08T00:00:00Z,bub_gb_6CMEAAAAMBAJ,https://archive.org/details/bub_gb_6CMEAAAAMBAJ
Billboard,Billboard,1980-07-18T00:00:00Z,bub_gb_TyQEAAAAMBAJ,https://archive.org/details/bub_gb_TyQEAAAAMBAJ
Billboard,Billboard,1983-01-22T00:00:00Z,bub_gb_5iMEAAAAMBAJ,https://archive.org/details/bub_gb_5iMEAAAAMBAJ
Billboard,Billboard,1984-10-13T00:00:00Z,bub_gb_MiQEAAAAMBAJ,https://archive.org/details/bub_gb_MiQEAAAAMBAJ
Billboard,Billboard,1984-12-15T00:00:00Z,bub_gb_nSQEAAAAMBAJ,https://archive.org/details/bub_gb_nSQEAAAAMBAJ
Billboard,Billboard,1985-10-05T00:00:00Z,bub_gb_DCQEAAAAMBAJ,https://archive.org/details/bub_gb_DCQEAAAAMBAJ
Billboard,Billboard,1986-01-25T00:00:00Z,bub_gb_ACQEAAAAMBAJ,https://archive.org/details/bub_gb_ACQEAAAAMBAJ
Billboard,Billboard,1986-12-06T00:00:00Z,bub_gb_NUUEAAAAMBAJ,https://archive.org/details/bub_gb_NUUEAAAAMBAJ
Billboard,The Billboard book of number one hits,1988-01-01T00:00:00Z,billboardbookofnbro00bron,https://archive.org/details/billboardbookofnbro00bron
Billboard,Billboard,1991-10-12T00:00:00Z,bub_gb_bCgEAAAAMBAJ,https://archive.org/details/bub_gb_bCgEAAAAMBAJ
Billboard,The Billboard book of number one hits,1992-01-01T00:00:00Z,billboardbookofn0000bron,https://archive.org/details/billboardbookofn0000bron
Billboard,The Billboard book of number one rhythm & blues hits,1993-01-01T00:00:00Z,billboardbookofn0000whit,https://archive.org/details/billboardbookofn0000whit
Billboard,Billboard,1993-03-06T00:00:00Z,bub_gb_rw8EAAAAMBAJ_2,https://archive.org/details/bub_gb_rw8EAAAAMBAJ_2
Billboard,Billboard,1993-07-10T00:00:00Z,bub_gb_CxAEAAAAMBAJ,https://archive.org/details/bub_gb_CxAEAAAAMBAJ
Billboard,#1 adult contemporary hits of the eighties : as listed on the Billboard adult contemporary charts,1994-01-01T00:00:00Z,1adultcontempora0000unse_d0y8,https://archive.org/details/1adultcontempora0000unse_d0y8
Billboard,Billboard,1994-05-14T00:00:00Z,bub_gb_SggEAAAAMBAJ,https://archive.org/details/bub_gb_SggEAAAAMBAJ
Billboard,Billboard,1995-05-13T00:00:00Z,bub_gb_vAsEAAAAMBAJ,https://archive.org/details/bub_gb_vAsEAAAAMBAJ
Billboard,Billboard international talent & touring directory 1996,1996-01-01T00:00:00Z,billboardinterna00newy,https://archive.org/details/billboardinterna00newy
Billboard,Billboard,1996-02-17T00:00:00Z,bub_gb_Gw8EAAAAMBAJ,https://archive.org/details/bub_gb_Gw8EAAAAMBAJ
Billboard,Billboard,1996-03-23T00:00:00Z,bub_gb_iQ8EAAAAMBAJ_2,https://archive.org/details/bub_gb_iQ8EAAAAMBAJ_2
Billboard,Billboard in Tamil,1996-07-26T00:00:00Z,TNLA-DB-11-1996-2-6-3-QH2_1996-07-26,https://archive.org/details/TNLA-DB-11-1996-2-6-3-QH2_1996-07-26
Billboard,Billboard,1996-07-27T00:00:00Z,bub_gb_xAcEAAAAMBAJ,https://archive.org/details/bub_gb_xAcEAAAAMBAJ
Billboard,The Billboard book of number one hits,1997-01-01T00:00:00Z,billboardbookofn00fred,https://archive.org/details/billboardbookofn00fred
Billboard,Billboard,1997-04-12T00:00:00Z,bub_gb_Aw4EAAAAMBAJ,https://archive.org/details/bub_gb_Aw4EAAAAMBAJ
Billboard,Billboard,1997-09-13T00:00:00Z,bub_gb_AQoEAAAAMBAJ,https://archive.org/details/bub_gb_AQoEAAAAMBAJ
Billboard,Billboard,1997-11-22T00:00:00Z,bub_gb_5wkEAAAAMBAJ,https://archive.org/details/bub_gb_5wkEAAAAMBAJ
Billboard,Billboard,1997-11-29T00:00:00Z,bub_gb_5AkEAAAAMBAJ,https://archive.org/details/bub_gb_5AkEAAAAMBAJ
Billboard,Billboard,1997-12-20T00:00:00Z,bub_gb_4wkEAAAAMBAJ,https://archive.org/details/bub_gb_4wkEAAAAMBAJ
Billboard,Billboard,1998-03-21T00:00:00Z,bub_gb_2Q4EAAAAMBAJ,https://archive.org/details/bub_gb_2Q4EAAAAMBAJ
Billboard,Billboard,1998-06-27T00:00:00Z,bub_gb_7w0EAAAAMBAJ,https://archive.org/details/bub_gb_7w0EAAAAMBAJ
Billboard,Billboard,1998-11-07T00:00:00Z,bub_gb_IQoEAAAAMBAJ,https://archive.org/details/bub_gb_IQoEAAAAMBAJ
Billboard,Billboard,1998-12-12T00:00:00Z,bub_gb_KwoEAAAAMBAJ,https://archive.org/details/bub_gb_KwoEAAAAMBAJ
Billboard,Billboard,1999-01-23T00:00:00Z,bub_gb_yg0EAAAAMBAJ,https://archive.org/details/bub_gb_yg0EAAAAMBAJ
Billboard,Billboard,1999-02-06T00:00:00Z,bub_gb_kw4EAAAAMBAJ,https://archive.org/details/bub_gb_kw4EAAAAMBAJ
Billboard,Billboard,1999-02-27T00:00:00Z,bub_gb_AQ4EAAAAMBAJ,https://archive.org/details/bub_gb_AQ4EAAAAMBAJ
Billboard,Billboard,1999-06-05T00:00:00Z,bub_gb_tQ0EAAAAMBAJ_2,https://archive.org/details/bub_gb_tQ0EAAAAMBAJ_2
Billboard,Billboard,2000-05-27T00:00:00Z,bub_gb_WQ8EAAAAMBAJ,https://archive.org/details/bub_gb_WQ8EAAAAMBAJ
Billboard,Billboard,2000-08-12T00:00:00Z,bub_gb_fBAEAAAAMBAJ,https://archive.org/details/bub_gb_fBAEAAAAMBAJ
Billboard,Billboard,2001-05-05T00:00:00Z,bub_gb_BBQEAAAAMBAJ,https://archive.org/details/bub_gb_BBQEAAAAMBAJ
Billboard,Billboard,2001-06-02T00:00:00Z,bub_gb_DRQEAAAAMBAJ,https://archive.org/details/bub_gb_DRQEAAAAMBAJ
Billboard,Billboard,2001-09-01T00:00:00Z,bub_gb_8xEEAAAAMBAJ,https://archive.org/details/bub_gb_8xEEAAAAMBAJ
Billboard,Billboard,2001-12-29T00:00:00Z,bub_gb_sBIEAAAAMBAJ,https://archive.org/details/bub_gb_sBIEAAAAMBAJ
Billboard,The Billboard guide to contemporary Christian music,2002-01-01T00:00:00Z,billboardguideto0000alfo,https://archive.org/details/billboardguideto0000alfo
Billboard,Billboard,2002-01-26T00:00:00Z,bub_gb_wA8EAAAAMBAJ,https://archive.org/details/bub_gb_wA8EAAAAMBAJ
Billboard,Billboard,2003-02-15T00:00:00Z,bub_gb_AQ8EAAAAMBAJ,https://archive.org/details/bub_gb_AQ8EAAAAMBAJ
Billboard,Billboard,2004-03-27T00:00:00Z,bub_gb_7w8EAAAAMBAJ,https://archive.org/details/bub_gb_7w8EAAAAMBAJ
Billboard,Billboard,2004-04-03T00:00:00Z,bub_gb_FhAEAAAAMBAJ,https://archive.org/details/bub_gb_FhAEAAAAMBAJ
Billboard,Billboard,2004-10-09T00:00:00Z,bub_gb_qhMEAAAAMBAJ,https://archive.org/details/bub_gb_qhMEAAAAMBAJ
Billboard,Billboard,2004-12-04T00:00:00Z,bub_gb_TRMEAAAAMBAJ,https://archive.org/details/bub_gb_TRMEAAAAMBAJ
Billboard,Billboard,2006-01-07T00:00:00Z,bub_gb_2BQEAAAAMBAJ,https://archive.org/details/bub_gb_2BQEAAAAMBAJ
Billboard,Billboard,2006-03-04T00:00:00Z,bub_gb_4xQEAAAAMBAJ,https://archive.org/details/bub_gb_4xQEAAAAMBAJ
Billboard,Billboard,2006-03-18T00:00:00Z,bub_gb_HhYEAAAAMBAJ,https://archive.org/details/bub_gb_HhYEAAAAMBAJ
Billboard,Billboard,2006-04-08T00:00:00Z,bub_gb_BRYEAAAAMBAJ,https://archive.org/details/bub_gb_BRYEAAAAMBAJ
Billboard,Billboard,2006-12-09T00:00:00Z,bub_gb_iw4EAAAAMBAJ,https://archive.org/details/bub_gb_iw4EAAAAMBAJ
Billboard,Billboard,2007-02-03T00:00:00Z,bub_gb_TxIEAAAAMBAJ,https://archive.org/details/bub_gb_TxIEAAAAMBAJ
Billboard,Billboard,2007-04-07T00:00:00Z,bub_gb_ThMEAAAAMBAJ,https://archive.org/details/bub_gb_ThMEAAAAMBAJ
Billboard,2007.09.01 Billboard - One More Time,2007-09-01T00:00:00Z,2007.09.01-billboard-one-more-time,https://archive.org/details/2007.09.01-billboard-one-more-time
Billboard,Billboard,2008-08-02T00:00:00Z,bub_gb_7xMEAAAAMBAJ,https://archive.org/details/bub_gb_7xMEAAAAMBAJ
Billboard,Billboard,2008-10-18T00:00:00Z,bub_gb_KhQEAAAAMBAJ,https://archive.org/details/bub_gb_KhQEAAAAMBAJ
Billboard,Billboard,2009-07-04T00:00:00Z,bub_gb_Y6Dx4qbQ3dUC,https://archive.org/details/bub_gb_Y6Dx4qbQ3dUC
Billboard,Billboard,2009-07-11T00:00:00Z,bub_gb_T0sB47TxoCwC,https://archive.org/details/bub_gb_T0sB47TxoCwC
Billboard,Billboard,2009-10-03T00:00:00Z,bub_gb_EX4yD1pJCxUC,https://archive.org/details/bub_gb_EX4yD1pJCxUC
Billboard,Chi Chi LaRue's Billboard,2010-06-10T00:00:00Z,office-of-film-and-literature-classification_1000827.001,https://archive.org/details/office-of-film-and-literature-classification_1000827.001
Billboard,Underperforming billboard dreams in New Orleans,2012-01-01T00:00:00Z,underperformingb0000sull,https://archive.org/details/underperformingb0000sull
Billboard,Billboard 1917 - 1485 vitagraph v ford libel 1917.pdf (PDFy mirror),2014-01-01T00:00:00Z,pdfy-JCOG_pAaHQD9Aux_,https://archive.org/details/pdfy-JCOG_pAaHQD9Aux_
Billboard,"Tilburg, toegekend omgevingsvergunning Z-HZ_WABO-2014-02774 Ringbaan-Zuid t.h.v. Ringbaan-West te Tilburg, plaatsen van een billboard, verzonden 23 januari 2015",2015-01-29T00:00:00Z,gmb-2015-8654,https://archive.org/details/gmb-2015-8654
Billboard,"Gemeente Heerlen - weigering Omgevingsvergunning na reguliere procedure: het vervangen van een bestaand billboard door een digitaal bord, Beersdalweg 6412 PE Heerlen",2016-01-29T00:00:00Z,gmb-2016-10445,https://archive.org/details/gmb-2016-10445
Billboard,Billboard Brasil Hot 100 20160815,2016-08-15T00:00:00Z,billboardbrasilhot10020160815,https://archive.org/details/billboardbrasilhot10020160815
Billboard,Billboard Brasil Hot 100 20161010,2016-10-10T00:00:00Z,BillboardBrasilHot10020161010,https://archive.org/details/BillboardBrasilHot10020161010
Billboard,Billboard Brasil Hot 100 20161129,2016-11-28T00:00:00Z,BillboardBrasilHot10020161129,https://archive.org/details/BillboardBrasilHot10020161129
Billboard,Billboard Brasil Hot 100 20160512,2016-12-05T00:00:00Z,BillboardBrasilHot10020160512,https://archive.org/details/BillboardBrasilHot10020160512
Billboard,Billboard Brasil Hot 100 20161226,2016-12-26T00:00:00Z,BillboardBrasilHot10020161226,https://archive.org/details/BillboardBrasilHot10020161226
Billboard,Billboard Top 50 Country Charts 1966,2017-01-14T00:00:00Z,BillboardTop50CountryCharts1966,https://archive.org/details/BillboardTop50CountryCharts1966
Billboard,Billboard Top 50 Country Charts 1968,2017-03-01T00:00:00Z,BillboardTop50CountryCharts1968ArtsCharts,https://archive.org/details/BillboardTop50CountryCharts1968ArtsCharts
Billboard,Billboard Top 50 Country Charts 1969,2017-04-03T00:00:00Z,BillboardTop50CountryCharts1969ArtsCharts,https://archive.org/details/BillboardTop50CountryCharts1969ArtsCharts
Billboard,Billboard Brasil Hot 100 20180528,2018-05-28T00:00:00Z,BillboardBrasilHot10020180528,https://archive.org/details/BillboardBrasilHot10020180528
Billboard,"Award-winning, Billboard-charting artist Flamy Grant to perform at Ripley Chapel",2025-11-05T00:00:00Z,winchester-news-2025-11-05-award-winning-billboard-charting-artist-flamy-grant-t,https://archive.org/details/winchester-news-2025-11-05-award-winning-billboard-charting-artist-flamy-grant-t
Cosmopolitan,,1901-05-01,6InNAAAAMAAJ,https://archive.org/details/6InNAAAAMAAJ
Cosmopolitan,,1908-10-01,CosmopolitanV045N08190810,https://archive.org/details/CosmopolitanV045N08190810
Cosmopolitan,,1926-02-01,cosmopolitan-v-080-n-02-1926-02,https://archive.org/details/cosmopolitan-v-080-n-02-1926-02
Cosmopolitan,,1929-12-01,cosmopolitan-v-087-n-06-1929-12,https://archive.org/details/cosmopolitan-v-087-n-06-1929-12
Cosmopolitan,,1930-09-01,CosmopolitanV089N03193009,https://archive.org/details/CosmopolitanV089N03193009
Cosmopolitan,,1930-10-01,CosmopolitanV089N04193010,https://archive.org/details/CosmopolitanV089N04193010
Cosmopolitan,,1930-12-01,cosmopolitan-v-089-n-06-1930-12,https://archive.org/details/cosmopolitan-v-089-n-06-1930-12
Cosmopolitan,,1931-07-01,cosmopolitan-v-091-n-01-1931-07,https://archive.org/details/cosmopolitan-v-091-n-01-1931-07
Cosmopolitan,,1932-11-01,CosmopolitanV093N05193211,https://archive.org/details/CosmopolitanV093N05193211
Cosmopolitan,,1933-01-01,CosmopolitanV094N01193301,https://archive.org/details/CosmopolitanV094N01193301
Cosmopolitan,,1934-01-01,cosmopolitanv096n01193401,https://archive.org/details/cosmopolitanv096n01193401
Cosmopolitan,,1934-11-01,CosmopolitanV097N05193411,https://archive.org/details/CosmopolitanV097N05193411
Cosmopolitan,,1936-08-01,CosmopolitanV101N02193608,https://archive.org/details/CosmopolitanV101N02193608
Cosmopolitan,,1936-11-01,CosmopolitanV101N05193611,https://archive.org/details/CosmopolitanV101N05193611
Cosmopolitan,,1937-08-01,CosmopolitanV103N02193708,https://archive.org/details/CosmopolitanV103N02193708
Cosmopolitan,,1939-06-01,CosmopolitanV106N06193906,https://archive.org/details/CosmopolitanV106N06193906
Cosmopolitan,,1939-10-01,cosmopolitan-v-107n-04-1939-10.-hearst-darwin-ia,https://archive.org/details/cosmopolitan-v-107n-04-1939-10.-hearst-darwin-ia
Cosmopolitan,,1943-09-01,cosmopolitan-v-115-n-03-1943-09,https://archive.org/details/cosmopolitan-v-115-n-03-1943-09
Cosmopolitan,,1944-01-01,cosmopolitan-v-116-n-01-1944-01,https://archive.org/details/cosmopolitan-v-116-n-01-1944-01
Cosmopolitan,,1946-04-01,cosmopolitan-v-120-n-04-1946-04,https://archive.org/details/cosmopolitan-v-120-n-04-1946-04
Cosmopolitan,,1946-05-01,cosmopolitan-v-120-n-05-1946-05,https://archive.org/details/cosmopolitan-v-120-n-05-1946-05
Cosmopolitan,,1946-10-01,cosmopolitan-v-121-n-04-1946-10,https://archive.org/details/cosmopolitan-v-121-n-04-1946-10
Cosmopolitan,,1948-02-01,cosmopolitan-v-124-n-02-1948-02,https://archive.org/details/cosmopolitan-v-124-n-02-1948-02
Cosmopolitan,,1948-08-01,cosmopolitan-v-125-n-02-1948-08,https://archive.org/details/cosmopolitan-v-125-n-02-1948-08
Cosmopolitan,,1949-02-01,cosmopolitan-v-126-n-02-1949-02,https://archive.org/details/cosmopolitan-v-126-n-02-1949-02
Cosmopolitan,,1950-10-01,cosmopolitan-v-129-n-04-1950-10-sas,https://archive.org/details/cosmopolitan-v-129-n-04-1950-10-sas
Cosmopolitan,,1951-04-01,cosmopolitan-v-130-n-04-1951-04,https://archive.org/details/cosmopolitan-v-130-n-04-1951-04
Cosmopolitan,,1951-09-01,cosmopolitan-v-131-n-03-1951-09,https://archive.org/details/cosmopolitan-v-131-n-03-1951-09
Cosmopolitan,,1951-10-01,cosmopolitan-v-131-n-04-1951-10,https://archive.org/details/cosmopolitan-v-131-n-04-1951-10
Cosmopolitan,,1952-02-01,cosmopolitan-v-132-n-02-1952-02,https://archive.org/details/cosmopolitan-v-132-n-02-1952-02
Cosmopolitan,,1952-05-01,cosmopolitan-v-132-n-05-1952-05,https://archive.org/details/cosmopolitan-v-132-n-05-1952-05
Cosmopolitan,,1953-02-01,cosmopolitan-v-134-n-02-1953-02,https://archive.org/details/cosmopolitan-v-134-n-02-1953-02
Cosmopolitan,,1953-04-01,cosmopolitan-v-134-n-04-1953-04,https://archive.org/details/cosmopolitan-v-134-n-04-1953-04
Cosmopolitan,,1953-05-01,cosmopolitan-v-134-n-05-1953-05,https://archive.org/details/cosmopolitan-v-134-n-05-1953-05
Cosmopolitan,,1953-07-01,cosmopolitan-v-135-n-01-1953-07,https://archive.org/details/cosmopolitan-v-135-n-01-1953-07
Cosmopolitan,,1953-11-01,cosmopolitan-v-135-n-05-1953-11,https://archive.org/details/cosmopolitan-v-135-n-05-1953-11
Cosmopolitan,,1953-12-01,cosmopolitan-v-135-n-06-1953-12,https://archive.org/details/cosmopolitan-v-135-n-06-1953-12
Cosmopolitan,,1954-01-01,cosmopolitan-v-136-n-01-1954-01,https://archive.org/details/cosmopolitan-v-136-n-01-1954-01
Cosmopolitan,,1954-02-01,cosmopolitan-v-136-n-02-1954-02,https://archive.org/details/cosmopolitan-v-136-n-02-1954-02
Cosmopolitan,,1954-03-01,cosmopolitan-v-136-n-03-1954-03,https://archive.org/details/cosmopolitan-v-136-n-03-1954-03
Cosmopolitan,,1954-08-01,cosmopolitan-v-137-n-02-1954-08_202110,https://archive.org/details/cosmopolitan-v-137-n-02-1954-08_202110
Cosmopolitan,,1954-09-01,cosmopolitan-v-137-n-03-1954-09.-hearst-darwin-ia,https://archive.org/details/cosmopolitan-v-137-n-03-1954-09.-hearst-darwin-ia
Cosmopolitan,,1955-03-01,cosmopolitan-v-138-n-03-1955-03,https://archive.org/details/cosmopolitan-v-138-n-03-1955-03
Cosmopolitan,,1955-04-01,cosmopolitan-v-138-n-04-1955-04,https://archive.org/details/cosmopolitan-v-138-n-04-1955-04
Cosmopolitan,,1955-06-01,cosmopolitan-v-138-n-06-1955-06,https://archive.org/details/cosmopolitan-v-138-n-06-1955-06
Cosmopolitan,,1955-08-01,cosmopolitan-v-139-n-02-1955-08,https://archive.org/details/cosmopolitan-v-139-n-02-1955-08
Cosmopolitan,,1956-01-01,cosmopolitan-v-140-n-01-1956-01,https://archive.org/details/cosmopolitan-v-140-n-01-1956-01
Cosmopolitan,,1956-06-01,cosmopolitan-v-140-n-06-1956-06,https://archive.org/details/cosmopolitan-v-140-n-06-1956-06
Cosmopolitan,,1956-11-01,cosmopolitan-v-141-n-05-1956-11,https://archive.org/details/cosmopolitan-v-141-n-05-1956-11
Cosmopolitan,,1957-01-01,cosmopolitan-v-142-n-01-1957-01,https://archive.org/details/cosmopolitan-v-142-n-01-1957-01
Cosmopolitan,,1957-03-01,cosmopolitan-v-142-n-03-1957-03,https://archive.org/details/cosmopolitan-v-142-n-03-1957-03
Cosmopolitan,,1957-07-01,cosmopolitan-v-143-n-01-1957-07,https://archive.org/details/cosmopolitan-v-143-n-01-1957-07
Cosmopolitan,,1958-03-01,cosmopolitan-v-144-n-03-03-1958_202110,https://archive.org/details/cosmopolitan-v-144-n-03-03-1958_202110
Cosmopolitan,,1958-03-01,cosmopolitan-v-144-n-03-1958-03,https://archive.org/details/cosmopolitan-v-144-n-03-1958-03
Cosmopolitan,,1958-07-01,cosmopolitan-v-145-n-01-1958-07,https://archive.org/details/cosmopolitan-v-145-n-01-1958-07
Cosmopolitan,,1959-01-01,cosmopolitan-v-146-n-01-1959-01,https://archive.org/details/cosmopolitan-v-146-n-01-1959-01
Cosmopolitan,,1959-02-01,cosmopolitan-v-146-n-02-1959-02,https://archive.org/details/cosmopolitan-v-146-n-02-1959-02
Cosmopolitan,,1959-06-01,cosmopolitan-v-146-n-06-1959-06,https://archive.org/details/cosmopolitan-v-146-n-06-1959-06
Cosmopolitan,,1959-07-01,cosmopolitan-v-147-n-01-1959-07,https://archive.org/details/cosmopolitan-v-147-n-01-1959-07
Cosmopolitan,,1959-10-01,cosmopolitan-v-147-n-04-1959-10,https://archive.org/details/cosmopolitan-v-147-n-04-1959-10
Cosmopolitan,,1960-01-01,cosmopolitan-v-148-n-01-1960-01,https://archive.org/details/cosmopolitan-v-148-n-01-1960-01
Cosmopolitan,,1960-05-01,cosmopolitan-v-148-n-05-1960-05,https://archive.org/details/cosmopolitan-v-148-n-05-1960-05
Cosmopolitan,,1960-06-01,cosmopolitan-v-148-n-06-1960-06,https://archive.org/details/cosmopolitan-v-148-n-06-1960-06
Cosmopolitan,,1960-12-01,cosmopolitan-v-149-n-06-1960-12,https://archive.org/details/cosmopolitan-v-149-n-06-1960-12
Cosmopolitan,,1961-01-01,cosmopolitan-v-150-n-01-1961-01,https://archive.org/details/cosmopolitan-v-150-n-01-1961-01
Cosmopolitan,,1961-11-01,cosmopolitan-v-151-n-05-1961-11,https://archive.org/details/cosmopolitan-v-151-n-05-1961-11
Cosmopolitan,,1962-02-01,cosmopolitan-v-152-n-02-1962-02,https://archive.org/details/cosmopolitan-v-152-n-02-1962-02
Cosmopolitan,,1962-08-01,cosmopolitan-v-153-n-02-1962-08,https://archive.org/details/cosmopolitan-v-153-n-02-1962-08
Cosmopolitan,,1963-01-01,cosmopolitan-v-154-n-01-1963-01,https://archive.org/details/cosmopolitan-v-154-n-01-1963-01
Cosmopolitan,,1967-04-01,the-computer-girls-cosmopolitan-magazine-april-1967,https://archive.org/details/the-computer-girls-cosmopolitan-magazine-april-1967
Cosmopolitan,,1981-01-01,,https://babel.hathitrust.org/cgi/pt?id=uiug.30112119811708
Cosmopolitan,,1991-11-01,camille-paglia-cosmopolitan-magazine-november-1991,https://archive.org/details/camille-paglia-cosmopolitan-magazine-november-1991
Cosmopolitan,,2000-01-01,,https://babel.hathitrust.org/cgi/pt?id=uiug.30112000455615
Cosmopolitan,,2000-01-01,,https://babel.hathitrust.org/cgi/pt?id=uiug.30112000455664
Cosmopolitan,,2001-01-01,,https://babel.hathitrust.org/cgi/pt?id=uiug.30112001395661
Cosmopolitan,,2003-01-01,,https://babel.hathitrust.org/cgi/pt?id=uiug.30112003633374
Cosmopolitan,,2004-01-01,,https://babel.hathitrust.org/cgi/pt?id=uiug.30112004299852
Cosmopolitan,,2004-01-01,,https://babel.hathitrust.org/cgi/pt?id=uiug.30112004457096
Cosmopolitan,,2004-01-01,,https://babel.hathitrust.org/cgi/pt?id=uiug.30112004556194
Cosmopolitan,,2004-01-01,,https://babel.hathitrust.org/cgi/pt?id=uiug.30112004597677
Cosmopolitan,,2004-01-01,,https://babel.hathitrust.org/cgi/pt?id=uiug.30112004996358
Cosmopolitan,,2004-01-01,,https://babel.hathitrust.org/cgi/pt?id=uiug.30112004997075
Cosmopolitan,,2010-12-01,cosmopolitan-uk-december-2010-katy-perry,https://archive.org/details/cosmopolitan-uk-december-2010-katy-perry
Cosmopolitan,,2015-12-31,Cosmopolitan_January_2016_AU,https://archive.org/details/Cosmopolitan_January_2016_AU
Cosmopolitan,,2015-12-31,Cosmopolitan_January_2016_USA,https://archive.org/details/Cosmopolitan_January_2016_USA
Cosmopolitan,,2016-01-01,Cosmopolitan_Australia_February_2016,https://archive.org/details/Cosmopolitan_Australia_February_2016
Cosmopolitan,,2016-03-06,Cosmopolitan_Sri_Lanka_March_2016,https://archive.org/details/Cosmopolitan_Sri_Lanka_March_2016
Cosmopolitan,,2016-03-06,Cosmopolitan_UK_-_April_2016,https://archive.org/details/Cosmopolitan_UK_-_April_2016
Cosmopolitan,,2016-03-06,Cosmopolitan_USA_-_February_2016,https://archive.org/details/Cosmopolitan_USA_-_February_2016
Cosmopolitan,,2016-03-07,Cosmopolitan_Philippines_March_2016,https://archive.org/details/Cosmopolitan_Philippines_March_2016
Cosmopolitan,,2017-01-09,Cosmopolitan_December_2015_UK,https://archive.org/details/Cosmopolitan_December_2015_UK
Cosmopolitan,,2017-01-09,Cosmopolitan_May_2015_UK,https://archive.org/details/Cosmopolitan_May_2015_UK
Cosmopolitan,,2017-01-16,Cosmopolitan_April_2015_PH,https://archive.org/details/Cosmopolitan_April_2015_PH
Cosmopolitan,,2017-01-16,Cosmopolitan_August_2015_AU,https://archive.org/details/Cosmopolitan_August_2015_AU
Cosmopolitan,,2017-01-16,Cosmopolitan_August_2015_UK,https://archive.org/details/Cosmopolitan_August_2015_UK
Cosmopolitan,,2017-01-16,Cosmopolitan_August_2015_USA,https://archive.org/details/Cosmopolitan_August_2015_USA
Cosmopolitan,,2017-01-16,Cosmopolitan_December_2015_USA,https://archive.org/details/Cosmopolitan_December_2015_USA
Cosmopolitan,,2017-01-16,Cosmopolitan_July_2015_PH,https://archive.org/details/Cosmopolitan_July_2015_PH
Cosmopolitan,,2017-01-16,Cosmopolitan_March_2015_USA,https://archive.org/details/Cosmopolitan_March_2015_USA
Cosmopolitan,,2017-01-16,Cosmopolitan_November_2015_AU,https://archive.org/details/Cosmopolitan_November_2015_AU
Cosmopolitan,,2017-01-16,Cosmopolitan_October_2015_UK,https://archive.org/details/Cosmopolitan_October_2015_UK
Cosmopolitan,,2017-01-16,Cosmopolitan_September_2015_AU,https://archive.org/details/Cosmopolitan_September_2015_AU
Cosmopolitan,,2017-01-16,Cosmopolitan_September_2015_PH,https://archive.org/details/Cosmopolitan_September_2015_PH
Cosmopolitan,,2017-01-16,Cosmopolitan_September_2015_UK,https://archive.org/details/Cosmopolitan_September_2015_UK
Cosmopolitan,,2017-01-16,Cosmopolitan_September_2015_USA,https://archive.org/details/Cosmopolitan_September_2015_USA
Cosmopolitan,,2017-09-01,cosmopolitan-philippines-september-2017-ariana-grande,https://archive.org/details/cosmopolitan-philippines-september-2017-ariana-grande
Cosmopolitan,,2020-01-01,,https://babel.hathitrust.org/cgi/pt?id=pst.000020200404
Cosmopolitan,,2020-01-01,,https://babel.hathitrust.org/cgi/pt?id=pst.000020200534
Cosmopolitan,,2020-01-01,,https://babel.hathitrust.org/cgi/pt?id=pst.000020200541
Cosmopolitan,,2020-01-01,,https://babel.hathitrust.org/cgi/pt?id=pst.000020200558
Cosmopolitan,,2020-01-01,,https://babel.hathitrust.org/cgi/pt?id=pst.000020200565
Cosmopolitan,,2020-01-01,,https://babel.hathitrust.org/cgi/pt?id=pst.000020200572
Cosmopolitan,,2020-01-01,,https://babel.hathitrust.org/cgi/pt?id=pst.000020200589
Cosmopolitan,,2020-01-01,,https://babel.hathitrust.org/cgi/pt?id=pst.000020200596
Cosmopolitan,,2020-01-01,,https://babel.hathitrust.org/cgi/pt?id=pst.000020200602
Cosmopolitan,,2020-01-01,,https://babel.hathitrust.org/cgi/pt?id=pst.000020200619
Cosmopolitan,,2020-01-01,,https://babel.hathitrust.org/cgi/pt?id=pst.000020200626
Cosmopolitan,,2021-10-01,cosmopolitan-italia-ottobre-2021,https://archive.org/details/cosmopolitan-italia-ottobre-2021
Cosmopolitan,,2022-08-09,cosmopolitan-usa-october-2021dd,https://archive.org/details/cosmopolitan-usa-october-2021dd
Cosmopolitan,,2023-08-11,cosmopolitan-uk-april-2011-beyonce,https://archive.org/details/cosmopolitan-uk-april-2011-beyonce
Cosmopolitan,,2024-01-01,cosmopolitan-usa-summer-2024,https://archive.org/details/cosmopolitan-usa-summer-2024
Cosmopolitan,,2024-01-14,cosmopolitan-agustos-2017,https://archive.org/details/cosmopolitan-agustos-2017
Cosmopolitan,,2024-02-15,cosmopolitan-ocak-2018,https://archive.org/details/cosmopolitan-ocak-2018
Cosmopolitan,,2024-03-01,cosmopolitan-italia-marzo-2024,https://archive.org/details/cosmopolitan-italia-marzo-2024
Cosmopolitan,,2024-03-27,cosmopolitan-subat-2018,https://archive.org/details/cosmopolitan-subat-2018
Cosmopolitan,,2024-05-08,cosmopolitan-mart-2018,https://archive.org/details/cosmopolitan-mart-2018
Cosmopolitan,,2024-06-01,cosmopolitan-uk-june-july-2024,https://archive.org/details/cosmopolitan-uk-june-july-2024
Cosmopolitan,,2024-10-01,cosmopolitan-italia-ottobre-2024,https://archive.org/details/cosmopolitan-italia-ottobre-2024
Cosmopolitan,,2024-12-16,cosmopolitan-agustos-2018,https://archive.org/details/cosmopolitan-agustos-2018
Cosmopolitan,,2025-01-01,cosmopolitan-korea-2025-01,https://archive.org/details/cosmopolitan-korea-2025-01
Cosmopolitan,,2025-09-25,cosmopolitan-aralik-2018,https://archive.org/details/cosmopolitan-aralik-2018
Cosmopolitan,,2026-02-21,cosmopolitan-italia-marzo-2026,https://archive.org/details/cosmopolitan-italia-marzo-2026
Cosmopolitan,,2026-03-01,cosmopolitan-agustos-2019,https://archive.org/details/cosmopolitan-agustos-2019
Cosmopolitan,,2033-01-01,,https://babel.hathitrust.org/cgi/pt?id=uiug.30112033619351
Cosmopolitan,,2033-01-01,,https://babel.hathitrust.org/cgi/pt?id=uiug.30112033619369
Cosmopolitan,,2033-01-01,,https://babel.hathitrust.org/cgi/pt?id=uiug.30112033619401
Cosmopolitan,,2033-01-01,,https://babel.hathitrust.org/cgi/pt?id=uiug.30112033619419
Cosmopolitan,,2033-01-01,,https://babel.hathitrust.org/cgi/pt?id=uiug.30112033619427
Cosmopolitan,,2033-01-01,,https://babel.hathitrust.org/cgi/pt?id=uiug.30112033619435
Cosmopolitan,,2033-01-01,,https://babel.hathitrust.org/cgi/pt?id=uiug.30112033619443
Cosmopolitan,,2033-01-01,,https://babel.hathitrust.org/cgi/pt?id=uiug.30112033619476
Cosmopolitan,,2033-01-01,,https://babel.hathitrust.org/cgi/pt?id=uiug.30112033619484
Cosmopolitan,,2033-01-01,,https://babel.hathitrust.org/cgi/pt?id=uiug.30112033619518
Cosmopolitan,,2033-01-01,,https://babel.hathitrust.org/cgi/pt?id=uiug.30112033619534
Cosmopolitan,,2033-01-01,,https://babel.hathitrust.org/cgi/pt?id=uiug.30112033619542
Cosmopolitan,,2033-01-01,,https://babel.hathitrust.org/cgi/pt?id=uiug.30112033619559
Cosmopolitan,,2033-01-01,,https://babel.hathitrust.org/cgi/pt?id=uiug.30112033619567
Cosmopolitan,,2033-01-01,,https://babel.hathitrust.org/cgi/pt?id=uiug.30112033619583
Cosmopolitan,,2033-01-01,,https://babel.hathitrust.org/cgi/pt?id=uiug.30112033619617
Cosmopolitan,,2033-01-01,,https://babel.hathitrust.org/cgi/pt?id=uiug.30112033619633
Cosmopolitan,,2033-01-01,,https://babel.hathitrust.org/cgi/pt?id=uiug.30112033619666
Cosmopolitan,,2033-01-01,,https://babel.hathitrust.org/cgi/pt?id=uiug.30112033619724
Cosmopolitan,,2033-01-01,,https://babel.hathitrust.org/cgi/pt?id=uiug.30112033619740
Cosmopolitan,,2033-01-01,,https://babel.hathitrust.org/cgi/pt?id=uiug.30112033619757
Cosmopolitan,,2033-01-01,,https://babel.hathitrust.org/cgi/pt?id=uiug.30112033619799
Cosmopolitan,,2037-01-01,,https://babel.hathitrust.org/cgi/pt?id=uiug.30112037792642
Cosmopolitan,,2037-01-01,,https://babel.hathitrust.org/cgi/pt?id=uiug.30112037922264
Cosmopolitan,,2037-01-01,,https://babel.hathitrust.org/cgi/pt?id=uiug.30112037951289
Cosmopolitan,,2039-01-01,,https://babel.hathitrust.org/cgi/pt?id=uiug.30112039512733
Cosmopolitan,,2041-01-01,,https://babel.hathitrust.org/cgi/pt?id=uiug.30112041711281
Cosmopolitan,,2057-01-01,,https://babel.hathitrust.org/cgi/pt?id=uiug.30112057554484
Cosmopolitan,,,,https://babel.hathitrust.org/cgi/pt?id=nyp.33433081677332
Cosmopolitan,,,,https://babel.hathitrust.org/cgi/pt?id=nyp.33433081677340
Cosmopolitan,,,,https://babel.hathitrust.org/cgi/pt?id=pst.000055657532
Cosmopolitan,,,,https://babel.hathitrust.org/cgi/pt?id=uiuo.ark:/13960/s2cszgh5c9n
Cosmopolitan,,,,https://babel.hathitrust.org/cgi/pt?id=uiuo.ark:/13960/s2h68kwmrgb
Cosmopolitan,"1950 Lincoln Cosmopolitan Brochure. USA, 11 1949",,1950-lincoln-cosmopolitan-brochure.-usa-11-1949,https://archive.org/details/1950-lincoln-cosmopolitan-brochure.-usa-11-1949
Cosmopolitan,2009-07_cosmopolitan..,,manualzilla-id-6475994,https://archive.org/details/manualzilla-id-6475994
Cosmopolitan,2010.01 cosmopolitan incredibox,,201001-cosmopolitan-incredibox,https://archive.org/details/201001-cosmopolitan-incredibox
Cosmopolitan,930000 PHILIP MORRIS FRANCHISE POSITIONS COSMOPOLITAN OVERSEAS MILITARY,,tobacco_klmm0004,https://archive.org/details/tobacco_klmm0004
Cosmopolitan,Allison v. Cosmopolitan Casino of Las Vegas,,gov.uscourts.nvd.154052,https://archive.org/details/gov.uscourts.nvd.154052
Cosmopolitan,"BECK, Ulrich. Cosmopolitan Vision",,BECKUlrich.CosmopolitanVision,https://archive.org/details/BECKUlrich.CosmopolitanVision
Cosmopolitan,Balsan v. Cosmopolitan Decorating Co. Inc.,,gov.uscourts.nysd.369653,https://archive.org/details/gov.uscourts.nysd.369653
Cosmopolitan,Becky Munter v. Cosmopolitan Life Insurance Company,,gov.uscourts.arwd.30326,https://archive.org/details/gov.uscourts.arwd.30326
Cosmopolitan,"COSMOPOLITAN SHIPPING CO., INC. v. CONTINENTAL INSURANCE COMPANY",,gov.uscourts.njd.351151,https://archive.org/details/gov.uscourts.njd.351151
Cosmopolitan,"Convair T-29 Flying Classroom, R4Y/C-131 Samaritan & CC-109 Cosmopolitan",,convair-c-131-samaritan-c-109-cosmopolitan,https://archive.org/details/convair-c-131-samaritan-c-109-cosmopolitan
Cosmopolitan,Cosmopolitan Art and Literary Association for the Encouragement and General Diffusion of Literature and the Fine Arts,,cosmopolitanartl00cosm,https://archive.org/details/cosmopolitanartl00cosm
Cosmopolitan,Cosmopolitan February 2012,,cosmopolitan-february-2012,https://archive.org/details/cosmopolitan-february-2012
Cosmopolitan,"Cosmopolitan Incorporated v. PNC Bank, National Association",,gov.uscourts.mdd.464567,https://archive.org/details/gov.uscourts.mdd.464567
Cosmopolitan,Cosmopolitan Party USA Explains “the Curious Rise of White ‘Left’ Nationalism”,,cosmopolitan-party-usa-explains-the-curious-rise-of-white-left-nationalism,https://archive.org/details/cosmopolitan-party-usa-explains-the-curious-rise-of-white-left-nationalism
Cosmopolitan,Cosmopolitan USA April 2018,,Cosmopolitan_USA_April_2018,https://archive.org/details/Cosmopolitan_USA_April_2018
Cosmopolitan,Da-Lite Cosmopolitan Electrol,,manualzilla-id-7105208,https://archive.org/details/manualzilla-id-7105208
Cosmopolitan,Da-Lite Cosmopolitan Electrol,,manualzilla-id-7116893,https://archive.org/details/manualzilla-id-7116893
Cosmopolitan,Da-Lite Cosmopolitan Electrol,,manualzilla-id-7137703,https://archive.org/details/manualzilla-id-7137703
Cosmopolitan,"Da-Lite Cosmopolitan Electrol 123""",,manualzilla-id-7137704,https://archive.org/details/manualzilla-id-7137704
Cosmopolitan,"Da-Lite Cosmopolitan Electrol 50"" x 80""",,manualzilla-id-7219740,https://archive.org/details/manualzilla-id-7219740
Cosmopolitan,"Da-Lite Cosmopolitan Electrol, 69"" x 92""",,manualzilla-id-7223680,https://archive.org/details/manualzilla-id-7223680
Cosmopolitan,"Da-Lite Large Cosmopolitan Electrol, 106"" x 188""",,manualzilla-id-7149804,https://archive.org/details/manualzilla-id-7149804
Cosmopolitan,Da-Lite Tensioned Cosmopolitan Electrol,,manualzilla-id-7116414,https://archive.org/details/manualzilla-id-7116414
Cosmopolitan,Da-Lite Tensioned Cosmopolitan Electrol,,manualzilla-id-7116666,https://archive.org/details/manualzilla-id-7116666
Cosmopolitan,Da-Lite Tensioned Cosmopolitan Electrol 9' x 9',,manualzilla-id-7223675,https://archive.org/details/manualzilla-id-7223675
Cosmopolitan,Da-Lite Tensioned Large Cosmopolitan Electrol,,manualzilla-id-7127925,https://archive.org/details/manualzilla-id-7127925
Cosmopolitan,"Da-Lite Tensioned Large Cosmopolitan Electrol 120"" x 160""",,manualzilla-id-7223676,https://archive.org/details/manualzilla-id-7223676
Cosmopolitan,"District Council 9, International Union of Painters and Allied Trades, A.F.L.-C.I.O. v. Cosmopolitan USA Corp.",,gov.uscourts.nysd.495922,https://archive.org/details/gov.uscourts.nysd.495922
Cosmopolitan,"District Council No. 9 International Union of Painters and Allied Trades, A.F.L.- C.I.O. v. Cosmopolitan USA Corp.",,gov.uscourts.nysd.485347,https://archive.org/details/gov.uscourts.nysd.485347
Cosmopolitan,"District Council No. 9 International Union of Painters and Allied Trades, A.F.L.-C.I.O. v. Cosmopolitan USA Corp.",,gov.uscourts.nysd.495975,https://archive.org/details/gov.uscourts.nysd.495975
Cosmopolitan,EMTA Insaat Taahhut ve Ticaret A.S. v. Cosmopolitan Incorporated,,gov.uscourts.mdd.482059,https://archive.org/details/gov.uscourts.mdd.482059
Cosmopolitan,"EPIC 2015 The Cosmopolitan of Las Vegas Las Vegas, NV October",,manualzilla-id-6018694,https://archive.org/details/manualzilla-id-6018694
Cosmopolitan,"Foti v. Cosmopolitan Hotels & Resorts, Inc.",,gov.uscourts.nvd.99272,https://archive.org/details/gov.uscourts.nvd.99272
Cosmopolitan,"Gonzalez v. Cosmopolitan Hotels & Resorts, Inc.",,gov.uscourts.nvd.98661,https://archive.org/details/gov.uscourts.nvd.98661
Cosmopolitan,MUNDING v. Cosmopolitan Motors LLC,,gov.uscourts.waeb.207999,https://archive.org/details/gov.uscourts.waeb.207999
Cosmopolitan,"Realtex Construction, LLC v. Cosmopolitan Corpus, LLC",,gov.uscourts.txwb.335769,https://archive.org/details/gov.uscourts.txwb.335769
Cosmopolitan,Rosero v. Cosmopolitan Interior NY Corporation,,gov.uscourts.nysd.491732,https://archive.org/details/gov.uscourts.nysd.491732
Cosmopolitan,Secularism In Post Colonial National And Cosmopolitan Narratives In English Neel Srivastava Routledge,,secularisminpostcolonialnationalandcosmopolitannarrativesinenglishneelsrivastavaroutledge_984_S,https://archive.org/details/secularisminpostcolonialnationalandcosmopolitannarrativesinenglishneelsrivastavaroutledge_984_S
Cosmopolitan,The Cosmopolitan: November 1901 - April 1902,,TheCosmopolitanNovember1901-April1902,https://archive.org/details/TheCosmopolitanNovember1901-April1902
Cosmopolitan,The Europeans. Three Lives and the making of a Cosmopolitan Culture,,orlando-figes-the-europeans-three-lives-and-the-making-of-a-cosmopolitan-culture-2019,https://archive.org/details/orlando-figes-the-europeans-three-lives-and-the-making-of-a-cosmopolitan-culture-2019
Cosmopolitan,"The New York City District Council of Carpenters v. Cosmopolitan Decorating Co., Inc.",,gov.uscourts.nysd.427901,https://archive.org/details/gov.uscourts.nysd.427901
Cosmopolitan,Trustees of the District Council 9 Painting Industry Insurance and Annuity Funds v. Cosmopolitan USA Corporation,,gov.uscourts.nysd.459611,https://archive.org/details/gov.uscourts.nysd.459611
Cosmopolitan,Trustees of the District Council No. 9 Painting Industry Insurance Fund v. Cosmopolitan USA Corporation,,gov.uscourts.nysd.508047,https://archive.org/details/gov.uscourts.nysd.508047
Cosmopolitan,The Cosmopolitan Magazines,1856-11-01T00:00:00Z,jstor-20487013,https://archive.org/details/jstor-20487013
Cosmopolitan,Cosmopolitan Items,1857-06-01T00:00:00Z,jstor-20487076,https://archive.org/details/jstor-20487076
Cosmopolitan,Cosmopolitan Items,1857-09-01T00:00:00Z,jstor-20487099,https://archive.org/details/jstor-20487099
Cosmopolitan,Cosmopolitan Art Journal Supplement,1857-12-01T00:00:00Z,jstor-20487147,https://archive.org/details/jstor-20487147
Cosmopolitan,"The ""Women of America"" and the ""Cosmopolitan""",1857-12-01T00:00:00Z,jstor-20487141,https://archive.org/details/jstor-20487141
Cosmopolitan,Cosmopolitan Items,1858-03-01T00:00:00Z,jstor-20487211,https://archive.org/details/jstor-20487211
Cosmopolitan,Cosmopolitan Items,1858-09-01T00:00:00Z,jstor-20487259,https://archive.org/details/jstor-20487259
Cosmopolitan,Cosmopolitan Items,1859-03-01T00:00:00Z,jstor-20487323,https://archive.org/details/jstor-20487323
Cosmopolitan,Cosmopolitan Items,1859-06-01T00:00:00Z,jstor-20487352,https://archive.org/details/jstor-20487352
Cosmopolitan,Cosmopolitan Items,1859-12-01T00:00:00Z,jstor-20487390,https://archive.org/details/jstor-20487390
Cosmopolitan,Cosmopolitan Art Journal Supplement,1860-03-01T00:00:00Z,jstor-20487423,https://archive.org/details/jstor-20487423
Cosmopolitan,Cosmopolitan Items,1860-03-01T00:00:00Z,jstor-20487426,https://archive.org/details/jstor-20487426
Cosmopolitan,The Cosmopolitan Gold Medal and Artists' Prize Fund,1860-06-01T00:00:00Z,jstor-20487455,https://archive.org/details/jstor-20487455
Cosmopolitan,Cosmopolitan Art Journal Supplement,1860-12-01T00:00:00Z,jstor-20487522,https://archive.org/details/jstor-20487522
Cosmopolitan,Cosmopolitan Items,1860-12-01T00:00:00Z,jstor-20487524,https://archive.org/details/jstor-20487524
Cosmopolitan,The Cosmopolitan Gold Medal and Artists' Prize Fund,1860-12-01T00:00:00Z,jstor-20487519,https://archive.org/details/jstor-20487519
Cosmopolitan,Cosmopolitan ideas on the Union.,1861-01-01T00:00:00Z,ASPC0001844500,https://archive.org/details/ASPC0001844500
Cosmopolitan,A Cosmopolitan Butterfly. I. Its Birthplace,1876-07-01T00:00:00Z,jstor-2447701,https://archive.org/details/jstor-2447701
Cosmopolitan,A Cosmopolitan Butterfly. II. Its History,1876-10-01T00:00:00Z,jstor-2448632,https://archive.org/details/jstor-2448632
Cosmopolitan,Cosmopolitan time and a prime meridian common to all nations [microform] : memorandum,1880-01-01T00:00:00Z,cihm_25954,https://archive.org/details/cihm_25954
Cosmopolitan,Cosmopolitan essays,1886-01-01T00:00:00Z,cosmopolitaness00tempgoog,https://archive.org/details/cosmopolitaness00tempgoog
Cosmopolitan,The Cosmopolitan 1886: Vol 1 Table of Contents,1886-01-01T00:00:00Z,sim_cosmopolitan_1886_1_contents,https://archive.org/details/sim_cosmopolitan_1886_1_contents
Cosmopolitan,The Cosmopolitan 1886-06: Vol 1 Iss 3,1886-06-01T00:00:00Z,sim_cosmopolitan_1886-06_1_3,https://archive.org/details/sim_cosmopolitan_1886-06_1_3
Cosmopolitan,The Cosmopolitan 1886-07: Vol 1 Iss 4,1886-07-01T00:00:00Z,sim_cosmopolitan_1886-07_1_4,https://archive.org/details/sim_cosmopolitan_1886-07_1_4
Cosmopolitan,The Cosmopolitan 1886-12: Vol 2 Iss 4,1886-12-01T00:00:00Z,sim_cosmopolitan_1886-12_2_4,https://archive.org/details/sim_cosmopolitan_1886-12_2_4
Cosmopolitan,The Cosmopolitan 1887 - 1888: Vol 4 Table of Contents,1887-01-01T00:00:00Z,sim_cosmopolitan_1887-1888_4_contents,https://archive.org/details/sim_cosmopolitan_1887-1888_4_contents
Cosmopolitan,The Cosmopolitan 1887-01: Vol 2 Iss 5,1887-01-01T00:00:00Z,sim_cosmopolitan_1887-01_2_5,https://archive.org/details/sim_cosmopolitan_1887-01_2_5
Cosmopolitan,The Cosmopolitan 1887-02: Vol 2 Iss 6,1887-02-01T00:00:00Z,sim_cosmopolitan_1887-02_2_6,https://archive.org/details/sim_cosmopolitan_1887-02_2_6
Cosmopolitan,The Cosmopolitan 1887-03: Vol 3 Iss 1,1887-03-01T00:00:00Z,sim_cosmopolitan_1887-03_3_1,https://archive.org/details/sim_cosmopolitan_1887-03_3_1
Cosmopolitan,The Cosmopolitan 1887-04: Vol 3 Iss 2,1887-04-01T00:00:00Z,sim_cosmopolitan_1887-04_3_2,https://archive.org/details/sim_cosmopolitan_1887-04_3_2
Cosmopolitan,The Cosmopolitan 1887-05: Vol 3 Iss 3,1887-05-01T00:00:00Z,sim_cosmopolitan_1887-05_3_3,https://archive.org/details/sim_cosmopolitan_1887-05_3_3
Cosmopolitan,The Cosmopolitan 1887-06: Vol 3 Iss 4,1887-06-01T00:00:00Z,sim_cosmopolitan_1887-06_3_4,https://archive.org/details/sim_cosmopolitan_1887-06_3_4
Cosmopolitan,The Cosmopolitan 1887-07: Vol 3 Iss 5,1887-07-01T00:00:00Z,sim_cosmopolitan_1887-07_3_5,https://archive.org/details/sim_cosmopolitan_1887-07_3_5
Cosmopolitan,The Cosmopolitan 1887-09: Vol 4 Iss 1,1887-09-01T00:00:00Z,sim_cosmopolitan_1887-09_4_1,https://archive.org/details/sim_cosmopolitan_1887-09_4_1
Cosmopolitan,The Cosmopolitan 1887-10: Vol 4 Iss 2,1887-10-01T00:00:00Z,sim_cosmopolitan_1887-10_4_2,https://archive.org/details/sim_cosmopolitan_1887-10_4_2
Cosmopolitan,The Cosmopolitan 1887-12: Vol 4 Iss 4,1887-12-01T00:00:00Z,sim_cosmopolitan_1887-12_4_4,https://archive.org/details/sim_cosmopolitan_1887-12_4_4
Cosmopolitan,The Cosmopolitan 1888 - 1889: Vol 6 Table of Contents,1888-01-01T00:00:00Z,sim_cosmopolitan_1888-1889_6_contents,https://archive.org/details/sim_cosmopolitan_1888-1889_6_contents
Cosmopolitan,The Cosmopolitan 1888-01: Vol 4 Iss 5,1888-01-01T00:00:00Z,sim_cosmopolitan_1888-01_4_5,https://archive.org/details/sim_cosmopolitan_1888-01_4_5
Cosmopolitan,The Cosmopolitan 1888-05: Vol 5 Iss 3,1888-05-01T00:00:00Z,sim_cosmopolitan_1888-05_5_3,https://archive.org/details/sim_cosmopolitan_1888-05_5_3
Cosmopolitan,The Cosmopolitan 1888-09: Vol 5 Iss 5,1888-09-01T00:00:00Z,sim_cosmopolitan_1888-09_5_5,https://archive.org/details/sim_cosmopolitan_1888-09_5_5
Cosmopolitan,The Cosmopolitan 1888-11: Vol 6 Iss 1,1888-11-01T00:00:00Z,sim_cosmopolitan_1888-11_6_1,https://archive.org/details/sim_cosmopolitan_1888-11_6_1
Cosmopolitan,The Cosmopolitan 1888-12: Vol 6 Iss 2,1888-12-01T00:00:00Z,sim_cosmopolitan_1888-12_6_2,https://archive.org/details/sim_cosmopolitan_1888-12_6_2
Cosmopolitan,,1889,,http://books.google.com/books?id=ZiyqezFEkoIC&dq=%22Cosmopolitan%22+magazine
Cosmopolitan,A commencement of a study of the parasites of cosmopolitan insects,1889-01-01T00:00:00Z,biostor-66809,https://archive.org/details/biostor-66809
Cosmopolitan,Cosmopolitan Butterflies,1889-01-01T00:00:00Z,biostor-173270,https://archive.org/details/biostor-173270
Cosmopolitan,The Cosmopolitan 1889-01: Vol 6 Iss 3,1889-01-01T00:00:00Z,sim_cosmopolitan_1889-01_6_3,https://archive.org/details/sim_cosmopolitan_1889-01_6_3
Cosmopolitan,The Cosmopolitan 1889: Vol 7 Table of Contents,1889-01-01T00:00:00Z,sim_cosmopolitan_1889_7_contents,https://archive.org/details/sim_cosmopolitan_1889_7_contents
Cosmopolitan,The Cosmopolitan 1889-04: Vol 6 Iss 6,1889-04-01T00:00:00Z,sim_cosmopolitan_1889-04_6_6,https://archive.org/details/sim_cosmopolitan_1889-04_6_6
Cosmopolitan,The Cosmopolitan 1889-09: Vol 7 Iss 5,1889-09-01T00:00:00Z,sim_cosmopolitan_1889-09_7_5,https://archive.org/details/sim_cosmopolitan_1889-09_7_5
Cosmopolitan,The Cosmopolitan 1889-10: Vol 7 Iss 6,1889-10-01T00:00:00Z,sim_cosmopolitan_1889-10_7_6,https://archive.org/details/sim_cosmopolitan_1889-10_7_6
Cosmopolitan,The Cosmopolitan 1890-04: Vol 8 Iss 6,1890-04-01T00:00:00Z,sim_cosmopolitan_1890-04_8_6,https://archive.org/details/sim_cosmopolitan_1890-04_8_6
Cosmopolitan,The Cosmopolitan 1890-08: Vol 9 Iss 4,1890-08-01T00:00:00Z,sim_cosmopolitan_1890-08_9_4,https://archive.org/details/sim_cosmopolitan_1890-08_9_4
Cosmopolitan,The Cosmopolitan 1890-09: Vol 9 Iss 5,1890-09-01T00:00:00Z,sim_cosmopolitan_1890-09_9_5,https://archive.org/details/sim_cosmopolitan_1890-09_9_5
Cosmopolitan,The Cosmopolitan 1891-05: Vol 11 Iss 1,1891-05-01T00:00:00Z,sim_cosmopolitan_1891-05_11_1,https://archive.org/details/sim_cosmopolitan_1891-05_11_1
Cosmopolitan,The Cosmopolitan 1891-09: Vol 11 Iss 5,1891-09-01T00:00:00Z,sim_cosmopolitan_1891-09_11_5,https://archive.org/details/sim_cosmopolitan_1891-09_11_5
Cosmopolitan,The Cosmopolitan 1891-11: Vol 12 Iss 1,1891-11-01T00:00:00Z,sim_cosmopolitan_1891-11_12_1,https://archive.org/details/sim_cosmopolitan_1891-11_12_1
Cosmopolitan,The Cosmopolitan 1892 - 1893: Vol 14 Table of Contents,1892-01-01T00:00:00Z,sim_cosmopolitan_1892-1893_14_contents,https://archive.org/details/sim_cosmopolitan_1892-1893_14_contents
Cosmopolitan,The Cosmopolitan 1892-01: Vol 12 Iss 3,1892-01-01T00:00:00Z,sim_cosmopolitan_1892-01_12_3,https://archive.org/details/sim_cosmopolitan_1892-01_12_3
Cosmopolitan,The Cosmopolitan 1892-08: Vol 13 Iss 4,1892-08-01T00:00:00Z,sim_cosmopolitan_1892-08_13_4,https://archive.org/details/sim_cosmopolitan_1892-08_13_4
Cosmopolitan,The Cosmopolitan 1892-10: Vol 13 Iss 6,1892-10-01T00:00:00Z,sim_cosmopolitan_1892-10_13_6,https://archive.org/details/sim_cosmopolitan_1892-10_13_6
Cosmopolitan,The Cosmopolitan 1893 - 1894: Vol 16 Table of Contents,1893-01-01T00:00:00Z,sim_cosmopolitan_1893-1894_16_contents,https://archive.org/details/sim_cosmopolitan_1893-1894_16_contents
Cosmopolitan,The Cosmopolitan 1893: Vol 15 Table of Contents,1893-01-01T00:00:00Z,sim_cosmopolitan_1893_15_contents,https://archive.org/details/sim_cosmopolitan_1893_15_contents
Cosmopolitan,The Cosmopolitan 1893-02: Vol 14 Iss 4,1893-02-01T00:00:00Z,sim_cosmopolitan_1893-02_14_4,https://archive.org/details/sim_cosmopolitan_1893-02_14_4
Cosmopolitan,The Cosmopolitan 1893-05: Vol 15 Iss 1,1893-05-01T00:00:00Z,sim_cosmopolitan_1893-05_15_1,https://archive.org/details/sim_cosmopolitan_1893-05_15_1
Cosmopolitan,The Cosmopolitan 1893-06: Vol 15 Iss 2,1893-06-01T00:00:00Z,sim_cosmopolitan_1893-06_15_2,https://archive.org/details/sim_cosmopolitan_1893-06_15_2
Cosmopolitan,The Cosmopolitan 1893-07: Vol 15 Iss 3,1893-07-01T00:00:00Z,sim_cosmopolitan_1893-07_15_3,https://archive.org/details/sim_cosmopolitan_1893-07_15_3
Cosmopolitan,The Cosmopolitan 1893-08: Vol 15 Iss 4,1893-08-01T00:00:00Z,sim_cosmopolitan_1893-08_15_4,https://archive.org/details/sim_cosmopolitan_1893-08_15_4
Cosmopolitan,The Cosmopolitan 1893-09: Vol 15 Iss 5,1893-09-01T00:00:00Z,sim_cosmopolitan_1893-09_15_5,https://archive.org/details/sim_cosmopolitan_1893-09_15_5
Cosmopolitan,The Cosmopolitan 1893-10: Vol 15 Iss 6,1893-10-01T00:00:00Z,sim_cosmopolitan_1893-10_15_6,https://archive.org/details/sim_cosmopolitan_1893-10_15_6
Cosmopolitan,The Cosmopolitan 1894-02: Vol 16 Iss 4,1894-02-01T00:00:00Z,sim_cosmopolitan_1894-02_16_4,https://archive.org/details/sim_cosmopolitan_1894-02_16_4
Cosmopolitan,The Cosmopolitan 1894-03: Vol 16 Iss 5,1894-03-01T00:00:00Z,sim_cosmopolitan_1894-03_16_5,https://archive.org/details/sim_cosmopolitan_1894-03_16_5
Cosmopolitan,The Cosmopolitan 1894-04: Vol 16 Iss 6,1894-04-01T00:00:00Z,sim_cosmopolitan_1894-04_16_6,https://archive.org/details/sim_cosmopolitan_1894-04_16_6
Cosmopolitan,The Cosmopolitan 1894-06: Vol 17 Iss 2,1894-06-01T00:00:00Z,sim_cosmopolitan_1894-06_17_2,https://archive.org/details/sim_cosmopolitan_1894-06_17_2
Cosmopolitan,The Cosmopolitan 1894-07: Vol 17 Iss 3,1894-07-01T00:00:00Z,sim_cosmopolitan_1894-07_17_3,https://archive.org/details/sim_cosmopolitan_1894-07_17_3
Cosmopolitan,The Cosmopolitan 1894-10: Vol 17 Iss 6,1894-10-01T00:00:00Z,sim_cosmopolitan_1894-10_17_6,https://archive.org/details/sim_cosmopolitan_1894-10_17_6
Cosmopolitan,The Cosmopolitan 1895: Vol 19 Table of Contents,1895-01-01T00:00:00Z,sim_cosmopolitan_1895_19_contents,https://archive.org/details/sim_cosmopolitan_1895_19_contents
Cosmopolitan,The Cosmopolitan 1895-03: Vol 18 Iss 5,1895-03-01T00:00:00Z,sim_cosmopolitan_1895-03_18_5,https://archive.org/details/sim_cosmopolitan_1895-03_18_5
Cosmopolitan,The Cosmopolitan 1895-07: Vol 19 Iss 3,1895-07-01T00:00:00Z,sim_cosmopolitan_1895-07_19_3,https://archive.org/details/sim_cosmopolitan_1895-07_19_3
Cosmopolitan,The Cosmopolitan 1895-10: Vol 19 Iss 6,1895-10-01T00:00:00Z,sim_cosmopolitan_1895-10_19_6,https://archive.org/details/sim_cosmopolitan_1895-10_19_6
Cosmopolitan,The Cosmopolitan 1896-04: Vol 20 Iss 6,1896-04-01T00:00:00Z,sim_cosmopolitan_1896-04_20_6,https://archive.org/details/sim_cosmopolitan_1896-04_20_6
Cosmopolitan,The Cosmopolitan 1896-05: Vol 21 Iss 1,1896-05-01T00:00:00Z,sim_cosmopolitan_1896-05_21_1,https://archive.org/details/sim_cosmopolitan_1896-05_21_1
Cosmopolitan,The Cosmopolitan 1896-07: Vol 21 Iss 3,1896-07-01T00:00:00Z,sim_cosmopolitan_1896-07_21_3,https://archive.org/details/sim_cosmopolitan_1896-07_21_3
Cosmopolitan,The Cosmopolitan 1896-09: Vol 21 Iss 5,1896-09-01T00:00:00Z,sim_cosmopolitan_1896-09_21_5,https://archive.org/details/sim_cosmopolitan_1896-09_21_5
Cosmopolitan,The Cosmopolitan 1896-10: Vol 21 Iss 6,1896-10-01T00:00:00Z,sim_cosmopolitan_1896-10_21_6,https://archive.org/details/sim_cosmopolitan_1896-10_21_6
Cosmopolitan,The Cosmopolitan 1897-01: Vol 22 Iss 3,1897-01-01T00:00:00Z,sim_cosmopolitan_1897-01_22_3,https://archive.org/details/sim_cosmopolitan_1897-01_22_3
Cosmopolitan,The Cosmopolitan 1897-02: Vol 22 Iss 4,1897-02-01T00:00:00Z,sim_cosmopolitan_1897-02_22_4,https://archive.org/details/sim_cosmopolitan_1897-02_22_4
Cosmopolitan,The Cosmopolitan 1897-03: Vol 22 Iss 5,1897-03-01T00:00:00Z,sim_cosmopolitan_1897-03_22_5,https://archive.org/details/sim_cosmopolitan_1897-03_22_5
Cosmopolitan,The Cosmopolitan 1897-05: Vol 23 Iss 1,1897-05-01T00:00:00Z,sim_cosmopolitan_1897-05_23_1,https://archive.org/details/sim_cosmopolitan_1897-05_23_1
Cosmopolitan,The Cosmopolitan 1897-06: Vol 23 Iss 2,1897-06-01T00:00:00Z,sim_cosmopolitan_1897-06_23_2,https://archive.org/details/sim_cosmopolitan_1897-06_23_2
Cosmopolitan,The Cosmopolitan 1897-09: Vol 23 Iss 5,1897-09-01T00:00:00Z,sim_cosmopolitan_1897-09_23_5,https://archive.org/details/sim_cosmopolitan_1897-09_23_5
Cosmopolitan,The Cosmopolitan 1897-10: Vol 23 Iss 6,1897-10-01T00:00:00Z,sim_cosmopolitan_1897-10_23_6,https://archive.org/details/sim_cosmopolitan_1897-10_23_6
Cosmopolitan,The Cosmopolitan 1897-11: Vol 24 Iss 1,1897-11-01T00:00:00Z,sim_cosmopolitan_1897-11_24_1,https://archive.org/details/sim_cosmopolitan_1897-11_24_1
Cosmopolitan,The Cosmopolitan 1898-01: Vol 24 Iss 3,1898-01-01T00:00:00Z,sim_cosmopolitan_1898-01_24_3,https://archive.org/details/sim_cosmopolitan_1898-01_24_3
Cosmopolitan,The Cosmopolitan 1898: Vol 25 Index,1898-01-01T00:00:00Z,sim_cosmopolitan_1898_25_index,https://archive.org/details/sim_cosmopolitan_1898_25_index
Cosmopolitan,The Cosmopolitan 1898-06: Vol 25 Iss 2,1898-06-01T00:00:00Z,sim_cosmopolitan_1898-06_25_2,https://archive.org/details/sim_cosmopolitan_1898-06_25_2
Cosmopolitan,The Cosmopolitan 1898-07: Vol 25 Iss 3,1898-07-01T00:00:00Z,sim_cosmopolitan_1898-07_25_3,https://archive.org/details/sim_cosmopolitan_1898-07_25_3
Cosmopolitan,The Cosmopolitan 1898-08: Vol 25 Iss 4,1898-08-01T00:00:00Z,sim_cosmopolitan_1898-08_25_4,https://archive.org/details/sim_cosmopolitan_1898-08_25_4
Cosmopolitan,The Cosmopolitan 1898-12: Vol 26 Iss 2,1898-12-01T00:00:00Z,sim_cosmopolitan_1898-12_26_2,https://archive.org/details/sim_cosmopolitan_1898-12_26_2
Cosmopolitan,A Cosmopolitan Comedy,1899-01-01T00:00:00Z,acosmopolitanco00burrgoog,https://archive.org/details/acosmopolitanco00burrgoog
Cosmopolitan,Jean-Jacques Rousseau and the cosmopolitan spirit in literature. A study of the literary relations between France and England during the eighteenth century,1899-01-01T00:00:00Z,jeanjacquesrouss00textrich,https://archive.org/details/jeanjacquesrouss00textrich
Cosmopolitan,Jean-Jaques Rousseau and the cosmopolitan spirit in literature,1899-01-01T00:00:00Z,jeanjacquesrous00textgoog,https://archive.org/details/jeanjacquesrous00textgoog
Cosmopolitan,The Cosmopolitan 1899-01: Vol 26 Iss 3,1899-01-01T00:00:00Z,sim_cosmopolitan_1899-01_26_3,https://archive.org/details/sim_cosmopolitan_1899-01_26_3
Cosmopolitan,The Cosmopolitan 1899-05: Vol 27 Iss 1,1899-05-01T00:00:00Z,sim_cosmopolitan_1899-05_27_1,https://archive.org/details/sim_cosmopolitan_1899-05_27_1
Cosmopolitan,The Cosmopolitan 1899-06: Vol 27 Iss 2,1899-06-01T00:00:00Z,sim_cosmopolitan_1899-06_27_2,https://archive.org/details/sim_cosmopolitan_1899-06_27_2
Cosmopolitan,The Cosmopolitan 1900-01: Vol 28 Iss 3,1900-01-01T00:00:00Z,sim_cosmopolitan_1900-01_28_3,https://archive.org/details/sim_cosmopolitan_1900-01_28_3
Cosmopolitan,The Cosmopolitan 1900-02: Vol 28 Iss 4,1900-02-01T00:00:00Z,sim_cosmopolitan_1900-02_28_4,https://archive.org/details/sim_cosmopolitan_1900-02_28_4
Cosmopolitan,The Cosmopolitan 1900-09: Vol 29 Iss 5,1900-09-01T00:00:00Z,sim_cosmopolitan_1900-09_29_5,https://archive.org/details/sim_cosmopolitan_1900-09_29_5
Cosmopolitan,The Cosmopolitan 1900-10: Vol 29 Iss 6,1900-10-01T00:00:00Z,sim_cosmopolitan_1900-10_29_6,https://archive.org/details/sim_cosmopolitan_1900-10_29_6
Cosmopolitan,The Cosmopolitan 1900-11: Vol 30 Iss 1,1900-11-01T00:00:00Z,sim_cosmopolitan_1900-11_30_1,https://archive.org/details/sim_cosmopolitan_1900-11_30_1
Cosmopolitan,The Cosmopolitan 1900-12: Vol 30 Iss 2,1900-12-01T00:00:00Z,sim_cosmopolitan_1900-12_30_2,https://archive.org/details/sim_cosmopolitan_1900-12_30_2
Cosmopolitan,"Observations on the Tertiary flora of Australia, with special reference to Ettingshausen's theory of the Tertiary cosmopolitan flora. Part II",1901-01-01T00:00:00Z,biostor-53496,https://archive.org/details/biostor-53496
Cosmopolitan,The Cosmopolitan May - October 1901: Vol 31 Table of Contents,1901-05-01T00:00:00Z,sim_cosmopolitan_may-october-1901_31_contents,https://archive.org/details/sim_cosmopolitan_may-october-1901_31_contents
Cosmopolitan,The Cosmopolitan 1901-08: Vol 31 Iss 4,1901-08-01T00:00:00Z,sim_cosmopolitan_1901-08_31_4,https://archive.org/details/sim_cosmopolitan_1901-08_31_4
Cosmopolitan,The Cosmopolitan 1901-09: Vol 31 Iss 5,1901-09-01T00:00:00Z,sim_cosmopolitan_1901-09_31_5,https://archive.org/details/sim_cosmopolitan_1901-09_31_5
Cosmopolitan,The Cosmopolitan November 1901 - April 1902: Vol 32 Table of Contents,1901-11-01T00:00:00Z,sim_cosmopolitan_november-1901-april-1902_32_contents,https://archive.org/details/sim_cosmopolitan_november-1901-april-1902_32_contents
Cosmopolitan,"A plea for a cosmopolitan newspaper and the abolition of party [microform] : Major W.T. Tassie's reply to the toast to the memory of Dr. Tassie, formerly Principal of Galt Collegiate Institute, at its semi-centennial, 18th July, 1902",1902-01-01T00:00:00Z,cihm_86780,https://archive.org/details/cihm_86780
Cosmopolitan,Cosmopolitan Hinduani : depieting Muhammedan and Hindu life and thought in story form,1902-01-01T00:00:00Z,dli.ministry.11548,https://archive.org/details/dli.ministry.11548
Cosmopolitan,The Cosmopolitan 1902-01: Vol 32 Iss 3,1902-01-01T00:00:00Z,sim_cosmopolitan_1902-01_32_3,https://archive.org/details/sim_cosmopolitan_1902-01_32_3
Cosmopolitan,The Cosmopolitan 1902-02: Vol 32 Iss 4,1902-02-01T00:00:00Z,sim_cosmopolitan_1902-02_32_4,https://archive.org/details/sim_cosmopolitan_1902-02_32_4
Cosmopolitan,The Cosmopolitan 1902-06: Vol 33 Iss 2,1902-06-01T00:00:00Z,sim_cosmopolitan_1902-06_33_2,https://archive.org/details/sim_cosmopolitan_1902-06_33_2
Cosmopolitan,The Cosmopolitan 1902-07: Vol 33 Iss 3,1902-07-01T00:00:00Z,sim_cosmopolitan_1902-07_33_3,https://archive.org/details/sim_cosmopolitan_1902-07_33_3
Cosmopolitan,Northern Osteopath And Cosmopolitan Osteopath Consolidated Sept 1902,1902-09-01T00:00:00Z,northern-osteopath-and-cosmopolitan-osteopath-consolidated-sept-1902,https://archive.org/details/northern-osteopath-and-cosmopolitan-osteopath-consolidated-sept-1902
Cosmopolitan,The Cosmopolitan 1902-09: Vol 33 Iss 5,1902-09-01T00:00:00Z,sim_cosmopolitan_1902-09_33_5,https://archive.org/details/sim_cosmopolitan_1902-09_33_5
Cosmopolitan,The Cosmopolitan 1902-11: Vol 34 Iss 1,1902-11-01T00:00:00Z,sim_cosmopolitan_1902-11_34_1,https://archive.org/details/sim_cosmopolitan_1902-11_34_1
Cosmopolitan,The Cosmopolitan 1902-12: Vol 34 Iss 2,1902-12-01T00:00:00Z,sim_cosmopolitan_1902-12_34_2,https://archive.org/details/sim_cosmopolitan_1902-12_34_2
Cosmopolitan,The Cosmopolitan 1903-01: Vol 34 Iss 3,1903-01-01T00:00:00Z,sim_cosmopolitan_1903-01_34_3,https://archive.org/details/sim_cosmopolitan_1903-01_34_3
Cosmopolitan,The Cosmopolitan 1903-05: Vol 35 Iss 1,1903-05-01T00:00:00Z,sim_cosmopolitan_1903-05_35_1,https://archive.org/details/sim_cosmopolitan_1903-05_35_1
Cosmopolitan,The Cosmopolitan 1903-07: Vol 35 Iss 3,1903-07-01T00:00:00Z,sim_cosmopolitan_1903-07_35_3,https://archive.org/details/sim_cosmopolitan_1903-07_35_3
Cosmopolitan,The Cosmopolitan 1903-08: Vol 35 Iss 4,1903-08-01T00:00:00Z,sim_cosmopolitan_1903-08_35_4,https://archive.org/details/sim_cosmopolitan_1903-08_35_4
Cosmopolitan,The Cosmopolitan 1903-11: Vol 36 Iss 1,1903-11-01T00:00:00Z,sim_cosmopolitan_1903-11_36_1,https://archive.org/details/sim_cosmopolitan_1903-11_36_1
Cosmopolitan,The Cosmopolitan 1903-12: Vol 36 Iss 2,1903-12-01T00:00:00Z,sim_cosmopolitan_1903-12_36_2,https://archive.org/details/sim_cosmopolitan_1903-12_36_2
Cosmopolitan,,1904,,http://books.google.com/books?id=RzdDzWNvgqAC&dq=%22Cosmopolitan%22+magazine
Cosmopolitan,Pike jumbles: a cosmopolitan novelty,1904-01-01T00:00:00Z,b95109183,https://archive.org/details/b95109183
Cosmopolitan,The Cosmopolitan 1904-03: Vol 36 Iss 5,1904-03-01T00:00:00Z,sim_cosmopolitan_1904-03_36_5,https://archive.org/details/sim_cosmopolitan_1904-03_36_5
Cosmopolitan,The Cosmopolitan 1904-05: Vol 37 Iss 1,1904-05-01T00:00:00Z,sim_cosmopolitan_1904-05_37_1,https://archive.org/details/sim_cosmopolitan_1904-05_37_1
Cosmopolitan,The Cosmopolitan 1904-06: Vol 37 Iss 2,1904-06-01T00:00:00Z,sim_cosmopolitan_1904-06_37_2,https://archive.org/details/sim_cosmopolitan_1904-06_37_2
Cosmopolitan,The Cosmopolitan 1904-07: Vol 37 Iss 3,1904-07-01T00:00:00Z,sim_cosmopolitan_1904-07_37_3,https://archive.org/details/sim_cosmopolitan_1904-07_37_3
Cosmopolitan,The Cosmopolitan 1904-12: Vol 38 Iss 2,1904-12-01T00:00:00Z,sim_cosmopolitan_1904-12_38_2,https://archive.org/details/sim_cosmopolitan_1904-12_38_2
Cosmopolitan,The Cosmopolitan 1905-01: Vol 38 Iss 3,1905-01-01T00:00:00Z,sim_cosmopolitan_1905-01_38_3,https://archive.org/details/sim_cosmopolitan_1905-01_38_3
Cosmopolitan,The Cosmopolitan 1905-02: Vol 38 Iss 4,1905-02-01T00:00:00Z,sim_cosmopolitan_1905-02_38_4,https://archive.org/details/sim_cosmopolitan_1905-02_38_4
Cosmopolitan,The Cosmopolitan 1905-03: Vol 38 Iss 5,1905-03-01T00:00:00Z,sim_cosmopolitan_1905-03_38_5,https://archive.org/details/sim_cosmopolitan_1905-03_38_5
Cosmopolitan,The Cosmopolitan 1905-06: Vol 39 Iss 2,1905-06-01T00:00:00Z,sim_cosmopolitan_1905-06_39_2,https://archive.org/details/sim_cosmopolitan_1905-06_39_2
Cosmopolitan,Cosmopolitan 1905-07: Vol 39 Iss 3,1905-07-01T00:00:00Z,sim_cosmopolitan_1905-07_39_3,https://archive.org/details/sim_cosmopolitan_1905-07_39_3
Cosmopolitan,Cosmopolitan 1905-08: Vol 39 Iss 4,1905-08-01T00:00:00Z,sim_cosmopolitan_1905-08_39_4,https://archive.org/details/sim_cosmopolitan_1905-08_39_4
Cosmopolitan,Cosmopolitan 1905-12: Vol 40 Iss 2,1905-12-01T00:00:00Z,sim_cosmopolitan_1905-12_40_2,https://archive.org/details/sim_cosmopolitan_1905-12_40_2
Cosmopolitan,Cryptomorpha desjardinsi Guer. A probable cosmopolitan beetle,1906-01-01T00:00:00Z,biostor-189469,https://archive.org/details/biostor-189469
Cosmopolitan,"Cosmopolitan Life Ins. Ass'n v. Koegel. Nov. 23, 1905. [52 S. E. 166.]",1906-02-01T00:00:00Z,jstor-1100945,https://archive.org/details/jstor-1100945
Cosmopolitan,Cosmopolitan Tendencies in American Literature,1906-04-01T00:00:00Z,jstor-27530760,https://archive.org/details/jstor-27530760
Cosmopolitan,Cosmopolitan 1906-05: Vol 41 Iss 1,1906-05-01T00:00:00Z,sim_cosmopolitan_1906-05_41_1,https://archive.org/details/sim_cosmopolitan_1906-05_41_1
Cosmopolitan,Cosmopolitan 1906-10: Vol 41 Iss 6,1906-10-01T00:00:00Z,sim_cosmopolitan_1906-10_41_6,https://archive.org/details/sim_cosmopolitan_1906-10_41_6
Cosmopolitan,Cosmopolitan 1906-11: Vol 42 Iss 1,1906-11-01T00:00:00Z,sim_cosmopolitan_1906-11_42_1,https://archive.org/details/sim_cosmopolitan_1906-11_42_1
Cosmopolitan,Cosmopolitan 1907-01: Vol 42 Iss 3,1907-01-01T00:00:00Z,sim_cosmopolitan_1907-01_42_3,https://archive.org/details/sim_cosmopolitan_1907-01_42_3
Cosmopolitan,Cosmopolitan 1907-04: Vol 42 Iss 6,1907-04-01T00:00:00Z,sim_cosmopolitan_1907-04_42_6,https://archive.org/details/sim_cosmopolitan_1907-04_42_6
Cosmopolitan,Cosmopolitan 1907-06: Vol 43 Iss 2,1907-06-01T00:00:00Z,sim_cosmopolitan_1907-06_43_2,https://archive.org/details/sim_cosmopolitan_1907-06_43_2
Cosmopolitan,Cosmopolitan 1907-07: Vol 43 Iss 3,1907-07-01T00:00:00Z,sim_cosmopolitan_1907-07_43_3,https://archive.org/details/sim_cosmopolitan_1907-07_43_3
Cosmopolitan,Cosmopolitan 1907-08: Vol 43 Iss 4,1907-08-01T00:00:00Z,sim_cosmopolitan_1907-08_43_4,https://archive.org/details/sim_cosmopolitan_1907-08_43_4
Cosmopolitan,Cosmopolitan 1907-09: Vol 43 Iss 5,1907-09-01T00:00:00Z,sim_cosmopolitan_1907-09_43_5,https://archive.org/details/sim_cosmopolitan_1907-09_43_5
Cosmopolitan,Cosmopolitan 1907-11: Vol 44 Iss 1,1907-11-01T00:00:00Z,sim_cosmopolitan_1907-11_44_1,https://archive.org/details/sim_cosmopolitan_1907-11_44_1
Cosmopolitan,,1908,,http://books.google.com/books?id=XGgyAQAAMAAJ&dq=%22Cosmopolitan%22+magazine
Cosmopolitan,Cosmopolitan 1908-03: Vol 44 Iss 4,1908-03-01T00:00:00Z,sim_cosmopolitan_1908-03_44_4,https://archive.org/details/sim_cosmopolitan_1908-03_44_4
Cosmopolitan,Cosmopolitan 1908-11: Vol 45 Iss 6,1908-11-01T00:00:00Z,sim_cosmopolitan_1908-11_45_6,https://archive.org/details/sim_cosmopolitan_1908-11_45_6
Cosmopolitan,Cosmopolitan 1909-01: Vol 46 Iss 2,1909-01-01T00:00:00Z,sim_cosmopolitan_1909-01_46_2,https://archive.org/details/sim_cosmopolitan_1909-01_46_2
Cosmopolitan,Cosmopolitan 1909-05: Vol 46 Iss 6,1909-05-01T00:00:00Z,sim_cosmopolitan_1909-05_46_6,https://archive.org/details/sim_cosmopolitan_1909-05_46_6
Cosmopolitan,Cosmopolitan 1909-11: Vol 47 Iss 6,1909-11-01T00:00:00Z,sim_cosmopolitan_1909-11_47_6,https://archive.org/details/sim_cosmopolitan_1909-11_47_6
Cosmopolitan,Cosmopolitan 1910-02: Vol 48 Iss 3,1910-02-01T00:00:00Z,sim_cosmopolitan_1910-02_48_3,https://archive.org/details/sim_cosmopolitan_1910-02_48_3
Cosmopolitan,Cosmopolitan 1910-03: Vol 48 Iss 4,1910-03-01T00:00:00Z,sim_cosmopolitan_1910-03_48_4,https://archive.org/details/sim_cosmopolitan_1910-03_48_4
Cosmopolitan,Cosmopolitan 1910-04: Vol 48 Iss 5,1910-04-01T00:00:00Z,sim_cosmopolitan_1910-04_48_5,https://archive.org/details/sim_cosmopolitan_1910-04_48_5
Cosmopolitan,Cosmopolitan 1910-05: Vol 48 Iss 6,1910-05-01T00:00:00Z,sim_cosmopolitan_1910-05_48_6,https://archive.org/details/sim_cosmopolitan_1910-05_48_6
Cosmopolitan,The Association of Cosmopolitan Clubs,1910-07-01T00:00:00Z,jstor-20665995,https://archive.org/details/jstor-20665995
Cosmopolitan,Cosmopolitan 1910-08: Vol 49 Iss 3,1910-08-01T00:00:00Z,sim_cosmopolitan_1910-08_49_3,https://archive.org/details/sim_cosmopolitan_1910-08_49_3
Cosmopolitan,Cosmopolitan 1910-11: Vol 49 Iss 6,1910-11-01T00:00:00Z,sim_cosmopolitan_1910-11_49_6,https://archive.org/details/sim_cosmopolitan_1910-11_49_6
Cosmopolitan,Cosmopolitan December 1910 - May 1911: Vol 50 Table of Contents,1910-12-01T00:00:00Z,sim_cosmopolitan_december-1910-may-1911_50_contents,https://archive.org/details/sim_cosmopolitan_december-1910-may-1911_50_contents
Cosmopolitan,Cosmopolitan 1911-02: Vol 50 Iss 3,1911-02-01T00:00:00Z,sim_cosmopolitan_1911-02_50_3,https://archive.org/details/sim_cosmopolitan_1911-02_50_3
Cosmopolitan,Cosmopolitan 1911-04: Vol 50 Iss 5,1911-04-01T00:00:00Z,sim_cosmopolitan_1911-04_50_5,https://archive.org/details/sim_cosmopolitan_1911-04_50_5
Cosmopolitan,Cosmopolitan 1911-05: Vol 50 Iss 6,1911-05-01T00:00:00Z,sim_cosmopolitan_1911-05_50_6,https://archive.org/details/sim_cosmopolitan_1911-05_50_6
Cosmopolitan,Cosmopolitan 1911-06: Vol 51 Iss 1,1911-06-01T00:00:00Z,sim_cosmopolitan_1911-06_51_1,https://archive.org/details/sim_cosmopolitan_1911-06_51_1
Cosmopolitan,Cosmopolitan 1911-07: Vol 51 Iss 2,1911-07-01T00:00:00Z,sim_cosmopolitan_1911-07_51_2,https://archive.org/details/sim_cosmopolitan_1911-07_51_2
Cosmopolitan,Cosmopolitan 1911-10: Vol 51 Iss 5,1911-10-01T00:00:00Z,sim_cosmopolitan_1911-10_51_5,https://archive.org/details/sim_cosmopolitan_1911-10_51_5
Cosmopolitan,Cosmopolitan 1911-11: Vol 51 Iss 6,1911-11-01T00:00:00Z,sim_cosmopolitan_1911-11_51_6,https://archive.org/details/sim_cosmopolitan_1911-11_51_6
Cosmopolitan,Cosmopolitan 1911-12: Vol 52 Iss 1,1911-12-01T00:00:00Z,sim_cosmopolitan_1911-12_52_1,https://archive.org/details/sim_cosmopolitan_1911-12_52_1
Cosmopolitan,Cosmopolitan 1912-01: Vol 52 Iss 2,1912-01-01T00:00:00Z,sim_cosmopolitan_1912-01_52_2,https://archive.org/details/sim_cosmopolitan_1912-01_52_2
Cosmopolitan,Cosmopolitan Cookery In An English Kitchen,1912-01-01T00:00:00Z,in.ernet.dli.2015.460464,https://archive.org/details/in.ernet.dli.2015.460464
Cosmopolitan,Cosmopolitan 1912-05: Vol 52 Iss 6,1912-05-01T00:00:00Z,sim_cosmopolitan_1912-05_52_6,https://archive.org/details/sim_cosmopolitan_1912-05_52_6
Cosmopolitan,Cosmopolitan June - November 1912: Vol 53 Table of Contents,1912-06-01T00:00:00Z,sim_cosmopolitan_june-november-1912_53_contents,https://archive.org/details/sim_cosmopolitan_june-november-1912_53_contents
Cosmopolitan,Cosmopolitan 1912-07: Vol 53 Iss 2,1912-07-01T00:00:00Z,sim_cosmopolitan_1912-07_53_2,https://archive.org/details/sim_cosmopolitan_1912-07_53_2
Cosmopolitan,Cosmopolitan 1912-08: Vol 53 Iss 3,1912-08-01T00:00:00Z,sim_cosmopolitan_1912-08_53_3,https://archive.org/details/sim_cosmopolitan_1912-08_53_3
Cosmopolitan,Cosmopolitan 1912-10: Vol 53 Iss 5,1912-10-01T00:00:00Z,sim_cosmopolitan_1912-10_53_5,https://archive.org/details/sim_cosmopolitan_1912-10_53_5
Cosmopolitan,Cosmopolitan December 1912 - May 1913: Vol 54 Table of Contents,1912-12-01T00:00:00Z,sim_cosmopolitan_december-1912-may-1913_54_contents,https://archive.org/details/sim_cosmopolitan_december-1912-may-1913_54_contents
Cosmopolitan,My cosmopolitan year,1913-01-01T00:00:00Z,mycosmopolitanye00cran,https://archive.org/details/mycosmopolitanye00cran
Cosmopolitan,Cosmopolitan 1913-03: Vol 54 Iss 4,1913-03-01T00:00:00Z,sim_cosmopolitan_1913-03_54_4,https://archive.org/details/sim_cosmopolitan_1913-03_54_4
Cosmopolitan,Cosmopolitan June - November 1913: Vol 55 Table of Contents,1913-06-01T00:00:00Z,sim_cosmopolitan_june-november-1913_55_contents,https://archive.org/details/sim_cosmopolitan_june-november-1913_55_contents
Cosmopolitan,Cosmopolitan 1913-07: Vol 55 Iss 2,1913-07-01T00:00:00Z,sim_cosmopolitan_1913-07_55_2,https://archive.org/details/sim_cosmopolitan_1913-07_55_2
Cosmopolitan,Cosmopolitan 1913-08: Vol 55 Iss 3,1913-08-01T00:00:00Z,sim_cosmopolitan_1913-08_55_3,https://archive.org/details/sim_cosmopolitan_1913-08_55_3
Cosmopolitan,Cosmopolitan 1913-10: Vol 55 Iss 5,1913-10-01T00:00:00Z,sim_cosmopolitan_1913-10_55_5,https://archive.org/details/sim_cosmopolitan_1913-10_55_5
Cosmopolitan,Cosmopolitan 1913-12: Vol 56 Iss 1,1913-12-01T00:00:00Z,sim_cosmopolitan_1913-12_56_1,https://archive.org/details/sim_cosmopolitan_1913-12_56_1
Cosmopolitan,Cosmopolitan December 1913 - May 1914: Vol 56 Table of Contents,1913-12-01T00:00:00Z,sim_cosmopolitan_december-1913-may-1914_56_contents,https://archive.org/details/sim_cosmopolitan_december-1913-may-1914_56_contents
Cosmopolitan,A cosmopolitan work in South America,1914-01-01T00:00:00Z,cosmopolitanwork00unse,https://archive.org/details/cosmopolitanwork00unse
Cosmopolitan,Cosmopolitan 1914-03: Vol 56 Iss 4,1914-03-01T00:00:00Z,sim_cosmopolitan_1914-03_56_4,https://archive.org/details/sim_cosmopolitan_1914-03_56_4
Cosmopolitan,Cosmopolitan 1914-04: Vol 56 Iss 5,1914-04-01T00:00:00Z,sim_cosmopolitan_1914-04_56_5,https://archive.org/details/sim_cosmopolitan_1914-04_56_5
Cosmopolitan,Cosmopolitan June - November 1914: Vol 57 Table of Contents,1914-06-01T00:00:00Z,sim_cosmopolitan_june-november-1914_57_contents,https://archive.org/details/sim_cosmopolitan_june-november-1914_57_contents
Cosmopolitan,Cosmopolitan 1914-10: Vol 57 Iss 5,1914-10-01T00:00:00Z,sim_cosmopolitan_1914-10_57_5,https://archive.org/details/sim_cosmopolitan_1914-10_57_5
Cosmopolitan,Cosmopolitan 1915-01: Vol 58 Iss 2,1915-01-01T00:00:00Z,sim_cosmopolitan_1915-01_58_2,https://archive.org/details/sim_cosmopolitan_1915-01_58_2
Cosmopolitan,Cosmopolitan 1915-02: Vol 58 Iss 3,1915-02-01T00:00:00Z,sim_cosmopolitan_1915-02_58_3,https://archive.org/details/sim_cosmopolitan_1915-02_58_3
Cosmopolitan,Cosmopolitan 1915-07: Vol 59 Iss 2,1915-07-01T00:00:00Z,sim_cosmopolitan_1915-07_59_2,https://archive.org/details/sim_cosmopolitan_1915-07_59_2
Cosmopolitan,Cosmopolitan 1915-10: Vol 59 Iss 5,1915-10-01T00:00:00Z,sim_cosmopolitan_1915-10_59_5,https://archive.org/details/sim_cosmopolitan_1915-10_59_5
Cosmopolitan,Cosmopolitan 1916-01: Vol 60 Iss 2,1916-01-01T00:00:00Z,sim_cosmopolitan_1916-01_60_2,https://archive.org/details/sim_cosmopolitan_1916-01_60_2
Cosmopolitan,Cosmopolitan 1916-02: Vol 60 Iss 3,1916-02-01T00:00:00Z,sim_cosmopolitan_1916-02_60_3,https://archive.org/details/sim_cosmopolitan_1916-02_60_3
Cosmopolitan,Cosmopolitan 1916-03: Vol 60 Iss 4,1916-03-01T00:00:00Z,sim_cosmopolitan_1916-03_60_4,https://archive.org/details/sim_cosmopolitan_1916-03_60_4
Cosmopolitan,Cosmopolitan 1916-04: Vol 60 Iss 5,1916-04-01T00:00:00Z,sim_cosmopolitan_1916-04_60_5,https://archive.org/details/sim_cosmopolitan_1916-04_60_5
Cosmopolitan,Cosmopolitan 1916-06: Vol 61 Iss 1,1916-06-01T00:00:00Z,sim_cosmopolitan_1916-06_61_1,https://archive.org/details/sim_cosmopolitan_1916-06_61_1
Cosmopolitan,Cosmopolitan 1916-10: Vol 61 Iss 5,1916-10-01T00:00:00Z,sim_cosmopolitan_1916-10_61_5,https://archive.org/details/sim_cosmopolitan_1916-10_61_5
Cosmopolitan,Cosmopolitan 1916-11: Vol 61 Iss 6,1916-11-01T00:00:00Z,sim_cosmopolitan_1916-11_61_6,https://archive.org/details/sim_cosmopolitan_1916-11_61_6
Cosmopolitan,Cosmopolitan 1916-12: Vol 62 Iss 1,1916-12-01T00:00:00Z,sim_cosmopolitan_1916-12_62_1,https://archive.org/details/sim_cosmopolitan_1916-12_62_1
Cosmopolitan,Cosmopolitan 1917-01: Vol 62 Iss 2,1917-01-01T00:00:00Z,sim_cosmopolitan_1917-01_62_2,https://archive.org/details/sim_cosmopolitan_1917-01_62_2
Cosmopolitan,Cosmopolitan 1917-02: Vol 62 Iss 3,1917-02-01T00:00:00Z,sim_cosmopolitan_1917-02_62_3,https://archive.org/details/sim_cosmopolitan_1917-02_62_3
Cosmopolitan,Cosmopolitan 1917-04: Vol 62 Iss 5,1917-04-01T00:00:00Z,sim_cosmopolitan_1917-04_62_5,https://archive.org/details/sim_cosmopolitan_1917-04_62_5
Cosmopolitan,Cosmopolitan 1917-06: Vol 63 Iss 1,1917-06-01T00:00:00Z,sim_cosmopolitan_cosmopolitan_1917-06_63_1,https://archive.org/details/sim_cosmopolitan_cosmopolitan_1917-06_63_1
Cosmopolitan,Cosmopolitan 1917-07: Vol 63 Iss 2,1917-07-01T00:00:00Z,sim_cosmopolitan_cosmopolitan_1917-07_63_2,https://archive.org/details/sim_cosmopolitan_cosmopolitan_1917-07_63_2
Cosmopolitan,Cosmopolitan 1917-09: Vol 63 Iss 4,1917-09-01T00:00:00Z,sim_cosmopolitan_cosmopolitan_1917-09_63_4,https://archive.org/details/sim_cosmopolitan_cosmopolitan_1917-09_63_4
Cosmopolitan,Cosmopolitan 1917-11: Vol 63 Iss 6,1917-11-01T00:00:00Z,sim_cosmopolitan_cosmopolitan_1917-11_63_6,https://archive.org/details/sim_cosmopolitan_cosmopolitan_1917-11_63_6
Cosmopolitan,Cosmopolitan 1918-01: Vol 64 Iss 2,1918-01-01T00:00:00Z,sim_cosmopolitan_cosmopolitan_1918-01_64_2,https://archive.org/details/sim_cosmopolitan_cosmopolitan_1918-01_64_2
Cosmopolitan,Germany Her Own Judge: Reply of a Cosmopolitan Swiss to German Propaganda,1918-01-01T00:00:00Z,germanyherownju00sutegoog,https://archive.org/details/germanyherownju00sutegoog
Cosmopolitan,Germany Her Own Judge: Reply of a Cosmopolitan Swiss to German Propaganda,1918-01-01T00:00:00Z,germanyherownju01sutegoog,https://archive.org/details/germanyherownju01sutegoog
Cosmopolitan,Germany Her Own Judge: Reply of a Cosmopolitan Swiss to German Propaganda,1918-01-01T00:00:00Z,germanyherownju02sutegoog,https://archive.org/details/germanyherownju02sutegoog
Cosmopolitan,Cosmopolitan 1918-04: Vol 64 Iss 5,1918-04-01T00:00:00Z,sim_cosmopolitan_cosmopolitan_1918-04_64_5,https://archive.org/details/sim_cosmopolitan_cosmopolitan_1918-04_64_5
Cosmopolitan,Cosmopolitan 1918-07: Vol 65 Iss 2,1918-07-01T00:00:00Z,sim_cosmopolitan_cosmopolitan_1918-07_65_2,https://archive.org/details/sim_cosmopolitan_cosmopolitan_1918-07_65_2
Cosmopolitan,Cosmopolitan 1918-08: Vol 65 Iss 3,1918-08-01T00:00:00Z,sim_cosmopolitan_cosmopolitan_1918-08_65_3,https://archive.org/details/sim_cosmopolitan_cosmopolitan_1918-08_65_3
Cosmopolitan,Cosmopolitan 1918-09: Vol 65 Iss 4,1918-09-01T00:00:00Z,sim_cosmopolitan_cosmopolitan_1918-09_65_4,https://archive.org/details/sim_cosmopolitan_cosmopolitan_1918-09_65_4
Cosmopolitan,Cosmopolitan 1918-11: Vol 65 Iss 6,1918-11-01T00:00:00Z,sim_cosmopolitan_cosmopolitan_1918-11_65_6,https://archive.org/details/sim_cosmopolitan_cosmopolitan_1918-11_65_6
Cosmopolitan,Cosmopolitan 1919-01: Vol 66 Iss 2,1919-01-01T00:00:00Z,sim_cosmopolitan_cosmopolitan_1919-01_66_2,https://archive.org/details/sim_cosmopolitan_cosmopolitan_1919-01_66_2
Cosmopolitan,Cosmopolitan 1919-06: Vol 67 Iss 1,1919-06-01T00:00:00Z,sim_cosmopolitan_cosmopolitan_1919-06_67_1,https://archive.org/details/sim_cosmopolitan_cosmopolitan_1919-06_67_1
Cosmopolitan,Cosmopolitan 1919-09: Vol 67 Iss 4,1919-09-01T00:00:00Z,sim_cosmopolitan_cosmopolitan_1919-09_67_4,https://archive.org/details/sim_cosmopolitan_cosmopolitan_1919-09_67_4
Cosmopolitan,Cosmopolitan 1919-10: Vol 67 Iss 5,1919-10-01T00:00:00Z,sim_cosmopolitan_cosmopolitan_1919-10_67_5,https://archive.org/details/sim_cosmopolitan_cosmopolitan_1919-10_67_5
Cosmopolitan,Cosmopolitan 1919-11: Vol 67 Iss 6,1919-11-01T00:00:00Z,sim_cosmopolitan_cosmopolitan_1919-11_67_6,https://archive.org/details/sim_cosmopolitan_cosmopolitan_1919-11_67_6
Cosmopolitan,Cosmopolitan 1919-12: Vol 68 Iss 1,1919-12-01T00:00:00Z,sim_cosmopolitan_cosmopolitan_1919-12_68_1,https://archive.org/details/sim_cosmopolitan_cosmopolitan_1919-12_68_1
Cosmopolitan,Cosmopolitan 1920-03: Vol 68 Iss 3,1920-03-01T00:00:00Z,sim_cosmopolitan_cosmopolitan_1920-03_68_3,https://archive.org/details/sim_cosmopolitan_cosmopolitan_1920-03_68_3
Cosmopolitan,Cosmopolitan 1920-06: Vol 68 Iss 6,1920-06-01T00:00:00Z,sim_cosmopolitan_cosmopolitan_1920-06_68_6,https://archive.org/details/sim_cosmopolitan_cosmopolitan_1920-06_68_6
Cosmopolitan,Cosmopolitan 1920-07: Vol 69 Iss 1,1920-07-01T00:00:00Z,sim_cosmopolitan_cosmopolitan_1920-07_69_1,https://archive.org/details/sim_cosmopolitan_cosmopolitan_1920-07_69_1
Cosmopolitan,Cosmopolitan 1920-08: Vol 69 Iss 2,1920-08-01T00:00:00Z,sim_cosmopolitan_cosmopolitan_1920-08_69_2,https://archive.org/details/sim_cosmopolitan_cosmopolitan_1920-08_69_2
Cosmopolitan,Cosmopolitan 1920-09: Vol 69 Iss 3,1920-09-01T00:00:00Z,sim_cosmopolitan_cosmopolitan_1920-09_69_3,https://archive.org/details/sim_cosmopolitan_cosmopolitan_1920-09_69_3
Cosmopolitan,Cosmopolitan 1920-12: Vol 69 Iss 6,1920-12-01T00:00:00Z,sim_cosmopolitan_cosmopolitan_1920-12_69_6,https://archive.org/details/sim_cosmopolitan_cosmopolitan_1920-12_69_6
Cosmopolitan,"American justice and humanity, as seen from the cosmopolitan point of view",1921-01-01T00:00:00Z,cu31924023242286,https://archive.org/details/cu31924023242286
Cosmopolitan,Cosmopolitan 1921-02: Vol 70 Iss 2,1921-02-01T00:00:00Z,sim_cosmopolitan_cosmopolitan_1921-02_70_2,https://archive.org/details/sim_cosmopolitan_cosmopolitan_1921-02_70_2
Cosmopolitan,Cosmopolitan 1921-05: Vol 70 Iss 5,1921-05-01T00:00:00Z,sim_cosmopolitan_cosmopolitan_1921-05_70_5,https://archive.org/details/sim_cosmopolitan_cosmopolitan_1921-05_70_5
Cosmopolitan,Cosmopolitan 1921-09: Vol 71 Iss 3,1921-09-01T00:00:00Z,sim_cosmopolitan_cosmopolitan_1921-09_71_3,https://archive.org/details/sim_cosmopolitan_cosmopolitan_1921-09_71_3
Cosmopolitan,Cosmopolitan 1921-10: Vol 71 Iss 4,1921-10-01T00:00:00Z,sim_cosmopolitan_cosmopolitan_1921-10_71_4,https://archive.org/details/sim_cosmopolitan_cosmopolitan_1921-10_71_4
Cosmopolitan,Cosmopolitan 1921-11: Vol 71 Iss 5,1921-11-01T00:00:00Z,sim_cosmopolitan_cosmopolitan_1921-11_71_5,https://archive.org/details/sim_cosmopolitan_cosmopolitan_1921-11_71_5
Cosmopolitan,Cosmopolitan 1922-02: Vol 72 Iss 2,1922-02-01T00:00:00Z,sim_cosmopolitan_cosmopolitan_1922-02_72_2,https://archive.org/details/sim_cosmopolitan_cosmopolitan_1922-02_72_2
Cosmopolitan,Cosmopolitan 1922-03: Vol 72 Iss 3,1922-03-01T00:00:00Z,sim_cosmopolitan_cosmopolitan_1922-03_72_3,https://archive.org/details/sim_cosmopolitan_cosmopolitan_1922-03_72_3
Cosmopolitan,Cosmopolitan 1922-04: Vol 72 Iss 4,1922-04-01T00:00:00Z,sim_cosmopolitan_cosmopolitan_1922-04_72_4,https://archive.org/details/sim_cosmopolitan_cosmopolitan_1922-04_72_4
Cosmopolitan,Cosmopolitan 1922-05: Vol 72 Iss 5,1922-05-01T00:00:00Z,sim_cosmopolitan_cosmopolitan_1922-05_72_5,https://archive.org/details/sim_cosmopolitan_cosmopolitan_1922-05_72_5
Cosmopolitan,Cosmopolitan 1922-06: Vol 72 Iss 6,1922-06-01T00:00:00Z,sim_cosmopolitan_cosmopolitan_1922-06_72_6,https://archive.org/details/sim_cosmopolitan_cosmopolitan_1922-06_72_6
Cosmopolitan,Cosmopolitan 1922-07: Vol 73 Iss 1,1922-07-01T00:00:00Z,sim_cosmopolitan_cosmopolitan_1922-07_73_1,https://archive.org/details/sim_cosmopolitan_cosmopolitan_1922-07_73_1
Cosmopolitan,Cosmopolitan 1922-10: Vol 73 Iss 4,1922-10-01T00:00:00Z,sim_cosmopolitan_cosmopolitan_1922-10_73_4,https://archive.org/details/sim_cosmopolitan_cosmopolitan_1922-10_73_4
Cosmopolitan,Cosmopolitan 1923-03: Vol 74 Iss 3,1923-03-01T00:00:00Z,sim_cosmopolitan_cosmopolitan_1923-03_74_3,https://archive.org/details/sim_cosmopolitan_cosmopolitan_1923-03_74_3
Cosmopolitan,Cosmopolitan 1923-06: Vol 74 Iss 6,1923-06-01T00:00:00Z,sim_cosmopolitan_cosmopolitan_1923-06_74_6,https://archive.org/details/sim_cosmopolitan_cosmopolitan_1923-06_74_6
Cosmopolitan,Cosmopolitan 1923-08: Vol 75 Iss 2,1923-08-01T00:00:00Z,sim_cosmopolitan_cosmopolitan_1923-08_75_2,https://archive.org/details/sim_cosmopolitan_cosmopolitan_1923-08_75_2
Cosmopolitan,Cosmopolitan 1923-09: Vol 75 Iss 3,1923-09-01T00:00:00Z,sim_cosmopolitan_cosmopolitan_1923-09_75_3,https://archive.org/details/sim_cosmopolitan_cosmopolitan_1923-09_75_3
Cosmopolitan,Cosmopolitan 1924-02: Vol 76 Iss 2,1924-02-01T00:00:00Z,sim_cosmopolitan_cosmopolitan_1924-02_76_2,https://archive.org/details/sim_cosmopolitan_cosmopolitan_1924-02_76_2
Cosmopolitan,Cosmopolitan 1924-03: Vol 76 Iss 3,1924-03-01T00:00:00Z,sim_cosmopolitan_cosmopolitan_1924-03_76_3,https://archive.org/details/sim_cosmopolitan_cosmopolitan_1924-03_76_3
Cosmopolitan,Cosmopolitan 1924-05: Vol 76 Iss 5,1924-05-01T00:00:00Z,sim_cosmopolitan_cosmopolitan_1924-05_76_5,https://archive.org/details/sim_cosmopolitan_cosmopolitan_1924-05_76_5
Cosmopolitan,Cosmopolitan 1924-12: Vol 77 Iss 6,1924-12-01T00:00:00Z,sim_cosmopolitan_cosmopolitan_1924-12_77_6,https://archive.org/details/sim_cosmopolitan_cosmopolitan_1924-12_77_6
Cosmopolitan,Cosmopolitan 1925-01: Vol 78 Iss 1,1925-01-01T00:00:00Z,sim_cosmopolitan_cosmopolitan_1925-01_78_1,https://archive.org/details/sim_cosmopolitan_cosmopolitan_1925-01_78_1
Cosmopolitan,Cosmopolitan 1925-03: Vol 78 Iss 3,1925-03-01T00:00:00Z,sim_cosmopolitan_1925-03_78_3,https://archive.org/details/sim_cosmopolitan_1925-03_78_3
Cosmopolitan,Cosmopolitan 1925-04: Vol 78 Iss 4,1925-04-01T00:00:00Z,sim_cosmopolitan_1925-04_78_4,https://archive.org/details/sim_cosmopolitan_1925-04_78_4
Cosmopolitan,Cosmopolitan 1925-08: Vol 79 Iss 2,1925-08-01T00:00:00Z,sim_cosmopolitan_1925-08_79_2,https://archive.org/details/sim_cosmopolitan_1925-08_79_2
Cosmopolitan,Cosmopolitan 1926-03: Vol 80 Iss 3,1926-03-01T00:00:00Z,sim_cosmopolitan_1926-03_80_3,https://archive.org/details/sim_cosmopolitan_1926-03_80_3
Cosmopolitan,The Establishment of a Cosmopolitan Hostel / കോസ്മോപൊളിറ്റന്‍ ഹോസ്റ്റല്‍ ആരംഭിക്കുന്നതിനെ സംബന്ധിച്ച്,1926-03-09T00:00:00Z,keralalegislativeassembly.proceedings.1201594,https://archive.org/details/keralalegislativeassembly.proceedings.1201594
Cosmopolitan,The Establishment of a Cosmopolitan Hostel / കോസ്മോപൊളിറ്റന്‍ ഹോസ്റ്റല്‍ സ്ഥാപിക്കുന്നത് സംബന്ധിച്ച്,1926-03-10T00:00:00Z,keralalegislativeassembly.proceedings.1201489,https://archive.org/details/keralalegislativeassembly.proceedings.1201489
Cosmopolitan,Cosmopolitan 1926-04: Vol 80 Iss 4,1926-04-01T00:00:00Z,sim_cosmopolitan_1926-04_80_4,https://archive.org/details/sim_cosmopolitan_1926-04_80_4
Cosmopolitan,Cosmopolitan 1926-06: Vol 80 Iss 6,1926-06-01T00:00:00Z,sim_cosmopolitan_1926-06_80_6,https://archive.org/details/sim_cosmopolitan_1926-06_80_6
Cosmopolitan,Cosmopolitan 1926-08: Vol 81 Iss 2,1926-08-01T00:00:00Z,sim_cosmopolitan_1926-08_81_2,https://archive.org/details/sim_cosmopolitan_1926-08_81_2
Cosmopolitan,Cosmopolitan 1926-09: Vol 81 Iss 3,1926-09-01T00:00:00Z,sim_cosmopolitan_1926-09_81_3,https://archive.org/details/sim_cosmopolitan_1926-09_81_3
Cosmopolitan,Cosmopolitan 1927-03: Vol 82 Iss 3,1927-03-01T00:00:00Z,sim_cosmopolitan_1927-03_82_3,https://archive.org/details/sim_cosmopolitan_1927-03_82_3
Cosmopolitan,Cosmopolitan 1927-04: Vol 82 Iss 4,1927-04-01T00:00:00Z,sim_cosmopolitan_1927-04_82_4,https://archive.org/details/sim_cosmopolitan_1927-04_82_4
Cosmopolitan,Cosmopolitan 1927-07: Vol 83 Iss 1,1927-07-01T00:00:00Z,sim_cosmopolitan_1927-07_83_1,https://archive.org/details/sim_cosmopolitan_1927-07_83_1
Cosmopolitan,Cosmopolitan 1927-09: Vol 83 Iss 3,1927-09-01T00:00:00Z,sim_cosmopolitan_1927-09_83_3,https://archive.org/details/sim_cosmopolitan_1927-09_83_3
Cosmopolitan,Cosmopolitan 1927-10: Vol 83 Iss 4,1927-10-01T00:00:00Z,sim_cosmopolitan_1927-10_83_4,https://archive.org/details/sim_cosmopolitan_1927-10_83_4
Cosmopolitan,Cosmopolitan 1928-01: Vol 84 Iss 1,1928-01-01T00:00:00Z,sim_cosmopolitan_1928-01_84_1,https://archive.org/details/sim_cosmopolitan_1928-01_84_1
Cosmopolitan,Cosmopolitan 1928-05: Vol 84 Iss 5,1928-05-01T00:00:00Z,sim_cosmopolitan_1928-05_84_5,https://archive.org/details/sim_cosmopolitan_1928-05_84_5
Cosmopolitan,Cosmopolitan 1929-01: Vol 86 Iss 1,1929-01-01T00:00:00Z,sim_cosmopolitan_1929-01_86_1,https://archive.org/details/sim_cosmopolitan_1929-01_86_1
Cosmopolitan,"Twenty-Five Selected Stories of O. O. McIntyre. With an introduction by Ray Long, Editor of Cosmopolitan.",1929-01-01T00:00:00Z,twentyfiveselect0000oomc,https://archive.org/details/twentyfiveselect0000oomc
Cosmopolitan,Cosmopolitan Hostal at Ernakulam / എറണാകുളത്തെ കോസ്മോപൊളിറ്റന്‍ ഹോസ്റ്റല്‍,1929-04-10T00:00:00Z,keralalegislativeassembly.proceedings.1227394,https://archive.org/details/keralalegislativeassembly.proceedings.1227394
Cosmopolitan,Cosmopolitan 1929-07: Vol 87 Iss 1,1929-07-01T00:00:00Z,sim_cosmopolitan_1929-07_87_1,https://archive.org/details/sim_cosmopolitan_1929-07_87_1
Cosmopolitan,Cosmopolitan 1929-10: Vol 87 Iss 4,1929-10-01T00:00:00Z,sim_cosmopolitan_1929-10_87_4,https://archive.org/details/sim_cosmopolitan_1929-10_87_4
Cosmopolitan,Cosmopolitan 1930-01: Vol 88 Iss 1,1930-01-01T00:00:00Z,sim_cosmopolitan_1930-01_88_1,https://archive.org/details/sim_cosmopolitan_1930-01_88_1
Cosmopolitan,Cosmopolitan 1930-02: Vol 88 Iss 2,1930-02-01T00:00:00Z,sim_cosmopolitan_1930-02_88_2,https://archive.org/details/sim_cosmopolitan_1930-02_88_2
Cosmopolitan,Cosmopolitan 1930-03: Vol 88 Iss 3,1930-03-01T00:00:00Z,sim_cosmopolitan_1930-03_88_3,https://archive.org/details/sim_cosmopolitan_1930-03_88_3
Cosmopolitan,Cosmopolitan 1930-04: Vol 88 Iss 4,1930-04-01T00:00:00Z,sim_cosmopolitan_1930-04_88_4,https://archive.org/details/sim_cosmopolitan_1930-04_88_4
Cosmopolitan,Cosmopolitan 1930-05: Vol 88 Iss 5,1930-05-01T00:00:00Z,sim_cosmopolitan_1930-05_88_5,https://archive.org/details/sim_cosmopolitan_1930-05_88_5
Cosmopolitan,Cosmopolitan 1930-08: Vol 89 Iss 2,1930-08-01T00:00:00Z,sim_cosmopolitan_1930-08_89_2,https://archive.org/details/sim_cosmopolitan_1930-08_89_2
Cosmopolitan,Cosmopolitan 1930-09: Vol 89 Iss 3,1930-09-01T00:00:00Z,sim_cosmopolitan_1930-09_89_3,https://archive.org/details/sim_cosmopolitan_1930-09_89_3
Cosmopolitan,Cosmopolitan 1930-11: Vol 89 Iss 5,1930-11-01T00:00:00Z,sim_cosmopolitan_1930-11_89_5,https://archive.org/details/sim_cosmopolitan_1930-11_89_5
Cosmopolitan,Cosmopolitan 1930-12: Vol 89 Iss 6,1930-12-01T00:00:00Z,sim_cosmopolitan_1930-12_89_6,https://archive.org/details/sim_cosmopolitan_1930-12_89_6
Cosmopolitan,Cosmopolitan Hostel / കോസ്മോപൊളിറ്റന്‍ ഹോസ്റ്റല്‍,1930-12-03T00:00:00Z,keralalegislativeassembly.proceedings.1225968,https://archive.org/details/keralalegislativeassembly.proceedings.1225968
Cosmopolitan,Cosmopolitan Hostel / കോസ്മോപൊളിറ്റന്‍ ഹോസ്റ്റല്‍,1930-12-05T00:00:00Z,keralalegislativeassembly.proceedings.1226164,https://archive.org/details/keralalegislativeassembly.proceedings.1226164
Cosmopolitan,Grant in aid Chalakkudi Cosmopolitan Reading Club / ചാലക്കുടിയിലെ കോസ്മോപൊളിറ്റന്‍ റീഡിംഗ് ക്ലബിനുള്ള സഹായധനം,1936-07-29T00:00:00Z,keralalegislativeassembly.proceedings.1275317,https://archive.org/details/keralalegislativeassembly.proceedings.1275317
Cosmopolitan,Grant-In-aid-Chalakkudi Cosmopolitan Reading Club / ചാലക്കുടിയിലെ കോസ്മോപൊളിറ്റന്‍ വായനാ ക്ലബുകള്‍ക്കുള്ള സഹായ ധനം,1936-11-25T00:00:00Z,keralalegislativeassembly.proceedings.1276030,https://archive.org/details/keralalegislativeassembly.proceedings.1276030
Cosmopolitan,Grant - Chalakkudi Cosmopolitan Club / ചാലക്കുടി കോസ്മോപൊളിറ്റന്‍ ക്ലബിലെ ഗ്രാന്‍റ്,1937-01-21T00:00:00Z,keralalegislativeassembly.proceedings.1275697,https://archive.org/details/keralalegislativeassembly.proceedings.1275697
Cosmopolitan,America Which I Have Never Seen Interests me Most in this Cosmopolitan World of Today. 1938-04,1938-04-01T00:00:00Z,per_virginia-woolf-manuscripts_1938-04,https://archive.org/details/per_virginia-woolf-manuscripts_1938-04
Cosmopolitan,cosmopolitan cookery,1945-01-01T00:00:00Z,cosmopolitancook0000unse,https://archive.org/details/cosmopolitancook0000unse
Cosmopolitan,Spic and span the greatest name in glads / [Cosmopolitan Glad Gardens].,1946-01-01T00:00:00Z,CAT31368287,https://archive.org/details/CAT31368287
Cosmopolitan,Fall 1947 quantity prices / Cosmopolitan Glad Gardens.,1947-01-01T00:00:00Z,CAT31368285,https://archive.org/details/CAT31368285
Cosmopolitan,Gladiolus : king of flowers / Cosmopolitan Glad Gardens.,1949-01-01T00:00:00Z,CAT31382665,https://archive.org/details/CAT31382665
Cosmopolitan,Cosmopolitan glads are money makers / Cosmopolitan Glad Gardens.,1951-01-01T00:00:00Z,CAT31390923,https://archive.org/details/CAT31390923
Cosmopolitan,"Cosmopolitan Glad Gardens : ""famous the world over"".",1952-01-01T00:00:00Z,CAT31395702,https://archive.org/details/CAT31395702
Cosmopolitan,CIA Reading Room cia-rdp82-00046r000400160004-6: THE INSTITUTE OF FOREIGN TRADE; ANTI-COSMOPOLITAN CAMPAIGN IN 1948,1954-10-08T00:00:00Z,cia-readingroom-document-cia-rdp82-00046r000400160004-6,https://archive.org/details/cia-readingroom-document-cia-rdp82-00046r000400160004-6
Cosmopolitan,"For your garden, the exciting new all-America award-winning glads / Cosmopolitan Glad Gardens.",1956-01-01T00:00:00Z,CAT31414947,https://archive.org/details/CAT31414947
Cosmopolitan,"Introducing the new members of the growing all-America gladiolus family / All America Gladiolus Selections, Inc., Cosmopolitan Glad Gardens.",1957-01-01T00:00:00Z,CAT31418554,https://archive.org/details/CAT31418554
Cosmopolitan,christisanity and cosmopolitan civilization,1966-01-01T00:00:00Z,christisanitycos0000fran,https://archive.org/details/christisanitycos0000fran
Cosmopolitan,The relationship of local-cosmopolitan role orientation to organizational characteristics of schools,1968-01-01T00:00:00Z,Eddy1968,https://archive.org/details/Eddy1968
Cosmopolitan,A cosmopolitan actor david garrick and his french friends,1969-01-01T00:00:00Z,cosmopolitanacto0000fran_r1q0,https://archive.org/details/cosmopolitanacto0000fran_r1q0
Cosmopolitan,Cosmopolitan crimes : foreign rivals of Sherlock Holmes,1972-01-01T00:00:00Z,cosmopolitancrim00hugh,https://archive.org/details/cosmopolitancrim00hugh
Cosmopolitan,Dispersl in a cosmopolitan butterfly species (Pieris rapae) having a open population structure,1972-01-01T00:00:00Z,biostor-273429,https://archive.org/details/biostor-273429
Cosmopolitan,,1972-07,,https://babel.hathitrust.org/cgi/pt?id=pst.000020200633
Cosmopolitan,More rivals of Sherlock Holmes : cosmopolitan crimes,1973-01-01T00:00:00Z,morerivalsofsher0000unse,https://archive.org/details/morerivalsofsher0000unse
Cosmopolitan,"The report of an inquiry made into matters concerning establishment, operation and failure of the Cosmopolitan Life Assurance Company and PAP Holdings Ltd",1974-01-01T00:00:00Z,reportofinquirym00kera,https://archive.org/details/reportofinquirym00kera
Cosmopolitan,A Study of Humor Initiated by Cosmopolitan and Locals in an Urban University.,1974-04-01T00:00:00Z,micro_IA41153109_0339,https://archive.org/details/micro_IA41153109_0339
Cosmopolitan,ERIC ED099909: A Study of Humor Initiated by Cosmopolitan and Locals in an Urban University.,1974-04-01T00:00:00Z,ERIC_ED099909,https://archive.org/details/ERIC_ED099909
Cosmopolitan,ERIC ED094577: The Cosmopolitan School or So What Else Isn't New?,1974-08-23T00:00:00Z,ERIC_ED094577,https://archive.org/details/ERIC_ED094577
Cosmopolitan,"Anastasia v. Cosmopolitan National Bank of Chicago, 424 U.S. 928 (1976) (No. 75-891)",1976-01-01T00:00:00Z,micro_IA40385608_1847,https://archive.org/details/micro_IA40385608_1847
Cosmopolitan,Delius : portrait of a cosmopolitan,1976-01-01T00:00:00Z,deliusportraitof0000palm,https://archive.org/details/deliusportraitof0000palm
Cosmopolitan,The distribution of the cosmopolitan genus Anax Leach and its probable origin (Anisoptera: Aeshnidae),1978-01-01T00:00:00Z,odonatologica-7-115-121,https://archive.org/details/odonatologica-7-115-121
Cosmopolitan,TRS-80 Manual: MultiDOS (1981)(Cosmopolitan Electronics Corporation),1981-01-01T00:00:00Z,MultiDOS_1981_Cosmopolitan_Electronics_Corporation,https://archive.org/details/MultiDOS_1981_Cosmopolitan_Electronics_Corporation
Cosmopolitan,"Cosmopolitan Broadcasting Corp. v. Federal Communications Commission, 454 U.S. 1143 (1982) (No. 81-601)",1982-01-01T00:00:00Z,micro_IA40385008_0437,https://archive.org/details/micro_IA40385008_0437
Cosmopolitan,TRS-80 Manual: MultiDOS (1982)(Cosmopolitan Electronics Corporation),1982-01-01T00:00:00Z,MultiDOS_1982_Cosmopolitan_Electronics_Corporation,https://archive.org/details/MultiDOS_1982_Cosmopolitan_Electronics_Corporation
Cosmopolitan,TRS-80 Manual: MultiDOS (1982)(Cosmopolitan Electronics Corporation)[a],1982-01-01T00:00:00Z,MultiDOS_1982_Cosmopolitan_Electronics_Corporation_a,https://archive.org/details/MultiDOS_1982_Cosmopolitan_Electronics_Corporation_a
Cosmopolitan,"Begassat v. Cosmopolitan National Bank of Chicago, 459 U.S. 1207 (1983) (No. 82-1061)",1983-01-01T00:00:00Z,micro_IA40385010_0162,https://archive.org/details/micro_IA40385010_0162
Cosmopolitan,"Leone v. Cosmopolitan Shipping Co., 464 U.S. 895 (1983) (No. 83-316)",1983-01-01T00:00:00Z,micro_IA40385011_0316,https://archive.org/details/micro_IA40385011_0316
Cosmopolitan,NEW SYNONYMIES AND NEW RECORDS OF SOME COSMOPOLITAN SPECIES OF THE GENUS TETRAGNATHA (ARANEAE : TETRAGNATHIDAE),1983-01-01T00:00:00Z,esakia-20-069-080,https://archive.org/details/esakia-20-069-080
Cosmopolitan,TRS-80 Manual: Zeus (1983)(Cosmopolitan Electronics Corporation),1983-01-01T00:00:00Z,Zeus_1983_Cosmopolitan_Electronics_Corporation,https://archive.org/details/Zeus_1983_Cosmopolitan_Electronics_Corporation
Cosmopolitan,Revista Cosmopolitan Romania 2017.04,1983-12-13T00:00:00Z,revista-cosmopolitan-romania-2017.04,https://archive.org/details/revista-cosmopolitan-romania-2017.04
Cosmopolitan,TRS-80 Manual: MultiDOS (1984)(Cosmopolitan Electronics Corporation),1984-01-01T00:00:00Z,MultiDOS_1984_Cosmopolitan_Electronics_Corporation,https://archive.org/details/MultiDOS_1984_Cosmopolitan_Electronics_Corporation
Cosmopolitan,Le rapport Cosmopolitan,1985-01-01T00:00:00Z,lerapportcosmopo0000wolf,https://archive.org/details/lerapportcosmopo0000wolf
Cosmopolitan,Cosmopolitan Culture,1987-01-01T00:00:00Z,cosmopolitancult0000bonn,https://archive.org/details/cosmopolitancult0000bonn
Cosmopolitan,Houses for footpath dwellers in cosmopolitan cities (10-Mar-1989),1989-03-10T00:00:00Z,rsdebate.nic.in.270093,https://archive.org/details/rsdebate.nic.in.270093
Cosmopolitan,Cosmopolitan Short Cuts to Looking Good,1990-07-05T00:00:00Z,cosmopolitanshor0000chri,https://archive.org/details/cosmopolitanshor0000chri
Cosmopolitan,The cosmopolitan world of Henry James : an intertextual study,1991-01-01T00:00:00Z,cosmopolitanworl0000tint,https://archive.org/details/cosmopolitanworl0000tint
Cosmopolitan,Helen Gurley Brown : the queen of Cosmopolitan,1992-01-01T00:00:00Z,helengurleybrown0000falk,https://archive.org/details/helengurleybrown0000falk
Cosmopolitan,"Cosmopolitan in Denmark, and other poems about the Danes",1995-01-01T00:00:00Z,cosmopolitaninde0000ande,https://archive.org/details/cosmopolitaninde0000ande
Cosmopolitan,Democracy and the global order : from the modern state to cosmopolitan governance,1995-01-01T00:00:00Z,democracyglobalo0000held_y5y1,https://archive.org/details/democracyglobalo0000held_y5y1
Cosmopolitan,Social trust : toward a cosmopolitan society,1995-01-01T00:00:00Z,socialtrusttowar0000earl,https://archive.org/details/socialtrusttowar0000earl
Cosmopolitan,Dwight MacDonald and the politics circle : the challenge of cosmopolitan democracy,1996-01-01T00:00:00Z,dwightmacdonaldp0000sumn,https://archive.org/details/dwightmacdonaldp0000sumn
Cosmopolitan,,1997,,http://books.google.com/books?id=dJRcuPiZPMAC&dq=%22Cosmopolitan%22+magazine
Cosmopolitan,Cosmopolitan : the complete bedside astrologer,1997-01-01T00:00:00Z,cosmopolitancomp00mode,https://archive.org/details/cosmopolitancomp00mode
Cosmopolitan,Perpetual peace : essays on Kant's cosmopolitan ideal,1997-01-01T00:00:00Z,perpetualpeacees0000unse,https://archive.org/details/perpetualpeacees0000unse
Cosmopolitan,Re-imagining political community : studies in cosmopolitan democracy,1998-01-01T00:00:00Z,reimaginingpolit00arch,https://archive.org/details/reimaginingpolit00arch
Cosmopolitan,"Cosmopolitan bedside quiz book : get the real deal on the inner you, the secret him, the truth about your friends, and everything else you ever wanted to know about love, life, and lust",1999-01-01T00:00:00Z,cosmopolitanbeds0000sear,https://archive.org/details/cosmopolitanbeds0000sear
Cosmopolitan,Cosmopolitan criticism : Oscar Wilde's philosophy of art,1999-01-01T00:00:00Z,cosmopolitancrit0000unse,https://archive.org/details/cosmopolitancrit0000unse
Cosmopolitan,Avant-Guide London: Insiders' Guide for Cosmopolitan Travelers (Avant-Guide),1999-12-01T00:00:00Z,avantguidelondon0000danl,https://archive.org/details/avantguidelondon0000danl
Cosmopolitan,The cosmopolitan self : George Herbert Mead and continental philosophy,2001-01-01T00:00:00Z,cosmopolitanself00mitc,https://archive.org/details/cosmopolitanself00mitc
Cosmopolitan,Cosmopolitan justice,2002-01-01T00:00:00Z,cosmopolitanjust0000moel,https://archive.org/details/cosmopolitanjust0000moel
Cosmopolitan,World poverty and human rights : cosmopolitan responsibilities and reforms,2002-01-01T00:00:00Z,worldpovertyhuma0000pogg,https://archive.org/details/worldpovertyhuma0000pogg
Cosmopolitan,"John White Alexander and the construction of national identity : cosmopolitan American art, 1880-1915",2003-01-01T00:00:00Z,johnwhitealexand0000moor,https://archive.org/details/johnwhitealexand0000moor
Cosmopolitan,"The return of cosmopolitan capital : globalization, the state, and war",2003-01-01T00:00:00Z,returnofcosmopol0000harr,https://archive.org/details/returnofcosmopol0000harr
Cosmopolitan,COSMOPOLITAN WORLD OF JESUS: NEW FINDINGS FROM ARCHAEOLOGY,2004-01-01T00:00:00Z,cosmopolitanworl0000thie,https://archive.org/details/cosmopolitanworl0000thie
Cosmopolitan,Cosmopolitan : a bartender's life,2004-01-01T00:00:00Z,cosmopolitanbart0000cecc,https://archive.org/details/cosmopolitanbart0000cecc
Cosmopolitan,After the cosmopolitan? : multicultural cities and the future of racism,2005-01-01T00:00:00Z,aftercosmopolita0000keit,https://archive.org/details/aftercosmopolita0000keit
Cosmopolitan,Cosmopolitan style : modernism beyond the nation,2006-01-01T00:00:00Z,cosmopolitanstyl0000walk,https://archive.org/details/cosmopolitanstyl0000walk
Cosmopolitan,Cosmopolitan urbanism,2006-01-01T00:00:00Z,cosmopolitanurba0000unse,https://archive.org/details/cosmopolitanurba0000unse
Cosmopolitan,Guru English : South Asian religion in a cosmopolitan language,2006-01-01T00:00:00Z,guruenglishsouth0000arav,https://archive.org/details/guruenglishsouth0000arav
Cosmopolitan,Cosmopolitan Ireland : globalisation and quality of life,2007-01-01T00:00:00Z,cosmopolitanirel0000kuhl,https://archive.org/details/cosmopolitanirel0000kuhl
Cosmopolitan,Cosmopolitan Twain,2008-01-01T00:00:00Z,cosmopolitantwai00unse,https://archive.org/details/cosmopolitantwai00unse
Cosmopolitan,Cosmopolitan Twain,2008-01-01T00:00:00Z,cosmopolitantwai00unse_0,https://archive.org/details/cosmopolitantwai00unse_0
Cosmopolitan,Cosmopolitan anxieties : Turkish challenges to citizenship and belonging in Germany,2008-01-01T00:00:00Z,cosmopolitananxi0000mand,https://archive.org/details/cosmopolitananxi0000mand
Cosmopolitan,Cosmopolitan culture and consumerism in chick lit,2008-01-01T00:00:00Z,cosmopolitancult0000smit,https://archive.org/details/cosmopolitancult0000smit
Cosmopolitan,The global commonwealth of citizens : toward cosmopolitan democracy,2008-01-01T00:00:00Z,globalcommonweal0000arch,https://archive.org/details/globalcommonweal0000arch
Cosmopolitan,ERIC EJ793460: Epistemic Virtues and Cosmopolitan Learning,2008-04-01T00:00:00Z,ERIC_EJ793460,https://archive.org/details/ERIC_EJ793460
Cosmopolitan,Aging and the Indian Diaspora: Cosmopolitan Families in India and Abroad,2009-01-01T00:00:00Z,isbn_9780840073136_k4l7,https://archive.org/details/isbn_9780840073136_k4l7
Cosmopolitan,Cosmopolitan communications : cultural diversity in a globalized world,2009-01-01T00:00:00Z,cosmopolitancomm0000norr,https://archive.org/details/cosmopolitancomm0000norr
Cosmopolitan,ERIC EJ879771: Smashing Cosmopolitanism: The Neo-Liberal Destruction of Cosmopolitan Education in East-Central Europe,2009-01-01T00:00:00Z,ERIC_EJ879771,https://archive.org/details/ERIC_EJ879771
Cosmopolitan,Global California : rising to the cosmopolitan challenge,2009-01-01T00:00:00Z,globalcalifornia00abra,https://archive.org/details/globalcalifornia00abra
Cosmopolitan,Kant's Idea for a universal history with a cosmopolitan aim : a critical guide,2009-01-01T00:00:00Z,kantsideaforuniv0000unse,https://archive.org/details/kantsideaforuniv0000unse
Cosmopolitan,The ethics of war and peace : cosmopolitan and other perspectives,2009-01-01T00:00:00Z,ethicsofwarpeace0000dowe,https://archive.org/details/ethicsofwarpeace0000dowe
Cosmopolitan,Cosmopolitan Archeologies,2009-03-02T00:00:00Z,oapen-20.500.12657-31791,https://archive.org/details/oapen-20.500.12657-31791
Cosmopolitan,Cosmopolitan patriots : Americans in Paris in the age of revolution,2010-01-01T00:00:00Z,cosmopolitanpatr0000zies,https://archive.org/details/cosmopolitanpatr0000zies
Cosmopolitan,"Cosmopolitan power in international relations : a synthesis of realism, neoliberalism, and constructivism",2010-01-01T00:00:00Z,cosmopolitanpowe0000gall,https://archive.org/details/cosmopolitanpowe0000gall
Cosmopolitan,The improbable first century of Cosmopolitan magazine,2010-01-01T00:00:00Z,improbablefirstc0000land,https://archive.org/details/improbablefirstc0000land
Cosmopolitan,"Cosmopolitan spaces : Europe, globalization, theory",2011-01-01T00:00:00Z,cosmopolitanspac0000rumf,https://archive.org/details/cosmopolitanspac0000rumf
Cosmopolitan,The cosmopolitan canopy : race and civility in everyday life,2011-01-01T00:00:00Z,isbn_9780393071634,https://archive.org/details/isbn_9780393071634
Cosmopolitan,The Other Half: ' Wickedly funny ' Cosmopolitan,2012-01-01T00:00:00Z,isbn_9781447240525,https://archive.org/details/isbn_9781447240525
Cosmopolitan,"Generic phylogeny, historical biogeography and character evolution of the cosmopolitan aquatic plant family Hydrocharitaceae.",2012-03-10T00:00:00Z,pubmed-PMC3317846,https://archive.org/details/pubmed-PMC3317846
Cosmopolitan,"African world histories : cosmopolitan Africa, c.1700-1875",2013-01-01T00:00:00Z,africanworldhist0000getz,https://archive.org/details/africanworldhist0000getz
Cosmopolitan,ERIC EJ1149854: How SoTL-Active Faculty Members Can Be Cosmopolitan Assets to an Institution,2013-01-01T00:00:00Z,ERIC_EJ1149854,https://archive.org/details/ERIC_EJ1149854
Cosmopolitan,Imagining the cosmopolitan in public and professional writing,2013-01-01T00:00:00Z,imaginingcosmopo0000surm,https://archive.org/details/imaginingcosmopo0000surm
Cosmopolitan,The longings and limits of global citizenship education : the moral pedagogy of schooling in a cosmopolitan age,2013-01-01T00:00:00Z,longingslimitsof0000dill,https://archive.org/details/longingslimitsof0000dill
Cosmopolitan,The Ethics of Armed Conflict : A Cosmopolitan Just War Theory,2014-01-01T00:00:00Z,TheEthicsofArmedConflict,https://archive.org/details/TheEthicsofArmedConflict
Cosmopolitan,A principled and cosmopolitan neuroethics: considerations for international relevance.,2014-01-03T00:00:00Z,pubmed-PMC3892081,https://archive.org/details/pubmed-PMC3892081
Cosmopolitan,16S rDNA-based analysis reveals cosmopolitan occurrence but limited diversity of two cyanobacterial lineages with contrasted patterns of intracellular carbonate mineralization.,2014-07-08T00:00:00Z,pubmed-PMC4085569,https://archive.org/details/pubmed-PMC4085569
Cosmopolitan,"A Cosmopolitan City : Muslims, Christians, and Jews in Old Cairo",2015-01-01T00:00:00Z,cosmopolitancity0000univ,https://archive.org/details/cosmopolitancity0000univ
Cosmopolitan,Cosmopolitan canvases : the globalisation of markets for contemporary art,2015-01-01T00:00:00Z,cosmopolitancanv0000unse,https://archive.org/details/cosmopolitancanv0000unse
Cosmopolitan,Cosmopolitan conceptions : IVF sojourns in global Dubai,2015-01-01T00:00:00Z,cosmopolitanconc0000inho,https://archive.org/details/cosmopolitanconc0000inho
Cosmopolitan,"Darwin’s earthworms (Annelida, Oligochaeta, Megadrilacea) with review of cosmopolitan Metaphire peguana–species group from Philippines",2016-01-01T00:00:00Z,opuscula-zoologica-47-1-009-030,https://archive.org/details/opuscula-zoologica-47-1-009-030
Cosmopolitan,"Learning identities, education and community : young lives in the cosmopolitan city",2016-01-01T00:00:00Z,learningidentiti0000erst,https://archive.org/details/learningidentiti0000erst
Cosmopolitan,"Liocarcinus corrugatus (Pennant, 1777) (Crustacea: Brachyura: Portunidae): a cosmopolitan brachyuran species",2016-01-01T00:00:00Z,raffles-bulletin-zoology-64-374-388,https://archive.org/details/raffles-bulletin-zoology-64-374-388
Cosmopolitan,"The Life of August Wilhelm Schlegel, Cosmopolitan of Art and Poetry",2016-01-01T00:00:00Z,oapen-20.500.12657-31234,https://archive.org/details/oapen-20.500.12657-31234
Cosmopolitan,"The Life of August Wilhelm Schlegel, Cosmopolitan of Art and Poetry",2016-02-01T00:00:00Z,a93b05df-4265-4be8-9101-2bcebac859eb,https://archive.org/details/a93b05df-4265-4be8-9101-2bcebac859eb
Cosmopolitan,"Cosmopolitan landhopper Talitroides topitotum (Crustacea, Amphipoda, Talitridae) in Java, Indonesia",2016-07-23T00:00:00Z,cosmopolitanlan12dane,https://archive.org/details/cosmopolitanlan12dane
Cosmopolitan,Post-multicultural writers as neo-cosmopolitan mediators,2017-01-01T00:00:00Z,postmulticultura0000gune,https://archive.org/details/postmulticultura0000gune
Cosmopolitan,"Chapter 9 Afghanistan’s Cosmopolitan Trading Networks - A View from Yiwu, China",2018-01-01T00:00:00Z,oapen-20.500.12657-25041,https://archive.org/details/oapen-20.500.12657-25041
Cosmopolitan,Belonging Beyond Borders - Cosmopolitan Affiliations in Contemporary Spanish American Literature,2021-01-01T00:00:00Z,oapen-20.500.12657-57682,https://archive.org/details/oapen-20.500.12657-57682
Cosmopolitan,Cosmopolitan Love - Utopian Vision in D. H. Lawrence and Eileen Chang,2023-01-01T00:00:00Z,oapen-20.500.12657-76174,https://archive.org/details/oapen-20.500.12657-76174
Cosmopolitan,Cosmopolitan Norms and European Values - Ethical Perspectives on Europe's Refugee Policy,2024-01-01T00:00:00Z,oapen-20.500.12657-64104,https://archive.org/details/oapen-20.500.12657-64104
Cosmopolitan,"Distribution and systematics of the cosmopolitan Amynthas carnosus complex (Crassiclitellata, Megascolecidae) from eastern Asia",2024-08-01T00:00:00Z,distributionsys100hana,https://archive.org/details/distributionsys100hana
Cosmopolitan,"Globalizing Society and the Cosmopolitan Personality (71-78) - Tatyana Petkova, Daniel Galily & Michael Pilyavsky",2024-08-23T00:00:00Z,coas.ojsp.0801.06071p,https://archive.org/details/coas.ojsp.0801.06071p
Cosmopolitan,"Globalizing Society and the Cosmopolitan Personality (71-78) - Tatyana Petkova, Daniel Galily & Michael Pilyavsky",2024-08-23T00:00:00Z,coas.ojsp.0801.06071p_202501,https://archive.org/details/coas.ojsp.0801.06071p_202501
Cosmopolitan,Revisiting Tolerance. Lessons Drawn From Egypt's Cosmopolitan Heritage. By Victor Teboul,2025-08-16T00:00:00Z,revisiting-tolerance.-lessons-drawn-from-egypts-cosmopolitan-heritage.-by-victor-teboul,https://archive.org/details/revisiting-tolerance.-lessons-drawn-from-egypts-cosmopolitan-heritage.-by-victor-teboul
Entertainment Weekly,,1990-03-09,entertainment-weekly-04-1990-03-09-cbs-c,https://archive.org/details/entertainment-weekly-04-1990-03-09-cbs-c
Entertainment Weekly,,1990-03-16,entertainment-weekly-05-1990-03-16-jamie-lee-curtis-c,https://archive.org/details/entertainment-weekly-05-1990-03-16-jamie-lee-curtis-c
Entertainment Weekly,,1990-04-06,entertainment-weekly-08-1990-04-06-twin-peaks-c,https://archive.org/details/entertainment-weekly-08-1990-04-06-twin-peaks-c
Entertainment Weekly,,1990-04-13,entertainment-weekly-009-1990-04-13-jay-leno-c,https://archive.org/details/entertainment-weekly-009-1990-04-13-jay-leno-c
Entertainment Weekly,,1990-04-20,entertainment-weekly-10-1990-04-20-c,https://archive.org/details/entertainment-weekly-10-1990-04-20-c
Entertainment Weekly,,1990-12-14,entertainment-weekly-044-1990-12-14-madonna-c,https://archive.org/details/entertainment-weekly-044-1990-12-14-madonna-c
Entertainment Weekly,,1991-06-14,entertainment-weekly-70-1991-06-14-fire-man,https://archive.org/details/entertainment-weekly-70-1991-06-14-fire-man
Entertainment Weekly,,1992-03-06,entertainment-weekly-inside-trek-issue-no-108-march-6-1992,https://archive.org/details/entertainment-weekly-inside-trek-issue-no-108-march-6-1992
Entertainment Weekly,,1992-05-08,entertainment-weekly-1992-05-08-farewell-to-johnny-red,https://archive.org/details/entertainment-weekly-1992-05-08-farewell-to-johnny-red
Entertainment Weekly,,1993-05-21,entertainment-weekly-171-1993-05-21-sliver,https://archive.org/details/entertainment-weekly-171-1993-05-21-sliver
Entertainment Weekly,,1994-06-24,entertainment-weekly-1994-06-24-summer-cool-red,https://archive.org/details/entertainment-weekly-1994-06-24-summer-cool-red
Entertainment Weekly,,1994-07-22,ew-7-22-94,https://archive.org/details/ew-7-22-94
Entertainment Weekly,,1995-05-05,entertainment-weekly-1995-05-05-sleeping-beauty-sandra-bullock-red,https://archive.org/details/entertainment-weekly-1995-05-05-sleeping-beauty-sandra-bullock-red
Entertainment Weekly,,1997-01-31,1997-01-31-entertainment-weekly-larry-flynt-red,https://archive.org/details/1997-01-31-entertainment-weekly-larry-flynt-red
Entertainment Weekly,,1997-06-13,enterainment-weekly-383-1997-06-13-star-wars-c,https://archive.org/details/enterainment-weekly-383-1997-06-13-star-wars-c
Entertainment Weekly,,1997-08-08,1997-08-08-entertainment-weekly-sean-penn-and-robin-wright-red,https://archive.org/details/1997-08-08-entertainment-weekly-sean-penn-and-robin-wright-red
Entertainment Weekly,,1997-11-14,entertainment-weekly-405-1997-11-14-jennifer-love-hewitt-c,https://archive.org/details/entertainment-weekly-405-1997-11-14-jennifer-love-hewitt-c
Entertainment Weekly,,1997-12-26,1997-12-26-entertainment-weekly-the-best-of-1997-red,https://archive.org/details/1997-12-26-entertainment-weekly-the-best-of-1997-red
Entertainment Weekly,,1998-07-31,1998-07-31-entertainment-weekly-theres-something-about-mary-red,https://archive.org/details/1998-07-31-entertainment-weekly-theres-something-about-mary-red
Entertainment Weekly,,1998-08-07,entertainment-weekly-444-1998-08-07-c,https://archive.org/details/entertainment-weekly-444-1998-08-07-c
Entertainment Weekly,,1999-01-08,entertainment-weekly-466-1999-01-08-gwyneth-paltrow-c,https://archive.org/details/entertainment-weekly-466-1999-01-08-gwyneth-paltrow-c
Entertainment Weekly,,1999-01-15,entertainment-weekly-0467-1999-01-15-jewel-c,https://archive.org/details/entertainment-weekly-0467-1999-01-15-jewel-c
Entertainment Weekly,,1999-04-16,entertainment-weekly-0481-1999-04-16-wrestling-c,https://archive.org/details/entertainment-weekly-0481-1999-04-16-wrestling-c
Entertainment Weekly,,1999-05-21,entertainment-weekly-486-1999-05-21-star-wars-c,https://archive.org/details/entertainment-weekly-486-1999-05-21-star-wars-c
Entertainment Weekly,,1999-10-01,entertainment-weekly-505-1999-10-01-sarah-michelle-gellar-c,https://archive.org/details/entertainment-weekly-505-1999-10-01-sarah-michelle-gellar-c
Entertainment Weekly,,1999-11-05,entertainment-weekly-0511-1999-11-05-regis-philbin-c,https://archive.org/details/entertainment-weekly-0511-1999-11-05-regis-philbin-c
Entertainment Weekly,,2000-07-28,entertainment-weekly-551-552-2000-07-28-c,https://archive.org/details/entertainment-weekly-551-552-2000-07-28-c
Entertainment Weekly,,2001-02-09,entertainment-weekly-581-2001-02-09-hannibal-c,https://archive.org/details/entertainment-weekly-581-2001-02-09-hannibal-c
Entertainment Weekly,,2001-10-26,entertainment-weekly-622-2001-10-26-the-power-issue-c,https://archive.org/details/entertainment-weekly-622-2001-10-26-the-power-issue-c
Entertainment Weekly,,2002-02-15,2002-02-15-entertainment-weekly-spring-movie-preview-red,https://archive.org/details/2002-02-15-entertainment-weekly-spring-movie-preview-red
Entertainment Weekly,,2002-03-29,entertainment-weekly-2002-03-29-et-returns-red,https://archive.org/details/entertainment-weekly-2002-03-29-et-returns-red
Entertainment Weekly,,2003-05-02,entertainment-weekly-708-2003-05-02-dixie-chicks-c,https://archive.org/details/entertainment-weekly-708-2003-05-02-dixie-chicks-c
Entertainment Weekly,,2004-07-23,2004-07-23-entertainment-weekly-matt-damon-red,https://archive.org/details/2004-07-23-entertainment-weekly-matt-damon-red
Entertainment Weekly,,2004-07-30,2004-07-30-entertainment-weekly-the-village-red,https://archive.org/details/2004-07-30-entertainment-weekly-the-village-red
Entertainment Weekly,,2004-09-24,entertainment-weekly-785-2004-09-24-star-wars-c,https://archive.org/details/entertainment-weekly-785-2004-09-24-star-wars-c
Entertainment Weekly,,2004-11-05,donnas-ew-2004,https://archive.org/details/donnas-ew-2004
Entertainment Weekly,,2005-04-01,entertainment-weekly-813-2005-04-01-4-of-6-han-solo-c,https://archive.org/details/entertainment-weekly-813-2005-04-01-4-of-6-han-solo-c
Entertainment Weekly,,2005-04-01,entertainment-weekly-813-2005-04-01-5-of-6-darth-vader,https://archive.org/details/entertainment-weekly-813-2005-04-01-5-of-6-darth-vader
Entertainment Weekly,,2005-05-20,entertainment-weekly-820-2005-05-20-star-wars-c,https://archive.org/details/entertainment-weekly-820-2005-05-20-star-wars-c
Entertainment Weekly,,2005-07-08,20050708-entertainment-weekly,https://archive.org/details/20050708-entertainment-weekly
Entertainment Weekly,,2007-03-02,entertainment-weekly-923-2007-03-02-24-c,https://archive.org/details/entertainment-weekly-923-2007-03-02-24-c
Entertainment Weekly,,2007-03-09,entertainment-weekly-0924-2007-03-09-jennifer-hudson-cv-2,https://archive.org/details/entertainment-weekly-0924-2007-03-09-jennifer-hudson-cv-2
Entertainment Weekly,,2007-03-30,entertainment-weekly-927-2007-03-30-grindhouse-c,https://archive.org/details/entertainment-weekly-927-2007-03-30-grindhouse-c
Entertainment Weekly,,2007-04-13,entertainment-weekly-929-2007-04-13-the-sopranos-c-1,https://archive.org/details/entertainment-weekly-929-2007-04-13-the-sopranos-c-1
Entertainment Weekly,,2007-04-20,entertainment-weekly-930-2007-04-20-american-idol-c,https://archive.org/details/entertainment-weekly-930-2007-04-20-american-idol-c
Entertainment Weekly,,2007-05-11,entertainment-weekly-933-2007-05-11-heroes-5-c,https://archive.org/details/entertainment-weekly-933-2007-05-11-heroes-5-c
Entertainment Weekly,,2007-05-18,entertainment-weekly-934-2007-05-18-johnny-depp-c,https://archive.org/details/entertainment-weekly-934-2007-05-18-johnny-depp-c
Entertainment Weekly,,2007-06-01,entertainment-weekly-936-2007-06-01-c,https://archive.org/details/entertainment-weekly-936-2007-06-01-c
Entertainment Weekly,,2007-06-08,entertainment-weekly-938-2007-06-08-katherine-heigl-c,https://archive.org/details/entertainment-weekly-938-2007-06-08-katherine-heigl-c
Entertainment Weekly,,2007-07-27,ew-0945-2007-07-27-simpsons-2-bart,https://archive.org/details/ew-0945-2007-07-27-simpsons-2-bart
Entertainment Weekly,,2007-08-31,entertainment-weekly-0951-2007-08-31-summer-of-scandal-c,https://archive.org/details/entertainment-weekly-0951-2007-08-31-summer-of-scandal-c
Entertainment Weekly,,2007-10-05,entertainment-weekly-0957-2007-10-05-the-office-2-c,https://archive.org/details/entertainment-weekly-0957-2007-10-05-the-office-2-c
Entertainment Weekly,,2007-10-05,entertainment-weekly-0957-2007-10-05-the-office-4-c,https://archive.org/details/entertainment-weekly-0957-2007-10-05-the-office-4-c
Entertainment Weekly,,2007-10-05,entertainment-weekly-0957-2007-10-05-the-office-c,https://archive.org/details/entertainment-weekly-0957-2007-10-05-the-office-c
Entertainment Weekly,,2007-10-19,entertainment-weekly-959-960-2007-10-19-c,https://archive.org/details/entertainment-weekly-959-960-2007-10-19-c
Entertainment Weekly,,2007-12-21,entertainment-weekly-970-2007-12-21-c,https://archive.org/details/entertainment-weekly-970-2007-12-21-c
Entertainment Weekly,,2008-07-11,entertainment-weekly-1001-2008-07-11-batman-c,https://archive.org/details/entertainment-weekly-1001-2008-07-11-batman-c
Entertainment Weekly,,2008-12-12,entertainment-weekly-1025-2008-12-12-jennifer-aniston-james-bond-b,https://archive.org/details/entertainment-weekly-1025-2008-12-12-jennifer-aniston-james-bond-b
Entertainment Weekly,,2009-01-23,entertainment-weekly-1031-2009-01-23-heath-ledger-c,https://archive.org/details/entertainment-weekly-1031-2009-01-23-heath-ledger-c
Entertainment Weekly,,2010-10-01,entertainment-weekly-1122-2010-10-01-2-c,https://archive.org/details/entertainment-weekly-1122-2010-10-01-2-c
Entertainment Weekly,,2010-10-01,entertainment-weekly-1122-2010-10-01-c,https://archive.org/details/entertainment-weekly-1122-2010-10-01-c
Entertainment Weekly,,2010-10-22,entertainment-weekly-1125-1126-2010-10-22-c,https://archive.org/details/entertainment-weekly-1125-1126-2010-10-22-c
Entertainment Weekly,,2010-12-03,entertainment-weekly-1131-2010-12-03-the-walking-dead-c,https://archive.org/details/entertainment-weekly-1131-2010-12-03-the-walking-dead-c
Entertainment Weekly,,2011-01-21,entertainment-weekly-1138-2011-01-21-johnny-depp-c,https://archive.org/details/entertainment-weekly-1138-2011-01-21-johnny-depp-c
Entertainment Weekly,,2011-03-11,entertainment-weekly-1145-2011-03-11-charlie-sheen-c,https://archive.org/details/entertainment-weekly-1145-2011-03-11-charlie-sheen-c
Entertainment Weekly,,2011-03-18,entertainment-weekly-1146-2011-03-18-lost-c,https://archive.org/details/entertainment-weekly-1146-2011-03-18-lost-c
Entertainment Weekly,,2011-04-08,entertainment-weekly-1149-2011-04-08-c,https://archive.org/details/entertainment-weekly-1149-2011-04-08-c
Entertainment Weekly,,2011-04-15,entertainment-weekly-1150-2011-04-15-c,https://archive.org/details/entertainment-weekly-1150-2011-04-15-c
Entertainment Weekly,,2011-06-17,entertainment-weekly-1159-2011-06-17-super-8-c,https://archive.org/details/entertainment-weekly-1159-2011-06-17-super-8-c
Entertainment Weekly,,2011-07-29,entertainment-weekly-1165-2011-07-29-c,https://archive.org/details/entertainment-weekly-1165-2011-07-29-c
Entertainment Weekly,,2011-09-02,entertainment-weekly-1170-2011-09-02-sarah-michelle-gellar-c,https://archive.org/details/entertainment-weekly-1170-2011-09-02-sarah-michelle-gellar-c
Entertainment Weekly,,2011-09-09,entertainment-weekly-1171-1172-2011-09-09-fall-tv-preview-c,https://archive.org/details/entertainment-weekly-1171-1172-2011-09-09-fall-tv-preview-c
Entertainment Weekly,,2011-12-16,entertainment-weekly-1185-2011-12-16-eoty-c,https://archive.org/details/entertainment-weekly-1185-2011-12-16-eoty-c
Entertainment Weekly,,2011-12-23,entertainment-weekly-1186-1187-2011-12-23-c,https://archive.org/details/entertainment-weekly-1186-1187-2011-12-23-c
Entertainment Weekly,,2012-02-17,entertainment-weekly-1194-2012-02-17-vampire-diaries-c-1,https://archive.org/details/entertainment-weekly-1194-2012-02-17-vampire-diaries-c-1
Entertainment Weekly,,2012-02-17,entertainment-weekly-1194-2012-02-17-vampire-diaries-c-2,https://archive.org/details/entertainment-weekly-1194-2012-02-17-vampire-diaries-c-2
Entertainment Weekly,,2012-03-16,entertainment-weekly-1198-2012-03-16-cv-2,https://archive.org/details/entertainment-weekly-1198-2012-03-16-cv-2
Entertainment Weekly,,2012-03-23,entertainment-weekly-1199-2012-03-23-game-of-thrones-1-of-4,https://archive.org/details/entertainment-weekly-1199-2012-03-23-game-of-thrones-1-of-4
Entertainment Weekly,,2012-03-23,entertainment-weekly-1199-2012-03-23-game-of-thrones-2-of-4,https://archive.org/details/entertainment-weekly-1199-2012-03-23-game-of-thrones-2-of-4
Entertainment Weekly,,2012-03-23,entertainment-weekly-1199-2012-03-23-game-of-thrones-3-of-4,https://archive.org/details/entertainment-weekly-1199-2012-03-23-game-of-thrones-3-of-4
Entertainment Weekly,,2012-03-23,entertainment-weekly-1199-2012-03-23-game-of-thrones-4-of-4,https://archive.org/details/entertainment-weekly-1199-2012-03-23-game-of-thrones-4-of-4
Entertainment Weekly,,2013-12-13,entertainment-weekly-1289-2013-12-13,https://archive.org/details/entertainment-weekly-1289-2013-12-13
Entertainment Weekly,,2013-12-27,entertainment-weekly-1291-1292-2013-12-27,https://archive.org/details/entertainment-weekly-1291-1292-2013-12-27
Entertainment Weekly,,2014-01-17,entertainment-weekly-1294-2014-01-17-gone-girl-c,https://archive.org/details/entertainment-weekly-1294-2014-01-17-gone-girl-c
Entertainment Weekly,,2014-01-24,entertainment-weekly-1295-2014-01-24-benedict-cumberbatch-c,https://archive.org/details/entertainment-weekly-1295-2014-01-24-benedict-cumberbatch-c
Entertainment Weekly,,2014-01-31,entertainment-weekly-1296-1297-2014-01-31-oscars-c,https://archive.org/details/entertainment-weekly-1296-1297-2014-01-31-oscars-c
Entertainment Weekly,,2014-03-14,entertainment-weekly-1302-2014-03-14-angelina-jolie-c,https://archive.org/details/entertainment-weekly-1302-2014-03-14-angelina-jolie-c
Entertainment Weekly,,2014-05-02,entertainment-weekly-1309-2014-05-02-orange-is-the-new-black-c,https://archive.org/details/entertainment-weekly-1309-2014-05-02-orange-is-the-new-black-c
Entertainment Weekly,,2014-05-09,entertainment-weekly-1310-2014-05-09-fault-in-our-stars-c,https://archive.org/details/entertainment-weekly-1310-2014-05-09-fault-in-our-stars-c
Entertainment Weekly,,2014-05-16,entertainment-weekly-1311-2014-05-16-love-death-c,https://archive.org/details/entertainment-weekly-1311-2014-05-16-love-death-c
Entertainment Weekly,,2014-05-23,entertainment-weekly-1312-2014-05-23,https://archive.org/details/entertainment-weekly-1312-2014-05-23
Entertainment Weekly,,2014-05-30,entertainment-weekly-1313-1314-2014-05-30-jessica-alba-c,https://archive.org/details/entertainment-weekly-1313-1314-2014-05-30-jessica-alba-c
Entertainment Weekly,,2014-06-20,entertainment-weekly-1316-2014-06-20-channing-tatum-jonah-hill-c,https://archive.org/details/entertainment-weekly-1316-2014-06-20-channing-tatum-jonah-hill-c
Entertainment Weekly,,2014-07-18,entertainment-weekly-1320-2014-07-18-chris-pratt-c,https://archive.org/details/entertainment-weekly-1320-2014-07-18-chris-pratt-c
Entertainment Weekly,,2014-08-08,entertainment-weekly-1323-2014-08-08-dr-who,https://archive.org/details/entertainment-weekly-1323-2014-08-08-dr-who
Entertainment Weekly,,2014-08-22,entertainment-weekly-1325-2014-08-22-fall-movie-preview-c,https://archive.org/details/entertainment-weekly-1325-2014-08-22-fall-movie-preview-c
Entertainment Weekly,,2014-08-22,entertainment-weekly-1329-1330-2014-09-19-robin-williams-c,https://archive.org/details/entertainment-weekly-1329-1330-2014-09-19-robin-williams-c
Entertainment Weekly,,2014-09-05,entertainment-weekly-1327-2014-09-05-the-walking-dead-2-c,https://archive.org/details/entertainment-weekly-1327-2014-09-05-the-walking-dead-2-c
Entertainment Weekly,,2014-09-05,entertainment-weekly-1327-2014-09-05-the-walking-dead-4-c,https://archive.org/details/entertainment-weekly-1327-2014-09-05-the-walking-dead-4-c
Entertainment Weekly,,2014-09-05,entertainment-weekly-1327-2014-09-05-the-walking-dead-c,https://archive.org/details/entertainment-weekly-1327-2014-09-05-the-walking-dead-c
Entertainment Weekly,,2014-09-12,entertainment-weekly-1328-2014-09-12-simpsons-family-guy-c-1,https://archive.org/details/entertainment-weekly-1328-2014-09-12-simpsons-family-guy-c-1
Entertainment Weekly,,2014-09-19,entertainment-weekly-1329-1330-2014-09-19-fall-tv-preview-c,https://archive.org/details/entertainment-weekly-1329-1330-2014-09-19-fall-tv-preview-c
Entertainment Weekly,,2014-10-03,entertainment-weekly-1331-2014-10-03-key-peele-c,https://archive.org/details/entertainment-weekly-1331-2014-10-03-key-peele-c
Entertainment Weekly,,2014-10-17,entertainment-weekly-1333-2014-10-17-michael-keaton-c,https://archive.org/details/entertainment-weekly-1333-2014-10-17-michael-keaton-c
Entertainment Weekly,,2014-10-24,entertainment-weekly-1334-2014-10-24-interstellar,https://archive.org/details/entertainment-weekly-1334-2014-10-24-interstellar
Entertainment Weekly,,2014-10-31,entertainment-weekly-1335-2014-10-31-holiday-movie-preview-c,https://archive.org/details/entertainment-weekly-1335-2014-10-31-holiday-movie-preview-c
Entertainment Weekly,,2014-10-31,entertainment-weekly-1335-2014-10-31-into-the-woods-4-c,https://archive.org/details/entertainment-weekly-1335-2014-10-31-into-the-woods-4-c
Entertainment Weekly,,2014-11-07,entertainment-weekly-1336-2014-11-07-terminator-2-c,https://archive.org/details/entertainment-weekly-1336-2014-11-07-terminator-2-c
Entertainment Weekly,,2014-11-28,entertainment-weekly-1339-2014-11-28-pitch-perfect-2-c,https://archive.org/details/entertainment-weekly-1339-2014-11-28-pitch-perfect-2-c
Entertainment Weekly,,2014-12-05,entertainment-weekly-1340-2014-12-05-angelina-jolie-c,https://archive.org/details/entertainment-weekly-1340-2014-12-05-angelina-jolie-c
Entertainment Weekly,,2014-12-12,entertainment-weekly-1341-2014-12-12-best-worst-c,https://archive.org/details/entertainment-weekly-1341-2014-12-12-best-worst-c
Entertainment Weekly,,2014-12-19,entertainment-weekly-1342-2014-12-19-stephen-colbert-2-c,https://archive.org/details/entertainment-weekly-1342-2014-12-19-stephen-colbert-2-c
Entertainment Weekly,,2015-02-13,entertainment-weekly-1350-2015-02-13,https://archive.org/details/entertainment-weekly-1350-2015-02-13
Entertainment Weekly,,2015-02-20,entertainment-weekly-1351-2015-02-20-c,https://archive.org/details/entertainment-weekly-1351-2015-02-20-c
Entertainment Weekly,,2015-03-13,entertainment-weekly-1354-2015-03-13-c,https://archive.org/details/entertainment-weekly-1354-2015-03-13-c
Entertainment Weekly,,2015-03-20,entertainment-weekly-1355-1356-2015-03-20-4-c,https://archive.org/details/entertainment-weekly-1355-1356-2015-03-20-4-c
Entertainment Weekly,,2015-03-20,entertainment-weekly-1355-1356-2015-03-20-c,https://archive.org/details/entertainment-weekly-1355-1356-2015-03-20-c
Entertainment Weekly,,2015-04-03,entertainment-weekly-1357-2015-04-03-c,https://archive.org/details/entertainment-weekly-1357-2015-04-03-c
Entertainment Weekly,,2015-04-10,entertainment-weekly-1358-2015-04-10-c,https://archive.org/details/entertainment-weekly-1358-2015-04-10-c
Entertainment Weekly,,2015-04-17,entertainment-weekly-1459-1460-2015-04-17-2-c,https://archive.org/details/entertainment-weekly-1459-1460-2015-04-17-2-c
Entertainment Weekly,,2015-05-01,entertainment-weekly-1361-2015-05-01,https://archive.org/details/entertainment-weekly-1361-2015-05-01
Entertainment Weekly,,2015-05-22,entertainment-weekly-1364-2015-05-22,https://archive.org/details/entertainment-weekly-1364-2015-05-22
Entertainment Weekly,,2015-05-29,entertainment-weekly-1365-1366-2015-05-29-c,https://archive.org/details/entertainment-weekly-1365-1366-2015-05-29-c
Entertainment Weekly,,2015-07-03,entertainment-weekly-1370-2015-07-03-c,https://archive.org/details/entertainment-weekly-1370-2015-07-03-c
Entertainment Weekly,,2015-07-10,entertainment-weekly-1371-1372-2015-07-10,https://archive.org/details/entertainment-weekly-1371-1372-2015-07-10
Entertainment Weekly,,2015-09-11,ew-1380-2015-09-11-4-of-4-how-to-get-away-with-murder,https://archive.org/details/ew-1380-2015-09-11-4-of-4-how-to-get-away-with-murder
Entertainment Weekly,,2015-11-06,entertainment-weekly-1388-2015-11-06,https://archive.org/details/entertainment-weekly-1388-2015-11-06
Entertainment Weekly,,2015-11-13,entertainment-weekly-1389-2015-11-13-c,https://archive.org/details/entertainment-weekly-1389-2015-11-13-c
Entertainment Weekly,,2015-11-20,entertainment-weekly-1390-1391-2015-11-20-2-c,https://archive.org/details/entertainment-weekly-1390-1391-2015-11-20-2-c
Entertainment Weekly,,2015-11-20,entertainment-weekly-1390-1391-2015-11-20-4-c,https://archive.org/details/entertainment-weekly-1390-1391-2015-11-20-4-c
Entertainment Weekly,,2015-12-04,entertainment-weekly-1392-2015-12-04,https://archive.org/details/entertainment-weekly-1392-2015-12-04
Entertainment Weekly,,2015-12-11,entertainment-weekly-1393-2015-12-11,https://archive.org/details/entertainment-weekly-1393-2015-12-11
Entertainment Weekly,,2015-12-18,entertainment-weekly-1394-1395-2015-12-18-c,https://archive.org/details/entertainment-weekly-1394-1395-2015-12-18-c
Entertainment Weekly,,2015-12-31,Entertainment_Weekly_December_18_2015,https://archive.org/details/Entertainment_Weekly_December_18_2015
Entertainment Weekly,,2015-12-31,Entertainment_Weekly_November_13_2015,https://archive.org/details/Entertainment_Weekly_November_13_2015
Entertainment Weekly,,2015-12-31,Entertainment_Weekly_November_20_2015,https://archive.org/details/Entertainment_Weekly_November_20_2015
Entertainment Weekly,,2015-12-31,entertainment-weekly-1396-2015-12-31,https://archive.org/details/entertainment-weekly-1396-2015-12-31
Entertainment Weekly,,2016-01-01,Entertainment_Weekly_31_December_2015,https://archive.org/details/Entertainment_Weekly_31_December_2015
Entertainment Weekly,,2016-01-08,entertainment-weekly-1397-1398-2016-01-08-dr.-strange,https://archive.org/details/entertainment-weekly-1397-1398-2016-01-08-dr.-strange
Entertainment Weekly,,2016-01-22,entertainment-weekly-1399-2016-01-22,https://archive.org/details/entertainment-weekly-1399-2016-01-22
Entertainment Weekly,,2016-02-19,entertainment-weekly-1403-1404-2016-02-19,https://archive.org/details/entertainment-weekly-1403-1404-2016-02-19
Entertainment Weekly,,2016-02-19,entertainment-weekly-1403-1404-2016-02-19-2,https://archive.org/details/entertainment-weekly-1403-1404-2016-02-19-2
Entertainment Weekly,,2016-02-19,entertainment-weekly-1403-1404-2016-02-19-4,https://archive.org/details/entertainment-weekly-1403-1404-2016-02-19-4
Entertainment Weekly,,2016-02-19,entertainment-weekly-1403-1404-2016-02-19-5,https://archive.org/details/entertainment-weekly-1403-1404-2016-02-19-5
Entertainment Weekly,,2016-03-06,Entertainment_Weekly_March_4_2016,https://archive.org/details/Entertainment_Weekly_March_4_2016
Entertainment Weekly,,2016-03-11,entertainment-weekly-1406-2016-03-11,https://archive.org/details/entertainment-weekly-1406-2016-03-11
Entertainment Weekly,,2016-03-11,entertainment-weekly-1406-2016-03-11-cover-2,https://archive.org/details/entertainment-weekly-1406-2016-03-11-cover-2
Entertainment Weekly,,2016-04-01,entertainment-weekly-1408-1409-2016-04-01-5,https://archive.org/details/entertainment-weekly-1408-1409-2016-04-01-5
Entertainment Weekly,,2016-04-22,entertainment-weekly-1411-1412-2016-04-22,https://archive.org/details/entertainment-weekly-1411-1412-2016-04-22
Entertainment Weekly,,2016-04-22,entertainment-weekly-1411-1412-2016-04-22-1,https://archive.org/details/entertainment-weekly-1411-1412-2016-04-22-1
Entertainment Weekly,,2016-04-22,entertainment-weekly-1411-1412-2016-04-22-3,https://archive.org/details/entertainment-weekly-1411-1412-2016-04-22-3
Entertainment Weekly,,2016-05-06,entertainment-weekly-1413-2016-05-06,https://archive.org/details/entertainment-weekly-1413-2016-05-06
Entertainment Weekly,,2016-05-13,entertainment-weekly-1414-2016-05-13,https://archive.org/details/entertainment-weekly-1414-2016-05-13
Entertainment Weekly,,2016-05-27,entertainment-weekly-1416-2016-05-27-2,https://archive.org/details/entertainment-weekly-1416-2016-05-27-2
Entertainment Weekly,,2016-05-27,entertainment-weekly-1416-2016-05-27-3,https://archive.org/details/entertainment-weekly-1416-2016-05-27-3
Entertainment Weekly,,2016-06-03,entertainment-weekly-1417-1418-2016-06-03,https://archive.org/details/entertainment-weekly-1417-1418-2016-06-03
Entertainment Weekly,,2016-07-15,entertainment-weekly-1422-2016-07-15-cover-1,https://archive.org/details/entertainment-weekly-1422-2016-07-15-cover-1
Entertainment Weekly,,2016-07-15,entertainment-weekly-1422-2016-07-15-cover-3,https://archive.org/details/entertainment-weekly-1422-2016-07-15-cover-3
Entertainment Weekly,,2016-07-15,entertainment-weekly-1422-2016-07-15-cover-4,https://archive.org/details/entertainment-weekly-1422-2016-07-15-cover-4
Entertainment Weekly,,2016-08-05,entertainment-weekly-1425-2016-08-05,https://archive.org/details/entertainment-weekly-1425-2016-08-05
Entertainment Weekly,,2016-08-12,entertainment-weekly-1426-2016-08-12,https://archive.org/details/entertainment-weekly-1426-2016-08-12
Entertainment Weekly,,2016-08-19,entertainment-weekly-1427-1428-2016-08-19,https://archive.org/details/entertainment-weekly-1427-1428-2016-08-19
Entertainment Weekly,,2017-01-09,Entertainment_Weekly_April_10_2015_USA,https://archive.org/details/Entertainment_Weekly_April_10_2015_USA
Entertainment Weekly,,2017-01-09,Entertainment_Weekly_August_21_2015,https://archive.org/details/Entertainment_Weekly_August_21_2015
Entertainment Weekly,,2017-01-09,Entertainment_Weekly_August_4_2015_USA,https://archive.org/details/Entertainment_Weekly_August_4_2015_USA
Entertainment Weekly,,2017-01-09,Entertainment_Weekly_February_13_2015,https://archive.org/details/Entertainment_Weekly_February_13_2015
Entertainment Weekly,,2017-01-09,Entertainment_Weekly_July_31_2015,https://archive.org/details/Entertainment_Weekly_July_31_2015
Entertainment Weekly,,2017-01-09,Entertainment_Weekly_July_3_2015,https://archive.org/details/Entertainment_Weekly_July_3_2015
Entertainment Weekly,,2017-01-09,Entertainment_Weekly_June_19_2015,https://archive.org/details/Entertainment_Weekly_June_19_2015
Entertainment Weekly,,2017-01-09,Entertainment_Weekly_June_26_2015,https://archive.org/details/Entertainment_Weekly_June_26_2015
Entertainment Weekly,,2017-01-09,Entertainment_Weekly_October_2_2015,https://archive.org/details/Entertainment_Weekly_October_2_2015
Entertainment Weekly,,2017-01-09,Entertainment_Weekly_September_4_2015,https://archive.org/details/Entertainment_Weekly_September_4_2015
Entertainment Weekly,,2017-01-16,Entertainment_Weekly_September_18_2015,https://archive.org/details/Entertainment_Weekly_September_18_2015
Entertainment Weekly,,2017-04-07,entertainment-weekly-1460-1460-2017-04-07-1-a-b,https://archive.org/details/entertainment-weekly-1460-1460-2017-04-07-1-a-b
Entertainment Weekly,,2017-04-07,entertainment-weekly-1460-1460-2017-04-07-3-a-b,https://archive.org/details/entertainment-weekly-1460-1460-2017-04-07-3-a-b
Entertainment Weekly,,2017-04-07,entertainment-weekly-1460-1460-2017-04-07-4-a-b,https://archive.org/details/entertainment-weekly-1460-1460-2017-04-07-4-a-b
Entertainment Weekly,,2017-05-03,Chris_Carter_Reopens_The_X-Files_Entertainment_Weekly_19.26_February_2016,https://archive.org/details/Chris_Carter_Reopens_The_X-Files_Entertainment_Weekly_19.26_February_2016
Entertainment Weekly,,2017-05-03,Kindle_book_sharing_ad_Entertainment_Weekly_22.29_April_2016_Nos.1411-2,https://archive.org/details/Kindle_book_sharing_ad_Entertainment_Weekly_22.29_April_2016_Nos.1411-2
Entertainment Weekly,,2017-05-03,The_Odd_Couple_Joe_R_Lansdales_Hap_and_Leonard_Entertainment_Weekly_11_March_201,https://archive.org/details/The_Odd_Couple_Joe_R_Lansdales_Hap_and_Leonard_Entertainment_Weekly_11_March_201
Entertainment Weekly,,2017-05-03,The_X-Files_The_Truth_Is_Here_Entertainment_Weekly_4_March_2016_No._1405,https://archive.org/details/The_X-Files_The_Truth_Is_Here_Entertainment_Weekly_4_March_2016_No._1405
Entertainment Weekly,,2018-11-30,entertainment-weekly-stan-lee-a-life-of-marvel-2019-a-b,https://archive.org/details/entertainment-weekly-stan-lee-a-life-of-marvel-2019-a-b
Entertainment Weekly,,2019-02-12,Entertainment_Weekly_-_May_27_2016_vk_com_stopthepress,https://archive.org/details/Entertainment_Weekly_-_May_27_2016_vk_com_stopthepress
Entertainment Weekly,,2019-02-12,Entertainment_Weekly_Issue_14601461_April_714_2017,https://archive.org/details/Entertainment_Weekly_Issue_14601461_April_714_2017
Entertainment Weekly,,2019-03-15,ew-1553-1554-2019-03-15-02,https://archive.org/details/ew-1553-1554-2019-03-15-02
Entertainment Weekly,,2019-03-15,ew-1553-1554-2019-03-15-08,https://archive.org/details/ew-1553-1554-2019-03-15-08
Entertainment Weekly,,2019-03-15,ew-1553-1554-2019-03-15-11,https://archive.org/details/ew-1553-1554-2019-03-15-11
Entertainment Weekly,,2019-03-15,ew-1553-1554-2019-03-15-13,https://archive.org/details/ew-1553-1554-2019-03-15-13
Entertainment Weekly,,2019-03-15,ew-1553-1554-2019-03-15-15,https://archive.org/details/ew-1553-1554-2019-03-15-15
Entertainment Weekly,,2021-08-07,entertainment-weekly-issue-430-may-4-1998,https://archive.org/details/entertainment-weekly-issue-430-may-4-1998
Entertainment Weekly,,2021-08-21,ew-the-ultimate-guide-to-star-trek-2021,https://archive.org/details/ew-the-ultimate-guide-to-star-trek-2021
Entertainment Weekly,,2021-09-01,entertainment-weekly-september-2021,https://archive.org/details/entertainment-weekly-september-2021
Entertainment Weekly,,2021-12-03,ew-the-ultimate-guide-to-spiderman-2021,https://archive.org/details/ew-the-ultimate-guide-to-spiderman-2021
Entertainment Weekly,,2021-12-24,ew-the-ultimate-guide-to-scream-2021,https://archive.org/details/ew-the-ultimate-guide-to-scream-2021
Entertainment Weekly,,2022-02-14,ew-the-ultimate-guide-to-batman-2022-a,https://archive.org/details/ew-the-ultimate-guide-to-batman-2022-a
Entertainment Weekly,,2022-10-25,entertainment-weekly-collection_202210,https://archive.org/details/entertainment-weekly-collection_202210
Entertainment Weekly,Bandai Entertainment Weekly Flyers,,bei-flyer,https://archive.org/details/bei-flyer
Entertainment Weekly,CAMBRIDGE FREE PEOPLE / ENTERTAINMENT WEEKLY MAGAZINE ELEMENTS MEMO - 900600 / 900700,,tobacco_rzbk0000,https://archive.org/details/tobacco_rzbk0000
Entertainment Weekly,COMMUNITY MARKETING / ENTERTAINMENT WEEKLY HIGHLIGHTS,,tobacco_stfm0004,https://archive.org/details/tobacco_stfm0004
Entertainment Weekly,"Entertainment Weekly April 17, 2015 USA",,Entertainment_Weekly_April_17_2015_USA,https://archive.org/details/Entertainment_Weekly_April_17_2015_USA
Entertainment Weekly,"Entertainment Weekly August 14, 2015 USA",,Entertainment_Weekly_August_14_2015_USA,https://archive.org/details/Entertainment_Weekly_August_14_2015_USA
Entertainment Weekly,Entertainment Weekly Collection,,entertainment-weekly-collection,https://archive.org/details/entertainment-weekly-collection
Entertainment Weekly,"Entertainment Weekly December 4, 2015",,Entertainment_Weekly_December_4_2015,https://archive.org/details/Entertainment_Weekly_December_4_2015
Entertainment Weekly,"Entertainment Weekly February 12, 2016",,Entertainment_Weekly_February_12_2016,https://archive.org/details/Entertainment_Weekly_February_12_2016
Entertainment Weekly,"Entertainment Weekly February 19, 2016",,Entertainment_Weekly_February_19_2016,https://archive.org/details/Entertainment_Weekly_February_19_2016
Entertainment Weekly,"Entertainment Weekly February 20, 2015",,Entertainment_Weekly_February_20_2015,https://archive.org/details/Entertainment_Weekly_February_20_2015
Entertainment Weekly,Entertainment Weekly Issue 14571458 March 1724 2017 vk com stopthepress,,Entertainment_Weekly_Issue_14571458_March_1724_2017_vk_com_stopthepress,https://archive.org/details/Entertainment_Weekly_Issue_14571458_March_1724_2017_vk_com_stopthepress
Entertainment Weekly,"Entertainment Weekly July 27, 2015",,Entertainment_Weekly_July_27_2015,https://archive.org/details/Entertainment_Weekly_July_27_2015
Entertainment Weekly,"Entertainment Weekly June 12, 2015",,Entertainment_Weekly_June_12_2015,https://archive.org/details/Entertainment_Weekly_June_12_2015
Entertainment Weekly,"Entertainment Weekly March 30, 2018",,entertainment-weekly-march-302018_20220604,https://archive.org/details/entertainment-weekly-march-302018_20220604
Entertainment Weekly,"Entertainment Weekly March 6, 2015",,Entertainment_Weekly_March_6_2015,https://archive.org/details/Entertainment_Weekly_March_6_2015
Entertainment Weekly,"Entertainment Weekly May 11, 2018 ( Ryan Reynolds On Deadpool 2)",,entertainment-weekly-may-11-2018-ryan-reynolds-on-deadpool-2,https://archive.org/details/entertainment-weekly-may-11-2018-ryan-reynolds-on-deadpool-2
Entertainment Weekly,"Entertainment Weekly October 30, 2015",,Entertainment_Weekly_October_30_2015,https://archive.org/details/Entertainment_Weekly_October_30_2015
Entertainment Weekly,"Entertainment Weekly October 9, 2015",,Entertainment_Weekly_October_9_2015,https://archive.org/details/Entertainment_Weekly_October_9_2015
Entertainment Weekly,"Entertainment Weekly September 11, 2015",,Entertainment_Weekly_September_11_2015,https://archive.org/details/Entertainment_Weekly_September_11_2015
Entertainment Weekly,Heather Langenkamp: My Nightmare Career (Entertainment Weekly),,heather-langenkamp-my-nightmare-career,https://archive.org/details/heather-langenkamp-my-nightmare-career
Entertainment Weekly,How to Make a Secret Movie [watermarked and color obfuscated scripts] [Entertainment Weekly 4 March 2016 No. 1405],,How_to_Make_a_Secret_Movie_watermarked_and_color-obfuscated_scripts_Entertainmen,https://archive.org/details/How_to_Make_a_Secret_Movie_watermarked_and_color-obfuscated_scripts_Entertainmen
Entertainment Weekly,Entertainment Weekly #0001 | 02/16/1990 | K.D. Lang,1990-02-16T00:00:00Z,entertainment-weekly-0001-1990-02-16-c,https://archive.org/details/entertainment-weekly-0001-1990-02-16-c
Entertainment Weekly,Entertainment Weekly #0002 | 02/23/1990 | Vietnam,1990-02-23T00:00:00Z,entertainment-weekly-02-1990-02-23-vietnam-c,https://archive.org/details/entertainment-weekly-02-1990-02-23-vietnam-c
Entertainment Weekly,Entertainment Weekly July 13 1990,1990-07-13T00:00:00Z,entertainment-weekly-july-13-1990,https://archive.org/details/entertainment-weekly-july-13-1990
Entertainment Weekly,Entertainment Weekly #0066 | 05/17/1991 | Madonna,1991-05-17T00:00:00Z,entertainment-weekly-66-1991-05-17-madonna-c,https://archive.org/details/entertainment-weekly-66-1991-05-17-madonna-c
Entertainment Weekly,Entertainment Weekly #0069 | 06/07/1991 | The 1991 Poll,1991-06-07T00:00:00Z,entertainment-weekly-69-1991-06-07-1991-poll-c,https://archive.org/details/entertainment-weekly-69-1991-06-07-1991-poll-c
Entertainment Weekly,Entertainment Weekly #0079 | 08/16/1991 | Pee-Wee Scandal Report,1991-08-16T00:00:00Z,entertainment-weekly-79-1991-08-16-pee-wee-scandal-report,https://archive.org/details/entertainment-weekly-79-1991-08-16-pee-wee-scandal-report
Entertainment Weekly,Entertainment Weekly Star Trek At 25 Issue No 85 September 27 1991,1991-09-27T00:00:00Z,entertainment-weekly-star-trek-at-25-issue-no-85-september-27-1991,https://archive.org/details/entertainment-weekly-star-trek-at-25-issue-no-85-september-27-1991
Entertainment Weekly,"Entertainment Weekly #101 January 17, 1992 JFK",1992-01-17T00:00:00Z,ew-1-17-92,https://archive.org/details/ew-1-17-92
Entertainment Weekly,The Entertainment weekly Seinfeld companion : atomic wedgies to zipper jobs : an unofficial guide to TV's funniest show,1993-01-01T00:00:00Z,entertainmentwee00fret,https://archive.org/details/entertainmentwee00fret
Entertainment Weekly,Entertainment Weekly #0156 | 04/16/1993 | Brandon Lee,1993-04-16T00:00:00Z,1993-04-16-entertainment-weekly-blood-on-the-set-brandon-lee-b,https://archive.org/details/1993-04-16-entertainment-weekly-blood-on-the-set-brandon-lee-b
Entertainment Weekly,The Entertainment Weekly Guide to the Greatest Movies Ever Made,1994-01-01T00:00:00Z,bwb_P8-AWP-400,https://archive.org/details/bwb_P8-AWP-400
Entertainment Weekly,The Entertainment weekly guide to the greatest movies ever made,1994-01-01T00:00:00Z,greatestmoviesev0000unse,https://archive.org/details/greatestmoviesev0000unse
Entertainment Weekly,Entertainment Weekly #0219 | 4/22/1994 | Kurt Cobain,1994-04-22T00:00:00Z,entertainment-weekly-0219-1994-04-22-kurt-cobain-c,https://archive.org/details/entertainment-weekly-0219-1994-04-22-kurt-cobain-c
Entertainment Weekly,Entertainment Weekly #0222 | 05/13/1994 | Brandon Lee,1994-05-13T00:00:00Z,entertainment-weekly-222-1994-05-13-brandon-lee-his-last-interview,https://archive.org/details/entertainment-weekly-222-1994-05-13-brandon-lee-his-last-interview
Entertainment Weekly,"theMet- Vol. 1, No. 23 9-26-1995 (Dallas' Entertainment Weekly)",1995-09-26T00:00:00Z,the-met-v1n23,https://archive.org/details/the-met-v1n23
Entertainment Weekly,The Entertainment weekly guide to the greatest movies ever made,1996-01-01T00:00:00Z,entertainmentwee00newy,https://archive.org/details/entertainmentwee00newy
Entertainment Weekly,Entertainment Weekly - (1996/08/02) - 100 Greatest Summer Songs,1996-08-02T00:00:00Z,entertainment-weekly-1996-08-02-100-greatest-summer-songs-red,https://archive.org/details/entertainment-weekly-1996-08-02-100-greatest-summer-songs-red
Entertainment Weekly,Entertainment Weekly - 1996/08/23 - Fall Movie Preview,1996-08-23T00:00:00Z,1996-08-23-entertainment-weekly-fall-movie-preview-red,https://archive.org/details/1996-08-23-entertainment-weekly-fall-movie-preview-red
Entertainment Weekly,Entertainment Weekly - (1996/10/04) - Gay TV,1996-10-04T00:00:00Z,entertainment-weekly-1996-10-04-gay-tv-red,https://archive.org/details/entertainment-weekly-1996-10-04-gay-tv-red
Entertainment Weekly,Entertainment weekly 1997 yearbook,1997-01-01T00:00:00Z,entertainmentwe00ente,https://archive.org/details/entertainmentwe00ente
Entertainment Weekly,Entertainment Weekly - Julia And Mel - 1997-08-15,1997-08-15T00:00:00Z,1997-08-15-entertainment-weekly-julia-and-mel-red,https://archive.org/details/1997-08-15-entertainment-weekly-julia-and-mel-red
Entertainment Weekly,Entertainment Weekly - (1998/01/23) - The X Files Movie,1998-01-23T00:00:00Z,entertainment-weekly-1998-01-23-the-x-files-movie-red,https://archive.org/details/entertainment-weekly-1998-01-23-the-x-files-movie-red
Entertainment Weekly,Entertainment Weekly #0421 | 03/06/1998 | Buffy,1998-03-06T00:00:00Z,entertainment-weekly-421-1998-03-06-buffy-c,https://archive.org/details/entertainment-weekly-421-1998-03-06-buffy-c
Entertainment Weekly,Entertainment Weekly #0436 | 06/12/1998 | X-Files,1998-06-12T00:00:00Z,entertainment-weekly-436-1998-06-12-x-files-c,https://archive.org/details/entertainment-weekly-436-1998-06-12-x-files-c
Entertainment Weekly,Entertainment Weekly - (1998/09/18) - Conan Rising,1998-09-18T00:00:00Z,entertainment-weekly-1998-09-18-conan-rising-red,https://archive.org/details/entertainment-weekly-1998-09-18-conan-rising-red
Entertainment Weekly,Entertainment Weekly #0457 | 11/06/1998 | Alanis Morissette,1998-11-06T00:00:00Z,entertainment-weekly-457-1998-11-06-alanis-morissette-c,https://archive.org/details/entertainment-weekly-457-1998-11-06-alanis-morissette-c
Entertainment Weekly,"Entertainment Weekly #460 - November 27, 1998 Stepmom",1998-11-27T00:00:00Z,ew-11-27-98,https://archive.org/details/ew-11-27-98
Entertainment Weekly,Entertainment Weekly #0463 | 12/18/1998 | Tom Hanks & Meg Ryan,1998-12-18T00:00:00Z,entertainment-weekly-463-1998-12-18-tom-hanks-meg-ryan-c,https://archive.org/details/entertainment-weekly-463-1998-12-18-tom-hanks-meg-ryan-c
Entertainment Weekly,Entertainment Weekly #0468/0469 | 1/22/1999 | Guide to '99,1999-01-22T00:00:00Z,entertainment-weekly-468-469-1999-01-22-c,https://archive.org/details/entertainment-weekly-468-469-1999-01-22-c
Entertainment Weekly,Entertainment Weekly #0478 | 03/26/1999 | Star Wars,1999-03-26T00:00:00Z,entertainment-weekly-478-1999-03-26-star-wars-c,https://archive.org/details/entertainment-weekly-478-1999-03-26-star-wars-c
Entertainment Weekly,,1999-05,,http://books.google.com/books?id=D_9fI-k29vMC&dq=%22Entertainment+Weekly%22+magazine
Entertainment Weekly,Entertainment Weekly #0494 | 07/16/1999 | Bruce Springsteen,1999-07-16T00:00:00Z,entertainment-weekly-494-1999-07-16-bruce-springsteen-c,https://archive.org/details/entertainment-weekly-494-1999-07-16-bruce-springsteen-c
Entertainment Weekly,Entertainment Weekly #0515 | 12/03/1999 | Stone Cold Steve Austin,1999-12-03T00:00:00Z,entertainment-weekly-515-1999-12-03-c,https://archive.org/details/entertainment-weekly-515-1999-12-03-c
Entertainment Weekly,Entertainment Weekly #0571 | 12/01/2000 | Unbreakable,2000-12-01T00:00:00Z,entertainment-weekly-571-2000-12-01-unbreakable-c,https://archive.org/details/entertainment-weekly-571-2000-12-01-unbreakable-c
Entertainment Weekly,Entertainment Weekly #0586 | 3/09/2001 | The Mexican,2001-03-09T00:00:00Z,entertainment-weekly-586-2001-03-09-c,https://archive.org/details/entertainment-weekly-586-2001-03-09-c
Entertainment Weekly,Entertainment Weekly #0588 | 3/23/2001 | Oscars,2001-03-23T00:00:00Z,entertainment-weekly-0588-2001-03-23-oscars-cv-2,https://archive.org/details/entertainment-weekly-0588-2001-03-23-oscars-cv-2
Entertainment Weekly,Entertainment Weekly #0587 | 03/16/2001 | Jessica Alba,2001-06-16T00:00:00Z,entertainment-weekly-587-2001-03-16-jessica-alba-c,https://archive.org/details/entertainment-weekly-587-2001-03-16-jessica-alba-c
Entertainment Weekly,Entertainment Weekly #0621 | 10/19/2001 | Star Trek Enterprise,2001-10-19T00:00:00Z,entertainment-weekly-0621-2001-10-19-star-trek-enterprise-c,https://archive.org/details/entertainment-weekly-0621-2001-10-19-star-trek-enterprise-c
Entertainment Weekly,Entertainment Weekly #0648 | 4/12/2002 | Star Wars,2002-04-12T00:00:00Z,entertainment-weekly-648-2002-04-12-star-wars-c,https://archive.org/details/entertainment-weekly-648-2002-04-12-star-wars-c
Entertainment Weekly,Entertainment Weekly #0659 | 6/21/2002 |,2002-06-21T00:00:00Z,entertainment-weekly-659-2002-06-21-sarah-michelle-gellar-fpj-c,https://archive.org/details/entertainment-weekly-659-2002-06-21-sarah-michelle-gellar-fpj-c
Entertainment Weekly,Entertainment Weekly #0700 | 3/14/2003 | Six Feet Under,2003-03-14T00:00:00Z,entertainment-weekly-700-2003-03-14-six-feet-under-c,https://archive.org/details/entertainment-weekly-700-2003-03-14-six-feet-under-c
Entertainment Weekly,Entertainment Weekly #0704 | 4/11/2003 | Pop Culture Quiz,2003-04-11T00:00:00Z,entertainment-weekly-704-2003-04-11-c,https://archive.org/details/entertainment-weekly-704-2003-04-11-c
Entertainment Weekly,Entertainment Weekly #0771/0772 | 7/02/2004 | Christian Bale,2004-07-02T00:00:00Z,entertainment-weekly-771-772-2004-07-02-c,https://archive.org/details/entertainment-weekly-771-772-2004-07-02-c
Entertainment Weekly,Entertainment Weekly - 2004/08/06 - Tom Cruise Jamie Foxx,2004-08-06T00:00:00Z,2004-08-06-entertainment-weekly-tom-cruise-jamie-foxx-red,https://archive.org/details/2004-08-06-entertainment-weekly-tom-cruise-jamie-foxx-red
Entertainment Weekly,Entertainment Weekly - 2004/08/20 - Fall Movie Preview,2004-08-20T00:00:00Z,2004-08-20-entertainment-weekly-fall-movie-preview-red,https://archive.org/details/2004-08-20-entertainment-weekly-fall-movie-preview-red
Entertainment Weekly,Entertainment Weekly #0813 | 4/01/2005 | Star Wars #1/6,2005-04-01T00:00:00Z,entertainment-weekly-813-2005-04-01-1-of-6-darth-maul,https://archive.org/details/entertainment-weekly-813-2005-04-01-1-of-6-darth-maul
Entertainment Weekly,Entertainment Weekly #0813 | 4/01/2005 | Star Wars #2/6,2005-04-01T00:00:00Z,entertainment-weekly-813-2005-04-01-2-of-6-yoda,https://archive.org/details/entertainment-weekly-813-2005-04-01-2-of-6-yoda
Entertainment Weekly,Entertainment Weekly #0813 | 4/01/2005 | Star Wars #3/6,2005-04-01T00:00:00Z,entertainment-weekly-813-2005-04-01-3-of-6-anakin,https://archive.org/details/entertainment-weekly-813-2005-04-01-3-of-6-anakin
Entertainment Weekly,Entertainment Weekly #0813 | 4/01/2005 | Star Wars #6/6,2005-04-01T00:00:00Z,entertainment-weekly-813-2005-04-01-6-of-6-princess-leia,https://archive.org/details/entertainment-weekly-813-2005-04-01-6-of-6-princess-leia
Entertainment Weekly,Entertainment Weekly #0847 | 10/28/2005 | Charlie Theron ##,2005-10-28T00:00:00Z,entertainment-weekly-847-2005-10-28-charlie-theron-c,https://archive.org/details/entertainment-weekly-847-2005-10-28-charlie-theron-c
Entertainment Weekly,Entertainment Weekly #0920 | 2/09/2007 | Justin Timberlake,2007-02-09T00:00:00Z,entertainment-weekly-920-2007-02-09-justin-timberlake-c,https://archive.org/details/entertainment-weekly-920-2007-02-09-justin-timberlake-c
Entertainment Weekly,Entertainment Weekly #0933 | 5/11/2007 | Heroes #3 of 5,2007-05-11T00:00:00Z,entertainment-weekly-933-2007-05-11-heroes-c,https://archive.org/details/entertainment-weekly-933-2007-05-11-heroes-c
Entertainment Weekly,Entertainment Weekly #0933 | 5/11/2007 | Heroes #4 of 5,2007-05-11T00:00:00Z,entertainment-weekly-933-2007-05-11-heroes-4-c,https://archive.org/details/entertainment-weekly-933-2007-05-11-heroes-4-c
Entertainment Weekly,Entertainment Weekly #0939 | 6/15/2007 | Brad Pitt & George Clooney,2007-06-15T00:00:00Z,entertainment-weekly-0939-2007-06-15-pitt-clooney-c,https://archive.org/details/entertainment-weekly-0939-2007-06-15-pitt-clooney-c
Entertainment Weekly,Entertainment Weekly #0945 | 7/27/2007 | The Simpsons #1 of 4,2007-07-27T00:00:00Z,ew-0945-2007-07-27-simpsons-1-homer,https://archive.org/details/ew-0945-2007-07-27-simpsons-1-homer
Entertainment Weekly,Entertainment Weekly #0945 | 7/27/2007 | The Simpsons #4 of 4,2007-07-27T00:00:00Z,entertainment-weekly-945-2007-07-27-simpsons-c,https://archive.org/details/entertainment-weekly-945-2007-07-27-simpsons-c
Entertainment Weekly,Entertainment Weekly #0949/0950 | 8/24/2007 | Reese Witherspoon,2007-08-24T00:00:00Z,entertainment-weekly-949-950-2007-08-24-reese-witherspoon-c,https://archive.org/details/entertainment-weekly-949-950-2007-08-24-reese-witherspoon-c
Entertainment Weekly,Entertainment Weekly #0956 | 9/28/2007 | Heroes,2007-09-28T00:00:00Z,entertainment-weekly-0956-2007-09-28-heroes-c_202310,https://archive.org/details/entertainment-weekly-0956-2007-09-28-heroes-c_202310
Entertainment Weekly,Entertainment Weekly #0957 | 10/05/2007 | The Office Cover 3,2007-10-05T00:00:00Z,entertainment-weekly-0957-2007-10-05-the-office-3-c,https://archive.org/details/entertainment-weekly-0957-2007-10-05-the-office-3-c
Entertainment Weekly,Entertainment Weekly #0963 | 11/9/2007 | Johnny Depp,2007-11-09T00:00:00Z,entertainment-weekly-0963-2007-11-09-johnny-depp-c,https://archive.org/details/entertainment-weekly-0963-2007-11-09-johnny-depp-c
Entertainment Weekly,Entertainment Weekly #0976 | 2/01/2008 | Heath Ledger,2008-02-01T00:00:00Z,entertainment-weekly-976-2008-02-01-heath-ledger-c,https://archive.org/details/entertainment-weekly-976-2008-02-01-heath-ledger-c
Entertainment Weekly,,2010,,http://books.google.com/books?id=-ew0NQEACAAJ&dq=%22Entertainment+Weekly%22+magazine
Entertainment Weekly,,2010,,http://books.google.com/books?id=2ZlkNQEACAAJ&dq=%22Entertainment+Weekly%22+magazine
Entertainment Weekly,,2010,,http://books.google.com/books?id=30V7NQEACAAJ&dq=%22Entertainment+Weekly%22+magazine
Entertainment Weekly,,2010,,http://books.google.com/books?id=73YqNQEACAAJ&dq=%22Entertainment+Weekly%22+magazine
Entertainment Weekly,,2010,,http://books.google.com/books?id=8HYqNQEACAAJ&dq=%22Entertainment+Weekly%22+magazine
Entertainment Weekly,,2010,,http://books.google.com/books?id=8XYqNQEACAAJ&dq=%22Entertainment+Weekly%22+magazine
Entertainment Weekly,,2010,,http://books.google.com/books?id=8oAoNQEACAAJ&dq=%22Entertainment+Weekly%22+magazine
Entertainment Weekly,,2010,,http://books.google.com/books?id=BK2BNQEACAAJ&dq=%22Entertainment+Weekly%22+magazine
Entertainment Weekly,,2010,,http://books.google.com/books?id=DASPNQEACAAJ&dq=%22Entertainment+Weekly%22+magazine
Entertainment Weekly,,2010,,http://books.google.com/books?id=DHcvNQEACAAJ&dq=%22Entertainment+Weekly%22+magazine
Entertainment Weekly,,2010,,http://books.google.com/books?id=DxJ6NQEACAAJ&dq=%22Entertainment+Weekly%22+magazine
Entertainment Weekly,,2010,,http://books.google.com/books?id=HcJTNQEACAAJ&dq=%22Entertainment+Weekly%22+magazine
Entertainment Weekly,,2010,,http://books.google.com/books?id=J3pPNQEACAAJ&dq=%22Entertainment+Weekly%22+magazine
Entertainment Weekly,,2010,,http://books.google.com/books?id=O4Y7NQEACAAJ&dq=%22Entertainment+Weekly%22+magazine
Entertainment Weekly,,2010,,http://books.google.com/books?id=SaQ5NQEACAAJ&dq=%22Entertainment+Weekly%22+magazine
Entertainment Weekly,,2010,,http://books.google.com/books?id=SqQ5NQEACAAJ&dq=%22Entertainment+Weekly%22+magazine
Entertainment Weekly,,2010,,http://books.google.com/books?id=VNxfNQEACAAJ&dq=%22Entertainment+Weekly%22+magazine
Entertainment Weekly,,2010,,http://books.google.com/books?id=Vd5sNQEACAAJ&dq=%22Entertainment+Weekly%22+magazine
Entertainment Weekly,,2010,,http://books.google.com/books?id=VdxfNQEACAAJ&dq=%22Entertainment+Weekly%22+magazine
Entertainment Weekly,,2010,,http://books.google.com/books?id=VxgkNQEACAAJ&dq=%22Entertainment+Weekly%22+magazine
Entertainment Weekly,,2010,,http://books.google.com/books?id=WuEzNQEACAAJ&dq=%22Entertainment+Weekly%22+magazine
Entertainment Weekly,,2010,,http://books.google.com/books?id=Y5JFNQEACAAJ&dq=%22Entertainment+Weekly%22+magazine
Entertainment Weekly,,2010,,http://books.google.com/books?id=Z9IfNQEACAAJ&dq=%22Entertainment+Weekly%22+magazine
Entertainment Weekly,,2010,,http://books.google.com/books?id=_IRlNQEACAAJ&dq=%22Entertainment+Weekly%22+magazine
Entertainment Weekly,,2010,,http://books.google.com/books?id=aW11NQEACAAJ&dq=%22Entertainment+Weekly%22+magazine
Entertainment Weekly,,2010,,http://books.google.com/books?id=jz1dNQEACAAJ&dq=%22Entertainment+Weekly%22+magazine
Entertainment Weekly,,2010,,http://books.google.com/books?id=mGIhNQEACAAJ&dq=%22Entertainment+Weekly%22+magazine
Entertainment Weekly,,2010,,http://books.google.com/books?id=q5JWNQEACAAJ&dq=%22Entertainment+Weekly%22+magazine
Entertainment Weekly,,2010,,http://books.google.com/books?id=qYwPNQEACAAJ&dq=%22Entertainment+Weekly%22+magazine
Entertainment Weekly,,2010,,http://books.google.com/books?id=qowPNQEACAAJ&dq=%22Entertainment+Weekly%22+magazine
Entertainment Weekly,,2010,,http://books.google.com/books?id=rJJWNQEACAAJ&dq=%22Entertainment+Weekly%22+magazine
Entertainment Weekly,,2010,,http://books.google.com/books?id=tZM8NQEACAAJ&dq=%22Entertainment+Weekly%22+magazine
Entertainment Weekly,Entertainment Weekly #1098 | 4/16/2010 | Star Wars,2010-04-16T00:00:00Z,entertainment-weekly-1098-2010-04-16-star-wars-c,https://archive.org/details/entertainment-weekly-1098-2010-04-16-star-wars-c
Entertainment Weekly,Entertainment Weekly #1122 | 10/01/2010 | Modern Family,2010-10-01T00:00:00Z,entertainment-weekly-1122-2010-10-01-1-c,https://archive.org/details/entertainment-weekly-1122-2010-10-01-1-c
Entertainment Weekly,Entertainment Weekly #1134/1135 | 12/24/2010 | Best & Worst of 2010,2010-12-24T00:00:00Z,entertainment-weekly-1134-1135-2010-12-24-c,https://archive.org/details/entertainment-weekly-1134-1135-2010-12-24-c
Entertainment Weekly,,2011,,http://books.google.com/books?id=EBJ6NQEACAAJ&dq=%22Entertainment+Weekly%22+magazine
Entertainment Weekly,,2011,,http://books.google.com/books?id=Fd8zNQEACAAJ&dq=%22Entertainment+Weekly%22+magazine
Entertainment Weekly,,2011,,http://books.google.com/books?id=OS0hNQEACAAJ&dq=%22Entertainment+Weekly%22+magazine
Entertainment Weekly,,2011,,http://books.google.com/books?id=R1KTNQEACAAJ&dq=%22Entertainment+Weekly%22+magazine
Entertainment Weekly,,2011,,http://books.google.com/books?id=UpJ8NQEACAAJ&dq=%22Entertainment+Weekly%22+magazine
Entertainment Weekly,,2011,,http://books.google.com/books?id=W-EzNQEACAAJ&dq=%22Entertainment+Weekly%22+magazine
Entertainment Weekly,,2011,,http://books.google.com/books?id=XOEzNQEACAAJ&dq=%22Entertainment+Weekly%22+magazine
Entertainment Weekly,,2011,,http://books.google.com/books?id=Z2dPNQEACAAJ&dq=%22Entertainment+Weekly%22+magazine
Entertainment Weekly,,2011,,http://books.google.com/books?id=cWgyNQEACAAJ&dq=%22Entertainment+Weekly%22+magazine
Entertainment Weekly,,2011,,http://books.google.com/books?id=i6VQNQEACAAJ&dq=%22Entertainment+Weekly%22+magazine
Entertainment Weekly,,2011,,http://books.google.com/books?id=kOozNQEACAAJ&dq=%22Entertainment+Weekly%22+magazine
Entertainment Weekly,,2011,,http://books.google.com/books?id=k_otNQEACAAJ&dq=%22Entertainment+Weekly%22+magazine
Entertainment Weekly,,2011,,http://books.google.com/books?id=oHhCNQEACAAJ&dq=%22Entertainment+Weekly%22+magazine
Entertainment Weekly,,2011,,http://books.google.com/books?id=zzQrNQEACAAJ&dq=%22Entertainment+Weekly%22+magazine
Entertainment Weekly,Entertainment Weekly #1155 | 5/20/2011 | The Hangover 2,2011-05-20T00:00:00Z,entertainment-weekly-1155-2011-05-20-hangover-2-c,https://archive.org/details/entertainment-weekly-1155-2011-05-20-hangover-2-c
Entertainment Weekly,Entertainment Weekly #1164 | 7/22/2011 | Spider-Man,2011-07-22T00:00:00Z,entertainment-weekly-1164-2011-07-22-c,https://archive.org/details/entertainment-weekly-1164-2011-07-22-c
Entertainment Weekly,Entertainment Weekly #1194 | 2/17/2012 | The Vampire Diaries,2012-02-17T00:00:00Z,entertainment-weekly-1194-2012-02-17-vampire-diaries-c,https://archive.org/details/entertainment-weekly-1194-2012-02-17-vampire-diaries-c
Entertainment Weekly,Entertainment Weekly #1201 | 4/06/2012 | Fifty Shades of Grey,2012-04-06T00:00:00Z,entertainment-weekly-1201-2012-04-06-c,https://archive.org/details/entertainment-weekly-1201-2012-04-06-c
Entertainment Weekly,Entertainment Weekly #1202 | 4/13/2012 | Adele,2012-04-13T00:00:00Z,entertainment-weekly-1202-2012-04-13-adele-c,https://archive.org/details/entertainment-weekly-1202-2012-04-13-adele-c
Entertainment Weekly,Entertainment Weekly # 1290 | 12/20/2013 | Tina Fey & Amy Poehler,2013-12-20T00:00:00Z,entertainment-weekly-1290-2013-12-20,https://archive.org/details/entertainment-weekly-1290-2013-12-20
Entertainment Weekly,Entertainment Weekly #1293 | 01/10/2014 | Downtown Abbey,2014-01-10T00:00:00Z,entertainment-weekly-1293-2014-01-10-downtown-abbey-c,https://archive.org/details/entertainment-weekly-1293-2014-01-10-downtown-abbey-c
Entertainment Weekly,Entertainment Weekly #1298 | 02/14/2014 | Philip Seymour Hoffman,2014-02-14T00:00:00Z,entertainment-weekly-1298-2014-02-14-philip-seymour-hoffman-c,https://archive.org/details/entertainment-weekly-1298-2014-02-14-philip-seymour-hoffman-c
Entertainment Weekly,Entertainment Weekly #1299 | 02/21/2014 | Veronica Mars,2014-02-21T00:00:00Z,entertainment-weekly-1299-2014-02-21-veronica-mars-c,https://archive.org/details/entertainment-weekly-1299-2014-02-21-veronica-mars-c
Entertainment Weekly,Entertainment Weekly #1317 | 06/27/2014 | True Blood,2014-06-27T00:00:00Z,entertainment-weekly-1317-2014-06-27-true-blood-c,https://archive.org/details/entertainment-weekly-1317-2014-06-27-true-blood-c
Entertainment Weekly,Entertainment Weekly #1318 | 07/04/2014 | Mad Max,2014-07-04T00:00:00Z,entertainment-weekly-1318-2014-07-04-mad-max,https://archive.org/details/entertainment-weekly-1318-2014-07-04-mad-max
Entertainment Weekly,Entertainment Weekly #1321/1322 | 07/25/2014 | Avengers,2014-07-25T00:00:00Z,entertainment-weekly-1321-1322-2014-07-25-avengers-c,https://archive.org/details/entertainment-weekly-1321-1322-2014-07-25-avengers-c
Entertainment Weekly,Entertainment Weekly #1324 | 08/15/2014 | Julia Louis-Dreyfus,2014-08-15T00:00:00Z,entertainment-weekly-1324-2014-08-15-julia-louis-dreyfus,https://archive.org/details/entertainment-weekly-1324-2014-08-15-julia-louis-dreyfus
Entertainment Weekly,Entertainment Weekly #1324 | 08/15/2014 | Kevin Spacey,2014-08-15T00:00:00Z,entertainment-weekly-1324-2014-08-15-kevin-spacey,https://archive.org/details/entertainment-weekly-1324-2014-08-15-kevin-spacey
Entertainment Weekly,Entertainment Weekly #1328 | 09/12/2014 | Simpsons + Family Guy,2014-09-12T00:00:00Z,entertainment-weekly-1328-2014-09-12-simpsons-family-guy-c,https://archive.org/details/entertainment-weekly-1328-2014-09-12-simpsons-family-guy-c
Entertainment Weekly,Entertainment Weekly #1328 | 09/12/2014 | Simpsons + Family Guy,2014-09-12T00:00:00Z,entertainment-weekly-1328-2014-09-12-simpsons-family-guy-c-3,https://archive.org/details/entertainment-weekly-1328-2014-09-12-simpsons-family-guy-c-3
Entertainment Weekly,Entertainment Weekly #1335 | 10/31/2014 | Holiday Movie Preview,2014-10-31T00:00:00Z,entertainment-weekly-1335-2014-10-31-into-the-woods-1-c,https://archive.org/details/entertainment-weekly-1335-2014-10-31-into-the-woods-1-c
Entertainment Weekly,Entertainment Weekly #1335 | 10/31/2014 | Holiday Movie Preview,2014-10-31T00:00:00Z,entertainment-weekly-1335-2014-10-31-into-the-woods-2-c,https://archive.org/details/entertainment-weekly-1335-2014-10-31-into-the-woods-2-c
Entertainment Weekly,Entertainment Weekly #1336 | 11/07/2014 | Terminator Genisys,2014-11-07T00:00:00Z,entertainment-weekly-1336-2014-11-07-terminator-c,https://archive.org/details/entertainment-weekly-1336-2014-11-07-terminator-c
Entertainment Weekly,Entertainment Weekly #1342 | 12/19/2014 | Stephen Colbert,2014-12-19T00:00:00Z,entertainment-weekly-1342-2014-12-19-stephen-colbert-1-c,https://archive.org/details/entertainment-weekly-1342-2014-12-19-stephen-colbert-1-c
Entertainment Weekly,Entertainment Weekly #1343/1344 | 12/26/2014 | 2015 Preview,2014-12-26T00:00:00Z,entertainment-weekly-1343-1344-2014-12-26-2015-preview-c,https://archive.org/details/entertainment-weekly-1343-1344-2014-12-26-2015-preview-c
Entertainment Weekly,Entertainment Weekly #1347 | 01/23/2015 | Boyhood,2015-01-23T00:00:00Z,entertainment-weekly-1347-2015-01-23-c,https://archive.org/details/entertainment-weekly-1347-2015-01-23-c
Entertainment Weekly,Entertainment Weekly #1348/1349 | 01/30/2015 | Oscars!,2015-01-30T00:00:00Z,entertainment-weekly-1348-1349-2015-01-30-c,https://archive.org/details/entertainment-weekly-1348-1349-2015-01-30-c
Entertainment Weekly,Entertainment Weekly #1353 | 03/06/2015 | Empire,2015-03-06T00:00:00Z,entertainment-weekly-1353-2015-03-06-c,https://archive.org/details/entertainment-weekly-1353-2015-03-06-c
Entertainment Weekly,Entertainment Weekly #1355/1356 | 03/20/2015 | Game of Thrones Cover 3,2015-03-20T00:00:00Z,entertainment-weekly-1355-1356-2015-03-20-3-c,https://archive.org/details/entertainment-weekly-1355-1356-2015-03-20-3-c
Entertainment Weekly,Entertainment Weekly #1359/1360 | 04/17/2015 | Avengers Cover 1,2015-04-17T00:00:00Z,entertainment-weekly-1459-1460-2015-04-17-1-c,https://archive.org/details/entertainment-weekly-1459-1460-2015-04-17-1-c
Entertainment Weekly,Entertainment Weekly #1362 | 05/08/2015 | Pitch Perfect 2,2015-05-08T00:00:00Z,entertainment-weekly-1362-2015-05-08-c,https://archive.org/details/entertainment-weekly-1362-2015-05-08-c
Entertainment Weekly,Entertainment Weekly #1367 | 06/12/2015 | Ted 2,2015-06-12T00:00:00Z,entertainment-weekly-1367-2015-06-12,https://archive.org/details/entertainment-weekly-1367-2015-06-12
Entertainment Weekly,Entertainment Weekly #1368 | 06/19/2015 | Laverne Cox,2015-06-19T00:00:00Z,entertainment-weekly-1368-2015-06-19,https://archive.org/details/entertainment-weekly-1368-2015-06-19
Entertainment Weekly,Entertainment Weekly #1369 | 06/26/2015 | Magic Mike XXL,2015-06-26T00:00:00Z,entertainment-weekly-1369-2015-06-26,https://archive.org/details/entertainment-weekly-1369-2015-06-26
Entertainment Weekly,Entertainment Weekly #1374 | 07/31/2015 | King Arthur,2015-07-31T00:00:00Z,entertainment-weekly-1374-2015-07-31,https://archive.org/details/entertainment-weekly-1374-2015-07-31
Entertainment Weekly,Entertainment Weekly #1375 | 08/07/2015 | The Walking Dead,2015-08-07T00:00:00Z,entertainment-weekly-1375-2015-08-07,https://archive.org/details/entertainment-weekly-1375-2015-08-07
Entertainment Weekly,Entertainment Weekly #1377 | 08/21/2015 | Star Wars,2015-08-21T00:00:00Z,entertainment-weekly-1377-1378-2015-08-21,https://archive.org/details/entertainment-weekly-1377-1378-2015-08-21
Entertainment Weekly,Entertainment Weekly #1380 | 09/11/2015 | Grey's Anatomy,2015-09-11T00:00:00Z,ew-1380-2015-09-11-2-of-4-greys-anatomy,https://archive.org/details/ew-1380-2015-09-11-2-of-4-greys-anatomy
Entertainment Weekly,Entertainment Weekly #1380 | 09/11/2015 | Scandal,2015-09-11T00:00:00Z,ew-1380-2015-09-11-3-of-4-scandal,https://archive.org/details/ew-1380-2015-09-11-3-of-4-scandal
Entertainment Weekly,Entertainment Weekly #1380 | 09/11/2015 | Shonda Rhimes,2015-09-11T00:00:00Z,entertainment-weekly-1380-2015-09-11-c,https://archive.org/details/entertainment-weekly-1380-2015-09-11-c
Entertainment Weekly,Entertainment Weekly #1381 | 09/18/2015 | Fall TV Preview,2015-09-18T00:00:00Z,entertainment-weekly-1381-1382-2015-09-18,https://archive.org/details/entertainment-weekly-1381-1382-2015-09-18
Entertainment Weekly,Entertainment Weekly #1384 | 10/09/2015 | The Hunger Games,2015-10-09T00:00:00Z,entertainment-weekly-1384-2015-10-09,https://archive.org/details/entertainment-weekly-1384-2015-10-09
Entertainment Weekly,Entertainment Weekly #1390/1391 | 11/20/2015 | Star Wars Cover 3,2015-11-20T00:00:00Z,entertainment-weekly-1390-1391-2015-11-20-3-c,https://archive.org/details/entertainment-weekly-1390-1391-2015-11-20-3-c
Entertainment Weekly,Entertainment Weekly #1400/1401 | 01/29/2016 | Academy Awards,2016-01-29T00:00:00Z,entertainment-weekly-1400-1401-2016-01-29,https://archive.org/details/entertainment-weekly-1400-1401-2016-01-29
Entertainment Weekly,Entertainment Weekly #1400/1401 | 01/29/2016 | People v. O.J. Simpson,2016-01-29T00:00:00Z,entertainment-weekly-1400-1401-2016-01-29-subscriber-cover,https://archive.org/details/entertainment-weekly-1400-1401-2016-01-29-subscriber-cover
Entertainment Weekly,Entertainment Weekly #1403/1404 | 02/19/2016 | The Walking Dead Cover 3,2016-02-19T00:00:00Z,entertainment-weekly-1403-1404-2016-02-19-3,https://archive.org/details/entertainment-weekly-1403-1404-2016-02-19-3
Entertainment Weekly,Entertainment Weekly #1403/1404 | 02/19/2016 | The Walking Dead Cover 6,2016-02-19T00:00:00Z,entertainment-weekly-1403-1404-2016-02-19-6,https://archive.org/details/entertainment-weekly-1403-1404-2016-02-19-6
Entertainment Weekly,Entertainment Weekly #1407 | 03/25/2016 | James Corden,2016-03-25T00:00:00Z,entertainment-weekly-1407-2016-03-25,https://archive.org/details/entertainment-weekly-1407-2016-03-25
Entertainment Weekly,Entertainment Weekly #1408/1409 | 04/01/2016 | Game of Thrones Cover 1,2016-04-01T00:00:00Z,entertainment-weekly-1408-1409-2016-04-01,https://archive.org/details/entertainment-weekly-1408-1409-2016-04-01
Entertainment Weekly,Entertainment Weekly #1408/1409 | 04/01/2016 | Game of Thrones Cover 2,2016-04-01T00:00:00Z,entertainment-weekly-1408-1409-2016-04-01-2,https://archive.org/details/entertainment-weekly-1408-1409-2016-04-01-2
Entertainment Weekly,Entertainment Weekly #1408/1409 | 04/01/2016 | Game of Thrones Cover 3,2016-04-01T00:00:00Z,entertainment-weekly-1408-1409-2016-04-01-3,https://archive.org/details/entertainment-weekly-1408-1409-2016-04-01-3
Entertainment Weekly,Entertainment Weekly #1410 | 04/15/2016 | Gilmore Girls,2016-04-15T00:00:00Z,entertainment-weekly-1410-2016-04-15,https://archive.org/details/entertainment-weekly-1410-2016-04-15
Entertainment Weekly,Entertainment Weekly #1415 | 05/20/2016 | Money Monster,2016-05-20T00:00:00Z,entertainment-weekly-1415-2016-05-20,https://archive.org/details/entertainment-weekly-1415-2016-05-20
Entertainment Weekly,Entertainment Weekly #1416 | 05/27/2016 | X-Men,2016-05-27T00:00:00Z,entertainment-weekly-1416-2016-05-27,https://archive.org/details/entertainment-weekly-1416-2016-05-27
Entertainment Weekly,Entertainment Weekly #1416 | 05/27/2016 | X-men,2016-05-27T00:00:00Z,entertainment-weekly-1416-2016-05-27-4,https://archive.org/details/entertainment-weekly-1416-2016-05-27-4
Entertainment Weekly,Entertainment Weekly #1419 | 06/17/2016 | Mr. Robot,2016-06-17T00:00:00Z,entertainment-weekly-1419-2016-06-17,https://archive.org/details/entertainment-weekly-1419-2016-06-17
Entertainment Weekly,Entertainment Weekly #1420 | 06/24/2016 | Ghostbusters,2016-06-24T00:00:00Z,entertainment-weekly-1420-2016-06-24,https://archive.org/details/entertainment-weekly-1420-2016-06-24
Entertainment Weekly,Entertainment Weekly #1421 | 07/01/2016 | Rogue One,2016-07-01T00:00:00Z,entertainment-weekly-1421-2016-07-01-rogue-one,https://archive.org/details/entertainment-weekly-1421-2016-07-01-rogue-one
Entertainment Weekly,Entertainment Weekly #1422 | 07/15/2016 | Suicide Squad,2016-07-15T00:00:00Z,entertainment-weekly-1422-2016-07-15-cover-2,https://archive.org/details/entertainment-weekly-1422-2016-07-15-cover-2
Entertainment Weekly,Entertainment Weekly #1423/1424 | 07/22/2016 | Dark Tower,2016-07-22T00:00:00Z,entertainment-weekly-1423-1424-2016-07-22,https://archive.org/details/entertainment-weekly-1423-1424-2016-07-22
Entertainment Weekly,ENTERTAINMENT WEEKLY The Ultimate Guide to The Walking Dead,2016-10-14T00:00:00Z,isbn_9781683304494,https://archive.org/details/isbn_9781683304494
Entertainment Weekly,Painter Puts An Artistic Touch To Georgia Straight's Macbeth Cover Georgia Straight Vancouver's News & Entertainment Weekly,2017-01-27T00:00:00Z,painter-puts-an-artistic-touch-to-georgia-straights-macbeth-cover-georgia-straig,https://archive.org/details/painter-puts-an-artistic-touch-to-georgia-straights-macbeth-cover-georgia-straig
Entertainment Weekly,Entertainment Weekly #1460/1461 | 04/07/2017 | Buffy #2,2017-04-07T00:00:00Z,entertainment-weekly-1460-1460-2017-04-07-2-a-b,https://archive.org/details/entertainment-weekly-1460-1460-2017-04-07-2-a-b
Entertainment Weekly,Entertainment Weekly #1477 | 8/11/2017 | Will & Grace,2017-08-11T00:00:00Z,entertainment-weekly-1477-2017-08-11-c,https://archive.org/details/entertainment-weekly-1477-2017-08-11-c
Entertainment Weekly,Entertainment Weekly #1553/1554 | 03/15/2019 | Game of Thrones Cover 1,2019-03-15T00:00:00Z,entertainment-weekly-1553-1554-2019-03-15-01,https://archive.org/details/entertainment-weekly-1553-1554-2019-03-15-01
Entertainment Weekly,Entertainment Weekly #1553/1554 | 03/15/2019 | Game of Thrones Cover 12,2019-03-15T00:00:00Z,ew-1553-1554-2019-03-15-12,https://archive.org/details/ew-1553-1554-2019-03-15-12
Entertainment Weekly,Entertainment Weekly #1553/1554 | 03/15/2019 | Game of Thrones Cover 14,2019-03-15T00:00:00Z,ew-1553-1554-2019-03-15-14,https://archive.org/details/ew-1553-1554-2019-03-15-14
Entertainment Weekly,Entertainment Weekly #1553/1554 | 03/15/2019 | Game of Thrones Cover 16,2019-03-15T00:00:00Z,ew-1553-1554-2019-03-15-16,https://archive.org/details/ew-1553-1554-2019-03-15-16
Entertainment Weekly,Entertainment Weekly #1553/1554 | 03/15/2019 | Game of Thrones Cover 3,2019-03-15T00:00:00Z,ew-1553-1554-2019-03-15-03,https://archive.org/details/ew-1553-1554-2019-03-15-03
Entertainment Weekly,Entertainment Weekly #1553/1554 | 03/15/2019 | Game of Thrones Cover 4,2019-03-15T00:00:00Z,ew-1553-1554-2019-03-15-04,https://archive.org/details/ew-1553-1554-2019-03-15-04
Entertainment Weekly,Entertainment Weekly #1553/1554 | 03/15/2019 | Game of Thrones Cover 5,2019-03-15T00:00:00Z,ew-1553-1554-2019-03-15-05,https://archive.org/details/ew-1553-1554-2019-03-15-05
Entertainment Weekly,Entertainment Weekly #1553/1554 | 03/15/2019 | Game of Thrones Cover 9,2019-03-15T00:00:00Z,ew-1553-1554-2019-03-15-09,https://archive.org/details/ew-1553-1554-2019-03-15-09
Entertainment Weekly,entertainment weekly media kit,2021-10-18T00:00:00Z,entertainment-weekly-media-kit,https://archive.org/details/entertainment-weekly-media-kit
Entertainment Weekly,entertainment weekly ad specs,2021-12-07T00:00:00Z,entertainment-weekly-ad-specs,https://archive.org/details/entertainment-weekly-ad-specs
MAD Magazine,,1953-12-31,mad_magazine_1953,https://archive.org/details/mad_magazine_1953
MAD Magazine,,1954-12-31,mad_magazine_1954,https://archive.org/details/mad_magazine_1954
MAD Magazine,,1955-12-31,mad_magazine_1955,https://archive.org/details/mad_magazine_1955
MAD Magazine,,1956-07-01,MadMagazine028,https://archive.org/details/MadMagazine028
MAD Magazine,,1956-12-13,mad-magazine-1956,https://archive.org/details/mad-magazine-1956
MAD Magazine,,1957-12-16,mad-magazine-1957,https://archive.org/details/mad-magazine-1957
MAD Magazine,,1958-12-20,mad-magazine-1958,https://archive.org/details/mad-magazine-1958
MAD Magazine,,1959-12-07,mad-magazine-1959,https://archive.org/details/mad-magazine-1959
MAD Magazine,,1961-05-01,mad-magazine-more-trash-from-mad-004-1961,https://archive.org/details/mad-magazine-more-trash-from-mad-004-1961
MAD Magazine,,1962-12-17,mad-magazine-1962,https://archive.org/details/mad-magazine-1962
MAD Magazine,,1963-01-01,myfile_201805,https://archive.org/details/myfile_201805
MAD Magazine,,1963-12-18,mad-magazine-1963,https://archive.org/details/mad-magazine-1963
MAD Magazine,,1964-10-15,mad-magazine-090-1964,https://archive.org/details/mad-magazine-090-1964
MAD Magazine,,1965-01-03,mad-43-man-squamish-mad-095,https://archive.org/details/mad-43-man-squamish-mad-095
MAD Magazine,,1965-01-03,mad-fold-in-mad-095-a,https://archive.org/details/mad-fold-in-mad-095-a
MAD Magazine,,1965-06-05,mad-magazine-follies-003-1965,https://archive.org/details/mad-magazine-follies-003-1965
MAD Magazine,,1965-07-01,mad-magazine-annual-worst-008-1965,https://archive.org/details/mad-magazine-annual-worst-008-1965
MAD Magazine,,1965-12-17,mad-magazine-1965,https://archive.org/details/mad-magazine-1965
MAD Magazine,,1966-12-12,mad-magazine-1966,https://archive.org/details/mad-magazine-1966
MAD Magazine,,1967-06-01,mad-magazine-111-1967,https://archive.org/details/mad-magazine-111-1967
MAD Magazine,,1967-06-01,mad-magazine-follies-005-1967,https://archive.org/details/mad-magazine-follies-005-1967
MAD Magazine,,1967-12-10,mad-magazine-1967,https://archive.org/details/mad-magazine-1967
MAD Magazine,,1968-12-01,mad-magazine-123-1968,https://archive.org/details/mad-magazine-123-1968
MAD Magazine,,1969-01-01,mad-magazine-124-1969,https://archive.org/details/mad-magazine-124-1969
MAD Magazine,,1969-12-09,mad-magazine-1969,https://archive.org/details/mad-magazine-1969
MAD Magazine,,1970-10-01,mad-magazine-138-1970,https://archive.org/details/mad-magazine-138-1970
MAD Magazine,,1970-12-13,mad-magazine-1970,https://archive.org/details/mad-magazine-1970
MAD Magazine,,1971-09-01,mad-magazine-special-005-1971,https://archive.org/details/mad-magazine-special-005-1971
MAD Magazine,,1972-06-01,mad-magazine-special-008-1972,https://archive.org/details/mad-magazine-special-008-1972
MAD Magazine,,1972-08-01,mad-magazine-special-009-1972,https://archive.org/details/mad-magazine-special-009-1972
MAD Magazine,,1972-09-01,mad-magazine-153-1972,https://archive.org/details/mad-magazine-153-1972
MAD Magazine,,1973-01-01,mad-magazine-156-1973,https://archive.org/details/mad-magazine-156-1973
MAD Magazine,,1973-03-01,mad-magazine-157-1973,https://archive.org/details/mad-magazine-157-1973
MAD Magazine,,1973-06-01,mad-magazine-159-1973,https://archive.org/details/mad-magazine-159-1973
MAD Magazine,,1973-06-01,mad-magazine-super-special-011-1973,https://archive.org/details/mad-magazine-super-special-011-1973
MAD Magazine,,1973-06-01,mad-magazine-super-special-011-1973-rescan,https://archive.org/details/mad-magazine-super-special-011-1973-rescan
MAD Magazine,,1973-09-01,mad-magazine-161-1973,https://archive.org/details/mad-magazine-161-1973
MAD Magazine,,1973-10-01,mad-magazine-162-1973,https://archive.org/details/mad-magazine-162-1973
MAD Magazine,,1973-12-01,mad-magazine-163-1973,https://archive.org/details/mad-magazine-163-1973
MAD Magazine,,1974-01-01,mad-magazine-164-1974,https://archive.org/details/mad-magazine-164-1974
MAD Magazine,,1974-04-01,mad-magazine-166-1974,https://archive.org/details/mad-magazine-166-1974
MAD Magazine,,1974-06-01,mad-magazine-super-special-014-1974,https://archive.org/details/mad-magazine-super-special-014-1974
MAD Magazine,,1974-06-30,mad-magazine-super-special-013-1974,https://archive.org/details/mad-magazine-super-special-013-1974
MAD Magazine,,1974-07-01,mad-magazine-168-1974,https://archive.org/details/mad-magazine-168-1974
MAD Magazine,,1974-09-01,mad-magazine-169-1974,https://archive.org/details/mad-magazine-169-1974
MAD Magazine,,1974-10-01,mad-magazine-170-1974,https://archive.org/details/mad-magazine-170-1974
MAD Magazine,,1974-12-01,mad-magazine-171-1974,https://archive.org/details/mad-magazine-171-1974
MAD Magazine,,1975-01-01,mad-magazine-172-1975,https://archive.org/details/mad-magazine-172-1975
MAD Magazine,,1975-03-01,mad-magazine-173-1975,https://archive.org/details/mad-magazine-173-1975
MAD Magazine,,1975-06-01,mad-magazine-super-special-017-1975,https://archive.org/details/mad-magazine-super-special-017-1975
MAD Magazine,,1975-06-01,mad-magazine-super-special-018-1975,https://archive.org/details/mad-magazine-super-special-018-1975
MAD Magazine,,1975-06-30,mad-magazine-super-special-016-1975_202204,https://archive.org/details/mad-magazine-super-special-016-1975_202204
MAD Magazine,,1975-07-01,mad-magazine-176-1975,https://archive.org/details/mad-magazine-176-1975
MAD Magazine,,1975-09-01,mad-magazine-177-1975,https://archive.org/details/mad-magazine-177-1975
MAD Magazine,,1975-10-01,mad-magazine-178-1975,https://archive.org/details/mad-magazine-178-1975
MAD Magazine,,1975-12-01,mad-magazine-174-1975,https://archive.org/details/mad-magazine-174-1975
MAD Magazine,,1975-12-01,mad-magazine-179-1975,https://archive.org/details/mad-magazine-179-1975
MAD Magazine,,1976-01-01,mad-magazine-180-1976,https://archive.org/details/mad-magazine-180-1976
MAD Magazine,,1976-01-31,mad-magazine-super-special-019-1976,https://archive.org/details/mad-magazine-super-special-019-1976
MAD Magazine,,1976-02-15,mad-magazine-super-special-022-1976,https://archive.org/details/mad-magazine-super-special-022-1976
MAD Magazine,,1976-03-01,mad-magazine-181-1976,https://archive.org/details/mad-magazine-181-1976
MAD Magazine,,1976-04-01,mad-magazine-182-1976,https://archive.org/details/mad-magazine-182-1976
MAD Magazine,,1976-06-01,mad-magazine-183-1976,https://archive.org/details/mad-magazine-183-1976
MAD Magazine,,1976-06-01,mad-magazine-issue-183-june-1976,https://archive.org/details/mad-magazine-issue-183-june-1976
MAD Magazine,,1976-06-01,mad-magazine-super-special-020-1976,https://archive.org/details/mad-magazine-super-special-020-1976
MAD Magazine,,1976-07-01,mad-magazine-184-1976,https://archive.org/details/mad-magazine-184-1976
MAD Magazine,,1976-09-01,mad-magazine-185-1976,https://archive.org/details/mad-magazine-185-1976
MAD Magazine,,1976-10-01,mad-magazine-186-1976,https://archive.org/details/mad-magazine-186-1976
MAD Magazine,,1976-12-01,mad-magazine-187-1976,https://archive.org/details/mad-magazine-187-1976
MAD Magazine,,1977-04-01,mad-magazine-190-1977,https://archive.org/details/mad-magazine-190-1977
MAD Magazine,,1977-09-01,british-mad-185,https://archive.org/details/british-mad-185
MAD Magazine,,1977-11-01,mad-magazine-super-special-024-1977,https://archive.org/details/mad-magazine-super-special-024-1977
MAD Magazine,,1978-02-15,mad-magazine-super-special-027-1978,https://archive.org/details/mad-magazine-super-special-027-1978
MAD Magazine,,1978-04-01,british-mad-192,https://archive.org/details/british-mad-192
MAD Magazine,,1978-06-01,mad-magazine-199-1978,https://archive.org/details/mad-magazine-199-1978
MAD Magazine,,1978-06-30,mad-magazine-super-special-025-1978,https://archive.org/details/mad-magazine-super-special-025-1978
MAD Magazine,,1979-12-15,mad-magazine-super-special-029-1979,https://archive.org/details/mad-magazine-super-special-029-1979
MAD Magazine,,1980-01-01,mexican-mad-v1-29,https://archive.org/details/mexican-mad-v1-29
MAD Magazine,,1980-01-15,mad-magazine-super-special-033-1980-rescan,https://archive.org/details/mad-magazine-super-special-033-1980-rescan
MAD Magazine,,1980-01-15,mad-magazine-super-special-033-winter-1980,https://archive.org/details/mad-magazine-super-special-033-winter-1980
MAD Magazine,,1980-04-15,mad-magazine-super-special-030-1980,https://archive.org/details/mad-magazine-super-special-030-1980
MAD Magazine,,1980-07-01,mad-magazine-216-1980,https://archive.org/details/mad-magazine-216-1980
MAD Magazine,,1980-09-01,argentinian-mad-42,https://archive.org/details/argentinian-mad-42
MAD Magazine,,1980-10-01,mad-magazine-218-1980,https://archive.org/details/mad-magazine-218-1980
MAD Magazine,,1981-01-01,mad-magazine-220-1981,https://archive.org/details/mad-magazine-220-1981
MAD Magazine,,1981-03-01,mad-magazine-super-special-034-1981,https://archive.org/details/mad-magazine-super-special-034-1981
MAD Magazine,,1981-08-01,british-mad-232,https://archive.org/details/british-mad-232
MAD Magazine,,1981-09-30,mad-magazine-super-special-036-1981,https://archive.org/details/mad-magazine-super-special-036-1981
MAD Magazine,,1981-10-01,mad-magazine-226-1981,https://archive.org/details/mad-magazine-226-1981
MAD Magazine,,1981-11-01,french-mad-2,https://archive.org/details/french-mad-2
MAD Magazine,,1981-12-01,french-mad-3,https://archive.org/details/french-mad-3
MAD Magazine,,1981-12-01,mad-magazine-super-special-037-1981,https://archive.org/details/mad-magazine-super-special-037-1981
MAD Magazine,,1982-06-01,british-mad-242,https://archive.org/details/british-mad-242
MAD Magazine,,1982-08-01,british-mad-244,https://archive.org/details/british-mad-244
MAD Magazine,,1982-09-01,mad-magazine-super-special-040-1982,https://archive.org/details/mad-magazine-super-special-040-1982
MAD Magazine,,1983-03-15,mad-magazine-super-special-046-1984,https://archive.org/details/mad-magazine-super-special-046-1984
MAD Magazine,,1983-12-01,german-mad-v1-176,https://archive.org/details/german-mad-v1-176
MAD Magazine,,1983-12-15,mad-magazine-super-special-045-1983,https://archive.org/details/mad-magazine-super-special-045-1983
MAD Magazine,,1984-02-01,dutch-mad-v1-158,https://archive.org/details/dutch-mad-v1-158
MAD Magazine,,1984-05-01,dutch-mad-v1-160,https://archive.org/details/dutch-mad-v1-160
MAD Magazine,,1984-05-01,dutch-mad-v1-161,https://archive.org/details/dutch-mad-v1-161
MAD Magazine,,1984-06-15,mad-magazine-super-special-047-1984,https://archive.org/details/mad-magazine-super-special-047-1984
MAD Magazine,,1984-09-15,mad-magazine-super-special-048-1984,https://archive.org/details/mad-magazine-super-special-048-1984
MAD Magazine,,1984-10-01,british-mad-270,https://archive.org/details/british-mad-270
MAD Magazine,,1985-03-01,british-mad-275,https://archive.org/details/british-mad-275
MAD Magazine,,1985-03-01,dutch-mad-v1-171,https://archive.org/details/dutch-mad-v1-171
MAD Magazine,,1985-06-01,british-mad-278,https://archive.org/details/british-mad-278
MAD Magazine,,1985-06-01,mad-magazine-255-1985_202310,https://archive.org/details/mad-magazine-255-1985_202310
MAD Magazine,,1985-06-15,mad-magazine-super-special-051-1985,https://archive.org/details/mad-magazine-super-special-051-1985
MAD Magazine,,1985-07-01,dutch-mad-v1-174,https://archive.org/details/dutch-mad-v1-174
MAD Magazine,,1985-08-01,dutch-mad-v1-175,https://archive.org/details/dutch-mad-v1-175
MAD Magazine,,1985-09-01,dutch-mad-v1-176,https://archive.org/details/dutch-mad-v1-176
MAD Magazine,,1985-09-01,mad-magazine-super-special-052-1985,https://archive.org/details/mad-magazine-super-special-052-1985
MAD Magazine,,1985-09-01,mad-magazine-super-special-052-1985-rescan,https://archive.org/details/mad-magazine-super-special-052-1985-rescan
MAD Magazine,,1985-11-01,dutch-mad-v1-178,https://archive.org/details/dutch-mad-v1-178
MAD Magazine,,1986-01-01,dutch-mad-v1-179,https://archive.org/details/dutch-mad-v1-179
MAD Magazine,,1986-02-01,dutch-mad-v1-180,https://archive.org/details/dutch-mad-v1-180
MAD Magazine,,1986-03-01,dutch-mad-v1-181,https://archive.org/details/dutch-mad-v1-181
MAD Magazine,,1986-04-01,dutch-mad-v1-182,https://archive.org/details/dutch-mad-v1-182
MAD Magazine,,1986-06-01,dutch-mad-v1-184,https://archive.org/details/dutch-mad-v1-184
MAD Magazine,,1986-06-15,mad-magazine-super-special-055-1986,https://archive.org/details/mad-magazine-super-special-055-1986
MAD Magazine,,1986-10-01,british-mad-294,https://archive.org/details/british-mad-294
MAD Magazine,,1986-12-15,mad-magazine-super-special-057-1986,https://archive.org/details/mad-magazine-super-special-057-1986
MAD Magazine,,1987-01-01,dutch-mad-v1-189,https://archive.org/details/dutch-mad-v1-189
MAD Magazine,,1987-03-01,dutch-mad-v1-191,https://archive.org/details/dutch-mad-v1-191
MAD Magazine,,1987-03-01,mad-magazine-super-special-058-1987,https://archive.org/details/mad-magazine-super-special-058-1987
MAD Magazine,,1987-07-01,british-mad-303,https://archive.org/details/british-mad-303
MAD Magazine,,1987-08-01,dutch-mad-v1-195,https://archive.org/details/dutch-mad-v1-195
MAD Magazine,,1987-09-01,dutch-mad-v1-196,https://archive.org/details/dutch-mad-v1-196
MAD Magazine,,1987-10-01,dutch-mad-v1-197,https://archive.org/details/dutch-mad-v1-197
MAD Magazine,,1988-01-01,dutch-mad-v1-199,https://archive.org/details/dutch-mad-v1-199
MAD Magazine,,1988-03-01,dutch-mad-v1-201,https://archive.org/details/dutch-mad-v1-201
MAD Magazine,,1988-05-01,dutch-mad-v1-203,https://archive.org/details/dutch-mad-v1-203
MAD Magazine,,1988-08-01,dutch-mad-v1-205,https://archive.org/details/dutch-mad-v1-205
MAD Magazine,,1988-09-01,mad-206,https://archive.org/details/mad-206
MAD Magazine,,1988-10-01,dutch-mad-v1-207,https://archive.org/details/dutch-mad-v1-207
MAD Magazine,,1988-11-01,dutch-mad-v1-208,https://archive.org/details/dutch-mad-v1-208
MAD Magazine,,1989-01-01,dutch-mad-v1-209,https://archive.org/details/dutch-mad-v1-209
MAD Magazine,,1989-03-01,dutch-mad-v1-211,https://archive.org/details/dutch-mad-v1-211
MAD Magazine,,1989-04-01,dutch-mad-v1-212,https://archive.org/details/dutch-mad-v1-212
MAD Magazine,,1989-06-01,mad-magazine-u.-s.-issue-287-june-1989_202304,https://archive.org/details/mad-magazine-u.-s.-issue-287-june-1989_202304
MAD Magazine,,1989-11-01,mad-magazine-super-special-069-1989,https://archive.org/details/mad-magazine-super-special-069-1989
MAD Magazine,,1990-03-15,mad-magazine-super-special-070-1990,https://archive.org/details/mad-magazine-super-special-070-1990
MAD Magazine,,1990-09-01,mad-magazine-super-special-072-1990,https://archive.org/details/mad-magazine-super-special-072-1990
MAD Magazine,,1990-09-01,mad-magazine-super-special-072-1990-rescan,https://archive.org/details/mad-magazine-super-special-072-1990-rescan
MAD Magazine,,1991-09-01,mad-magazine-305-1991,https://archive.org/details/mad-magazine-305-1991
MAD Magazine,,1992-05-01,mad-magazine-super-special-081-1992,https://archive.org/details/mad-magazine-super-special-081-1992
MAD Magazine,,1992-05-01,mad-magazine-super-special-081-1992-rescan,https://archive.org/details/mad-magazine-super-special-081-1992-rescan
MAD Magazine,,1993-01-01,mad-magazine-super-special-085-1993,https://archive.org/details/mad-magazine-super-special-085-1993
MAD Magazine,,1993-01-01,mad-magazine-super-special-085-1993-rescan,https://archive.org/details/mad-magazine-super-special-085-1993-rescan
MAD Magazine,,1993-01-01,mexican-mad-v3-08,https://archive.org/details/mexican-mad-v3-08
MAD Magazine,,1994-09-01,mad-magazine-super-special-099-1994,https://archive.org/details/mad-magazine-super-special-099-1994
MAD Magazine,,1995-01-01,mad-magazine-super-special-101-1995,https://archive.org/details/mad-magazine-super-special-101-1995
MAD Magazine,,1995-03-01,mad-magazine-super-special-102-1995,https://archive.org/details/mad-magazine-super-special-102-1995
MAD Magazine,,1995-06-01,mad-magazine-super-special-104-1995,https://archive.org/details/mad-magazine-super-special-104-1995
MAD Magazine,,1995-07-01,mad-magazine-super-special-105-1995,https://archive.org/details/mad-magazine-super-special-105-1995
MAD Magazine,,1995-10-01,mad-magazine-super-special-107-1995,https://archive.org/details/mad-magazine-super-special-107-1995
MAD Magazine,,2003-09-17,mad_magazine_vs_the_fbi_2003,https://archive.org/details/mad_magazine_vs_the_fbi_2003
MAD Magazine,,2004-04-01,11_20240610,https://archive.org/details/11_20240610
MAD Magazine,,2007-05-01,german-mad-v2-104,https://archive.org/details/german-mad-v2-104
MAD Magazine,,2008-05-01,german-mad-v2-116,https://archive.org/details/german-mad-v2-116
MAD Magazine,,2009-10-01,mad-501-oct-2009,https://archive.org/details/mad-501-oct-2009
MAD Magazine,,2012-02-01,mad-magazine-513-february-2012,https://archive.org/details/mad-magazine-513-february-2012
MAD Magazine,,2012-06-01,mad-515-june-2012,https://archive.org/details/mad-515-june-2012
MAD Magazine,,2013-02-01,mad-519-feb-2013,https://archive.org/details/mad-519-feb-2013
MAD Magazine,,2021-03-07,s-l-1600-4_202103,https://archive.org/details/s-l-1600-4_202103
MAD Magazine,,2021-06-27,mad_magazine_collection,https://archive.org/details/mad_magazine_collection
MAD Magazine,,2021-06-27,mad_magazine_collection4,https://archive.org/details/mad_magazine_collection4
MAD Magazine,,2021-08-03,mad-magazine-2018-2021-issue-01-20,https://archive.org/details/mad-magazine-2018-2021-issue-01-20
MAD Magazine,,2021-08-03,mad-magazine-extra-books-and-issues,https://archive.org/details/mad-magazine-extra-books-and-issues
MAD Magazine,,2021-08-03,mad-magazine-random-uk-issues,https://archive.org/details/mad-magazine-random-uk-issues
MAD Magazine,,2021-08-03,mad-magazine-spy-vs-spy-collection,https://archive.org/details/mad-magazine-spy-vs-spy-collection
MAD Magazine,,2021-08-11,mad-april-2008-issue-by-editors-of-mad-magazine-z-lib.org,https://archive.org/details/mad-april-2008-issue-by-editors-of-mad-magazine-z-lib.org
MAD Magazine,,2021-08-13,mad-april-2008-issue-by-editors-of-mad-magazine-z-lib.org_202108,https://archive.org/details/mad-april-2008-issue-by-editors-of-mad-magazine-z-lib.org_202108
MAD Magazine,,2021-08-13,mad-magazine-march-2008-by-editors-of-mad-magazine-z-lib.org_202108,https://archive.org/details/mad-magazine-march-2008-by-editors-of-mad-magazine-z-lib.org_202108
MAD Magazine,,2021-08-13,mad-magazine-march-2008-pgs-27-29-why-bus-wants-global-warming_202108,https://archive.org/details/mad-magazine-march-2008-pgs-27-29-why-bus-wants-global-warming_202108
MAD Magazine,,2021-08-13,mad-magazine-may-2008-by-editors-of-mad-magazine-z-lib.org_202108,https://archive.org/details/mad-magazine-may-2008-by-editors-of-mad-magazine-z-lib.org_202108
MAD Magazine,,2021-08-16,mad-magazine-special-008-1972_202108,https://archive.org/details/mad-magazine-special-008-1972_202108
MAD Magazine,,2021-08-16,mad-magazine-special-009-1972_202108,https://archive.org/details/mad-magazine-special-009-1972_202108
MAD Magazine,,2021-08-16,mad-magazine-super-special-072-1990_202108,https://archive.org/details/mad-magazine-super-special-072-1990_202108
MAD Magazine,,2022-12-01,mad-magazine-028-2022,https://archive.org/details/mad-magazine-028-2022
MAD Magazine,,2023-06-01,mad-magazine-031-2023,https://archive.org/details/mad-magazine-031-2023
MAD Magazine,,2023-06-03,mad-magazine-1-500_202306,https://archive.org/details/mad-magazine-1-500_202306
MAD Magazine,,2023-08-01,mad-magazine-032-2023,https://archive.org/details/mad-magazine-032-2023
MAD Magazine,,2023-11-01,mad-magazine-034-2023,https://archive.org/details/mad-magazine-034-2023
MAD Magazine,,2024-03-01,mad-magazine-036-2024,https://archive.org/details/mad-magazine-036-2024
MAD Magazine,,2024-03-19,mad_magazine_046_apr_1959_images,https://archive.org/details/mad_magazine_046_apr_1959_images
MAD Magazine,,2024-05-01,mad-magazine-037-2024,https://archive.org/details/mad-magazine-037-2024
MAD Magazine,,2024-05-28,mad-archive_202405,https://archive.org/details/mad-archive_202405
MAD Magazine,,2024-06-08,mad_magazine_166_apr_1974_images,https://archive.org/details/mad_magazine_166_apr_1974_images
MAD Magazine,,2024-09-01,mad-magazine-039-2024,https://archive.org/details/mad-magazine-039-2024
MAD Magazine,,2025-01-01,mad-magazine-041-2025,https://archive.org/details/mad-magazine-041-2025
MAD Magazine,,2025-02-03,mag-mad-magazine-july-95,https://archive.org/details/mag-mad-magazine-july-95
MAD Magazine,,2025-02-08,mad_magazine_341_dec_1995_images,https://archive.org/details/mad_magazine_341_dec_1995_images
MAD Magazine,,2025-02-16,mad_magazine_359_jul_1997_images,https://archive.org/details/mad_magazine_359_jul_1997_images
MAD Magazine,,2025-03-01,mad-magazine-042-2025,https://archive.org/details/mad-magazine-042-2025
MAD Magazine,,2025-06-01,mad-magazine-043-2025,https://archive.org/details/mad-magazine-043-2025
MAD Magazine,,2025-10-01,mad-magazine-045-2025,https://archive.org/details/mad-magazine-045-2025
MAD Magazine,,2025-12-01,mad-magazine-046-2025,https://archive.org/details/mad-magazine-046-2025
MAD Magazine,,2026-01-01,mad-magazine-047-2025,https://archive.org/details/mad-magazine-047-2025
MAD Magazine,,2078-01-01,,https://babel.hathitrust.org/cgi/pt?id=uiug.30112078778005
MAD Magazine,,2078-01-01,,https://babel.hathitrust.org/cgi/pt?id=uiug.30112078778013
MAD Magazine,1987 Mad Magazine Celebrity HeadBalls Back Cover,,1987-03-mad-head-269-02,https://archive.org/details/1987-03-mad-head-269-02
MAD Magazine,Arbor Day (Mad Magazine Slasher Film Parody),,arbor-day-mad-magazine-slasher-film-parody_20230107,https://archive.org/details/arbor-day-mad-magazine-slasher-film-parody_20230107
MAD Magazine,MAD Magazine Issue 534 August 2015,,MAD_Magazine_Issue_534_August_2015,https://archive.org/details/MAD_Magazine_Issue_534_August_2015
MAD Magazine,Mad Magazine (1 - 500),,mad-magazine-1-500,https://archive.org/details/mad-magazine-1-500
MAD Magazine,Mad Magazine March 2008 Pgs 27 29 Why Bus Wants Global Warming,,mad-magazine-march-2008-pgs-27-29-why-bus-wants-global-warming,https://archive.org/details/mad-magazine-march-2008-pgs-27-29-why-bus-wants-global-warming
MAD Magazine,Mad Magazine May 2008 By Editors Of MAD Magazine (z Lib.org),,mad-magazine-may-2008-by-editors-of-mad-magazine-z-lib.org,https://archive.org/details/mad-magazine-may-2008-by-editors-of-mad-magazine-z-lib.org
MAD Magazine,The MAD Magazine Game Manual,,the-mad-magazine-game-manual,https://archive.org/details/the-mad-magazine-game-manual
MAD Magazine,''MAD Magazine'' The 1950s,1950-01-01T00:00:00Z,mad-the-1950s,https://archive.org/details/mad-the-1950s
MAD Magazine,MAD Magazine #001-002 (1952) Mad Comics,1952-10-01T00:00:00Z,mad-magazine-002-1952-mad-comics,https://archive.org/details/mad-magazine-002-1952-mad-comics
MAD Magazine,mad_magazine_003_feb_1953,1953-02-01T00:00:00Z,mad_magazine_003_feb_1953,https://archive.org/details/mad_magazine_003_feb_1953
MAD Magazine,mad_magazine_004_apr_1953,1953-04-01T00:00:00Z,mad_magazine_004_apr_1953,https://archive.org/details/mad_magazine_004_apr_1953
MAD Magazine,mad_magazine_013_jul_1954,1954-07-01T00:00:00Z,mad_magazine_013_jul_1954,https://archive.org/details/mad_magazine_013_jul_1954
MAD Magazine,mad_magazine_017_nov_1954,1954-11-01T00:00:00Z,mad_magazine_017_nov_1954,https://archive.org/details/mad_magazine_017_nov_1954
MAD Magazine,mad_magazine_019_jan_1955,1955-01-01T00:00:00Z,mad_magazine_019_jan_1955,https://archive.org/details/mad_magazine_019_jan_1955
MAD Magazine,mad_magazine_023_may_1955,1955-05-01T00:00:00Z,mad_magazine_023_may_1955,https://archive.org/details/mad_magazine_023_may_1955
MAD Magazine,mad_magazine_026_nov_1955,1955-10-01T00:00:00Z,mad_magazine_026_nov_1955,https://archive.org/details/mad_magazine_026_nov_1955
MAD Magazine,mad_magazine_032_apr_1957,1957-04-01T00:00:00Z,mad_magazine_032_apr_1957,https://archive.org/details/mad_magazine_032_apr_1957
MAD Magazine,mad_magazine_034_aug_1957,1957-08-01T00:00:00Z,mad_magazine_034_aug_1957,https://archive.org/details/mad_magazine_034_aug_1957
MAD Magazine,mad_magazine_007_oct_1953,1957-10-01T00:00:00Z,mad_magazine_007_oct_1953,https://archive.org/details/mad_magazine_007_oct_1953
MAD Magazine,mad_magazine_035_oct_1957,1957-10-01T00:00:00Z,mad_magazine_035_oct_1957,https://archive.org/details/mad_magazine_035_oct_1957
MAD Magazine,mad_magazine_037_jan_1958,1958-01-01T00:00:00Z,mad_magazine_037_jan_1958,https://archive.org/details/mad_magazine_037_jan_1958
MAD Magazine,mad_magazine_038_mar_1958,1958-03-01T00:00:00Z,mad_magazine_038_mar_1958,https://archive.org/details/mad_magazine_038_mar_1958
MAD Magazine,mad_magazine_040_jul_1958,1958-07-01T00:00:00Z,mad_magazine_040_jul_1958,https://archive.org/details/mad_magazine_040_jul_1958
MAD Magazine,mad_magazine_041_sep_1958,1958-09-01T00:00:00Z,mad_magazine_041_sep_1958,https://archive.org/details/mad_magazine_041_sep_1958
MAD Magazine,mad_magazine_042_nov_1958,1958-11-01T00:00:00Z,mad_magazine_042_nov_1958,https://archive.org/details/mad_magazine_042_nov_1958
MAD Magazine,mad_magazine_043_dec_1958,1958-12-01T00:00:00Z,mad_magazine_043_dec_1958_202205,https://archive.org/details/mad_magazine_043_dec_1958_202205
MAD Magazine,mad_magazine_044_jan_1959,1959-01-01T00:00:00Z,mad_magazine_044_jan_1959,https://archive.org/details/mad_magazine_044_jan_1959
MAD Magazine,mad_magazine_045_mar_1959,1959-03-01T00:00:00Z,mad_magazine_045_mar_1959,https://archive.org/details/mad_magazine_045_mar_1959
MAD Magazine,mad_magazine_047_jun_1959,1959-06-01T00:00:00Z,mad_magazine_047_jun_1959,https://archive.org/details/mad_magazine_047_jun_1959
MAD Magazine,mad_magazine_048_jul_1959,1959-07-01T00:00:00Z,mad_magazine_048_jul_1959,https://archive.org/details/mad_magazine_048_jul_1959
MAD Magazine,mad_magazine_049_sep_1959,1959-09-01T00:00:00Z,mad_magazine_049_sep_1959,https://archive.org/details/mad_magazine_049_sep_1959
MAD Magazine,mad_magazine_050_oct_1959,1959-10-01T00:00:00Z,mad_magazine_050_oct_1959_202205,https://archive.org/details/mad_magazine_050_oct_1959_202205
MAD Magazine,mad_magazine_051_dec_1959,1959-12-01T00:00:00Z,mad_magazine_051_dec_1959,https://archive.org/details/mad_magazine_051_dec_1959
MAD Magazine,mad_magazine_055_jun_1960,1960-06-01T00:00:00Z,mad_magazine_055_jun_1960,https://archive.org/details/mad_magazine_055_jun_1960
MAD Magazine,mad_magazine_058_oct_1960,1960-10-01T00:00:00Z,mad_magazine_058_oct_1960,https://archive.org/details/mad_magazine_058_oct_1960
MAD Magazine,mad_magazine_059_dec_1960,1960-12-01T00:00:00Z,mad_magazine_059_dec_1960,https://archive.org/details/mad_magazine_059_dec_1960
MAD Magazine,MAD Magazine 1960,1960-12-08T00:00:00Z,mad-magazine-1960,https://archive.org/details/mad-magazine-1960
MAD Magazine,mad_magazine_060_jan_1961,1961-01-01T00:00:00Z,mad_magazine_60_jan_1961_202205,https://archive.org/details/mad_magazine_60_jan_1961_202205
MAD Magazine,mad_magazine_061_mar_1961,1961-03-01T00:00:00Z,mad_magazine_061_mar_1961,https://archive.org/details/mad_magazine_061_mar_1961
MAD Magazine,mad_magazine_063_jun_1961,1961-06-01T00:00:00Z,mad_magazine_063_jun_1961,https://archive.org/details/mad_magazine_063_jun_1961
MAD Magazine,mad_magazine_065_sep_1961,1961-09-01T00:00:00Z,mad_magazine_065_sep_1961,https://archive.org/details/mad_magazine_065_sep_1961
MAD Magazine,mad_magazine_067_dec_1961,1961-12-01T00:00:00Z,mad_magazine_067_dec_1961,https://archive.org/details/mad_magazine_067_dec_1961
MAD Magazine,MAD Magazine 1961,1961-12-19T00:00:00Z,mad-magazine-1961,https://archive.org/details/mad-magazine-1961
MAD Magazine,mad_magazine_070_apr_1962,1962-04-01T00:00:00Z,mad_magazine_070_apr_1962,https://archive.org/details/mad_magazine_070_apr_1962
MAD Magazine,mad_magazine_073_sep_1962,1962-09-01T00:00:00Z,mad_magazine_073_sep_1962,https://archive.org/details/mad_magazine_073_sep_1962
MAD Magazine,mad_magazine_075_dec_1962,1962-12-01T00:00:00Z,mad_magazine_075_dec_1962,https://archive.org/details/mad_magazine_075_dec_1962
MAD Magazine,mad_magazine_080_jul_1963,1963-07-01T00:00:00Z,mad_magazine_080_jul_1963,https://archive.org/details/mad_magazine_080_jul_1963
MAD Magazine,mad_magazine_081_sep_1963,1963-09-01T00:00:00Z,mad_magazine_081_sep_1963,https://archive.org/details/mad_magazine_081_sep_1963
MAD Magazine,mad_magazine_082_oct_1963,1963-10-01T00:00:00Z,mad_magazine_082_oct_1963,https://archive.org/details/mad_magazine_082_oct_1963
MAD Magazine,mad_magazine_084_jan_1964,1964-01-01T00:00:00Z,mad_magazine_084_jan_1964,https://archive.org/details/mad_magazine_084_jan_1964
MAD Magazine,mad_magazine_085_mar_1964,1964-03-01T00:00:00Z,mad_magazine_085_mar_1964,https://archive.org/details/mad_magazine_085_mar_1964
MAD Magazine,mad_magazine_086_apr_1964,1964-04-01T00:00:00Z,mad_magazine_086_apr_1964,https://archive.org/details/mad_magazine_086_apr_1964
MAD Magazine,mad_magazine_087_jun_1964,1964-06-01T00:00:00Z,mad_magazine_087_jun_1964,https://archive.org/details/mad_magazine_087_jun_1964
MAD Magazine,mad_magazine_088_jul_1964,1964-07-01T00:00:00Z,mad_magazine_088_jul_1964,https://archive.org/details/mad_magazine_088_jul_1964
MAD Magazine,mad_magazine_090_oct_1964,1964-10-01T00:00:00Z,mad_magazine_090_oct_1964,https://archive.org/details/mad_magazine_090_oct_1964
MAD Magazine,MAD Magazine 1964,1964-12-02T00:00:00Z,mad-magazine-1964,https://archive.org/details/mad-magazine-1964
MAD Magazine,mad_magazine_092_jan_1965,1965-01-01T00:00:00Z,mad_magazine_092_jan_1965,https://archive.org/details/mad_magazine_092_jan_1965
MAD Magazine,mad_magazine_097_sep_1965,1965-09-01T00:00:00Z,mad_magazine_097_sep_1965,https://archive.org/details/mad_magazine_097_sep_1965
MAD Magazine,mad_magazine_098_oct_1965,1965-10-01T00:00:00Z,mad_magazine_098_oct_1965,https://archive.org/details/mad_magazine_098_oct_1965
MAD Magazine,mad_magazine_099_dec_1965,1965-12-01T00:00:00Z,mad_magazine_099_dec_1965,https://archive.org/details/mad_magazine_099_dec_1965
MAD Magazine,mad_magazine_100_jan_1966,1966-01-01T00:00:00Z,mad_magazine_100_jan_1966_202210,https://archive.org/details/mad_magazine_100_jan_1966_202210
MAD Magazine,mad_magazine_101_mar_1966,1966-03-01T00:00:00Z,mad_magazine_101_mar_1966,https://archive.org/details/mad_magazine_101_mar_1966
MAD Magazine,mad_magazine_104_jul_1966,1966-07-01T00:00:00Z,mad_magazine_104_jul_1966,https://archive.org/details/mad_magazine_104_jul_1966
MAD Magazine,mad_magazine_106_oct_1966,1966-10-01T00:00:00Z,mad_magazine_106_oct_1966,https://archive.org/details/mad_magazine_106_oct_1966
MAD Magazine,mad_magazine_107_dec_1966,1966-12-01T00:00:00Z,mad_magazine_107_dec_1966,https://archive.org/details/mad_magazine_107_dec_1966
MAD Magazine,mad_magazine_109_mar_1967,1967-03-01T00:00:00Z,mad_magazine_109_mar_1967,https://archive.org/details/mad_magazine_109_mar_1967
MAD Magazine,mad_magazine_110_apr_1967,1967-04-01T00:00:00Z,mad_magazine_110_apr_1967,https://archive.org/details/mad_magazine_110_apr_1967
MAD Magazine,mad_magazine_111_jun_1967,1967-06-01T00:00:00Z,mad_magazine_111_jun_1967,https://archive.org/details/mad_magazine_111_jun_1967
MAD Magazine,mad_magazine_114_oct_1967,1967-10-01T00:00:00Z,mad_magazine_114_oct_1967,https://archive.org/details/mad_magazine_114_oct_1967
MAD Magazine,1968 Mad Magazine No 117 Cover,1968-01-01T00:00:00Z,1968-mad-117-cover,https://archive.org/details/1968-mad-117-cover
MAD Magazine,mad_magazine_116_jan_1968,1968-01-01T00:00:00Z,mad_magazine_116_jan_1968,https://archive.org/details/mad_magazine_116_jan_1968
MAD Magazine,mad_magazine_117_mar_1968,1968-03-01T00:00:00Z,mad_magazine_117_mar_1968,https://archive.org/details/mad_magazine_117_mar_1968
MAD Magazine,mad_magazine_122_oct_1968,1968-10-01T00:00:00Z,mad_magazine_122_oct_1968,https://archive.org/details/mad_magazine_122_oct_1968
MAD Magazine,mad_magazine_123_dec_1968,1968-12-01T00:00:00Z,mad_magazine_123_dec_1968,https://archive.org/details/mad_magazine_123_dec_1968
MAD Magazine,MAD Magazine 1968,1968-12-08T00:00:00Z,mad-magazine-1968,https://archive.org/details/mad-magazine-1968
MAD Magazine,mad_magazine_124_jan_1969,1969-01-01T00:00:00Z,mad_magazine_124_jan_1969,https://archive.org/details/mad_magazine_124_jan_1969
MAD Magazine,mad_magazine_125_mar_1969,1969-03-01T00:00:00Z,mad_magazine_125_mar_1969,https://archive.org/details/mad_magazine_125_mar_1969
MAD Magazine,mad_magazine_126_apr_1969,1969-04-01T00:00:00Z,mad_magazine_126_apr_1969,https://archive.org/details/mad_magazine_126_apr_1969
MAD Magazine,mad_magazine_127_jun_1969,1969-06-01T00:00:00Z,mad_magazine_127_jun_1969,https://archive.org/details/mad_magazine_127_jun_1969
MAD Magazine,mad_magazine_128_jul_1969,1969-07-01T00:00:00Z,mad_magazine_128_jul_1969,https://archive.org/details/mad_magazine_128_jul_1969
MAD Magazine,mad_magazine_129_sep_1969,1969-09-01T00:00:00Z,mad_magazine_129_sep_1969,https://archive.org/details/mad_magazine_129_sep_1969
MAD Magazine,mad_magazine_130_oct_1969,1969-10-01T00:00:00Z,mad_magazine_130_oct_1969,https://archive.org/details/mad_magazine_130_oct_1969
MAD Magazine,mad_magazine_131_dec_1969,1969-12-01T00:00:00Z,mad_magazine_131_dec_1969,https://archive.org/details/mad_magazine_131_dec_1969
MAD Magazine,mad_magazine_135_jun_1970,1970-06-01T00:00:00Z,mad_magazine_135_jun_1970,https://archive.org/details/mad_magazine_135_jun_1970
MAD Magazine,mad_magazine_137_sep_1970,1970-09-01T00:00:00Z,mad_magazine_137_sep_1970,https://archive.org/details/mad_magazine_137_sep_1970
MAD Magazine,mad_magazine_138_oct_1970,1970-10-01T00:00:00Z,mad_magazine_138_oct_1970,https://archive.org/details/mad_magazine_138_oct_1970
MAD Magazine,MAD Magazine 139 1970,1970-12-05T00:00:00Z,mad-magazine-139-1970,https://archive.org/details/mad-magazine-139-1970
MAD Magazine,mad_magazine_142_apr_1971,1971-04-01T00:00:00Z,mad_magazine_142_apr_1971,https://archive.org/details/mad_magazine_142_apr_1971
MAD Magazine,mad_magazine_144_jul_1971,1971-07-01T00:00:00Z,mad_magazine_144_jul_1971,https://archive.org/details/mad_magazine_144_jul_1971
MAD Magazine,MAD Magazine 145 1971,1971-09-01T00:00:00Z,mad-magazine-145-1971,https://archive.org/details/mad-magazine-145-1971
MAD Magazine,mad_magazine_145_sep_1971,1971-09-01T00:00:00Z,mad_magazine_145_sep_1971,https://archive.org/details/mad_magazine_145_sep_1971
MAD Magazine,mad_magazine_146_oct_1971,1971-10-01T00:00:00Z,mad_magazine_146_oct_1971,https://archive.org/details/mad_magazine_146_oct_1971
MAD Magazine,mad_magazine_148_jan_1972,1972-01-01T00:00:00Z,mad_magazine_148_jan_1972,https://archive.org/details/mad_magazine_148_jan_1972
MAD Magazine,mad_magazine_149_mar_1972,1972-03-01T00:00:00Z,mad_magazine_149_mar_1972,https://archive.org/details/mad_magazine_149_mar_1972
MAD Magazine,mad_magazine_150_apr_1972,1972-04-01T00:00:00Z,mad_magazine_150_apr_1972,https://archive.org/details/mad_magazine_150_apr_1972
MAD Magazine,mad_magazine_151_jun_1972,1972-06-01T00:00:00Z,mad_magazine_151_jun_1972,https://archive.org/details/mad_magazine_151_jun_1972
MAD Magazine,mad_magazine_152_jul_1972,1972-07-01T00:00:00Z,mad_magazine_152_jul_1972,https://archive.org/details/mad_magazine_152_jul_1972
MAD Magazine,mad_magazine_153_sep_1972,1972-09-01T00:00:00Z,mad_magazine_153_sep_1972,https://archive.org/details/mad_magazine_153_sep_1972
MAD Magazine,Mad Magazine (1st Italian Edition) #08,1972-11-01T00:00:00Z,italian-mad-v1-08,https://archive.org/details/italian-mad-v1-08
MAD Magazine,mad_magazine_155_dec_1972,1972-12-01T00:00:00Z,mad_magazine_155_dec_1972,https://archive.org/details/mad_magazine_155_dec_1972
MAD Magazine,mad_magazine_156_jan_1973,1973-01-01T00:00:00Z,mad_magazine_156_jan_1973,https://archive.org/details/mad_magazine_156_jan_1973
MAD Magazine,MAD Magazine 158 1973,1973-04-01T00:00:00Z,mad-magazine-158-1973,https://archive.org/details/mad-magazine-158-1973
MAD Magazine,mad_magazine_159_jun_1973,1973-06-01T00:00:00Z,mad_magazine_159_jun_1973_202205,https://archive.org/details/mad_magazine_159_jun_1973_202205
MAD Magazine,mad_magazine_162_oct_1973,1973-10-01T00:00:00Z,mad_magazine_162_oct_1973,https://archive.org/details/mad_magazine_162_oct_1973
MAD Magazine,mad_magazine_164_jan_1974,1974-01-01T00:00:00Z,mad_magazine_164_jan_1974,https://archive.org/details/mad_magazine_164_jan_1974
MAD Magazine,MAD Magazine Super Special 015 1974,1974-03-01T00:00:00Z,mad-magazine-super-special-015-1974,https://archive.org/details/mad-magazine-super-special-015-1974
MAD Magazine,mad_magazine_166_apr_1974,1974-04-01T00:00:00Z,mad_magazine_166_apr_1974,https://archive.org/details/mad_magazine_166_apr_1974
MAD Magazine,MAD Magazine 167 1974,1974-06-01T00:00:00Z,mad-magazine-167-1974,https://archive.org/details/mad-magazine-167-1974
MAD Magazine,mad_magazine_167_jun_1974,1974-06-01T00:00:00Z,mad_magazine_167_jun_1974,https://archive.org/details/mad_magazine_167_jun_1974
MAD Magazine,mad_magazine_169_sep_1974,1974-09-01T00:00:00Z,mad_magazine_169_sep_1974,https://archive.org/details/mad_magazine_169_sep_1974
MAD Magazine,mad_magazine_170_oct_1974,1974-10-01T00:00:00Z,mad_magazine_170_oct_1974,https://archive.org/details/mad_magazine_170_oct_1974
MAD Magazine,"Locuras (Mad Magazine, 1st Spanish Edition) #1",1974-12-01T00:00:00Z,locuras-spanish-mad-v1-1,https://archive.org/details/locuras-spanish-mad-v1-1
MAD Magazine,mad_magazine_171_dec_1974,1974-12-01T00:00:00Z,mad_magazine_171_dec_1974,https://archive.org/details/mad_magazine_171_dec_1974
MAD Magazine,"Locuras (Mad Magazine, 1st Spanish Edition) #2",1975-02-01T00:00:00Z,locuras-spanish-mad-v1-2,https://archive.org/details/locuras-spanish-mad-v1-2
MAD Magazine,"Locuras (Mad Magazine, 1st Spanish Edition) #3",1975-04-01T00:00:00Z,locuras-spanish-mad-v1-3,https://archive.org/details/locuras-spanish-mad-v1-3
MAD Magazine,"Locuras (Mad Magazine, 1st Spanish Edition) #5",1975-06-01T00:00:00Z,locuras-spanish-mad-v1-5,https://archive.org/details/locuras-spanish-mad-v1-5
MAD Magazine,mad_magazine_175_jun_1975,1975-06-01T00:00:00Z,mad_magazine_175_jun_1975,https://archive.org/details/mad_magazine_175_jun_1975
MAD Magazine,"Locuras (Mad Magazine, 1st Spanish Edition) #6",1975-07-01T00:00:00Z,locuras-spanish-mad-v1-6,https://archive.org/details/locuras-spanish-mad-v1-6
MAD Magazine,mad_magazine_176_jul_1975,1975-07-01T00:00:00Z,mad_magazine_176_jul_1975,https://archive.org/details/mad_magazine_176_jul_1975
MAD Magazine,mad_magazine_177_sep_1975,1975-09-01T00:00:00Z,mad_magazine_177_sep_1975,https://archive.org/details/mad_magazine_177_sep_1975
MAD Magazine,mad_magazine_180_jan_1976,1976-01-01T00:00:00Z,mad_magazine_180_jan_1976,https://archive.org/details/mad_magazine_180_jan_1976
MAD Magazine,mad_magazine_181_mar_1976,1976-03-01T00:00:00Z,mad_magazine_181_mar_1976,https://archive.org/details/mad_magazine_181_mar_1976
MAD Magazine,mad_magazine_183_jun_1976,1976-06-01T00:00:00Z,mad_magazine_183_jun_1976,https://archive.org/details/mad_magazine_183_jun_1976
MAD Magazine,MAD Magazine Vastly Overrated Al Jaffee 1976,1976-06-15T00:00:00Z,mad-magazine-vastly-overrated-al-jaffee-1976,https://archive.org/details/mad-magazine-vastly-overrated-al-jaffee-1976
MAD Magazine,mad_magazine_186_oct_1976,1976-10-01T00:00:00Z,mad_magazine_186_oct_1976,https://archive.org/details/mad_magazine_186_oct_1976
MAD Magazine,MAD Magazine 188 1977,1977-01-01T00:00:00Z,mad-magazine-188-1977,https://archive.org/details/mad-magazine-188-1977
MAD Magazine,mad_magazine_188_jan_1977,1977-01-01T00:00:00Z,mad_magazine_188_jan_1977_202209,https://archive.org/details/mad_magazine_188_jan_1977_202209
MAD Magazine,mad_magazine_189_mar_1977,1977-03-01T00:00:00Z,mad_magazine_189_mar_1977,https://archive.org/details/mad_magazine_189_mar_1977
MAD Magazine,mad_magazine_190_apr_1977,1977-04-01T00:00:00Z,mad_magazine_190_apr_1977,https://archive.org/details/mad_magazine_190_apr_1977
MAD Magazine,mad_magazine_191_jun_1977,1977-06-01T00:00:00Z,mad_magazine_191_jun_1977,https://archive.org/details/mad_magazine_191_jun_1977
MAD Magazine,MAD Magazine Super Special 023 1977,1977-06-30T00:00:00Z,mad-magazine-super-special-023-1977,https://archive.org/details/mad-magazine-super-special-023-1977
MAD Magazine,mad_magazine_192_jul_1977,1977-07-01T00:00:00Z,mad_magazine_192_jul_1977,https://archive.org/details/mad_magazine_192_jul_1977
MAD Magazine,MAD Magazine 193 1977,1977-09-01T00:00:00Z,mad-magazine-193-1977,https://archive.org/details/mad-magazine-193-1977
MAD Magazine,mad_magazine_195_dec_1977,1977-12-01T00:00:00Z,mad_magazine_195_dec_1977,https://archive.org/details/mad_magazine_195_dec_1977
MAD Magazine,mad_magazine_196_jan_1978,1978-01-01T00:00:00Z,mad_magazine_196_jan_1978,https://archive.org/details/mad_magazine_196_jan_1978
MAD Magazine,MAD Magazine 198 1978,1978-04-01T00:00:00Z,mad-magazine-198-1978,https://archive.org/details/mad-magazine-198-1978
MAD Magazine,mad_magazine_198_apr_1978,1978-04-01T00:00:00Z,mad_magazine_198_apr_1978,https://archive.org/details/mad_magazine_198_apr_1978
MAD Magazine,MAD Magazine 200 1978,1978-07-01T00:00:00Z,mad-magazine-200-1978,https://archive.org/details/mad-magazine-200-1978
MAD Magazine,mad_magazine_200_jul_1978,1978-07-01T00:00:00Z,mad_magazine_200_jul_1978,https://archive.org/details/mad_magazine_200_jul_1978
MAD Magazine,mad_magazine_201_sep_1978,1978-09-01T00:00:00Z,mad_magazine_201_sep_1978,https://archive.org/details/mad_magazine_201_sep_1978
MAD Magazine,mad_magazine_203_dec_1978,1978-12-01T00:00:00Z,mad_magazine_203_dec_1978,https://archive.org/details/mad_magazine_203_dec_1978
MAD Magazine,mad_magazine_204_jan_1979,1979-01-01T00:00:00Z,mad_magazine_204_jan_1979,https://archive.org/details/mad_magazine_204_jan_1979
MAD Magazine,mad_magazine_205_mar_1979,1979-03-01T00:00:00Z,mad_magazine_205_mar_1979,https://archive.org/details/mad_magazine_205_mar_1979
MAD Magazine,mad_magazine_207_jun_1979,1979-06-01T00:00:00Z,mad_magazine_207_jun_1979,https://archive.org/details/mad_magazine_207_jun_1979
MAD Magazine,mad_magazine_208_jul_1979,1979-07-01T00:00:00Z,mad_magazine_208_jul_1979,https://archive.org/details/mad_magazine_208_jul_1979
MAD Magazine,MAD Magazine Super Special 028 1979,1979-09-01T00:00:00Z,mad-magazine-super-special-028-1979,https://archive.org/details/mad-magazine-super-special-028-1979
MAD Magazine,mad_magazine_209_sep_1979,1979-09-01T00:00:00Z,mad_magazine_209_sep_1979,https://archive.org/details/mad_magazine_209_sep_1979
MAD Magazine,mad_magazine_210_oct_1979,1979-10-01T00:00:00Z,mad_magazine_210_oct_1979_202301,https://archive.org/details/mad_magazine_210_oct_1979_202301
MAD Magazine,Mad Magazine (British Edition) #215,1980-03-01T00:00:00Z,british-mad-215,https://archive.org/details/british-mad-215
MAD Magazine,mad_magazine_215_jun_1980,1980-06-01T00:00:00Z,mad_magazine_215_jun_1980,https://archive.org/details/mad_magazine_215_jun_1980
MAD Magazine,MAD Magazine Super Special 031 1980,1980-07-01T00:00:00Z,mad-magazine-super-special-031-1980,https://archive.org/details/mad-magazine-super-special-031-1980
MAD Magazine,mad_magazine_216_jul_1980,1980-07-01T00:00:00Z,mad_magazine_216_jul_1980,https://archive.org/details/mad_magazine_216_jul_1980
MAD Magazine,Mad Magazine (1st Greek Edition) #13,1980-08-01T00:00:00Z,mad-gr-013-1980-08,https://archive.org/details/mad-gr-013-1980-08
MAD Magazine,mad_magazine_218_oct_1980,1980-10-01T00:00:00Z,mad_magazine_218_oct_1980,https://archive.org/details/mad_magazine_218_oct_1980
MAD Magazine,mad_magazine_219_dec_1980,1980-12-01T00:00:00Z,mad_magazine_219_dec_1980,https://archive.org/details/mad_magazine_219_dec_1980
MAD Magazine,mad_magazine_220_jan_1981,1981-01-01T00:00:00Z,mad_magazine_220_jan_1981,https://archive.org/details/mad_magazine_220_jan_1981
MAD Magazine,mad_magazine_221_mar_1981,1981-03-01T00:00:00Z,mad_magazine_221_mar_1981,https://archive.org/details/mad_magazine_221_mar_1981
MAD Magazine,mad_magazine_223_jun_1981,1981-06-01T00:00:00Z,mad_magazine_223_jun_1981,https://archive.org/details/mad_magazine_223_jun_1981
MAD Magazine,MAD Magazine Super Special 035 1981,1981-06-15T00:00:00Z,mad-magazine-super-special-035-1981,https://archive.org/details/mad-magazine-super-special-035-1981
MAD Magazine,mad_magazine_224_jul_1981,1981-07-01T00:00:00Z,mad_magazine_224_jul_1981,https://archive.org/details/mad_magazine_224_jul_1981
MAD Magazine,MAD Magazine 225 1981,1981-09-01T00:00:00Z,mad-magazine-225-1981,https://archive.org/details/mad-magazine-225-1981
MAD Magazine,mad_magazine_227_dec_1981,1981-12-01T00:00:00Z,mad_magazine_227_dec_1981,https://archive.org/details/mad_magazine_227_dec_1981
MAD Magazine,mad_magazine_228_jan_1982,1982-01-01T00:00:00Z,mad_magazine_228_jan_1982,https://archive.org/details/mad_magazine_228_jan_1982
MAD Magazine,mad_magazine_229_mar_1982,1982-03-01T00:00:00Z,mad_magazine_229_mar_1982,https://archive.org/details/mad_magazine_229_mar_1982
MAD Magazine,mad_magazine_231_jun_1982,1982-06-01T00:00:00Z,mad_magazine_231_jun_1982,https://archive.org/details/mad_magazine_231_jun_1982
MAD Magazine,MAD Magazine Super Special 039 1982,1982-06-15T00:00:00Z,mad-magazine-super-special-039-1982,https://archive.org/details/mad-magazine-super-special-039-1982
MAD Magazine,MAD Magazine Super Special 038 1982,1982-07-01T00:00:00Z,mad-magazine-super-special-038-1982,https://archive.org/details/mad-magazine-super-special-038-1982
MAD Magazine,mad_magazine_232_jul_1982,1982-07-01T00:00:00Z,mad_magazine_232_jul_1982,https://archive.org/details/mad_magazine_232_jul_1982
MAD Magazine,mad_magazine_233_sep_1982,1982-09-01T00:00:00Z,mad_magazine_233_sep_1982,https://archive.org/details/mad_magazine_233_sep_1982
MAD Magazine,mad_magazine_234_oct_1982,1982-10-01T00:00:00Z,mad_magazine_234_oct_1982,https://archive.org/details/mad_magazine_234_oct_1982
MAD Magazine,MAD Magazine 235 1982,1982-12-01T00:00:00Z,mad-magazine-235-1982,https://archive.org/details/mad-magazine-235-1982
MAD Magazine,mad_magazine_238_apr_1983,1983-04-01T00:00:00Z,mad_magazine_238_apr_1983,https://archive.org/details/mad_magazine_238_apr_1983
MAD Magazine,mad_magazine_241_sep_1983,1983-09-01T00:00:00Z,mad_magazine_241_sep_1983,https://archive.org/details/mad_magazine_241_sep_1983
MAD Magazine,mad_magazine_242_oct_1983,1983-10-01T00:00:00Z,mad_magazine_242_oct_1983,https://archive.org/details/mad_magazine_242_oct_1983
MAD Magazine,Mad Magazine (2nd Norwegian Edition) 1984 #07,1984-01-01T00:00:00Z,norwegian-mad-v2-1984-07,https://archive.org/details/norwegian-mad-v2-1984-07
MAD Magazine,mad_magazine_245_mar_1984,1984-03-01T00:00:00Z,mad_magazine_245_mar_1984,https://archive.org/details/mad_magazine_245_mar_1984
MAD Magazine,mad_magazine_246_apr_1984,1984-04-01T00:00:00Z,mad_magazine_246_apr_1984,https://archive.org/details/mad_magazine_246_apr_1984
MAD Magazine,mad_magazine_247_jun_1984,1984-06-01T00:00:00Z,mad_magazine_247_jun_1984_202303,https://archive.org/details/mad_magazine_247_jun_1984_202303
MAD Magazine,mad_magazine_249_sep_1984,1984-09-01T00:00:00Z,mad_magazine_249_sep_1984,https://archive.org/details/mad_magazine_249_sep_1984
MAD Magazine,Mad Magazine (2nd Italian Edition) 1985 #02,1985-04-01T00:00:00Z,italian-mad-v2-1985-02,https://archive.org/details/italian-mad-v2-1985-02
MAD Magazine,mad_magazine_254_apr_1985,1985-04-01T00:00:00Z,mad_magazine_254_apr_1985,https://archive.org/details/mad_magazine_254_apr_1985
MAD Magazine,Mad Magazine (2nd Italian Edition) 1985 #03,1985-05-01T00:00:00Z,italian-mad-v2-1985-03,https://archive.org/details/italian-mad-v2-1985-03
MAD Magazine,Mad Magazine (2nd Italian Edition) 1985 #05/06,1985-07-01T00:00:00Z,italian-mad-v2-1985-05-06,https://archive.org/details/italian-mad-v2-1985-05-06
MAD Magazine,mad_magazine_256_jul_1985,1985-07-01T00:00:00Z,mad_magazine_256_jul_1985,https://archive.org/details/mad_magazine_256_jul_1985
MAD Magazine,mad_magazine_257_sep_1985,1985-09-01T00:00:00Z,mad_magazine_257_sep_1985,https://archive.org/details/mad_magazine_257_sep_1985
MAD Magazine,Mad Magazine (2nd Italian Edition) 1985 #07,1985-11-01T00:00:00Z,italian-mad-v2-1985-07,https://archive.org/details/italian-mad-v2-1985-07
MAD Magazine,Mad Magazine (2nd Italian Edition) 1985 #08,1985-12-01T00:00:00Z,italian-mad-v2-1985-08,https://archive.org/details/italian-mad-v2-1985-08
MAD Magazine,mad_magazine_259_dec_1985,1985-12-01T00:00:00Z,mad_magazine_259_dec_1985,https://archive.org/details/mad_magazine_259_dec_1985
MAD Magazine,mad_magazine_260_jan_1986,1986-01-01T00:00:00Z,mad_magazine_260_jan_1986,https://archive.org/details/mad_magazine_260_jan_1986
MAD Magazine,Mad Magazine (2nd Italian Edition) 1986 #02,1986-02-01T00:00:00Z,italian-mad-v2-1986-02,https://archive.org/details/italian-mad-v2-1986-02
MAD Magazine,Mad Magazine (2nd Italian Edition) 1986 #03,1986-03-01T00:00:00Z,italian-mad-v2-1986-03,https://archive.org/details/italian-mad-v2-1986-03
MAD Magazine,mad_magazine_261_mar_1986,1986-03-01T00:00:00Z,mad_magazine_261_mar_1986,https://archive.org/details/mad_magazine_261_mar_1986
MAD Magazine,Mad Magazine (2nd Italian Edition) 1986 #04,1986-04-01T00:00:00Z,italian-mad-v2-1986-04,https://archive.org/details/italian-mad-v2-1986-04
MAD Magazine,Mad Magazine (2nd Italian Edition) 1986 #07,1986-07-01T00:00:00Z,italian-mad-v2-1986-07,https://archive.org/details/italian-mad-v2-1986-07
MAD Magazine,mad_magazine_270_apr_1987,1987-04-01T00:00:00Z,mad_magazine_270_apr_1987,https://archive.org/details/mad_magazine_270_apr_1987
MAD Magazine,mad_magazine_272_jul_1987,1987-07-01T00:00:00Z,mad_magazine_272_jul_1987,https://archive.org/details/mad_magazine_272_jul_1987
MAD Magazine,mad_magazine_276_jan_1988,1988-01-01T00:00:00Z,mad_magazine_276_jan_1988,https://archive.org/details/mad_magazine_276_jan_1988
MAD Magazine,mad_magazine_277_mar_1988,1988-03-01T00:00:00Z,mad_magazine_277_mar_1988,https://archive.org/details/mad_magazine_277_mar_1988
MAD Magazine,mad_magazine_278_apr_1988,1988-04-01T00:00:00Z,mad_magazine_278_apr_1988,https://archive.org/details/mad_magazine_278_apr_1988
MAD Magazine,mad_magazine_281_sep_1988,1988-09-01T00:00:00Z,mad_magazine_281_sep_1988,https://archive.org/details/mad_magazine_281_sep_1988
MAD Magazine,mad_magazine_283_dec_1988,1988-12-01T00:00:00Z,mad_magazine_283_dec_1988,https://archive.org/details/mad_magazine_283_dec_1988
MAD Magazine,mad_magazine_284_jan_1989,1989-01-01T00:00:00Z,mad_magazine_284_jan_1989,https://archive.org/details/mad_magazine_284_jan_1989
MAD Magazine,mad_magazine_286_apr_1989,1989-04-01T00:00:00Z,mad_magazine_286_apr_1989,https://archive.org/details/mad_magazine_286_apr_1989
MAD Magazine,mad_magazine_287_jun_1989,1989-06-01T00:00:00Z,mad_magazine_287_jun_1989,https://archive.org/details/mad_magazine_287_jun_1989
MAD Magazine,mad_magazine_288_jul_1989,1989-07-01T00:00:00Z,mad_magazine_288_jul_1989,https://archive.org/details/mad_magazine_288_jul_1989
MAD Magazine,mad_magazine_291_dec_1989,1989-12-01T00:00:00Z,mad_magazine_291_dec_1989,https://archive.org/details/mad_magazine_291_dec_1989
MAD Magazine,Mad Magazine (Taiwanese Edition) #2,1990-01-01T00:00:00Z,taiwanese-mad-2,https://archive.org/details/taiwanese-mad-2
MAD Magazine,Mad Magazine (Taiwanese Edition) #4,1990-01-01T00:00:00Z,taiwanese-mad-4,https://archive.org/details/taiwanese-mad-4
MAD Magazine,mad_magazine_292_jan_1990,1990-01-01T00:00:00Z,mad_magazine_292_jan_1990,https://archive.org/details/mad_magazine_292_jan_1990
MAD Magazine,mad_magazine_293_mar_1990,1990-03-01T00:00:00Z,mad_magazine_293_mar_1990,https://archive.org/details/mad_magazine_293_mar_1990
MAD Magazine,MAD Magazine Super Special 071 1990,1990-06-01T00:00:00Z,mad-magazine-super-special-071-1990,https://archive.org/details/mad-magazine-super-special-071-1990
MAD Magazine,mad_magazine_297_sep_1990,1990-09-01T00:00:00Z,mad_magazine_297_sep_1990,https://archive.org/details/mad_magazine_297_sep_1990
MAD Magazine,mad_magazine_298_oct_1990,1990-10-01T00:00:00Z,mad_magazine_298_oct_1990,https://archive.org/details/mad_magazine_298_oct_1990
MAD Magazine,mad_magazine_299_dec_1990,1990-12-01T00:00:00Z,mad_magazine_299_dec_1990,https://archive.org/details/mad_magazine_299_dec_1990
MAD Magazine,mad_magazine_300_jan_1991,1991-01-01T00:00:00Z,mad_magazine_300_jan_1991,https://archive.org/details/mad_magazine_300_jan_1991
MAD Magazine,mad_magazine_304_jul_1991,1991-07-01T00:00:00Z,mad_magazine_304_jul_1991,https://archive.org/details/mad_magazine_304_jul_1991
MAD Magazine,Mad Magazine (British Edition) #352,1991-08-01T00:00:00Z,british-mad-352,https://archive.org/details/british-mad-352
MAD Magazine,mad_magazine_305_sep_1991,1991-09-01T00:00:00Z,mad_magazine_305_sep_1991,https://archive.org/details/mad_magazine_305_sep_1991
MAD Magazine,MAD Magazine 307 1991,1991-12-01T00:00:00Z,mad-magazine-307-1991,https://archive.org/details/mad-magazine-307-1991
MAD Magazine,mad_magazine_307_dec_1991,1991-12-01T00:00:00Z,mad_magazine_307_dec_1991,https://archive.org/details/mad_magazine_307_dec_1991
MAD Magazine,mad_magazine_308_jan_1992,1992-01-01T00:00:00Z,mad_magazine_308_jan_1992,https://archive.org/details/mad_magazine_308_jan_1992
MAD Magazine,mad_magazine_309_mar_1992,1992-03-01T00:00:00Z,mad_magazine_309_mar_1992,https://archive.org/details/mad_magazine_309_mar_1992
MAD Magazine,mad_magazine_312_jul_1992,1992-07-01T00:00:00Z,mad_magazine_312_jul_1992,https://archive.org/details/mad_magazine_312_jul_1992
MAD Magazine,mad_magazine_314_oct_1992,1992-10-01T00:00:00Z,mad_magazine_314_oct_1992,https://archive.org/details/mad_magazine_314_oct_1992
MAD Magazine,mad_magazine_317_mar_1993,1993-03-01T00:00:00Z,mad_magazine_317_mar_1993,https://archive.org/details/mad_magazine_317_mar_1993
MAD Magazine,mad_magazine_318_apr_1993,1993-04-01T00:00:00Z,mad_magazine_318_apr_1993,https://archive.org/details/mad_magazine_318_apr_1993
MAD Magazine,MAD Magazine Super Special 087 1993,1993-05-01T00:00:00Z,mad-magazine-super-special-087-1993,https://archive.org/details/mad-magazine-super-special-087-1993
MAD Magazine,mad_magazine_320_jul_1993,1993-07-01T00:00:00Z,mad_magazine_320_jul_1993_202307,https://archive.org/details/mad_magazine_320_jul_1993_202307
MAD Magazine,MAD Magazine Super Special 089 1993,1993-09-01T00:00:00Z,mad-magazine-super-special-089-1993,https://archive.org/details/mad-magazine-super-special-089-1993
MAD Magazine,mad_magazine_322_oct_1993,1993-10-01T00:00:00Z,mad_magazine_322_oct_1993,https://archive.org/details/mad_magazine_322_oct_1993
MAD Magazine,mad_magazine_323_dec_1993,1993-12-01T00:00:00Z,mad_magazine_323_dec_1993,https://archive.org/details/mad_magazine_323_dec_1993
MAD Magazine,Good days and Mad : a hysterical tour behind the scenes at Mad magazine,1994-01-01T00:00:00Z,gooddaysmadhyste0000deba,https://archive.org/details/gooddaysmadhyste0000deba
MAD Magazine,MAD Magazine Super Special 092 1994,1994-03-01T00:00:00Z,mad-magazine-super-special-092-1994,https://archive.org/details/mad-magazine-super-special-092-1994
MAD Magazine,mad_magazine_326_mar_1994,1994-03-01T00:00:00Z,mad_magazine_326_mar_1994,https://archive.org/details/mad_magazine_326_mar_1994
MAD Magazine,MAD Magazine Super Special 093 1994,1994-05-01T00:00:00Z,mad-magazine-super-special-093-1994,https://archive.org/details/mad-magazine-super-special-093-1994
MAD Magazine,mad_magazine_329_jul_1994,1994-07-01T00:00:00Z,mad_magazine_329_jul_1994,https://archive.org/details/mad_magazine_329_jul_1994
MAD Magazine,mad_magazine_330_sep_1994,1994-09-01T00:00:00Z,mad_magazine_330_sep_1994,https://archive.org/details/mad_magazine_330_sep_1994
MAD Magazine,mad_magazine_333_jan_1995,1995-01-01T00:00:00Z,mad_magazine_333_jan_1995,https://archive.org/details/mad_magazine_333_jan_1995
MAD Magazine,mad_magazine_334_mar_1995,1995-03-01T00:00:00Z,mad_magazine_334_mar_1995,https://archive.org/details/mad_magazine_334_mar_1995
MAD Magazine,mad_magazine_335_may_1995,1995-05-01T00:00:00Z,mad_magazine_335_may_1995,https://archive.org/details/mad_magazine_335_may_1995
MAD Magazine,mad_magazine_338_aug_1995,1995-08-01T00:00:00Z,mad_magazine_338_aug_1995,https://archive.org/details/mad_magazine_338_aug_1995
MAD Magazine,mad_magazine_340_oct_1995,1995-10-01T00:00:00Z,mad_magazine_340_oct_1995,https://archive.org/details/mad_magazine_340_oct_1995
MAD Magazine,mad_magazine_343_mar_1996,1996-03-01T00:00:00Z,mad_magazine_343_mar_1996,https://archive.org/details/mad_magazine_343_mar_1996
MAD Magazine,mad_magazine_344_apr_1996,1996-04-01T00:00:00Z,mad_magazine_344_apr_1996,https://archive.org/details/mad_magazine_344_apr_1996
MAD Magazine,mad_magazine_345_may_1996,1996-05-01T00:00:00Z,mad_magazine_345_may_1996,https://archive.org/details/mad_magazine_345_may_1996
MAD Magazine,mad_magazine_347_jul_1996,1996-07-01T00:00:00Z,mad_magazine_347_jul_1996,https://archive.org/details/mad_magazine_347_jul_1996
MAD Magazine,mad_magazine_349_sep_1996,1996-09-01T00:00:00Z,mad_magazine_349_sep_1996,https://archive.org/details/mad_magazine_349_sep_1996
MAD Magazine,mad_magazine_351_nov_1996,1996-11-01T00:00:00Z,mad_magazine_351_nov_1996,https://archive.org/details/mad_magazine_351_nov_1996
MAD Magazine,mad_magazine_352_dec_1996,1996-12-01T00:00:00Z,mad_magazine_352_dec_1996,https://archive.org/details/mad_magazine_352_dec_1996
MAD Magazine,mad_magazine_354_february_1997,1997-02-01T00:00:00Z,mad_magazine_354_february_1997,https://archive.org/details/mad_magazine_354_february_1997
MAD Magazine,mad_magazine_356_apr_1997,1997-04-01T00:00:00Z,mad_magazine_356_apr_1997,https://archive.org/details/mad_magazine_356_apr_1997
MAD Magazine,mad_magazine_357_may_1997,1997-05-01T00:00:00Z,mad_magazine_357_may_1997,https://archive.org/details/mad_magazine_357_may_1997
MAD Magazine,mad_magazine_358_jun_1997,1997-06-01T00:00:00Z,mad_magazine_358_jun_1997,https://archive.org/details/mad_magazine_358_jun_1997
MAD Magazine,mad_magazine_359_jul_1997,1997-07-01T00:00:00Z,mad_magazine_359_jul_1997_202309,https://archive.org/details/mad_magazine_359_jul_1997_202309
MAD Magazine,mad_magazine_360_aug_1997,1997-08-01T00:00:00Z,mad_magazine_360_aug_1997,https://archive.org/details/mad_magazine_360_aug_1997
MAD Magazine,mad_magazine_361_sep_1997,1997-09-01T00:00:00Z,mad_magazine_361_sep_1997,https://archive.org/details/mad_magazine_361_sep_1997
MAD Magazine,mad_magazine_362_oct_1997,1997-10-01T00:00:00Z,mad_magazine_362_oct_1997,https://archive.org/details/mad_magazine_362_oct_1997
MAD Magazine,mad_magazine_363_nov_1997,1997-11-01T00:00:00Z,mad_magazine_363_nov_1997,https://archive.org/details/mad_magazine_363_nov_1997
MAD Magazine,mad_magazine_364_december_1997,1997-12-01T00:00:00Z,mad_magazine_364_december_1997,https://archive.org/details/mad_magazine_364_december_1997
MAD Magazine,mad_magazine_365_jan_1998,1998-01-01T00:00:00Z,mad_magazine_365_jan_1998,https://archive.org/details/mad_magazine_365_jan_1998
MAD Magazine,mad_magazine_366_feb_1998,1998-02-01T00:00:00Z,mad_magazine_366_feb_1998,https://archive.org/details/mad_magazine_366_feb_1998
MAD Magazine,mad_magazine_370_jun_1998,1998-06-01T00:00:00Z,mad_magazine_370_jun_1998,https://archive.org/details/mad_magazine_370_jun_1998
MAD Magazine,mad_magazine_371_jul_1998,1998-07-01T00:00:00Z,mad_magazine_371_jul_1998,https://archive.org/details/mad_magazine_371_jul_1998
MAD Magazine,mad_magazine_375_nov_1998,1998-11-01T00:00:00Z,mad_magazine_375_nov_1998,https://archive.org/details/mad_magazine_375_nov_1998
MAD Magazine,mad_magazine_377_jan_1999,1999-01-01T00:00:00Z,mad_magazine_377_jan_1999,https://archive.org/details/mad_magazine_377_jan_1999
MAD Magazine,mad_magazine_378_feb_1999,1999-02-01T00:00:00Z,mad_magazine_378_feb_1999_202310,https://archive.org/details/mad_magazine_378_feb_1999_202310
MAD Magazine,mad_magazine_379_mar_1999,1999-03-01T00:00:00Z,mad_magazine_379_mar_1999,https://archive.org/details/mad_magazine_379_mar_1999
MAD Magazine,mad_magazine_381_may_1999,1999-05-01T00:00:00Z,mad_magazine_381_may_1999,https://archive.org/details/mad_magazine_381_may_1999
MAD Magazine,mad_magazine_384_aug_1999,1999-08-01T00:00:00Z,mad_magazine_384_aug_1999,https://archive.org/details/mad_magazine_384_aug_1999
MAD Magazine,"Mad : cover to cover : 48 years, 6 months & 3 days of Mad magazine covers",2000-01-01T00:00:00Z,madcovertocover40000unse,https://archive.org/details/madcovertocover40000unse
MAD Magazine,mad_magazine_389_jan_2000,2000-01-01T00:00:00Z,mad_magazine_389_jan_2000,https://archive.org/details/mad_magazine_389_jan_2000
MAD Magazine,mad_magazine_395_jul_2000,2000-07-01T00:00:00Z,mad_magazine_395_jul_2000,https://archive.org/details/mad_magazine_395_jul_2000
MAD Magazine,mad_magazine_396_aug_2000,2000-08-01T00:00:00Z,mad_magazine_396_aug_2000,https://archive.org/details/mad_magazine_396_aug_2000
MAD Magazine,mad_magazine_397_sep_2000,2000-09-01T00:00:00Z,mad_magazine_397_sep_2000,https://archive.org/details/mad_magazine_397_sep_2000
MAD Magazine,mad_magazine_399_nov_2000,2000-11-01T00:00:00Z,mad_magazine_399_nov_2000,https://archive.org/details/mad_magazine_399_nov_2000
MAD Magazine,mad_magazine_404_apr_2001,2001-04-01T00:00:00Z,mad_magazine_404_apr_2001,https://archive.org/details/mad_magazine_404_apr_2001
MAD Magazine,mad_magazine_406_jun_2001,2001-06-01T00:00:00Z,mad_magazine_406_jun_2001,https://archive.org/details/mad_magazine_406_jun_2001
MAD Magazine,MAD Magazine #407 July 2001 - We Blow Up America's Biggest Jackass!,2001-07-01T00:00:00Z,mad-magazine-jackass-july-2001-pdf,https://archive.org/details/mad-magazine-jackass-july-2001-pdf
MAD Magazine,mad_magazine_407_jul_2001,2001-07-01T00:00:00Z,mad_magazine_407_jul_2001,https://archive.org/details/mad_magazine_407_jul_2001
MAD Magazine,MAD Magazine #410 (2001),2001-09-01T00:00:00Z,mad-magazine-410-2001,https://archive.org/details/mad-magazine-410-2001
MAD Magazine,mad_magazine_409_sep_2001,2001-09-01T00:00:00Z,mad_magazine_409_sep_2001,https://archive.org/details/mad_magazine_409_sep_2001
MAD Magazine,mad_magazine_411_nov_2001,2001-11-01T00:00:00Z,mad_magazine_411_nov_2001,https://archive.org/details/mad_magazine_411_nov_2001
MAD Magazine,mad_magazine_412_dec_2001,2001-12-01T00:00:00Z,mad_magazine_412_dec_2001,https://archive.org/details/mad_magazine_412_dec_2001
MAD Magazine,mad_magazine_414_feb_2002,2002-02-01T00:00:00Z,mad_magazine_414_feb_2002,https://archive.org/details/mad_magazine_414_feb_2002
MAD Magazine,MAD Magazine #415 (2002),2002-03-01T00:00:00Z,mad-magazine-415-2002,https://archive.org/details/mad-magazine-415-2002
MAD Magazine,mad_magazine_415_mar_2002,2002-03-01T00:00:00Z,mad_magazine_415_mar_2002,https://archive.org/details/mad_magazine_415_mar_2002
MAD Magazine,Mad Magazine (2nd Spanish Edition) #1,2006-12-01T00:00:00Z,spanish-mad-v2-1,https://archive.org/details/spanish-mad-v2-1
MAD Magazine,Mad Magazine (2nd Spanish Edition) #2,2006-12-01T00:00:00Z,spanish-mad-v2-2,https://archive.org/details/spanish-mad-v2-2
MAD Magazine,Mad Magazine (2nd Spanish Edition) #5,2007-02-01T00:00:00Z,spanish-mad-v2-5,https://archive.org/details/spanish-mad-v2-5
MAD Magazine,mad_magazine_collection4,2021-06-27T00:00:00Z,mad_magazine_collection4_20210627,https://archive.org/details/mad_magazine_collection4_20210627
MAD Magazine,MAD Magazine #29 (2023),2023-02-01T00:00:00Z,mad-magazine-029-2023_20230124,https://archive.org/details/mad-magazine-029-2023_20230124
MAD Magazine,MAD Magazine #30 (2023),2023-04-01T00:00:00Z,mad-magazine-030-2023,https://archive.org/details/mad-magazine-030-2023
MAD Magazine,MAD Magazine 033 (2023),2023-09-01T00:00:00Z,mad-magazine-033-2023,https://archive.org/details/mad-magazine-033-2023
MAD Magazine,MAD Magazine 038 (2024),2024-07-01T00:00:00Z,mad-magazine-038-2024,https://archive.org/details/mad-magazine-038-2024
MAD Magazine,MAD Magazine 044 (2025),2025-08-01T00:00:00Z,mad-magazine-044-2025,https://archive.org/details/mad-magazine-044-2025
National Lampoon,,1970-01-01,lampoonarchive1970_202206,https://archive.org/details/lampoonarchive1970_202206
National Lampoon,,1971-01-01,LampoonArchive1971,https://archive.org/details/LampoonArchive1971
National Lampoon,,1971-01-01,the-best-of-national-lampoon-no.-1-1972,https://archive.org/details/the-best-of-national-lampoon-no.-1-1972
National Lampoon,,1972-01-01,LampoonArchive1972,https://archive.org/details/LampoonArchive1972
National Lampoon,,1973-01-01,lampoonarchive1973_202206,https://archive.org/details/lampoonarchive1973_202206
National Lampoon,,1974-01-01,LampoonArchive1974,https://archive.org/details/LampoonArchive1974
National Lampoon,,1975-01-01,1975-10,https://archive.org/details/1975-10
National Lampoon,,1976-01-01,1976-national-lampoon-excerpt-court-upholds,https://archive.org/details/1976-national-lampoon-excerpt-court-upholds
National Lampoon,,1976-01-01,1976-national-lampoon-trots-bonnie-girl-band,https://archive.org/details/1976-national-lampoon-trots-bonnie-girl-band
National Lampoon,,1976-01-01,LampoonArchive1976,https://archive.org/details/LampoonArchive1976
National Lampoon,,1976-01-01,songbook-1976,https://archive.org/details/songbook-1976
National Lampoon,,1977-01-01,LampoonArchive1977,https://archive.org/details/LampoonArchive1977
National Lampoon,,1978-01-01,1978-national-lampoon-weed-issue,https://archive.org/details/1978-national-lampoon-weed-issue
National Lampoon,,1978-01-01,LampoonArchive1978,https://archive.org/details/LampoonArchive1978
National Lampoon,,1978-01-01,sunday-newspaper-parody-1978,https://archive.org/details/sunday-newspaper-parody-1978
National Lampoon,,1979-01-01,LampoonArchive1979,https://archive.org/details/LampoonArchive1979
National Lampoon,,1980-01-01,LampoonArchive1980,https://archive.org/details/LampoonArchive1980
National Lampoon,,1981-01-01,LampoonArchive1981,https://archive.org/details/LampoonArchive1981
National Lampoon,,1982-01-01,LampoonArchive1982,https://archive.org/details/LampoonArchive1982
National Lampoon,,1983-01-01,LampoonArchive1983,https://archive.org/details/LampoonArchive1983
National Lampoon,,1984-01-01,LampoonArchive1984,https://archive.org/details/LampoonArchive1984
National Lampoon,,1985-01-01,LampoonArchive1985,https://archive.org/details/LampoonArchive1985
National Lampoon,,1986-01-01,LampoonArchive1986,https://archive.org/details/LampoonArchive1986
National Lampoon,,1986-01-01,national-lampoon-all-new-true-facts-1986,https://archive.org/details/national-lampoon-all-new-true-facts-1986
National Lampoon,,1987-01-01,LampoonArchive1987,https://archive.org/details/LampoonArchive1987
National Lampoon,,1988-01-01,LampoonArchive1988,https://archive.org/details/LampoonArchive1988
National Lampoon,,1989-01-01,LampoonArchive1989,https://archive.org/details/LampoonArchive1989
National Lampoon,,1990-01-01,LampoonArchive1990,https://archive.org/details/LampoonArchive1990
National Lampoon,,1991-01-01,LampoonArchive1991,https://archive.org/details/LampoonArchive1991
National Lampoon,,1992-01-01,LampoonArchive9298,https://archive.org/details/LampoonArchive9298
National Lampoon,,2009-01-01,,https://babel.hathitrust.org/cgi/pt?id=uc1.31822009626615
National Lampoon,,2009-01-01,,https://babel.hathitrust.org/cgi/pt?id=uc1.31822009626623
National Lampoon,,2009-01-01,,https://babel.hathitrust.org/cgi/pt?id=uc1.31822009626631
National Lampoon,,2009-01-01,,https://babel.hathitrust.org/cgi/pt?id=uc1.31822009626649
National Lampoon,,2009-01-01,,https://babel.hathitrust.org/cgi/pt?id=uc1.31822009626714
National Lampoon,,2009-01-01,,https://babel.hathitrust.org/cgi/pt?id=uc1.31822009626722
National Lampoon,,2009-01-01,,https://babel.hathitrust.org/cgi/pt?id=uc1.31822009626730
National Lampoon,,2009-01-01,,https://babel.hathitrust.org/cgi/pt?id=uc1.31822009626748
National Lampoon,,2024-02-19,national-lampoon-1981-02.pdf-.-version-1,https://archive.org/details/national-lampoon-1981-02.pdf-.-version-1
National Lampoon,,2024-02-19,national-lampoon-v-1n-04-1970-07-bad-taste_202402,https://archive.org/details/national-lampoon-v-1n-04-1970-07-bad-taste_202402
National Lampoon,,2024-02-20,national-lampoon-v-1n-02-1970-05-greed,https://archive.org/details/national-lampoon-v-1n-02-1970-05-greed
National Lampoon,,,,https://babel.hathitrust.org/cgi/pt?id=uc1.b3364952
National Lampoon,,,,https://babel.hathitrust.org/cgi/pt?id=uc1.b3364953
National Lampoon,,,,https://babel.hathitrust.org/cgi/pt?id=uc1.b3364958
National Lampoon,,,,https://babel.hathitrust.org/cgi/pt?id=uc1.b3364962
National Lampoon,,,,https://babel.hathitrust.org/cgi/pt?id=uc1.b3364967
National Lampoon,,,,https://babel.hathitrust.org/cgi/pt?id=uc1.b3364968
National Lampoon,,,,https://babel.hathitrust.org/cgi/pt?id=uc1.b3364969
National Lampoon,"CAMEL ADVERTISEMENTS APPEARING IN SPORT, ROLLING STONE, AND NATIONAL LAMPOON",,tobacco_ltmm0000,https://archive.org/details/tobacco_ltmm0000
National Lampoon,National Lampoon,,national-lampoon,https://archive.org/details/national-lampoon
National Lampoon,National Lampoon ( 1981 02).pdf · Version 1,,national-lampoon-1981-02.pdf-.-version-1_202402,https://archive.org/details/national-lampoon-1981-02.pdf-.-version-1_202402
National Lampoon,National Lampoon ( 1981 02).pdf · Version 1,,national-lampoon-1981-02.pdf-.-version-1_20240220,https://archive.org/details/national-lampoon-1981-02.pdf-.-version-1_20240220
National Lampoon,National Lampoon ( 1981 02).pdf · Version 1,,national-lampoon-1981-02.pdf-.-version-1_20240220_0215,https://archive.org/details/national-lampoon-1981-02.pdf-.-version-1_20240220_0215
National Lampoon,National Lampoon ( 1981 02).pdf · Version 1,,national-lampoon-1981-02.pdf-.-version-1_20240221,https://archive.org/details/national-lampoon-1981-02.pdf-.-version-1_20240221
National Lampoon,"National Lampoon, Inc. v. Loconti",,gov.uscourts.cacd.638704,https://archive.org/details/gov.uscourts.cacd.638704
National Lampoon,,1952,,https://babel.hathitrust.org/cgi/pt?id=uc1.b3364950
National Lampoon,,1954,,https://babel.hathitrust.org/cgi/pt?id=uc1.b3364951
National Lampoon,,1957,,https://babel.hathitrust.org/cgi/pt?id=uc1.b3364954
National Lampoon,,1958,,https://babel.hathitrust.org/cgi/pt?id=uc1.b3364955
National Lampoon,,1959,,https://babel.hathitrust.org/cgi/pt?id=uc1.b3364956
National Lampoon,,1960,,https://babel.hathitrust.org/cgi/pt?id=uc1.b3364957
National Lampoon,,1962,,https://babel.hathitrust.org/cgi/pt?id=uc1.b3364959
National Lampoon,,1962,,https://babel.hathitrust.org/cgi/pt?id=uc1.b3364960
National Lampoon,,1963,,https://babel.hathitrust.org/cgi/pt?id=uc1.b3364961
National Lampoon,,1964,,https://babel.hathitrust.org/cgi/pt?id=uc1.b3364963
National Lampoon,,1965,,https://babel.hathitrust.org/cgi/pt?id=uc1.b3364964
National Lampoon,,1966,,https://babel.hathitrust.org/cgi/pt?id=uc1.b3364965
National Lampoon,,1967,,https://babel.hathitrust.org/cgi/pt?id=uc1.b3364966
National Lampoon,Encyclopedia Of Humor - National Lampoon,1973-01-01T00:00:00Z,encyclopedia-of-humor-1973,https://archive.org/details/encyclopedia-of-humor-1973
National Lampoon,Letters from the editors of NATIONAL LAMPOON,1973-01-01T00:00:00Z,lettersfromedito0000rick,https://archive.org/details/lettersfromedito0000rick
National Lampoon,Would you buy a used war from this man? : a collection of political humor from National Lampoon,1973-01-01T00:00:00Z,wouldyoubuyusedw00newy,https://archive.org/details/wouldyoubuyusedw00newy
National Lampoon,National Lampoon Comics,1974-01-01T00:00:00Z,comics-1974,https://archive.org/details/comics-1974
National Lampoon,"National Lampoon, Inc. v. American Broadcasting Companies, Inc., et al.",1974-01-01T00:00:00Z,2nd_circ_74_1441_nat_lampoon_v_abc,https://archive.org/details/2nd_circ_74_1441_nat_lampoon_v_abc
National Lampoon,1974 PAGES FROM NATIONAL LAMPOON,1974-04-01T00:00:00Z,1974-natl-lmpoon-pages,https://archive.org/details/1974-natl-lmpoon-pages
National Lampoon,The Gentleman's Bathroom Companion - National Lampoon,1975-01-01T00:00:00Z,the-gentlemans-bathroom-companion-1975,https://archive.org/details/the-gentlemans-bathroom-companion-1975
National Lampoon,1976 National Lampoon Dirty Duck,1976-01-01T00:00:00Z,1976-national-lampoon-dirty-duck_202204,https://archive.org/details/1976-national-lampoon-dirty-duck_202204
National Lampoon,Best Of The National Lampoon #6,1976-01-01T00:00:00Z,best-of-the-national-lampoon-6-1976,https://archive.org/details/best-of-the-national-lampoon-6-1976
National Lampoon,The Up Yourself Book - National Lampoon,1977-01-01T00:00:00Z,the-up-yourself-book-1977,https://archive.org/details/the-up-yourself-book-1977
National Lampoon,National Lampoon Sunday Newspaper Parody,1978-01-01T00:00:00Z,nationallampoonsundaynewspaper1978humor,https://archive.org/details/nationallampoonsundaynewspaper1978humor
National Lampoon,National Lampoon Sunday Newspaper Parody 1 1,1978-01-01T00:00:00Z,national-lampoon-sunday-newspaper-parody-1-1,https://archive.org/details/national-lampoon-sunday-newspaper-parody-1-1
National Lampoon,,1988,,http://books.google.com/books?id=S2YTAQAAMAAJ&dq=%22National+Lampoon%22+magazine
National Lampoon,National lampoon presents true facts : the book,1991-01-01T00:00:00Z,nationallampoonp0000unse,https://archive.org/details/nationallampoonp0000unse
National Lampoon,The National lampoon treasury of humor,1991-01-01T00:00:00Z,nationallampoont00sarr,https://archive.org/details/nationallampoont00sarr
National Lampoon,National Lampoon 1993 Trading Cards,1993-01-01T00:00:00Z,1993-trading-cards,https://archive.org/details/1993-trading-cards
National Lampoon,"""If you don't buy this book, we'll kill this dog!"" : life, laughs, love, and death at the National Lampoon",1994-01-01T00:00:00Z,ifyoudontbuythis00simm,https://archive.org/details/ifyoudontbuythis00simm
National Lampoon,National lampoon totally true facts : a brand-new collection of absurd-but-true real-life funny stuff,1994-01-01T00:00:00Z,nationallampoont0000unse,https://archive.org/details/nationallampoont0000unse
National Lampoon,National lampoon presents true facts : the big book,1995-01-01T00:00:00Z,nationallampoonp00bend,https://archive.org/details/nationallampoonp00bend
National Lampoon,National Lampoon 1964 high school yearbook,2003-01-01T00:00:00Z,nationallampoon10000unse,https://archive.org/details/nationallampoon10000unse
National Lampoon,National Lampoon Presents Dorm Daze,2004-12-16T00:00:00Z,office-of-film-and-literature-classification_401909,https://archive.org/details/office-of-film-and-literature-classification_401909
National Lampoon,National Lampoon Presents Dorm Daze,2004-12-20T00:00:00Z,office-of-film-and-literature-classification_401908,https://archive.org/details/office-of-film-and-literature-classification_401908
National Lampoon,,2006,,http://books.google.com/books?id=ktMNp9uQE_UC&dq=%22National+Lampoon%22+magazine
National Lampoon,National Lampoon favorite cartoons of the 21st century,2006-01-01T00:00:00Z,nationallampoonf0000unse,https://archive.org/details/nationallampoonf0000unse
National Lampoon,,2007,,http://books.google.com/books?id=Eka6jwEACAAJ&dq=%22National+Lampoon%22+magazine
National Lampoon,National Lampoon balls! : [an in-your-face look at sports],2007-01-01T00:00:00Z,nationallampoonb0000hofs,https://archive.org/details/nationallampoonb0000hofs
National Lampoon,Drunk stoned brilliant dead : writers and artists who made the National lampoon insanely great,2010-01-01T00:00:00Z,drunkstonedbrill0000meye_p7e5,https://archive.org/details/drunkstonedbrill0000meye_p7e5
National Lampoon,"That's not funny, that's sick : the National lampoon and the comedy insurgents who captured the mainstream",2013-01-01T00:00:00Z,thatsnotfunnytha0000stei,https://archive.org/details/thatsnotfunnytha0000stei
National Lampoon,National Lampoon: Drunk Stoned Brilliant Dead,2016-07-29T00:00:00Z,office-of-film-and-literature-classification_1600513.000,https://archive.org/details/office-of-film-and-literature-classification_1600513.000
New York Magazine,,1952-01-01,,https://babel.hathitrust.org/cgi/pt?id=ien.35556021952882
New York Magazine,,1952-01-01,,https://babel.hathitrust.org/cgi/pt?id=ien.35556021952890
New York Magazine,,1959-01-01,,https://babel.hathitrust.org/cgi/pt?id=ien.35556021959218
New York Magazine,,1959-01-01,,https://babel.hathitrust.org/cgi/pt?id=ien.35556021959226
New York Magazine,,1964-01-01,,https://babel.hathitrust.org/cgi/pt?id=ien.35556019641372
New York Magazine,,1967-01-01,,https://babel.hathitrust.org/cgi/pt?id=ien.35556019672856
New York Magazine,,1967-01-01,,https://babel.hathitrust.org/cgi/pt?id=ien.35556019672864
New York Magazine,,1967-01-01,,https://babel.hathitrust.org/cgi/pt?id=ien.35556019672872
New York Magazine,,1967-01-01,,https://babel.hathitrust.org/cgi/pt?id=ien.35556019678051
New York Magazine,,1967-01-01,,https://babel.hathitrust.org/cgi/pt?id=ien.35556019678069
New York Magazine,,1967-01-01,,https://babel.hathitrust.org/cgi/pt?id=ien.35556019678077
New York Magazine,,1968-10-21,,http://books.google.com/books?id=CeECAAAAMBAJ&dq=%22New+York+Magazine%22+magazine
New York Magazine,,1969-09-01,,http://books.google.com/books?id=eMcDAAAAMBAJ&dq=%22New+York+Magazine%22+magazine
New York Magazine,,1969-10-20,,http://books.google.com/books?id=b9YCAAAAMBAJ&dq=%22New+York+Magazine%22+magazine
New York Magazine,,1971-08-02,newyorkmag_8-2-1971,https://archive.org/details/newyorkmag_8-2-1971
New York Magazine,,1971-12-20,,http://books.google.com/books?id=6eICAAAAMBAJ&dq=%22New+York+Magazine%22+magazine
New York Magazine,,1972-01-01,,https://babel.hathitrust.org/cgi/pt?id=ien.35556019722594
New York Magazine,,1972-01-01,,https://babel.hathitrust.org/cgi/pt?id=ien.35556019722602
New York Magazine,,1972-01-01,,https://babel.hathitrust.org/cgi/pt?id=ien.35556019724418
New York Magazine,,1972-01-01,,https://babel.hathitrust.org/cgi/pt?id=ien.35556019724426
New York Magazine,,1973-05-07,,http://books.google.com/books?id=IucCAAAAMBAJ&dq=%22New+York+Magazine%22+magazine
New York Magazine,,1974-04-08,,http://books.google.com/books?id=G-kCAAAAMBAJ&dq=%22New+York+Magazine%22+magazine
New York Magazine,,1980-01-01,,https://babel.hathitrust.org/cgi/pt?id=ien.35556030891980
New York Magazine,,1980-04-14,,http://books.google.com/books?id=H-QCAAAAMBAJ&dq=%22New+York+Magazine%22+magazine
New York Magazine,,1981-01-01,,https://babel.hathitrust.org/cgi/pt?id=ien.35556019819267
New York Magazine,,1981-01-01,,https://babel.hathitrust.org/cgi/pt?id=ien.35556019819762
New York Magazine,,1982-01-01,,https://babel.hathitrust.org/cgi/pt?id=ien.35556019824408
New York Magazine,,1982-01-01,,https://babel.hathitrust.org/cgi/pt?id=ien.35556019824564
New York Magazine,,1982-01-01,,https://babel.hathitrust.org/cgi/pt?id=ien.35556019824721
New York Magazine,,1985-01-01,,https://babel.hathitrust.org/cgi/pt?id=ien.35556019857093
New York Magazine,,1985-01-01,,https://babel.hathitrust.org/cgi/pt?id=ien.35556019857259
New York Magazine,,1985-05-13,,http://books.google.com/books?id=ysUBAAAAMBAJ&dq=%22New+York+Magazine%22+magazine
New York Magazine,,1985-08-05,wexner-bachelor-billionaire-dybbuk,https://archive.org/details/wexner-bachelor-billionaire-dybbuk
New York Magazine,,1986-01-01,,https://babel.hathitrust.org/cgi/pt?id=ien.35556019869841
New York Magazine,,1987-01-01,,https://babel.hathitrust.org/cgi/pt?id=ien.35556019870005
New York Magazine,,1987-01-01,,https://babel.hathitrust.org/cgi/pt?id=ien.35556019870336
New York Magazine,,1992-01-20,,http://books.google.com/books?id=a-QCAAAAMBAJ&dq=%22New+York+Magazine%22+magazine
New York Magazine,,1994-10-10,,http://books.google.com/books?id=KeMCAAAAMBAJ&dq=%22New+York+Magazine%22+magazine
New York Magazine,,1996-01-01,ramones-retire-new-york-magazine-jan-1996,https://archive.org/details/ramones-retire-new-york-magazine-jan-1996
New York Magazine,,1997-07-07,7july97-newyorkmag-wildamerica,https://archive.org/details/7july97-newyorkmag-wildamerica
New York Magazine,,2008-01-01,,https://babel.hathitrust.org/cgi/pt?id=mdp.39015011572008
New York Magazine,,2015-12-31,New_York_Magazine_December_14_2015,https://archive.org/details/New_York_Magazine_December_14_2015
New York Magazine,,2015-12-31,New_York_Magazine_November_30_2015,https://archive.org/details/New_York_Magazine_November_30_2015
New York Magazine,,2015-12-31,New_York_Magazine_November_9_2015,https://archive.org/details/New_York_Magazine_November_9_2015
New York Magazine,,2016-01-02,New_York_Magazine_September_20_2015,https://archive.org/details/New_York_Magazine_September_20_2015
New York Magazine,,2017-01-16,New_York_Magazine_April_20_2015,https://archive.org/details/New_York_Magazine_April_20_2015
New York Magazine,,2017-01-16,New_York_Magazine_April_6_2015,https://archive.org/details/New_York_Magazine_April_6_2015
New York Magazine,,2017-01-16,New_York_Magazine_August_24_2015,https://archive.org/details/New_York_Magazine_August_24_2015
New York Magazine,,2017-01-16,New_York_Magazine_August_9_2015_USA,https://archive.org/details/New_York_Magazine_August_9_2015_USA
New York Magazine,,2017-01-16,New_York_Magazine_July_13_2015,https://archive.org/details/New_York_Magazine_July_13_2015
New York Magazine,,2017-01-16,New_York_Magazine_June_8_2015,https://archive.org/details/New_York_Magazine_June_8_2015
New York Magazine,,2017-01-16,New_York_Magazine_November_16_2015,https://archive.org/details/New_York_Magazine_November_16_2015
New York Magazine,,2017-01-16,New_York_Magazine_November_23_2015,https://archive.org/details/New_York_Magazine_November_23_2015
New York Magazine,,2017-01-16,New_York_Magazine_October_19_2015,https://archive.org/details/New_York_Magazine_October_19_2015
New York Magazine,,2017-01-16,New_York_Magazine_September_21_2015,https://archive.org/details/New_York_Magazine_September_21_2015
New York Magazine,,2025-09-14,new-york-magazine-1977-2002,https://archive.org/details/new-york-magazine-1977-2002
New York Magazine,,2031-01-01,,https://babel.hathitrust.org/cgi/pt?id=ien.35556037142031
New York Magazine,,2052-01-01,,https://babel.hathitrust.org/cgi/pt?id=ien.35556039812052
New York Magazine,,2060-01-01,,https://babel.hathitrust.org/cgi/pt?id=ien.35556020608741
New York Magazine,,2060-01-01,,https://babel.hathitrust.org/cgi/pt?id=ien.35556020608881
New York Magazine,,2060-01-01,,https://babel.hathitrust.org/cgi/pt?id=ien.35556020608899
New York Magazine,,2060-01-01,,https://babel.hathitrust.org/cgi/pt?id=ien.35556020608907
New York Magazine,,2060-01-01,,https://babel.hathitrust.org/cgi/pt?id=ien.35556020608915
New York Magazine,,2065-01-01,,https://babel.hathitrust.org/cgi/pt?id=ien.35556020650313
New York Magazine,,2065-01-01,,https://babel.hathitrust.org/cgi/pt?id=ien.35556020650503
New York Magazine,,2071-01-01,,https://babel.hathitrust.org/cgi/pt?id=ien.35556020717948
New York Magazine,,2071-01-01,,https://babel.hathitrust.org/cgi/pt?id=ien.35556020717955
New York Magazine,,2071-01-01,,https://babel.hathitrust.org/cgi/pt?id=ien.35556020717963
New York Magazine,,2089-01-01,,https://babel.hathitrust.org/cgi/pt?id=ien.35556017208927
New York Magazine,,2090-01-01,,https://babel.hathitrust.org/cgi/pt?id=mdp.39015052090019
New York Magazine,,,,https://babel.hathitrust.org/cgi/pt?id=ien.35556010659886
New York Magazine,,,,https://babel.hathitrust.org/cgi/pt?id=ien.35556010663193
New York Magazine,,,,https://babel.hathitrust.org/cgi/pt?id=ien.35556010750255
New York Magazine,,,,https://babel.hathitrust.org/cgi/pt?id=ien.35556010750297
New York Magazine,,,,https://babel.hathitrust.org/cgi/pt?id=ien.35556010755742
New York Magazine,,,,https://babel.hathitrust.org/cgi/pt?id=ien.35556010782480
New York Magazine,,,,https://babel.hathitrust.org/cgi/pt?id=ien.35556017213000
New York Magazine,,,,https://babel.hathitrust.org/cgi/pt?id=ien.35556017238528
New York Magazine,,,,https://babel.hathitrust.org/cgi/pt?id=ien.35556017246729
New York Magazine,,,,https://babel.hathitrust.org/cgi/pt?id=ien.35556017305129
New York Magazine,,,,https://babel.hathitrust.org/cgi/pt?id=ien.35556017305285
New York Magazine,,,,https://babel.hathitrust.org/cgi/pt?id=ien.35556017357138
New York Magazine,,,,https://babel.hathitrust.org/cgi/pt?id=ien.35556017414285
New York Magazine,,,,https://babel.hathitrust.org/cgi/pt?id=ien.35556017417601
New York Magazine,,,,https://babel.hathitrust.org/cgi/pt?id=ien.35556017958182
New York Magazine,,,,https://babel.hathitrust.org/cgi/pt?id=ien.35556018258889
New York Magazine,,,,https://babel.hathitrust.org/cgi/pt?id=ien.35556018261719
New York Magazine,,,,https://babel.hathitrust.org/cgi/pt?id=ien.35556018261727
New York Magazine,,,,https://babel.hathitrust.org/cgi/pt?id=ien.35556018299016
New York Magazine,,,,https://babel.hathitrust.org/cgi/pt?id=ien.35556018354084
New York Magazine,,,,https://babel.hathitrust.org/cgi/pt?id=ien.35556018358531
New York Magazine,,,,https://babel.hathitrust.org/cgi/pt?id=ien.35556018359257
New York Magazine,,,,https://babel.hathitrust.org/cgi/pt?id=ien.35556018388298
New York Magazine,,,,https://babel.hathitrust.org/cgi/pt?id=ien.35556018411645
New York Magazine,,,,https://babel.hathitrust.org/cgi/pt?id=ien.35556018411652
New York Magazine,,,,https://babel.hathitrust.org/cgi/pt?id=ien.35556018485342
New York Magazine,,,,https://babel.hathitrust.org/cgi/pt?id=ien.35556018485359
New York Magazine,,,,https://babel.hathitrust.org/cgi/pt?id=ien.35556018485367
New York Magazine,,,,https://babel.hathitrust.org/cgi/pt?id=ien.35556018485490
New York Magazine,,,,https://babel.hathitrust.org/cgi/pt?id=ien.35556021830716
New York Magazine,,,,https://babel.hathitrust.org/cgi/pt?id=ien.35556021830724
New York Magazine,,,,https://babel.hathitrust.org/cgi/pt?id=ien.35556021830872
New York Magazine,,,,https://babel.hathitrust.org/cgi/pt?id=ien.35556021831045
New York Magazine,,,,https://babel.hathitrust.org/cgi/pt?id=ien.35556021837752
New York Magazine,,,,https://babel.hathitrust.org/cgi/pt?id=ien.35556021886601
New York Magazine,,,,https://babel.hathitrust.org/cgi/pt?id=ien.35556021886619
New York Magazine,,,,https://babel.hathitrust.org/cgi/pt?id=ien.35556021886627
New York Magazine,,,,https://babel.hathitrust.org/cgi/pt?id=ien.35556021886635
New York Magazine,,,,https://babel.hathitrust.org/cgi/pt?id=ien.35556022854335
New York Magazine,,,,https://babel.hathitrust.org/cgi/pt?id=ien.35556022854343
New York Magazine,,,,https://babel.hathitrust.org/cgi/pt?id=ien.35556022855670
New York Magazine,,,,https://babel.hathitrust.org/cgi/pt?id=ien.35556022855688
New York Magazine,,,,https://babel.hathitrust.org/cgi/pt?id=ien.35556022855696
New York Magazine,,,,https://babel.hathitrust.org/cgi/pt?id=ien.35556022855704
New York Magazine,,,,https://babel.hathitrust.org/cgi/pt?id=ien.35556022855712
New York Magazine,,,,https://babel.hathitrust.org/cgi/pt?id=ien.35556022866339
New York Magazine,,,,https://babel.hathitrust.org/cgi/pt?id=ien.35556022866347
New York Magazine,,,,https://babel.hathitrust.org/cgi/pt?id=ien.35556022866354
New York Magazine,,,,https://babel.hathitrust.org/cgi/pt?id=ien.35556022875629
New York Magazine,,,,https://babel.hathitrust.org/cgi/pt?id=ien.35556022875637
New York Magazine,,,,https://babel.hathitrust.org/cgi/pt?id=ien.35556022875645
New York Magazine,,,,https://babel.hathitrust.org/cgi/pt?id=ien.35556022887897
New York Magazine,,,,https://babel.hathitrust.org/cgi/pt?id=ien.35556022887905
New York Magazine,,,,https://babel.hathitrust.org/cgi/pt?id=ien.35556023078231
New York Magazine,,,,https://babel.hathitrust.org/cgi/pt?id=ien.35556023641145
New York Magazine,,,,https://babel.hathitrust.org/cgi/pt?id=ien.35556023641293
New York Magazine,,,,https://babel.hathitrust.org/cgi/pt?id=ien.35556023648645
New York Magazine,,,,https://babel.hathitrust.org/cgi/pt?id=ien.35556023648793
New York Magazine,,,,https://babel.hathitrust.org/cgi/pt?id=ien.35556023648959
New York Magazine,,,,https://babel.hathitrust.org/cgi/pt?id=ien.35556023649114
New York Magazine,,,,https://babel.hathitrust.org/cgi/pt?id=ien.35556023649122
New York Magazine,,,,https://babel.hathitrust.org/cgi/pt?id=ien.35556026770495
New York Magazine,,,,https://babel.hathitrust.org/cgi/pt?id=ien.35556026770883
New York Magazine,,,,https://babel.hathitrust.org/cgi/pt?id=ien.35556026774562
New York Magazine,,,,https://babel.hathitrust.org/cgi/pt?id=ien.35556026774737
New York Magazine,,,,https://babel.hathitrust.org/cgi/pt?id=ien.35556026780510
New York Magazine,,,,https://babel.hathitrust.org/cgi/pt?id=ien.35556026802355
New York Magazine,,,,https://babel.hathitrust.org/cgi/pt?id=ien.35556026802652
New York Magazine,,,,https://babel.hathitrust.org/cgi/pt?id=ien.35556026802660
New York Magazine,,,,https://babel.hathitrust.org/cgi/pt?id=ien.35556026802678
New York Magazine,,,,https://babel.hathitrust.org/cgi/pt?id=ien.35556026802686
New York Magazine,,,,https://babel.hathitrust.org/cgi/pt?id=ien.35556026802694
New York Magazine,,,,https://babel.hathitrust.org/cgi/pt?id=ien.35556026802702
New York Magazine,,,,https://babel.hathitrust.org/cgi/pt?id=ien.35556026802710
New York Magazine,,,,https://babel.hathitrust.org/cgi/pt?id=ien.35556026814152
New York Magazine,,,,https://babel.hathitrust.org/cgi/pt?id=ien.35556026814160
New York Magazine,,,,https://babel.hathitrust.org/cgi/pt?id=ien.35556026814293
New York Magazine,,,,https://babel.hathitrust.org/cgi/pt?id=ien.35556026822155
New York Magazine,,,,https://babel.hathitrust.org/cgi/pt?id=ien.35556026822163
New York Magazine,,,,https://babel.hathitrust.org/cgi/pt?id=ien.35556027975119
New York Magazine,,,,https://babel.hathitrust.org/cgi/pt?id=ien.35556027978352
New York Magazine,,,,https://babel.hathitrust.org/cgi/pt?id=ien.35556027984889
New York Magazine,,,,https://babel.hathitrust.org/cgi/pt?id=ien.35556027994672
New York Magazine,,,,https://babel.hathitrust.org/cgi/pt?id=ien.35556027994680
New York Magazine,,,,https://babel.hathitrust.org/cgi/pt?id=ien.35556027994698
New York Magazine,,,,https://babel.hathitrust.org/cgi/pt?id=ien.35556027999143
New York Magazine,,,,https://babel.hathitrust.org/cgi/pt?id=ien.35556027999275
New York Magazine,,,,https://babel.hathitrust.org/cgi/pt?id=ien.35556028002228
New York Magazine,,,,https://babel.hathitrust.org/cgi/pt?id=ien.35556028013126
New York Magazine,,,,https://babel.hathitrust.org/cgi/pt?id=ien.35556028013134
New York Magazine,,,,https://babel.hathitrust.org/cgi/pt?id=ien.35556028013142
New York Magazine,,,,https://babel.hathitrust.org/cgi/pt?id=ien.35556028016111
New York Magazine,,,,https://babel.hathitrust.org/cgi/pt?id=ien.35556028025716
New York Magazine,,,,https://babel.hathitrust.org/cgi/pt?id=ien.35556028026284
New York Magazine,,,,https://babel.hathitrust.org/cgi/pt?id=ien.35556028029890
New York Magazine,,,,https://babel.hathitrust.org/cgi/pt?id=ien.35556028029908
New York Magazine,,,,https://babel.hathitrust.org/cgi/pt?id=ien.35556028029916
New York Magazine,,,,https://babel.hathitrust.org/cgi/pt?id=ien.35556028029924
New York Magazine,,,,https://babel.hathitrust.org/cgi/pt?id=ien.35556030705438
New York Magazine,,,,https://babel.hathitrust.org/cgi/pt?id=ien.35556030850283
New York Magazine,,,,https://babel.hathitrust.org/cgi/pt?id=ien.35556030856850
New York Magazine,,,,https://babel.hathitrust.org/cgi/pt?id=ien.35556030856868
New York Magazine,,,,https://babel.hathitrust.org/cgi/pt?id=ien.35556030864383
New York Magazine,,,,https://babel.hathitrust.org/cgi/pt?id=ien.35556030864391
New York Magazine,,,,https://babel.hathitrust.org/cgi/pt?id=ien.35556030864409
New York Magazine,,,,https://babel.hathitrust.org/cgi/pt?id=ien.35556030872162
New York Magazine,,,,https://babel.hathitrust.org/cgi/pt?id=ien.35556030872170
New York Magazine,,,,https://babel.hathitrust.org/cgi/pt?id=ien.35556030872188
New York Magazine,,,,https://babel.hathitrust.org/cgi/pt?id=ien.35556030872196
New York Magazine,,,,https://babel.hathitrust.org/cgi/pt?id=ien.35556030885834
New York Magazine,,,,https://babel.hathitrust.org/cgi/pt?id=ien.35556030897060
New York Magazine,,,,https://babel.hathitrust.org/cgi/pt?id=ien.35556030897540
New York Magazine,,,,https://babel.hathitrust.org/cgi/pt?id=ien.35556030897557
New York Magazine,,,,https://babel.hathitrust.org/cgi/pt?id=ien.35556030902241
New York Magazine,,,,https://babel.hathitrust.org/cgi/pt?id=ien.35556030902258
New York Magazine,,,,https://babel.hathitrust.org/cgi/pt?id=ien.35556030902266
New York Magazine,,,,https://babel.hathitrust.org/cgi/pt?id=ien.35556032886442
New York Magazine,,,,https://babel.hathitrust.org/cgi/pt?id=ien.35556032886483
New York Magazine,,,,https://babel.hathitrust.org/cgi/pt?id=ien.35556032886558
New York Magazine,,,,https://babel.hathitrust.org/cgi/pt?id=ien.35556033617085
New York Magazine,,,,https://babel.hathitrust.org/cgi/pt?id=ien.35556033622523
New York Magazine,,,,https://babel.hathitrust.org/cgi/pt?id=ien.35556033630799
New York Magazine,,,,https://babel.hathitrust.org/cgi/pt?id=ien.35556033630807
New York Magazine,,,,https://babel.hathitrust.org/cgi/pt?id=ien.35556033637117
New York Magazine,,,,https://babel.hathitrust.org/cgi/pt?id=ien.35556033651795
New York Magazine,,,,https://babel.hathitrust.org/cgi/pt?id=ien.35556033651803
New York Magazine,,,,https://babel.hathitrust.org/cgi/pt?id=ien.35556033659665
New York Magazine,,,,https://babel.hathitrust.org/cgi/pt?id=ien.35556033669029
New York Magazine,,,,https://babel.hathitrust.org/cgi/pt?id=ien.35556033677469
New York Magazine,,,,https://babel.hathitrust.org/cgi/pt?id=ien.35556035363662
New York Magazine,,,,https://babel.hathitrust.org/cgi/pt?id=ien.35556035363720
New York Magazine,,,,https://babel.hathitrust.org/cgi/pt?id=ien.35556035374198
New York Magazine,,,,https://babel.hathitrust.org/cgi/pt?id=ien.35556035624469
New York Magazine,,,,https://babel.hathitrust.org/cgi/pt?id=ien.35556035628593
New York Magazine,,,,https://babel.hathitrust.org/cgi/pt?id=ien.35556035738491
New York Magazine,,,,https://babel.hathitrust.org/cgi/pt?id=ien.35556035749076
New York Magazine,,,,https://babel.hathitrust.org/cgi/pt?id=ien.35556035749209
New York Magazine,,,,https://babel.hathitrust.org/cgi/pt?id=ien.35556035775907
New York Magazine,,,,https://babel.hathitrust.org/cgi/pt?id=ien.35556035775915
New York Magazine,,,,https://babel.hathitrust.org/cgi/pt?id=ien.35556035785831
New York Magazine,,,,https://babel.hathitrust.org/cgi/pt?id=ien.35556037050911
New York Magazine,,,,https://babel.hathitrust.org/cgi/pt?id=ien.35556037454030
New York Magazine,,,,https://babel.hathitrust.org/cgi/pt?id=ien.35556037456647
New York Magazine,,,,https://babel.hathitrust.org/cgi/pt?id=ien.35556037540861
New York Magazine,,,,https://babel.hathitrust.org/cgi/pt?id=ien.35556038709994
New York Magazine,,,,https://babel.hathitrust.org/cgi/pt?id=ien.35556038760039
New York Magazine,,,,https://babel.hathitrust.org/cgi/pt?id=ien.35556038768628
New York Magazine,,,,https://babel.hathitrust.org/cgi/pt?id=ien.35556038768867
New York Magazine,,,,https://babel.hathitrust.org/cgi/pt?id=ien.35556039237326
New York Magazine,,,,https://babel.hathitrust.org/cgi/pt?id=ien.35556039807813
New York Magazine,,,,https://babel.hathitrust.org/cgi/pt?id=ien.35556041083866
New York Magazine,,,,https://babel.hathitrust.org/cgi/pt?id=ien.35556041085986
New York Magazine,,,,https://babel.hathitrust.org/cgi/pt?id=mdp.39015008604780
New York Magazine,,,,https://babel.hathitrust.org/cgi/pt?id=mdp.39015014521572
New York Magazine,,,,https://babel.hathitrust.org/cgi/pt?id=mdp.39015024640214
New York Magazine,,,,https://babel.hathitrust.org/cgi/pt?id=mdp.39015061534551
New York Magazine,,,,https://babel.hathitrust.org/cgi/pt?id=mdp.39015066152110
New York Magazine,,,,https://babel.hathitrust.org/cgi/pt?id=mdp.39015066152128
New York Magazine,,,,https://babel.hathitrust.org/cgi/pt?id=mdp.39015066152136
New York Magazine,,,,https://babel.hathitrust.org/cgi/pt?id=mdp.39015066174726
New York Magazine,,,,https://babel.hathitrust.org/cgi/pt?id=mdp.39015078233650
New York Magazine,,,,https://babel.hathitrust.org/cgi/pt?id=mdp.39015078233668
New York Magazine,,,,https://babel.hathitrust.org/cgi/pt?id=mdp.39015078233676
New York Magazine,,,,https://babel.hathitrust.org/cgi/pt?id=mdp.39015078233684
New York Magazine,,,,https://babel.hathitrust.org/cgi/pt?id=mdp.39015079662808
New York Magazine,,,,https://babel.hathitrust.org/cgi/pt?id=mdp.39015079662816
New York Magazine,,,,https://babel.hathitrust.org/cgi/pt?id=mdp.39015079662824
New York Magazine,,,,https://babel.hathitrust.org/cgi/pt?id=mdp.39015079662832
New York Magazine,,,,https://babel.hathitrust.org/cgi/pt?id=mdp.39015079662840
New York Magazine,,,,https://babel.hathitrust.org/cgi/pt?id=mdp.39015079684901
New York Magazine,,,,https://babel.hathitrust.org/cgi/pt?id=uva.x030365990
New York Magazine,Epstein Edward Jay New York Magazine,,nsia-EpsteinEdwardJayNewYorkMagazine,https://archive.org/details/nsia-EpsteinEdwardJayNewYorkMagazine
New York Magazine,Epstein Edward Jay New York Magazine Final Chapter,,nsia-EpsteinEdwardJayNewYorkMagazineFinalChapter,https://archive.org/details/nsia-EpsteinEdwardJayNewYorkMagazineFinalChapter
New York Magazine,New York Magazine subscription offer:,,TNM_New_York_Magazine_subscription_offer_20180308_0115,https://archive.org/details/TNM_New_York_Magazine_subscription_offer_20180308_0115
New York Magazine,The New York Magazine; or Literary Repository 1790-01: Vol 1 Iss 1,1790-01-01T00:00:00Z,sim_new-york-magazine-or-literary-repository_1790-01_1_1,https://archive.org/details/sim_new-york-magazine-or-literary-repository_1790-01_1_1
New York Magazine,"The New-York magazine ; or, Literary repository",1790-01-01T00:00:00Z,newyorkmagazine00unkngoog,https://archive.org/details/newyorkmagazine00unkngoog
New York Magazine,"The New-York magazine ; or, Literary repository",1790-01-01T00:00:00Z,newyorkmagazine01unkngoog,https://archive.org/details/newyorkmagazine01unkngoog
New York Magazine,The New York Magazine; or Literary Repository 1790-02: Vol 1 Iss 2,1790-02-01T00:00:00Z,sim_new-york-magazine-or-literary-repository_1790-02_1_2,https://archive.org/details/sim_new-york-magazine-or-literary-repository_1790-02_1_2
New York Magazine,The New York Magazine; or Literary Repository 1790-03: Vol 1 Iss 3,1790-03-01T00:00:00Z,sim_new-york-magazine-or-literary-repository_1790-03_1_3,https://archive.org/details/sim_new-york-magazine-or-literary-repository_1790-03_1_3
New York Magazine,The New York Magazine; or Literary Repository 1790-04: Vol 1 Iss 4,1790-04-01T00:00:00Z,sim_new-york-magazine-or-literary-repository_1790-04_1_4,https://archive.org/details/sim_new-york-magazine-or-literary-repository_1790-04_1_4
New York Magazine,The New York Magazine; or Literary Repository 1790-05: Vol 1 Iss 5,1790-05-01T00:00:00Z,sim_new-york-magazine-or-literary-repository_1790-05_1_5,https://archive.org/details/sim_new-york-magazine-or-literary-repository_1790-05_1_5
New York Magazine,The New York Magazine; or Literary Repository 1790-07: Vol 1 Iss 7,1790-07-01T00:00:00Z,sim_new-york-magazine-or-literary-repository_1790-07_1_7,https://archive.org/details/sim_new-york-magazine-or-literary-repository_1790-07_1_7
New York Magazine,The New York Magazine; or Literary Repository 1790-08: Vol 1 Iss 8,1790-08-01T00:00:00Z,sim_new-york-magazine-or-literary-repository_1790-08_1_8,https://archive.org/details/sim_new-york-magazine-or-literary-repository_1790-08_1_8
New York Magazine,The New York Magazine; or Literary Repository 1790-09: Vol 1 Iss 9,1790-09-01T00:00:00Z,sim_new-york-magazine-or-literary-repository_1790-09_1_9,https://archive.org/details/sim_new-york-magazine-or-literary-repository_1790-09_1_9
New York Magazine,The New York Magazine; or Literary Repository 1790-11: Vol 1 Iss 11,1790-11-01T00:00:00Z,sim_new-york-magazine-or-literary-repository_1790-11_1_11,https://archive.org/details/sim_new-york-magazine-or-literary-repository_1790-11_1_11
New York Magazine,The New York Magazine; or Literary Repository 1790-12: Vol 1 Iss 12,1790-12-01T00:00:00Z,sim_new-york-magazine-or-literary-repository_1790-12_1_12,https://archive.org/details/sim_new-york-magazine-or-literary-repository_1790-12_1_12
New York Magazine,The New York Magazine; or Literary Repository 1791-02: Vol 2 Iss 2,1791-02-01T00:00:00Z,sim_new-york-magazine-or-literary-repository_1791-02_2_2,https://archive.org/details/sim_new-york-magazine-or-literary-repository_1791-02_2_2
New York Magazine,The New York Magazine; or Literary Repository 1791-03: Vol 2 Iss 3,1791-03-01T00:00:00Z,sim_new-york-magazine-or-literary-repository_1791-03_2_3,https://archive.org/details/sim_new-york-magazine-or-literary-repository_1791-03_2_3
New York Magazine,The New York Magazine; or Literary Repository 1791-04: Vol 2 Iss 4,1791-04-01T00:00:00Z,sim_new-york-magazine-or-literary-repository_1791-04_2_4,https://archive.org/details/sim_new-york-magazine-or-literary-repository_1791-04_2_4
New York Magazine,The New York Magazine; or Literary Repository 1791-05: Vol 2 Iss 5,1791-05-01T00:00:00Z,sim_new-york-magazine-or-literary-repository_1791-05_2_5,https://archive.org/details/sim_new-york-magazine-or-literary-repository_1791-05_2_5
New York Magazine,The New York Magazine; or Literary Repository 1791-07: Vol 2 Iss 7,1791-07-01T00:00:00Z,sim_new-york-magazine-or-literary-repository_1791-07_2_7,https://archive.org/details/sim_new-york-magazine-or-literary-repository_1791-07_2_7
New York Magazine,The New York Magazine; or Literary Repository 1791-08: Vol 2 Iss 8,1791-08-01T00:00:00Z,sim_new-york-magazine-or-literary-repository_1791-08_2_8,https://archive.org/details/sim_new-york-magazine-or-literary-repository_1791-08_2_8
New York Magazine,The New York Magazine; or Literary Repository 1791-09: Vol 2 Iss 9,1791-09-01T00:00:00Z,sim_new-york-magazine-or-literary-repository_1791-09_2_9,https://archive.org/details/sim_new-york-magazine-or-literary-repository_1791-09_2_9
New York Magazine,The New York Magazine; or Literary Repository 1791-10: Vol 2 Iss 10,1791-10-01T00:00:00Z,sim_new-york-magazine-or-literary-repository_1791-10_2_10,https://archive.org/details/sim_new-york-magazine-or-literary-repository_1791-10_2_10
New York Magazine,The New York Magazine; or Literary Repository 1791-11: Vol 2 Iss 11,1791-11-01T00:00:00Z,sim_new-york-magazine-or-literary-repository_1791-11_2_11,https://archive.org/details/sim_new-york-magazine-or-literary-repository_1791-11_2_11
New York Magazine,The New York Magazine; or Literary Repository 1791-12: Vol 2 Iss 12,1791-12-01T00:00:00Z,sim_new-york-magazine-or-literary-repository_1791-12_2_12,https://archive.org/details/sim_new-york-magazine-or-literary-repository_1791-12_2_12
New York Magazine,The New York Magazine; or Literary Repository 1792-01: Vol 3 Iss 1,1792-01-01T00:00:00Z,sim_new-york-magazine-or-literary-repository_1792-01_3_1,https://archive.org/details/sim_new-york-magazine-or-literary-repository_1792-01_3_1
New York Magazine,The New York Magazine; or Literary Repository 1792: Vol 3 Index,1792-01-01T00:00:00Z,sim_new-york-magazine-or-literary-repository_1792_3_index,https://archive.org/details/sim_new-york-magazine-or-literary-repository_1792_3_index
New York Magazine,The New York Magazine; or Literary Repository 1792-03: Vol 3 Iss 3,1792-03-01T00:00:00Z,sim_new-york-magazine-or-literary-repository_1792-03_3_3,https://archive.org/details/sim_new-york-magazine-or-literary-repository_1792-03_3_3
New York Magazine,The New York Magazine; or Literary Repository 1792-04: Vol 3 Iss 4,1792-04-01T00:00:00Z,sim_new-york-magazine-or-literary-repository_1792-04_3_4,https://archive.org/details/sim_new-york-magazine-or-literary-repository_1792-04_3_4
New York Magazine,The New York Magazine; or Literary Repository 1792-05: Vol 3 Iss 5,1792-05-01T00:00:00Z,sim_new-york-magazine-or-literary-repository_1792-05_3_5,https://archive.org/details/sim_new-york-magazine-or-literary-repository_1792-05_3_5
New York Magazine,The New York Magazine; or Literary Repository 1792-06: Vol 3 Iss 6,1792-06-01T00:00:00Z,sim_new-york-magazine-or-literary-repository_1792-06_3_6,https://archive.org/details/sim_new-york-magazine-or-literary-repository_1792-06_3_6
New York Magazine,The New York Magazine; or Literary Repository 1792-07: Vol 3 Iss 7,1792-07-01T00:00:00Z,sim_new-york-magazine-or-literary-repository_1792-07_3_7,https://archive.org/details/sim_new-york-magazine-or-literary-repository_1792-07_3_7
New York Magazine,The New York Magazine; or Literary Repository 1792-08: Vol 3 Iss 8,1792-08-01T00:00:00Z,sim_new-york-magazine-or-literary-repository_1792-08_3_8,https://archive.org/details/sim_new-york-magazine-or-literary-repository_1792-08_3_8
New York Magazine,The New York Magazine; or Literary Repository 1792-10: Vol 3 Iss 10,1792-10-01T00:00:00Z,sim_new-york-magazine-or-literary-repository_1792-10_3_10,https://archive.org/details/sim_new-york-magazine-or-literary-repository_1792-10_3_10
New York Magazine,The New York Magazine; or Literary Repository 1792-11: Vol 3 Iss 11,1792-11-01T00:00:00Z,sim_new-york-magazine-or-literary-repository_1792-11_3_11,https://archive.org/details/sim_new-york-magazine-or-literary-repository_1792-11_3_11
New York Magazine,The New York Magazine; or Literary Repository 1792-12: Vol 3 Iss 12,1792-12-01T00:00:00Z,sim_new-york-magazine-or-literary-repository_1792-12_3_12,https://archive.org/details/sim_new-york-magazine-or-literary-repository_1792-12_3_12
New York Magazine,The New York Magazine; or Literary Repository 1793-01: Vol 4 Iss 1,1793-01-01T00:00:00Z,sim_new-york-magazine-or-literary-repository_1793-01_4_1,https://archive.org/details/sim_new-york-magazine-or-literary-repository_1793-01_4_1
New York Magazine,The New York Magazine; or Literary Repository 1793-03: Vol 4 Iss 3,1793-03-01T00:00:00Z,sim_new-york-magazine-or-literary-repository_1793-03_4_3,https://archive.org/details/sim_new-york-magazine-or-literary-repository_1793-03_4_3
New York Magazine,The New York Magazine; or Literary Repository 1793-04: Vol 4 Iss 4,1793-04-01T00:00:00Z,sim_new-york-magazine-or-literary-repository_1793-04_4_4,https://archive.org/details/sim_new-york-magazine-or-literary-repository_1793-04_4_4
New York Magazine,The New York Magazine; or Literary Repository 1793-05: Vol 4 Iss 5,1793-05-01T00:00:00Z,sim_new-york-magazine-or-literary-repository_1793-05_4_5,https://archive.org/details/sim_new-york-magazine-or-literary-repository_1793-05_4_5
New York Magazine,The New York Magazine; or Literary Repository 1793-06: Vol 4 Iss 6,1793-06-01T00:00:00Z,sim_new-york-magazine-or-literary-repository_1793-06_4_6,https://archive.org/details/sim_new-york-magazine-or-literary-repository_1793-06_4_6
New York Magazine,The New York Magazine; or Literary Repository 1793-07: Vol 4 Iss 7,1793-07-01T00:00:00Z,sim_new-york-magazine-or-literary-repository_1793-07_4_7,https://archive.org/details/sim_new-york-magazine-or-literary-repository_1793-07_4_7
New York Magazine,The New York Magazine; or Literary Repository 1793-09: Vol 4 Iss 9,1793-09-01T00:00:00Z,sim_new-york-magazine-or-literary-repository_1793-09_4_9,https://archive.org/details/sim_new-york-magazine-or-literary-repository_1793-09_4_9
New York Magazine,The New York Magazine; or Literary Repository 1793-10: Vol 4 Iss 10,1793-10-01T00:00:00Z,sim_new-york-magazine-or-literary-repository_1793-10_4_10,https://archive.org/details/sim_new-york-magazine-or-literary-repository_1793-10_4_10
New York Magazine,The New York Magazine; or Literary Repository 1793-11: Vol 4 Iss 11,1793-11-01T00:00:00Z,sim_new-york-magazine-or-literary-repository_1793-11_4_11,https://archive.org/details/sim_new-york-magazine-or-literary-repository_1793-11_4_11
New York Magazine,The New York Magazine; or Literary Repository 1794: Vol 5 Index,1794-01-01T00:00:00Z,sim_new-york-magazine-or-literary-repository_1794_5_index,https://archive.org/details/sim_new-york-magazine-or-literary-repository_1794_5_index
New York Magazine,The New York Magazine; or Literary Repository 1794-02: Vol 5 Iss 2,1794-02-01T00:00:00Z,sim_new-york-magazine-or-literary-repository_1794-02_5_2,https://archive.org/details/sim_new-york-magazine-or-literary-repository_1794-02_5_2
New York Magazine,The New York Magazine; or Literary Repository 1794-03: Vol 5 Iss 3,1794-03-01T00:00:00Z,sim_new-york-magazine-or-literary-repository_1794-03_5_3,https://archive.org/details/sim_new-york-magazine-or-literary-repository_1794-03_5_3
New York Magazine,The New York Magazine; or Literary Repository 1794-04: Vol 5 Iss 4,1794-04-01T00:00:00Z,sim_new-york-magazine-or-literary-repository_1794-04_5_4,https://archive.org/details/sim_new-york-magazine-or-literary-repository_1794-04_5_4
New York Magazine,The New York Magazine; or Literary Repository 1794-05: Vol 5 Iss 5,1794-05-01T00:00:00Z,sim_new-york-magazine-or-literary-repository_1794-05_5_5,https://archive.org/details/sim_new-york-magazine-or-literary-repository_1794-05_5_5
New York Magazine,The New York Magazine; or Literary Repository 1794-06: Vol 5 Iss 6,1794-06-01T00:00:00Z,sim_new-york-magazine-or-literary-repository_1794-06_5_6,https://archive.org/details/sim_new-york-magazine-or-literary-repository_1794-06_5_6
New York Magazine,The New York Magazine; or Literary Repository 1794-07: Vol 5 Iss 7,1794-07-01T00:00:00Z,sim_new-york-magazine-or-literary-repository_1794-07_5_7,https://archive.org/details/sim_new-york-magazine-or-literary-repository_1794-07_5_7
New York Magazine,The New York Magazine; or Literary Repository 1794-09: Vol 5 Iss 9,1794-09-01T00:00:00Z,sim_new-york-magazine-or-literary-repository_1794-09_5_9,https://archive.org/details/sim_new-york-magazine-or-literary-repository_1794-09_5_9
New York Magazine,The New York Magazine; or Literary Repository 1794-10: Vol 5 Iss 10,1794-10-01T00:00:00Z,sim_new-york-magazine-or-literary-repository_1794-10_5_10,https://archive.org/details/sim_new-york-magazine-or-literary-repository_1794-10_5_10
New York Magazine,The New York Magazine; or Literary Repository 1794-11: Vol 5 Iss 11,1794-11-01T00:00:00Z,sim_new-york-magazine-or-literary-repository_1794-11_5_11,https://archive.org/details/sim_new-york-magazine-or-literary-repository_1794-11_5_11
New York Magazine,The New York Magazine; or Literary Repository 1794-12: Vol 5 Iss 12,1794-12-01T00:00:00Z,sim_new-york-magazine-or-literary-repository_1794-12_5_12,https://archive.org/details/sim_new-york-magazine-or-literary-repository_1794-12_5_12
New York Magazine,The New York Magazine; or Literary Repository 1795-01: Vol 6 Iss 1,1795-01-01T00:00:00Z,sim_new-york-magazine-or-literary-repository_1795-01_6_1,https://archive.org/details/sim_new-york-magazine-or-literary-repository_1795-01_6_1
New York Magazine,The New York Magazine; or Literary Repository 1795: Vol 6 Index,1795-01-01T00:00:00Z,sim_new-york-magazine-or-literary-repository_1795_6_index,https://archive.org/details/sim_new-york-magazine-or-literary-repository_1795_6_index
New York Magazine,The New York Magazine; or Literary Repository 1795-02: Vol 6 Iss 2,1795-02-01T00:00:00Z,sim_new-york-magazine-or-literary-repository_1795-02_6_2,https://archive.org/details/sim_new-york-magazine-or-literary-repository_1795-02_6_2
New York Magazine,The New York Magazine; or Literary Repository 1795-04: Vol 6 Iss 4,1795-04-01T00:00:00Z,sim_new-york-magazine-or-literary-repository_1795-04_6_4,https://archive.org/details/sim_new-york-magazine-or-literary-repository_1795-04_6_4
New York Magazine,The New York Magazine; or Literary Repository 1795-06: Vol 6 Iss 6,1795-06-01T00:00:00Z,sim_new-york-magazine-or-literary-repository_1795-06_6_6,https://archive.org/details/sim_new-york-magazine-or-literary-repository_1795-06_6_6
New York Magazine,The New York Magazine; or Literary Repository 1795-07: Vol 6 Iss 7,1795-07-01T00:00:00Z,sim_new-york-magazine-or-literary-repository_1795-07_6_7,https://archive.org/details/sim_new-york-magazine-or-literary-repository_1795-07_6_7
New York Magazine,The New York Magazine; or Literary Repository 1795-08: Vol 6 Iss 8,1795-08-01T00:00:00Z,sim_new-york-magazine-or-literary-repository_1795-08_6_8,https://archive.org/details/sim_new-york-magazine-or-literary-repository_1795-08_6_8
New York Magazine,The New York Magazine; or Literary Repository 1795-10: Vol 6 Iss 10,1795-10-01T00:00:00Z,sim_new-york-magazine-or-literary-repository_1795-10_6_10,https://archive.org/details/sim_new-york-magazine-or-literary-repository_1795-10_6_10
New York Magazine,The New York Magazine; or Literary Repository 1795-11: Vol 6 Iss 11,1795-11-01T00:00:00Z,sim_new-york-magazine-or-literary-repository_1795-11_6_11,https://archive.org/details/sim_new-york-magazine-or-literary-repository_1795-11_6_11
New York Magazine,The New York Magazine; or Literary Repository 1795-12: Vol 6 Iss 12,1795-12-01T00:00:00Z,sim_new-york-magazine-or-literary-repository_1795-12_6_12,https://archive.org/details/sim_new-york-magazine-or-literary-repository_1795-12_6_12
New York Magazine,The New York Magazine; or Literary Repository 1796-01: Vol 1,1796-01-01T00:00:00Z,sim_new-york-magazine-or-literary-repository_1796-01_1,https://archive.org/details/sim_new-york-magazine-or-literary-repository_1796-01_1
New York Magazine,The New York Magazine; or Literary Repository 1796: Vol 1 Index,1796-01-01T00:00:00Z,sim_new-york-magazine-or-literary-repository_1796_1_index,https://archive.org/details/sim_new-york-magazine-or-literary-repository_1796_1_index
New York Magazine,The New York Magazine; or Literary Repository 1796-02: Vol 1,1796-02-01T00:00:00Z,sim_new-york-magazine-or-literary-repository_1796-02_1,https://archive.org/details/sim_new-york-magazine-or-literary-repository_1796-02_1
New York Magazine,The New York Magazine; or Literary Repository 1796-03: Vol 1,1796-03-01T00:00:00Z,sim_new-york-magazine-or-literary-repository_1796-03_1,https://archive.org/details/sim_new-york-magazine-or-literary-repository_1796-03_1
New York Magazine,The New York Magazine; or Literary Repository 1796-04: Vol 1,1796-04-01T00:00:00Z,sim_new-york-magazine-or-literary-repository_1796-04_1,https://archive.org/details/sim_new-york-magazine-or-literary-repository_1796-04_1
New York Magazine,The New York Magazine; or Literary Repository 1796-06: Vol 1,1796-06-01T00:00:00Z,sim_new-york-magazine-or-literary-repository_1796-06_1,https://archive.org/details/sim_new-york-magazine-or-literary-repository_1796-06_1
New York Magazine,The New York Magazine; or Literary Repository 1796-07: Vol 1,1796-07-01T00:00:00Z,sim_new-york-magazine-or-literary-repository_1796-07_1,https://archive.org/details/sim_new-york-magazine-or-literary-repository_1796-07_1
New York Magazine,The New York Magazine; or Literary Repository 1796-08: Vol 1,1796-08-01T00:00:00Z,sim_new-york-magazine-or-literary-repository_1796-08_1,https://archive.org/details/sim_new-york-magazine-or-literary-repository_1796-08_1
New York Magazine,The New York Magazine; or Literary Repository 1796-09: Vol 1,1796-09-01T00:00:00Z,sim_new-york-magazine-or-literary-repository_1796-09_1,https://archive.org/details/sim_new-york-magazine-or-literary-repository_1796-09_1
New York Magazine,The New York Magazine; or Literary Repository 1796-10: Vol 1,1796-10-01T00:00:00Z,sim_new-york-magazine-or-literary-repository_1796-10_1,https://archive.org/details/sim_new-york-magazine-or-literary-repository_1796-10_1
New York Magazine,The New York Magazine; or Literary Repository 1796-12: Vol 1,1796-12-01T00:00:00Z,sim_new-york-magazine-or-literary-repository_1796-12_1,https://archive.org/details/sim_new-york-magazine-or-literary-repository_1796-12_1
New York Magazine,The New York Magazine; or Literary Repository 1797: Vol 2 Index,1797-01-01T00:00:00Z,sim_new-york-magazine-or-literary-repository_1797_2_index,https://archive.org/details/sim_new-york-magazine-or-literary-repository_1797_2_index
New York Magazine,The New York Magazine; or Literary Repository 1797-03: Vol 2,1797-03-01T00:00:00Z,sim_new-york-magazine-or-literary-repository_1797-03_2,https://archive.org/details/sim_new-york-magazine-or-literary-repository_1797-03_2
New York Magazine,The New York Magazine; or Literary Repository 1797-04: Vol 2,1797-04-01T00:00:00Z,sim_new-york-magazine-or-literary-repository_1797-04_2,https://archive.org/details/sim_new-york-magazine-or-literary-repository_1797-04_2
New York Magazine,The New York Magazine; or Literary Repository 1797-05: Vol 2,1797-05-01T00:00:00Z,sim_new-york-magazine-or-literary-repository_1797-05_2,https://archive.org/details/sim_new-york-magazine-or-literary-repository_1797-05_2
New York Magazine,The New York Magazine; or Literary Repository 1797-07: Vol 2,1797-07-01T00:00:00Z,sim_new-york-magazine-or-literary-repository_1797-07_2,https://archive.org/details/sim_new-york-magazine-or-literary-repository_1797-07_2
New York Magazine,The New York Magazine; or Literary Repository 1797-08: Vol 2,1797-08-01T00:00:00Z,sim_new-york-magazine-or-literary-repository_1797-08_2,https://archive.org/details/sim_new-york-magazine-or-literary-repository_1797-08_2
New York Magazine,The New York Magazine; or Literary Repository 1797-09: Vol 2,1797-09-01T00:00:00Z,sim_new-york-magazine-or-literary-repository_1797-09_2,https://archive.org/details/sim_new-york-magazine-or-literary-repository_1797-09_2
New York Magazine,The New York Magazine; or Literary Repository 1797-10: Vol 2,1797-10-01T00:00:00Z,sim_new-york-magazine-or-literary-repository_1797-10_2,https://archive.org/details/sim_new-york-magazine-or-literary-repository_1797-10_2
New York Magazine,The New York Magazine; or Literary Repository 1797-12: Vol 2,1797-12-01T00:00:00Z,sim_new-york-magazine-or-literary-repository_1797-12_2,https://archive.org/details/sim_new-york-magazine-or-literary-repository_1797-12_2
New York Magazine,"The New York Magazine, and General Repository of Useful Knowledge 1814-05-01: Vol 1 Iss 1",1814-05-01T00:00:00Z,sim_new-york-magazine-and-general-repository_1814-05-01_1_1,https://archive.org/details/sim_new-york-magazine-and-general-repository_1814-05-01_1_1
New York Magazine,"The New York Magazine, and General Repository of Useful Knowledge 1814-06-01: Vol 1 Iss 2",1814-06-01T00:00:00Z,sim_new-york-magazine-and-general-repository_1814-06-01_1_2,https://archive.org/details/sim_new-york-magazine-and-general-repository_1814-06-01_1_2
New York Magazine,"The New York Magazine, and General Repository of Useful Knowledge 1814-07-01: Vol 1 Iss 3",1814-07-01T00:00:00Z,sim_new-york-magazine-and-general-repository_1814-07-01_1_3,https://archive.org/details/sim_new-york-magazine-and-general-repository_1814-07-01_1_3
New York Magazine,New York Magazine,1968-06-17T00:00:00Z,bub_gb_LLgDAAAAMBAJ,https://archive.org/details/bub_gb_LLgDAAAAMBAJ
New York Magazine,New York Magazine,1968-09-09T00:00:00Z,bub_gb_atYCAAAAMBAJ,https://archive.org/details/bub_gb_atYCAAAAMBAJ
New York Magazine,New York Magazine,1969-06-30T00:00:00Z,bub_gb_bNYCAAAAMBAJ,https://archive.org/details/bub_gb_bNYCAAAAMBAJ
New York Magazine,New York Magazine,1970-06-15T00:00:00Z,bub_gb__-ICAAAAMBAJ,https://archive.org/details/bub_gb__-ICAAAAMBAJ
New York Magazine,New York Magazine,1971-02-08T00:00:00Z,bub_gb_CuMCAAAAMBAJ,https://archive.org/details/bub_gb_CuMCAAAAMBAJ
New York Magazine,New York Magazine,1971-10-18T00:00:00Z,bub_gb_hjXFm-yvWJkC,https://archive.org/details/bub_gb_hjXFm-yvWJkC
New York Magazine,New York Magazine,1972-05-29T00:00:00Z,bub_gb_4-YCAAAAMBAJ,https://archive.org/details/bub_gb_4-YCAAAAMBAJ
New York Magazine,New York Magazine,1972-08-28T00:00:00Z,bub_gb_DsUDAAAAMBAJ,https://archive.org/details/bub_gb_DsUDAAAAMBAJ
New York Magazine,New York Magazine,1973-01-08T00:00:00Z,bub_gb_noI5n-RRLi8C,https://archive.org/details/bub_gb_noI5n-RRLi8C
New York Magazine,New York Magazine,1973-12-17T00:00:00Z,bub_gb_teYCAAAAMBAJ,https://archive.org/details/bub_gb_teYCAAAAMBAJ
New York Magazine,New York Magazine,1976-03-15T00:00:00Z,bub_gb_XuMCAAAAMBAJ,https://archive.org/details/bub_gb_XuMCAAAAMBAJ
New York Magazine,New York Magazine,1976-08-16T00:00:00Z,bub_gb_B-QCAAAAMBAJ,https://archive.org/details/bub_gb_B-QCAAAAMBAJ
New York Magazine,New York Magazine,1976-11-01T00:00:00Z,bub_gb_QOQCAAAAMBAJ,https://archive.org/details/bub_gb_QOQCAAAAMBAJ
New York Magazine,Magazine Article 1977 (New York Magazine) - The Out-Of-Body Trip: What A Way to Go! - Joan Kron,1977-01-01T00:00:00Z,news-article-1977-new-york-magazine-the-out-of-body-trip,https://archive.org/details/news-article-1977-new-york-magazine-the-out-of-body-trip
New York Magazine,New York Magazine,1979-04-09T00:00:00Z,bub_gb_7uACAAAAMBAJ,https://archive.org/details/bub_gb_7uACAAAAMBAJ
New York Magazine,New York Magazine,1979-11-05T00:00:00Z,bub_gb_jeECAAAAMBAJ,https://archive.org/details/bub_gb_jeECAAAAMBAJ
New York Magazine,New York Magazine,1979-12-03T00:00:00Z,bub_gb_C9ACAAAAMBAJ,https://archive.org/details/bub_gb_C9ACAAAAMBAJ
New York Magazine,New York Magazine,1980-10-06T00:00:00Z,bub_gb__uQCAAAAMBAJ,https://archive.org/details/bub_gb__uQCAAAAMBAJ
New York Magazine,Maybe he's dead : and other hilarious results of New York magazine competitions,1981-01-01T00:00:00Z,maybehesdeadothe0000unse,https://archive.org/details/maybehesdeadothe0000unse
New York Magazine,New York Magazine,1981-04-06T00:00:00Z,bub_gb_i-cCAAAAMBAJ,https://archive.org/details/bub_gb_i-cCAAAAMBAJ
New York Magazine,New York Magazine,1981-05-25T00:00:00Z,bub_gb_9uUCAAAAMBAJ,https://archive.org/details/bub_gb_9uUCAAAAMBAJ
New York Magazine,New York Magazine,1981-06-22T00:00:00Z,bub_gb_BeYCAAAAMBAJ,https://archive.org/details/bub_gb_BeYCAAAAMBAJ
New York Magazine,New York Magazine,1982-04-05T00:00:00Z,bub_gb_6ucCAAAAMBAJ,https://archive.org/details/bub_gb_6ucCAAAAMBAJ
New York Magazine,New York Magazine,1983-03-07T00:00:00Z,bub_gb_jcIBAAAAMBAJ,https://archive.org/details/bub_gb_jcIBAAAAMBAJ
New York Magazine,New York Magazine,1983-03-14T00:00:00Z,bub_gb_mOICAAAAMBAJ,https://archive.org/details/bub_gb_mOICAAAAMBAJ
New York Magazine,New York Magazine,1983-04-11T00:00:00Z,bub_gb_I7cBAAAAMBAJ,https://archive.org/details/bub_gb_I7cBAAAAMBAJ
New York Magazine,New York Magazine,1983-06-06T00:00:00Z,bub_gb_s8EBAAAAMBAJ,https://archive.org/details/bub_gb_s8EBAAAAMBAJ
New York Magazine,New York Magazine,1983-08-22T00:00:00Z,bub_gb_JdgBAAAAMBAJ,https://archive.org/details/bub_gb_JdgBAAAAMBAJ
New York Magazine,New York Magazine,1983-09-05T00:00:00Z,bub_gb_k-ICAAAAMBAJ,https://archive.org/details/bub_gb_k-ICAAAAMBAJ
New York Magazine,New York Magazine,1984-01-16T00:00:00Z,bub_gb_3OUCAAAAMBAJ,https://archive.org/details/bub_gb_3OUCAAAAMBAJ
New York Magazine,New York Magazine,1984-02-13T00:00:00Z,bub_gb_oOYCAAAAMBAJ,https://archive.org/details/bub_gb_oOYCAAAAMBAJ
New York Magazine,New York Magazine,1984-04-30T00:00:00Z,bub_gb_f-UCAAAAMBAJ,https://archive.org/details/bub_gb_f-UCAAAAMBAJ
New York Magazine,New York Magazine,1985-02-18T00:00:00Z,bub_gb_VMEBAAAAMBAJ,https://archive.org/details/bub_gb_VMEBAAAAMBAJ
New York Magazine,New York Magazine,1985-04-01T00:00:00Z,bub_gb_tLcBAAAAMBAJ,https://archive.org/details/bub_gb_tLcBAAAAMBAJ
New York Magazine,New York Magazine,1985-11-04T00:00:00Z,bub_gb_7McBAAAAMBAJ,https://archive.org/details/bub_gb_7McBAAAAMBAJ
New York Magazine,New York Magazine,1986-01-27T00:00:00Z,bub_gb_5-cCAAAAMBAJ,https://archive.org/details/bub_gb_5-cCAAAAMBAJ
New York Magazine,New York Magazine,1986-02-24T00:00:00Z,bub_gb_7OYCAAAAMBAJ,https://archive.org/details/bub_gb_7OYCAAAAMBAJ
New York Magazine,New York Magazine,1986-03-31T00:00:00Z,bub_gb_hOcCAAAAMBAJ,https://archive.org/details/bub_gb_hOcCAAAAMBAJ
New York Magazine,New York Magazine,1986-05-12T00:00:00Z,bub_gb_uuYCAAAAMBAJ,https://archive.org/details/bub_gb_uuYCAAAAMBAJ
New York Magazine,New York Magazine,1986-06-23T00:00:00Z,bub_gb_mucCAAAAMBAJ,https://archive.org/details/bub_gb_mucCAAAAMBAJ
New York Magazine,New York Magazine,1986-09-29T00:00:00Z,bub_gb_t-YCAAAAMBAJ,https://archive.org/details/bub_gb_t-YCAAAAMBAJ
New York Magazine,New York Magazine,1987-02-23T00:00:00Z,bub_gb_peMCAAAAMBAJ,https://archive.org/details/bub_gb_peMCAAAAMBAJ
New York Magazine,New York Magazine,1987-10-05T00:00:00Z,bub_gb_lOUCAAAAMBAJ,https://archive.org/details/bub_gb_lOUCAAAAMBAJ
New York Magazine,New York Magazine,1987-12-14T00:00:00Z,bub_gb_n-MCAAAAMBAJ,https://archive.org/details/bub_gb_n-MCAAAAMBAJ
New York Magazine,New York Magazine,1988-11-21T00:00:00Z,bub_gb_9OQCAAAAMBAJ,https://archive.org/details/bub_gb_9OQCAAAAMBAJ
New York Magazine,New York Magazine,1989-01-16T00:00:00Z,bub_gb_SOgCAAAAMBAJ,https://archive.org/details/bub_gb_SOgCAAAAMBAJ
New York Magazine,New York Magazine,1989-07-31T00:00:00Z,bub_gb_TugCAAAAMBAJ,https://archive.org/details/bub_gb_TugCAAAAMBAJ
New York Magazine,New York Magazine,1989-10-30T00:00:00Z,bub_gb_QOgCAAAAMBAJ,https://archive.org/details/bub_gb_QOgCAAAAMBAJ
New York Magazine,New York Magazine,1989-11-20T00:00:00Z,bub_gb_P-gCAAAAMBAJ,https://archive.org/details/bub_gb_P-gCAAAAMBAJ
New York Magazine,New York Magazine,1990-01-29T00:00:00Z,bub_gb_YrUA24_g1QQC,https://archive.org/details/bub_gb_YrUA24_g1QQC
New York Magazine,New York Magazine,1991-03-18T00:00:00Z,bub_gb_DukCAAAAMBAJ,https://archive.org/details/bub_gb_DukCAAAAMBAJ
New York Magazine,New York Magazine,1991-06-03T00:00:00Z,bub_gb_cOkCAAAAMBAJ,https://archive.org/details/bub_gb_cOkCAAAAMBAJ
New York Magazine,New York Magazine,1992-03-30T00:00:00Z,bub_gb_auQCAAAAMBAJ,https://archive.org/details/bub_gb_auQCAAAAMBAJ
New York Magazine,New York Magazine,1992-07-20T00:00:00Z,bub_gb_ieMCAAAAMBAJ,https://archive.org/details/bub_gb_ieMCAAAAMBAJ
New York Magazine,New York Magazine,1993-01-25T00:00:00Z,bub_gb_LRkAAAAAMBAJ,https://archive.org/details/bub_gb_LRkAAAAAMBAJ
New York Magazine,New York Magazine,1993-05-10T00:00:00Z,bub_gb_ziUAAAAAMBAJ,https://archive.org/details/bub_gb_ziUAAAAAMBAJ
New York Magazine,New York Magazine,1993-08-09T00:00:00Z,bub_gb_yyYAAAAAMBAJ,https://archive.org/details/bub_gb_yyYAAAAAMBAJ
New York Magazine,New York Magazine,1994-02-14T00:00:00Z,bub_gb_lcABAAAAMBAJ,https://archive.org/details/bub_gb_lcABAAAAMBAJ
New York Magazine,New York Magazine,1994-05-02T00:00:00Z,bub_gb_OeQCAAAAMBAJ,https://archive.org/details/bub_gb_OeQCAAAAMBAJ
New York Magazine,New York Magazine,1994-05-23T00:00:00Z,bub_gb_MOQCAAAAMBAJ,https://archive.org/details/bub_gb_MOQCAAAAMBAJ
New York Magazine,New York Magazine,1994-06-06T00:00:00Z,bub_gb_T-QCAAAAMBAJ,https://archive.org/details/bub_gb_T-QCAAAAMBAJ
New York Magazine,New York Magazine,1994-09-12T00:00:00Z,bub_gb_MeQCAAAAMBAJ,https://archive.org/details/bub_gb_MeQCAAAAMBAJ
New York Magazine,New York Magazine,1994-11-07T00:00:00Z,bub_gb_N-QCAAAAMBAJ,https://archive.org/details/bub_gb_N-QCAAAAMBAJ
New York Magazine,New York Magazine,1995-06-26T00:00:00Z,bub_gb_k-MCAAAAMBAJ,https://archive.org/details/bub_gb_k-MCAAAAMBAJ
New York Magazine,New York Magazine,1995-08-14T00:00:00Z,bub_gb_Q-MCAAAAMBAJ,https://archive.org/details/bub_gb_Q-MCAAAAMBAJ
New York Magazine,New York Magazine,1995-12-04T00:00:00Z,bub_gb_T-MCAAAAMBAJ,https://archive.org/details/bub_gb_T-MCAAAAMBAJ
New York Magazine,New York Magazine,1996-04-01T00:00:00Z,bub_gb_MuECAAAAMBAJ,https://archive.org/details/bub_gb_MuECAAAAMBAJ
New York Magazine,New York Magazine,1996-04-08T00:00:00Z,bub_gb_NOECAAAAMBAJ,https://archive.org/details/bub_gb_NOECAAAAMBAJ
New York Magazine,New York Magazine,1996-06-17T00:00:00Z,bub_gb_POECAAAAMBAJ,https://archive.org/details/bub_gb_POECAAAAMBAJ
New York Magazine,New York Magazine,1997-06-16T00:00:00Z,bub_gb_T-gCAAAAMBAJ,https://archive.org/details/bub_gb_T-gCAAAAMBAJ
New York Magazine,New York Magazine,1997-07-21T00:00:00Z,bub_gb_SugCAAAAMBAJ,https://archive.org/details/bub_gb_SugCAAAAMBAJ
New York Magazine,New York Magazine,1997-11-17T00:00:00Z,bub_gb_xOgCAAAAMBAJ,https://archive.org/details/bub_gb_xOgCAAAAMBAJ
New York Magazine,"Metropolitan Transportation Authority v. New York Magazine, 525 U.S. 824 (1998) (No. 97-2020)",1998-01-01T00:00:00Z,micro_IA40386006_1705,https://archive.org/details/micro_IA40386006_1705
New York Magazine,"New York Magazine Crossword Puzzle Omnibus, Volume 1 (NY Magazine)",2006-07-11T00:00:00Z,isbn_9780375721533,https://archive.org/details/isbn_9780375721533
New York Magazine,In season : more than 150 fresh and simple recipes from New York magazine inspired by farmers' market ingredients,2012-01-01T00:00:00Z,inseasonmorethan0000patr,https://archive.org/details/inseasonmorethan0000patr
People,,1953-08-01,tv-people-v-01n-01-1953-08.non-pareil-bones,https://archive.org/details/tv-people-v-01n-01-1953-08.non-pareil-bones
People,,1953-10-01,tv-people-v-01n-02-1953-10.non-pareil-bones,https://archive.org/details/tv-people-v-01n-02-1953-10.non-pareil-bones
People,,1956-12-01,people-today-december-1956,https://archive.org/details/people-today-december-1956
People,,1958-06-01,img03262021_0001,https://archive.org/details/img03262021_0001
People,,1975-01-01,people-and-the-pursuit-of-truth,https://archive.org/details/people-and-the-pursuit-of-truth
People,,1978-05-01,people-magazine-1978-05-01-the-wild-and-crazy-steve-martin-red,https://archive.org/details/people-magazine-1978-05-01-the-wild-and-crazy-steve-martin-red
People,,1980-06-23,people-magazine-1980-06-23-john-travolta-red,https://archive.org/details/people-magazine-1980-06-23-john-travolta-red
People,,1980-12-22,1980-12-22-people-magazine-john-lennon-a-tribute,https://archive.org/details/1980-12-22-people-magazine-john-lennon-a-tribute
People,,1981-01-01,people-magazine-lb-article-1981,https://archive.org/details/people-magazine-lb-article-1981
People,,1981-01-12,1981-01-12-people-magazine-yoko,https://archive.org/details/1981-01-12-people-magazine-yoko
People,,1982-09-06,PeopleSep82,https://archive.org/details/PeopleSep82
People,,1982-12-13,1982-12-13-people-magazine-yoko-and-sean-two-years-later,https://archive.org/details/1982-12-13-people-magazine-yoko-and-sean-two-years-later
People,,1983-06-06,people-magazine-6-6-83,https://archive.org/details/people-magazine-6-6-83
People,,1984-01-01,PeopleForAnimalsInc.NewsletterVol5No1January1984,https://archive.org/details/PeopleForAnimalsInc.NewsletterVol5No1January1984
People,,1984-08-20,people-magazine-1984-08-20-richard-burton-red,https://archive.org/details/people-magazine-1984-08-20-richard-burton-red
People,,1989-12-25,people-magazine-1989-12-25-c,https://archive.org/details/people-magazine-1989-12-25-c
People,,1990-04-01,people-magazine-1990-spring-c,https://archive.org/details/people-magazine-1990-spring-c
People,,1991-04-15,people-1991-04-15-madonna-michael-jackson-c,https://archive.org/details/people-1991-04-15-madonna-michael-jackson-c
People,,1991-04-15,people-magazine-1991-04-15-michael-jackson-madonna-c,https://archive.org/details/people-magazine-1991-04-15-michael-jackson-madonna-c
People,,1991-10-14,people-magazine-oprah-winfrey-1991-10-14-reduced,https://archive.org/details/people-magazine-oprah-winfrey-1991-10-14-reduced
People,,1992-03-01,commerce-people-1992-03,https://archive.org/details/commerce-people-1992-03
People,,1992-10-30,entertainment-weekly-142-1992-10-30-power-people-c,https://archive.org/details/entertainment-weekly-142-1992-10-30-power-people-c
People,,1993-06-01,commerce-people-1993-06,https://archive.org/details/commerce-people-1993-06
People,,1993-09-01,commerce-people-1993-09,https://archive.org/details/commerce-people-1993-09
People,,1993-10-01,commerce-people-1993-10,https://archive.org/details/commerce-people-1993-10
People,,1993-11-22,1993-11-22-people-magazine-mariah-carey-red,https://archive.org/details/1993-11-22-people-magazine-mariah-carey-red
People,,1995-01-01,people-weekly-tribute-1995-spring,https://archive.org/details/people-weekly-tribute-1995-spring
People,,1995-05-27,1996-05-27-people-magazine-prom-nights,https://archive.org/details/1996-05-27-people-magazine-prom-nights
People,,1995-11-27,1995-11-27-people-magazine-courtney-cox-red,https://archive.org/details/1995-11-27-people-magazine-courtney-cox-red
People,,1996-07-01,july1996-teenpeople-jtt,https://archive.org/details/july1996-teenpeople-jtt
People,,1998-12-28,people-weekly-1998-12-28-c,https://archive.org/details/people-weekly-1998-12-28-c
People,,2001-01-08,people-2001-01-08-madonna-c,https://archive.org/details/people-2001-01-08-madonna-c
People,,2001-10-01,2001-10-01-people-magazine-america-unites-red,https://archive.org/details/2001-10-01-people-magazine-america-unites-red
People,,2005-11-01,teen-people-magazine-november-2005,https://archive.org/details/teen-people-magazine-november-2005
People,,2010-01-01,serve-the-people-101,https://archive.org/details/serve-the-people-101
People,,2010-01-18,people-magazine-2010-01-18-c,https://archive.org/details/people-magazine-2010-01-18-c
People,,2010-01-25,people-magazine-2010-01-25-c,https://archive.org/details/people-magazine-2010-01-25-c
People,,2010-02-08,people-magazine-2010-02-08-c,https://archive.org/details/people-magazine-2010-02-08-c
People,,2011-01-01,self-advocacy-for-people-with-learning-disabilities-2011,https://archive.org/details/self-advocacy-for-people-with-learning-disabilities-2011
People,,2014-06-01,people-espanol-june-2014-los-50-mas-bellos,https://archive.org/details/people-espanol-june-2014-los-50-mas-bellos
People,,2016-01-01,People_November_27_2015_ZA,https://archive.org/details/People_November_27_2015_ZA
People,,2016-01-01,People_November_30_2015_USA,https://archive.org/details/People_November_30_2015_USA
People,,2016-01-01,People_USA_4_January_2016,https://archive.org/details/People_USA_4_January_2016
People,,2016-01-02,People_StyleWatch_January_2016,https://archive.org/details/People_StyleWatch_January_2016
People,,2016-02-20,People_February_22_2016,https://archive.org/details/People_February_22_2016
People,,2016-03-06,People_14_March_2016,https://archive.org/details/People_14_March_2016
People,,2016-03-06,People_7_March_2016,https://archive.org/details/People_7_March_2016
People,,2017-01-09,People_April_10_2015_ZA,https://archive.org/details/People_April_10_2015_ZA
People,,2017-01-09,People_April_13_2015_USA,https://archive.org/details/People_April_13_2015_USA
People,,2017-01-09,People_April_17_2015_ZA,https://archive.org/details/People_April_17_2015_ZA
People,,2017-01-09,People_April_27_2015,https://archive.org/details/People_April_27_2015
People,,2017-01-09,People_April_6_2015,https://archive.org/details/People_April_6_2015
People,,2017-01-09,People_August_14_2015_ZA,https://archive.org/details/People_August_14_2015_ZA
People,,2017-01-09,People_August_17_2015_USA,https://archive.org/details/People_August_17_2015_USA
People,,2017-01-09,People_August_31_2015,https://archive.org/details/People_August_31_2015
People,,2017-01-09,People_August_3_2015_USA,https://archive.org/details/People_August_3_2015_USA
People,,2017-01-09,People_February_16_2015,https://archive.org/details/People_February_16_2015
People,,2017-01-09,People_February_9_2015,https://archive.org/details/People_February_9_2015
People,,2017-01-09,People_July_13_2015_USA,https://archive.org/details/People_July_13_2015_USA
People,,2017-01-09,People_July_20_2015_USA,https://archive.org/details/People_July_20_2015_USA
People,,2017-01-09,People_July_6_2015,https://archive.org/details/People_July_6_2015
People,,2017-01-09,People_June_15_2015_USA,https://archive.org/details/People_June_15_2015_USA
People,,2017-01-09,People_June_22_2015,https://archive.org/details/People_June_22_2015
People,,2017-01-09,People_June_29_2015,https://archive.org/details/People_June_29_2015
People,,2017-01-09,People_June_8_2015,https://archive.org/details/People_June_8_2015
People,,2017-01-09,People_Magazine_December_7_2015,https://archive.org/details/People_Magazine_December_7_2015
People,,2017-01-09,People_Magazine_February_23_2015,https://archive.org/details/People_Magazine_February_23_2015
People,,2017-01-09,People_Magazine_Holiday_2015,https://archive.org/details/People_Magazine_Holiday_2015
People,,2017-01-09,People_Magazine_March_23_2015_USA,https://archive.org/details/People_Magazine_March_23_2015_USA
People,,2017-01-09,People_Magazine_March_30_2015_USA,https://archive.org/details/People_Magazine_March_30_2015_USA
People,,2017-01-09,People_Magazine_March_9_2015,https://archive.org/details/People_Magazine_March_9_2015
People,,2017-01-09,People_March_16_2015,https://archive.org/details/People_March_16_2015
People,,2017-01-09,People_March_2_2015,https://archive.org/details/People_March_2_2015
People,,2017-01-09,People_May_1_2015,https://archive.org/details/People_May_1_2015
People,,2017-01-09,People_May_4_2015,https://archive.org/details/People_May_4_2015
People,,2017-01-09,People_November_16_2015_USA,https://archive.org/details/People_November_16_2015_USA
People,,2017-01-09,People_November_2_2015,https://archive.org/details/People_November_2_2015
People,,2017-01-09,People_November_9_2015,https://archive.org/details/People_November_9_2015
People,,2017-01-09,People_October_12_2015,https://archive.org/details/People_October_12_2015
People,,2017-01-09,People_October_26_2015,https://archive.org/details/People_October_26_2015
People,,2017-01-09,People_October_5_2015,https://archive.org/details/People_October_5_2015
People,,2017-01-09,People_October_9_2015_ZA,https://archive.org/details/People_October_9_2015_ZA
People,,2017-01-09,People_September_11_2015_ZA,https://archive.org/details/People_September_11_2015_ZA
People,,2017-01-09,People_September_21_2015_USA,https://archive.org/details/People_September_21_2015_USA
People,,2017-01-09,People_September_25_2015_ZA,https://archive.org/details/People_September_25_2015_ZA
People,,2017-01-09,People_September_28_2015_USA,https://archive.org/details/People_September_28_2015_USA
People,,2017-01-09,People_StyleWatch_April_2015_USA,https://archive.org/details/People_StyleWatch_April_2015_USA
People,,2017-01-09,People_StyleWatch_August_2015_USA,https://archive.org/details/People_StyleWatch_August_2015_USA
People,,2017-01-09,People_StyleWatch_July_2015_USA,https://archive.org/details/People_StyleWatch_July_2015_USA
People,,2017-01-09,People_StyleWatch_May_2015,https://archive.org/details/People_StyleWatch_May_2015
People,,2017-01-09,People_StyleWatch_November_2015_USA,https://archive.org/details/People_StyleWatch_November_2015_USA
People,,2017-01-09,People_StyleWatch_October_2015,https://archive.org/details/People_StyleWatch_October_2015
People,,2021-04-03,harper-s-young-people-1884-5,https://archive.org/details/harper-s-young-people-1884-5
People,,2021-08-19,people-magazine-collection,https://archive.org/details/people-magazine-collection
People,,2021-10-19,harper-s-young-people-nov-dec-1883,https://archive.org/details/harper-s-young-people-nov-dec-1883
People,,2021-12-09,tamil-christian-ebook-the-people-of-ark,https://archive.org/details/tamil-christian-ebook-the-people-of-ark
People,,2022-04-19,tamil-christian-ebook-if_my_people_humble_themselves_tam-r-stanley,https://archive.org/details/tamil-christian-ebook-if_my_people_humble_themselves_tam-r-stanley
People,,2022-05-03,to-my-people,https://archive.org/details/to-my-people
People,,2022-08-28,tamil-christian-ebook-origins-of-people-01-tamil,https://archive.org/details/tamil-christian-ebook-origins-of-people-01-tamil
People,,2022-08-28,tamil-christian-ebook-origins-of-people-03-buddhism-tamil,https://archive.org/details/tamil-christian-ebook-origins-of-people-03-buddhism-tamil
People,,2022-08-28,tamil-christian-ebook-origins-of-people-04-islam-tamil,https://archive.org/details/tamil-christian-ebook-origins-of-people-04-islam-tamil
People,,2022-10-16,tamil-christian-ebook-origins-of-people-02-tamil_202210,https://archive.org/details/tamil-christian-ebook-origins-of-people-02-tamil_202210
People,,2022-10-16,tamil-christian-ebook-origins-of-people-03-buddhism-tamil_202210,https://archive.org/details/tamil-christian-ebook-origins-of-people-03-buddhism-tamil_202210
People,,2022-10-16,tamil-christian-ebook-origins-of-people-04-islam-tamil_202210,https://archive.org/details/tamil-christian-ebook-origins-of-people-04-islam-tamil_202210
People,,2023-02-06,marconi-companies-and-their-people-vol-1-iss-08,https://archive.org/details/marconi-companies-and-their-people-vol-1-iss-08
People,,2023-02-06,marconi-companies-and-their-people-vol-1-iss-11,https://archive.org/details/marconi-companies-and-their-people-vol-1-iss-11
People,,2023-05-02,climate-doomism-and-why-it-hurts-the-climate-column-predictions-of-doom-can-alienate-people-f,https://archive.org/details/climate-doomism-and-why-it-hurts-the-climate-column-predictions-of-doom-can-alienate-people-f
People,,2023-05-08,four-key-stressors-fueling-the-mental-health-crisis-in-young-people,https://archive.org/details/four-key-stressors-fueling-the-mental-health-crisis-in-young-people
People,,2023-05-12,co-2-is-dangerous.-it-makes-people-nuts,https://archive.org/details/co-2-is-dangerous.-it-makes-people-nuts
People,,2023-05-12,keeping-poor-people-in-the-dark,https://archive.org/details/keeping-poor-people-in-the-dark
People,,2023-05-16,soylent-green-is-people-what-futurists-predicted-for-the-year-2022,https://archive.org/details/soylent-green-is-people-what-futurists-predicted-for-the-year-2022
People,,2023-05-24,people-talk-about-deep-sadness-scientists-study-climate-change-grief,https://archive.org/details/people-talk-about-deep-sadness-scientists-study-climate-change-grief
People,,2023-05-25,government-must-finally-support-young-people,https://archive.org/details/government-must-finally-support-young-people
People,,2023-05-25,politicians-fail-to-admit-that-the-economy-is-not-working-well-for-working-people-rivals-pose-thre,https://archive.org/details/politicians-fail-to-admit-that-the-economy-is-not-working-well-for-working-people-rivals-pose-thre
People,,2023-05-26,protesters-block-entrances-set-fires-vandalize-more-than-200-people-were-arrested-for-trashing-p,https://archive.org/details/protesters-block-entrances-set-fires-vandalize-more-than-200-people-were-arrested-for-trashing-p
People,,2023-05-29,listen-to-young-people-on-dealing-with-climate-change,https://archive.org/details/listen-to-young-people-on-dealing-with-climate-change
People,,2023-05-29,this-is-what-people-power-looks-like-more-than-a-million-took-to-the-streets-in-youth-led-climat,https://archive.org/details/this-is-what-people-power-looks-like-more-than-a-million-took-to-the-streets-in-youth-led-climat
People,,2023-05-29,why-young-people-deserve-the-right-to-vote,https://archive.org/details/why-young-people-deserve-the-right-to-vote
People,,2023-07-11,dissent-indigenous-people-allies-across-canada-cite-bond-of-solidarity-with-b.-c.-protesters-disse,https://archive.org/details/dissent-indigenous-people-allies-across-canada-cite-bond-of-solidarity-with-b.-c.-protesters-disse
People,,2023-07-12,consider-people-with-disabilities-in-pollution-pricing,https://archive.org/details/consider-people-with-disabilities-in-pollution-pricing
People,,2023-07-12,indigenous-people-will-save-planet,https://archive.org/details/indigenous-people-will-save-planet
People,,2023-08-23,federal-election-2019-roundup-ndp-not-happy-about-people-s-party-debate-invitation,https://archive.org/details/federal-election-2019-roundup-ndp-not-happy-about-people-s-party-debate-invitation
People,,2023-09-17,stalking-leatherface-austin-people-today,https://archive.org/details/stalking-leatherface-austin-people-today
People,,2023-10-01,people-usa-october-2023-britney-spears,https://archive.org/details/people-usa-october-2023-britney-spears
People,,2024-01-01,time-special-edition-people-we-lost-2024,https://archive.org/details/time-special-edition-people-we-lost-2024
People,,2024-04-27,a-lesson-plan-about-climate-change-and-the-people-already-harmed-by-it-science,https://archive.org/details/a-lesson-plan-about-climate-change-and-the-people-already-harmed-by-it-science
People,,2024-04-28,we-the-people-pledge-to-fight-climate-change-turning-points,https://archive.org/details/we-the-people-pledge-to-fight-climate-change-turning-points
People,,2024-07-08,crestwood-house-monsters-series-the-mole-people-1985-crestwood,https://archive.org/details/crestwood-house-monsters-series-the-mole-people-1985-crestwood
People,,2024-09-21,robey-people-magazine-1987,https://archive.org/details/robey-people-magazine-1987
People,,2025-01-01,time-special-edition-people-we-lost-2025,https://archive.org/details/time-special-edition-people-we-lost-2025
People,,2025-01-29,people-magazine-march-23-2015,https://archive.org/details/people-magazine-march-23-2015
People,(HC) Bradway v. People of the State California,,gov.uscourts.caed.456614,https://archive.org/details/gov.uscourts.caed.456614
People,(HC) Bridgewater v. People Of California,,gov.uscourts.casd.551913,https://archive.org/details/gov.uscourts.casd.551913
People,(HC) Brownlee v. People of the State of CA,,gov.uscourts.caed.423677,https://archive.org/details/gov.uscourts.caed.423677
People,(HC) Lucero v. The People of the State of California,,gov.uscourts.caed.440408,https://archive.org/details/gov.uscourts.caed.440408
People,(HC) Lupercio v. People of the State of California,,gov.uscourts.caed.375411,https://archive.org/details/gov.uscourts.caed.375411
People,(HC) Ortega v. People of the State of California,,gov.uscourts.caed.233379,https://archive.org/details/gov.uscourts.caed.233379
People,(HC) Poppert v. People of the State,,gov.uscourts.caed.74583,https://archive.org/details/gov.uscourts.caed.74583
People,(HC) Ramirez v. People of the State of California,,gov.uscourts.caed.415283,https://archive.org/details/gov.uscourts.caed.415283
People,(HC) Villalpando v. People of the State of CA,,gov.uscourts.caed.465493,https://archive.org/details/gov.uscourts.caed.465493
People,(HC)McDonald v. People,,gov.uscourts.caed.372828,https://archive.org/details/gov.uscourts.caed.372828
People,(HC)Ortiz v. People of the State of California,,gov.uscourts.caed.224780,https://archive.org/details/gov.uscourts.caed.224780
People,(PC) Kelly v. People of the State of CA,,gov.uscourts.caed.397892,https://archive.org/details/gov.uscourts.caed.397892
People,Andre Marvin Jennings v. People of the State of Riverside CA,,gov.uscourts.cacd.781943,https://archive.org/details/gov.uscourts.cacd.781943
People,Anthony Earl Emery v. People of The State of California,,gov.uscourts.cacd.405003,https://archive.org/details/gov.uscourts.cacd.405003
People,Anthony L. Davis v. The People,,gov.uscourts.cacd.827024,https://archive.org/details/gov.uscourts.cacd.827024
People,Apple Computer What a difference can a computer make to people who want to make a difference,,Apple_Computer_What_a_difference_can_a_computer_make_to_people_who_want_to_make_,https://archive.org/details/Apple_Computer_What_a_difference_can_a_computer_make_to_people_who_want_to_make_
People,BEES AND PEOPLE - TAMIL - SOVIET LITERATURE,,naum-ioyrish-bees-and-people-in-tamil-mir-1982_202409,https://archive.org/details/naum-ioyrish-bees-and-people-in-tamil-mir-1982_202409
People,Carl Anthony Vallier v. The People,,gov.uscourts.cacd.751768,https://archive.org/details/gov.uscourts.cacd.751768
People,Charles Hall v. The People of the State of California,,gov.uscourts.cacd.981178,https://archive.org/details/gov.uscourts.cacd.981178
People,Charles Holmes v. People of State of California,,gov.uscourts.cacd.171968,https://archive.org/details/gov.uscourts.cacd.171968
People,David Travers v. People of The State of California,,gov.uscourts.cacd.688459,https://archive.org/details/gov.uscourts.cacd.688459
People,Davis v. People Ready,,gov.uscourts.laed.228544,https://archive.org/details/gov.uscourts.laed.228544
People,Dossey v. The People of the State of California,,gov.uscourts.casd.644463,https://archive.org/details/gov.uscourts.casd.644463
People,Eric Perez v. People of the State of California,,gov.uscourts.cacd.790935,https://archive.org/details/gov.uscourts.cacd.790935
People,Ian LaMonte Cormier v. The People Of The State Of California,,gov.uscourts.cacd.920391,https://archive.org/details/gov.uscourts.cacd.920391
People,"Instant Checkmate, LLC v. Check People LLC",,gov.uscourts.casd.572381,https://archive.org/details/gov.uscourts.casd.572381
People,James A. Oliver v. People of California,,gov.uscourts.cacd.703286,https://archive.org/details/gov.uscourts.cacd.703286
People,Jesse C. Boggs v. The People of CA,,gov.uscourts.cacd.767694,https://archive.org/details/gov.uscourts.cacd.767694
People,LeBlanc 333019 v. People of the State of Michigan,,gov.uscourts.miwd.83200,https://archive.org/details/gov.uscourts.miwd.83200
People,Lewis v. People of the State of New York,,gov.uscourts.nyed.287428,https://archive.org/details/gov.uscourts.nyed.287428
People,Medina v. People of the State of Nebraska,,gov.uscourts.ned.68088,https://archive.org/details/gov.uscourts.ned.68088
People,Nelson v. People of New York,,gov.uscourts.nysd.372416,https://archive.org/details/gov.uscourts.nysd.372416
People,O People… Glorify The Name Of Your Lord!,,Hussin_Ahmed_outlook_201308,https://archive.org/details/Hussin_Ahmed_outlook_201308
People,PEOPLE OF THE STATE OF CALIFORNIA ex rel. ILWU-PMA v. Gomez,,gov.uscourts.cacb.1870311,https://archive.org/details/gov.uscourts.cacb.1870311
People,People of Celebrity as a New Social Stratum and Elite,,PeopleOfCelebrity,https://archive.org/details/PeopleOfCelebrity
People,People of The State of California v. Cardoza,,gov.uscourts.caed.206188,https://archive.org/details/gov.uscourts.caed.206188
People,People of the State of California v. Bey,,gov.uscourts.cand.347674,https://archive.org/details/gov.uscourts.cand.347674
People,People of the State of Illinois v. AmerisourceBergen Drug Corporation,,gov.uscourts.ilcd.71964,https://archive.org/details/gov.uscourts.ilcd.71964
People,Power People: Hydro is Possible,,ontario-power-brochure-1960s,https://archive.org/details/ontario-power-brochure-1960s
People,"Pride Industries, Inc. v. Committee for Purchase from People Who Are Blind or Severely Disabled",,gov.uscourts.caed.360032,https://archive.org/details/gov.uscourts.caed.360032
People,Robinson v. People of Colorado,,gov.uscourts.cod.179531,https://archive.org/details/gov.uscourts.cod.179531
People,"Schumacher, E F Small Is Beautiful A Study Of Economics As If People Mattered ( 2011, Random House)",,SchumacherEFSmallIsBeautifulAStudyOfEconomicsAsIfPeopleMattered2011RandomHouse,https://archive.org/details/SchumacherEFSmallIsBeautifulAStudyOfEconomicsAsIfPeopleMattered2011RandomHouse
People,"Stout Risius Ross, Inc. v. People Care Holdings, Inc.",,gov.uscourts.ilnd.317008,https://archive.org/details/gov.uscourts.ilnd.317008
People,The Conceptual Framework for Increasing Social Activity of Elderly People,,httpsijcm.academicjournal.ioindex.phpijcmarticleview351,https://archive.org/details/httpsijcm.academicjournal.ioindex.phpijcmarticleview351
People,The People Number: 1 [5 April 1902],,The_People_1_5April1902_4115,https://archive.org/details/The_People_1_5April1902_4115
People,The People Number: 14 [3 July 1898],,The_People_14_3July1898_9074,https://archive.org/details/The_People_14_3July1898_9074
People,The People Number: 25 [15 September 1906],,The_People_25_15September1906_4783,https://archive.org/details/The_People_25_15September1906_4783
People,The People Number: 28 [6 October 1906],,The_People_28_6October1906_3762,https://archive.org/details/The_People_28_6October1906_3762
People,The People Number: 36 [30 November 1907],,The_People_36_30November1907_7979,https://archive.org/details/The_People_36_30November1907_7979
People,The People Number: 39 [26 December 1897],,The_People_39_26December1897_2053,https://archive.org/details/The_People_39_26December1897_2053
People,The People Number: 43 [21 January 1900],,The_People_43_21January1900_1200,https://archive.org/details/The_People_43_21January1900_1200
People,The People Number: 45 [6 February 1904],,The_People_45_6February1904_2203,https://archive.org/details/The_People_45_6February1904_2203
People,The People Number: 49 [6 March 1909],,The_People_49_6March1909_6369,https://archive.org/details/The_People_49_6March1909_6369
People,The People Number: 51 [17 March 1906],,The_People_51_17March1906_4939,https://archive.org/details/The_People_51_17March1906_4939
People,The People of the State of California v. Schaupp,,gov.uscourts.caed.428145,https://archive.org/details/gov.uscourts.caed.428145
People,The Trending People Pioneering The Future Of Online News Media,,the-trending-people-pioneering-the-future-of-online-news-media_20230830,https://archive.org/details/the-trending-people-pioneering-the-future-of-online-news-media_20230830
People,Tyrone M. Wade v. People of the State of California,,gov.uscourts.cacd.633163,https://archive.org/details/gov.uscourts.cacd.633163
People,Williams v. People of the State of Illinois,,gov.uscourts.ilsd.87161,https://archive.org/details/gov.uscourts.ilsd.87161
People,Zuri S K Young v. People of the State of California,,gov.uscourts.cacd.738058,https://archive.org/details/gov.uscourts.cacd.738058
People,A caution against false prophets. A sermon on Matt. vii. 15-20. Particularly recommended to the people called Methodists. 1768,1768-01-01T00:00:00Z,bim_eighteenth-century_a-caution-against-false-_wesley-john_1768,https://archive.org/details/bim_eighteenth-century_a-caution-against-false-_wesley-john_1768
People,"God the everlasting portion of his people. A sermon occasioned by the death of Mrs. Ann Evans, wife of the Rev. Hugh Evans, M.A. who died January 23, 1776, ... Preached at Broad-mead, Bristol, ... By Caleb Evans, M.A. 1776",1776-01-01T00:00:00Z,bim_eighteenth-century_god-the-everlasting-port_evans-caleb_1776,https://archive.org/details/bim_eighteenth-century_god-the-everlasting-port_evans-caleb_1776
People,"Memoirs of Citizen Caussidière: Ex-prefect of Police, and Representative of the People",1848-01-01T00:00:00Z,memoirscitizenc00causgoog,https://archive.org/details/memoirscitizenc00causgoog
People,To the people of Nova Scotia [microform],1857-01-01T00:00:00Z,cihm_22658,https://archive.org/details/cihm_22658
People,The World and Its People,1903-01-01T00:00:00Z,worldanditspeop08duntgoog,https://archive.org/details/worldanditspeop08duntgoog
People,R. J's mother and some other people,1908-01-01T00:00:00Z,rjsmotherandsom01delagoog,https://archive.org/details/rjsmotherandsom01delagoog
People,,1921,,http://books.google.com/books?id=GFotAAAAMAAJ&dq=%22People%22+magazine
People,"The Hibernian Patriot: Being A Collection of the Drapier's Letters to the People Of Ireland, Concerning Mr. Wood's Brass Half-pence. Together With Considerations On the Attempts Made to Pass That Coin, and Reasons for ...",1922-01-01T00:00:00Z,1922thehibernianpatriotbeingacol,https://archive.org/details/1922thehibernianpatriotbeingacol
People,"Princes of his people,: II St. Paul",1924-01-01T00:00:00Z,bwb_O8-BUI-059,https://archive.org/details/bwb_O8-BUI-059
People,Remote People,1931-01-01T00:00:00Z,remotepeople0000evel,https://archive.org/details/remotepeople0000evel
People,"Lands and People, The World in Color Volume 2",1932-01-01T00:00:00Z,landspeopleworld0002thom,https://archive.org/details/landspeopleworld0002thom
People,leviathan and the people,1939-01-01T00:00:00Z,leviathanpeople0000unse,https://archive.org/details/leviathanpeople0000unse
People,"Population and the people, a national policy",1945-01-01T00:00:00Z,populationpeople0000fabi,https://archive.org/details/populationpeople0000fabi
People,The city is the people,1945-01-01T00:00:00Z,cityispeople0000chur_i2l3,https://archive.org/details/cityispeople0000chur_i2l3
People,The great ones; the love story of two very important people,1948-01-01T00:00:00Z,greatoneslovesto00inge,https://archive.org/details/greatoneslovesto00inge
People,CIA Reading Room cia-rdp82-00457r001800340005-4: MILITARY INFORMATION: REVISION OF THE MILITARY ORGANIZATION OF THE INNER MONGOLIAN PEOPLE S AUTONOMOUS GOVERNMENT,1948-08-22T00:00:00Z,cia-readingroom-document-cia-rdp82-00457r001800340005-4,https://archive.org/details/cia-readingroom-document-cia-rdp82-00457r001800340005-4
People,The land and people of Sweden,1949-01-01T00:00:00Z,landpeopleofswed00nano,https://archive.org/details/landpeopleofswed00nano
People,lands of people,1951-01-01T00:00:00Z,landsofpeople0000vari,https://archive.org/details/landsofpeople0000vari
People,Jubilee : a magazine of the church & her people,1953-01-01T00:00:00Z,jubileecatholica0000unse,https://archive.org/details/jubileecatholica0000unse
People,Americans Are People And Other Assertions,1956-01-01T00:00:00Z,americansarepeop0000lela,https://archive.org/details/americansarepeop0000lela
People,CIA Reading Room cia-rdp78-04864a000300070052-4: BROADCASTS FOR MOUNTAIN PEOPLE,1956-03-30T00:00:00Z,cia-readingroom-document-cia-rdp78-04864a000300070052-4,https://archive.org/details/cia-readingroom-document-cia-rdp78-04864a000300070052-4
People,A Short History of the Jewish People,1959-01-01T00:00:00Z,shorthistoryofje0000ceci_n6l9,https://archive.org/details/shorthistoryofje0000ceci_n6l9
People,"CIA Reading Room cia-rdp91-00965r000400320001-1: MEMBERS OF THE UNITED STATES CONGRESS IN A JOINT STATEMENT ISSUED IN WASHINGTON,, D.C., EXPRESS THEIR CONCERN OVER THE SITUATION IN ALGERIA AND RECOGNIZE THE RIGHT OF THE ALGERIAN PEOPLE TO INDEPENDENCE",1959-08-06T00:00:00Z,cia-readingroom-document-cia-rdp91-00965r000400320001-1,https://archive.org/details/cia-readingroom-document-cia-rdp91-00965r000400320001-1
People,A short history of the English people,1960-01-01T00:00:00Z,shorthistoryofen0002gree_no728,https://archive.org/details/shorthistoryofen0002gree_no728
People,A History of the english people in the Nineteenth Century 3: The Triumph of Reform 1830-1841,1961-01-01T00:00:00Z,historyofenglish0003elie,https://archive.org/details/historyofenglish0003elie
People,Ghosts / The Warriors at Helgeland / An Enemy of the People,1961-01-01T00:00:00Z,ghostswarriorsat0000henr,https://archive.org/details/ghostswarriorsat0000henr
People,The forest people,1961-01-01T00:00:00Z,forestpeople100turn,https://archive.org/details/forestpeople100turn
People,What priority for education? The American people must soon decide. --,1961-01-01T00:00:00Z,whatpriorityfore0000henr,https://archive.org/details/whatpriorityfore0000henr
People,"people, power, and politics",1961-01-01T00:00:00Z,peoplepowerpolit0000unse_w0d5,https://archive.org/details/peoplepowerpolit0000unse_w0d5
People,"The literature of the Spanish people, from Roman times to the present day",1962-01-01T00:00:00Z,literatureofspan0000bren,https://archive.org/details/literatureofspan0000bren
People,Ministering to deeply troubled people,1963-01-01T00:00:00Z,ministeringtodee00brud,https://archive.org/details/ministeringtodee00brud
People,People have power; the backward art of self-government,1964-01-01T00:00:00Z,peoplehavepowerb00hend,https://archive.org/details/peoplehavepowerb00hend
People,Society and thought in America : a social and intellectual history of the American people through 1865,1964-01-01T00:00:00Z,societythoughtin00wish,https://archive.org/details/societythoughtin00wish
People,how to manage people,1964-01-01T00:00:00Z,howtomanagepeopl0000unse,https://archive.org/details/howtomanagepeopl0000unse
People,Famous English and American essayists (Famous biographies for young people) (Famous biographies for young people),1966-01-01T00:00:00Z,famousenglishame0000laur,https://archive.org/details/famousenglishame0000laur
People,My people is the enemy : an autobiographical polemic,1966-01-01T00:00:00Z,mypeopleisenemya00stri,https://archive.org/details/mypeopleisenemya00stri
People,A Taste for Living: Young People in the Modern Novel,1967-01-01T00:00:00Z,tasteforlivingyo0000ggur,https://archive.org/details/tasteforlivingyo0000ggur
People,A history of the American people,1967-01-01T00:00:00Z,isbn_0394301064,https://archive.org/details/isbn_0394301064
People,How People Lived In Ancient Greece And Rome,1967-01-01T00:00:00Z,howpeoplelivedin0000reub,https://archive.org/details/howpeoplelivedin0000reub
People,The free and the brave : The story of the american people,1967-01-01T00:00:00Z,freebravestoryof0000henr,https://archive.org/details/freebravestoryof0000henr
People,last of crazy people,1967-01-01T00:00:00Z,lastofcrazypeopl0000unse,https://archive.org/details/lastofcrazypeopl0000unse
People,The people on Second Street,1968-01-01T00:00:00Z,peopleonsecondst00moor,https://archive.org/details/peopleonsecondst00moor
People,Human relations in action: problems and cases in dealing with people,1970-01-01T00:00:00Z,humanrelationsin0000calv,https://archive.org/details/humanrelationsin0000calv
People,Lawyers for people of moderate means ; some problems of availability of legal services,1970-01-01T00:00:00Z,lawyersforpeople0000chri,https://archive.org/details/lawyersforpeople0000chri
People,Christ present and yet to come; the priest and God's people at prayer,1971-01-01T00:00:00Z,christpresentyet00cham,https://archive.org/details/christpresentyet00cham
People,Plenty and trouble; the impact of technology on people,1971-01-01T00:00:00Z,plentytroublei00hami,https://archive.org/details/plentytroublei00hami
People,The rights of the people; the major decisions of the Warren Court,1971-01-01T00:00:00Z,rightsofpeople00good,https://archive.org/details/rightsofpeople00good
People,Airport noise pollution: a bibliography of its effects on people and property,1973-01-01T00:00:00Z,airportnoisepoll0000king,https://archive.org/details/airportnoisepoll0000king
People,People of the Ice Age,1973-01-01T00:00:00Z,peopleoficeage00good,https://archive.org/details/peopleoficeage00good
People,The land and people of Lebanon,1973-01-01T00:00:00Z,landpeopleofleba0000wind,https://archive.org/details/landpeopleofleba0000wind
People,"Tender loving greed: how the incredibly lucrative nursing home ""industry"" is exploiting America's old people and defrauding us all",1974-01-01T00:00:00Z,tenderlovinggree0000mend,https://archive.org/details/tenderlovinggree0000mend
People,The people of the ax,1974-01-01T00:00:00Z,peopleofax0000will,https://archive.org/details/peopleofax0000will
People,Regarding the lack of cooking gas in Chennai city and what has happened to the people due to it,1974-03-21T00:00:00Z,TNLA-DB-5-1974-10-51-2-CA_1974-03-21,https://archive.org/details/TNLA-DB-5-1974-10-51-2-CA_1974-03-21
People,The Biography Of A People OCR,1975-01-01T00:00:00Z,the-biography-of-a-people-ocr,https://archive.org/details/the-biography-of-a-people-ocr
People,The kingdom and people of Siam : with a narrative of the mission to that country in 1855,1975-01-01T00:00:00Z,kingdompeopleofs0000bowr,https://archive.org/details/kingdompeopleofs0000bowr
People,The sensitive I : people in business,1975-01-01T00:00:00Z,sensitiveipeople0000baer,https://archive.org/details/sensitiveipeople0000baer
People,we the people: a history of the united states,1975-01-01T00:00:00Z,wepeoplehistoryo0000unse,https://archive.org/details/wepeoplehistoryo0000unse
People,Energy we can live with : approaches to energy that are easy on the Earth and its people,1976-01-01T00:00:00Z,energywecanlivew0000unse,https://archive.org/details/energywecanlivew0000unse
People,"Leader's guide for group study of The strong weak people, by Jay Kesler",1976-01-01T00:00:00Z,leadersguideforg0000ande,https://archive.org/details/leadersguideforg0000ande
People,People and places in the U.S.A.: intermediate,1976-01-01T00:00:00Z,peopleplacesinus0000kenh,https://archive.org/details/peopleplacesinus0000kenh
People,"The British people, 1902-1975",1976-01-01T00:00:00Z,britishpeople1900000maug,https://archive.org/details/britishpeople1900000maug
People,Evaluation Report of the Presidential/Secretarial Objective -- School Management Options Available to Indian People. Research and Evaluation Report Series No. 29.08.,1976-04-01T00:00:00Z,micro_IA41153030_0946,https://archive.org/details/micro_IA41153030_0946
People,Crazy to be alive in such a strange world : poems about people,1977-01-01T00:00:00Z,crazytobealivein00larr,https://archive.org/details/crazytobealivein00larr
People,"Leader effectiveness training, L.E.T. : the no-lose way to release the productive potential of people",1977-01-01T00:00:00Z,leadershipeffect00drth,https://archive.org/details/leadershipeffect00drth
People,New mission for a new people : voices from the Caribbean,1977-01-01T00:00:00Z,isbn_0377000337,https://archive.org/details/isbn_0377000337
People,O my people : god's call to society,1977-01-01T00:00:00Z,omypeoplegodscal0000ferg,https://archive.org/details/omypeoplegodscal0000ferg
People,CIA Reading Room cia-rdp88-01315r000400400032-2: THE PEOPLE-ARE-DUMB SCHOOL OF DIPLOMACY HAS REOPENED,1977-11-29T00:00:00Z,cia-readingroom-document-cia-rdp88-01315r000400400032-2,https://archive.org/details/cia-readingroom-document-cia-rdp88-01315r000400400032-2
People,Bionic parts for people : the real story of artificial organs and replacement parts,1978-01-01T00:00:00Z,bionicpartsforpe0000skur,https://archive.org/details/bionicpartsforpe0000skur
People,Creating community acceptance for handicapped people,1978-01-01T00:00:00Z,creatingcommunit0000nels,https://archive.org/details/creatingcommunit0000nels
People,People and communication,1979-01-01T00:00:00Z,peoplecommunicat0000wain,https://archive.org/details/peoplecommunicat0000wain
People,People need each other,1979-01-01T00:00:00Z,peopleneedeachot0000farn_k6s2,https://archive.org/details/peopleneedeachot0000farn_k6s2
People,Poets and other people : drawings,1979-01-01T00:00:00Z,poetsotherpeople0000town,https://archive.org/details/poetsotherpeople0000town
People,A fruitbowl of rhinos : little poems by little people,1980-01-01T00:00:00Z,fruitbowlofrhino0000unse,https://archive.org/details/fruitbowlofrhino0000unse
People,Beyond the white paper : planning for people in the 80's : proceedings of a conference,1980-01-01T00:00:00Z,beyondwhitepaper0017unse,https://archive.org/details/beyondwhitepaper0017unse
People,Lawmaking : lessons in law for young people,1980-01-01T00:00:00Z,lawmakinglessons0000unse,https://archive.org/details/lawmakinglessons0000unse
People,"This is the life : the life of Christ and the Christian life seen through teaching and a service for each month of the year for children, adults, and the people in between",1980-01-01T00:00:00Z,thisislifelifeof0000wadd,https://archive.org/details/thisislifelifeof0000wadd
People,People and places,1981-01-01T00:00:00Z,peopleplaces00cook,https://archive.org/details/peopleplaces00cook
People,"RED CLAY: TRUE STORIES ABOUT PEOPLE WHO LIVED IN AND AROUND THE SMALL TOWN OF AUBURN, GEORGIA",1981-01-01T00:00:00Z,redclaytruestori0000myld,https://archive.org/details/redclaytruestori0000myld
People,The Marshall Cavendish illustrated encyclopedia of world and its people : a comprehensive study of the world in all of its aspects,1981-01-01T00:00:00Z,marshallcavendis22jone,https://archive.org/details/marshallcavendis22jone
People,The Marshall Cavendish illustrated encyclopedia of world and its people : a comprehensive study of the world in all of its aspects,1981-01-01T00:00:00Z,marshallcavendis25jone,https://archive.org/details/marshallcavendis25jone
People,When Machines Replace People,1981-01-01T00:00:00Z,whenmachinesrepl0000unse,https://archive.org/details/whenmachinesrepl0000unse
People,California people,1982-01-01T00:00:00Z,californiapeople0000dunl,https://archive.org/details/californiapeople0000dunl
People,Education for older people : another view of mainstreaming,1982-01-01T00:00:00Z,educationforolde0000hein,https://archive.org/details/educationforolde0000hein
People,People and Culture (Economy social studies),1982-01-01T00:00:00Z,peoplecultureeco0000carl,https://archive.org/details/peoplecultureeco0000carl
People,The data processing manager's survival manual : a guide for managing people and resources,1982-01-01T00:00:00Z,dataprocessingma0000sing,https://archive.org/details/dataprocessingma0000sing
People,CIA Reading Room cia-rdp89-00244r000200230003-7: ADDITIONAL PEOPLE FOR CIA,1982-03-31T00:00:00Z,cia-readingroom-document-cia-rdp89-00244r000200230003-7,https://archive.org/details/cia-readingroom-document-cia-rdp89-00244r000200230003-7
People,Community action sourcebook : toward empowerment of people,1983-01-01T00:00:00Z,communityactions0000macm,https://archive.org/details/communityactions0000macm
People,Leisure leadership : working with people in recreation and park settings,1983-01-01T00:00:00Z,leisureleadershi0000niep,https://archive.org/details/leisureleadershi0000niep
People,U/S : a statistical portrait of the American people,1983-01-01T00:00:00Z,usstatisticalpor00hack,https://archive.org/details/usstatisticalpor00hack
People,Food finds : America's best local foods and the people who produce them,1984-01-01T00:00:00Z,foodfindsamerica0000enge,https://archive.org/details/foodfindsamerica0000enge
People,People of the valley,1984-01-01T00:00:00Z,peopleofvalley0000wate,https://archive.org/details/peopleofvalley0000wate
People,Heiwa Life for the People,1985-01-01T00:00:00Z,heiwalifeforpeop0000vari,https://archive.org/details/heiwalifeforpeop0000vari
People,"Help! Company's Coming (For brides,bachelors and busy people)",1985-01-01T00:00:00Z,isbn_0941162044,https://archive.org/details/isbn_0941162044
People,People and organizations interacting,1985-01-01T00:00:00Z,peopleorganizati0000unse_r4v7,https://archive.org/details/peopleorganizati0000unse_r4v7
People,Preaching : the art of connecting God and people,1985-01-01T00:00:00Z,preachingartofco00luek,https://archive.org/details/preachingartofco00luek
People,The forgetful wishing well : poems for young people,1985-01-01T00:00:00Z,forgetfulwishing00kenn,https://archive.org/details/forgetfulwishing00kenn
People,The last waterfront : the people of South Street,1985-01-01T00:00:00Z,lastwaterfrontpe0000mens,https://archive.org/details/lastwaterfrontpe0000mens
People,parson to parson: good humor for nice people,1985-01-01T00:00:00Z,parsontoparsongo0000arno,https://archive.org/details/parsontoparsongo0000arno
People,Let's discover what people do,1986-01-01T00:00:00Z,letsdiscoverwhat0000unse,https://archive.org/details/letsdiscoverwhat0000unse
People,Behind the scenes : the unseen people who make theater work,1987-01-01T00:00:00Z,behindscenesunse0000will,https://archive.org/details/behindscenesunse0000will
People,Famous people of computing : a book of posters,1987-01-01T00:00:00Z,famouspeopleofco0000spen,https://archive.org/details/famouspeopleofco0000spen
People,Information technology & people : designing for the future,1987-01-01T00:00:00Z,informationtechn00blac,https://archive.org/details/informationtechn00blac
People,"Knowledge for the people : the struggle for adult learning in English-speaking Canada, 1828-1973",1987-01-01T00:00:00Z,knowledgeforpeop0000unse,https://archive.org/details/knowledgeforpeop0000unse
People,"Leadership training through gaming : power, people, and problem solving",1987-01-01T00:00:00Z,leadershiptraini0000chri,https://archive.org/details/leadershiptraini0000chri
People,People : writing and reading activities and patterns,1987-01-01T00:00:00Z,peoplewritingrea0000ingr,https://archive.org/details/peoplewritingrea0000ingr
People,People in power : forging a grassroots democracy in Nicaragua,1987-01-01T00:00:00Z,peopleinpowerfor00ruch,https://archive.org/details/peopleinpowerfor00ruch
People,"The Bible in focus : a pictorial of people, places and prophecies",1987-01-01T00:00:00Z,bibleinfocus00clem,https://archive.org/details/bibleinfocus00clem
People,The mountain people,1987-01-01T00:00:00Z,mountainpeople100turn,https://archive.org/details/mountainpeople100turn
People,"The naked Australian : Australia, her people, and the way they live",1987-01-01T00:00:00Z,nakedaustraliana00lewi,https://archive.org/details/nakedaustraliana00lewi
People,A people and a nation v.B : since 1865 study guide,1988-01-01T00:00:00Z,isbn_9780395892916,https://archive.org/details/isbn_9780395892916
People,Animals and People Sharing the World,1988-01-01T00:00:00Z,isbn_9780874514490,https://archive.org/details/isbn_9780874514490
People,Assessing management people : a practical guide,1988-01-01T00:00:00Z,assessingmanagem0000duke,https://archive.org/details/assessingmanagem0000duke
People,Communication problems in elderly people : practical approaches to management,1988-01-01T00:00:00Z,communicationpro0000grav,https://archive.org/details/communicationpro0000grav
People,Facing the double-edged sword : the art of karate for young people,1988-01-01T00:00:00Z,facingdoubleedge0000webs,https://archive.org/details/facingdoubleedge0000webs
People,Lay ministry : empowering the people of God,1988-01-01T00:00:00Z,layministryempow0000rich,https://archive.org/details/layministryempow0000rich
People,Prayers of the People: Ways to Make Them Your Own,1988-05-01T00:00:00Z,prayersofpeoplew0000davi,https://archive.org/details/prayersofpeoplew0000davi
People,"CIA Reading Room cia-rdp96-00791r000200230015-6: LOS ANGELES TIMES ARTICLE, FROM DATA BASE SEARCH. 'PEOPLE: PSYCHIC LECTURER OPENS DOORS OF SKEPTICISM AS WELL AS PERCEPTION:",1988-11-14T00:00:00Z,cia-readingroom-document-cia-rdp96-00791r000200230015-6,https://archive.org/details/cia-readingroom-document-cia-rdp96-00791r000200230015-6
People,Albert Schweitzer : the doctor who gave up a brilliant career to serve the people of Africa,1989-01-01T00:00:00Z,albertschweitzer0000bent,https://archive.org/details/albertschweitzer0000bent
People,Counselling older people : a creative response to ageing,1989-01-01T00:00:00Z,counsellingolder0000stev,https://archive.org/details/counsellingolder0000stev
People,"Freedom from stress : most people deal with symptoms--this book, based on cybernetic control theory, deals with causes",1989-01-01T00:00:00Z,freedomfromstres0000ford,https://archive.org/details/freedomfromstres0000ford
People,Handwriting and personality : how graphology reveals what makes people tick,1989-01-01T00:00:00Z,handwritingperso00annm,https://archive.org/details/handwritingperso00annm
People,Managing people,1989-01-01T00:00:00Z,managingpeople0000lane,https://archive.org/details/managingpeople0000lane
People,"Organized Executive : New Ways to Manage Time, Paper and People",1989-01-01T00:00:00Z,organizedexecuti0000wins_c3a8,https://archive.org/details/organizedexecuti0000wins_c3a8
People,People at war 1939-1945,1989-01-01T00:00:00Z,peopleatwar193910000unse,https://archive.org/details/peopleatwar193910000unse
People,People in organisations,1989-01-01T00:00:00Z,peopleinorganisa0000arms_e8q4,https://archive.org/details/peopleinorganisa0000arms_e8q4
People,The players and their personalities : understanding people who get involved in addictive relationships,1989-01-01T00:00:00Z,playerstheirpers00gors,https://archive.org/details/playerstheirpers00gors
People,Building God's people : a workbook for empowering servant leaders,1990-01-01T00:00:00Z,buildinggodspeop0000hawk,https://archive.org/details/buildinggodspeop0000hawk
People,Hugging the heartland : prideful essays about the place and the people,1990-01-01T00:00:00Z,huggingheartland0000jaco,https://archive.org/details/huggingheartland0000jaco
People,Innovations in community care : a review of county council strategies for elderly people and family carers,1990-01-01T00:00:00Z,innovationsincom0000barr,https://archive.org/details/innovationsincom0000barr
People,"People, cities and the countryside",1990-01-01T00:00:00Z,peoplecitiescoun0000burg,https://archive.org/details/peoplecitiescoun0000burg
People,Pursuit of Liberty Vol. 2: A History of the American People,1990-01-01T00:00:00Z,isbn_0534117112,https://archive.org/details/isbn_0534117112
People,Townscape : for people who care for and enjoy the north's towns and buildings,1990-01-01T00:00:00Z,townscapeforpeop0000unse,https://archive.org/details/townscapeforpeop0000unse
People,"Utes, the mountain people",1990-01-01T00:00:00Z,utesmountainpeop0000pett,https://archive.org/details/utesmountainpeop0000pett
People,Supervision Working With People,1990-11-01T00:00:00Z,supervisionworki0000step,https://archive.org/details/supervisionworki0000step
People,Caring for older people,1991-01-01T00:00:00Z,caringforolderpe0000stoy,https://archive.org/details/caringforolderpe0000stoy
People,God's people in the ivory tower : religion in the early American university,1991-01-01T00:00:00Z,godspeopleinivor0000shep,https://archive.org/details/godspeopleinivor0000shep
People,Grass roots : how ordinary people are changing America,1991-01-01T00:00:00Z,grassroots0000unse,https://archive.org/details/grassroots0000unse
People,Multicultural literature for children and young adults : a selected listing of books by and about people of color,1991-01-01T00:00:00Z,multiculturallit0000krus,https://archive.org/details/multiculturallit0000krus
People,"A People and a Nation, Volume 2, Custom Publication",1992-01-01T00:00:00Z,peopleandnationv0002nort,https://archive.org/details/peopleandnationv0002nort
People,"Ageing, healthy, and in control : an alternative approach to maintaining the health of older people",1992-01-01T00:00:00Z,ageinghealthyinc0000scru,https://archive.org/details/ageinghealthyinc0000scru
People,"Discovering common ground : how future search conferences bring people together to achieve breakthrough innovation, empowerment, shared vision, and collaborative action",1992-01-01T00:00:00Z,discoveringcommo00marv,https://archive.org/details/discoveringcommo00marv
People,Multiple sclerosis : new hope and practical advice for people with MS and their families,1992-01-01T00:00:00Z,multiplesclerosi00rosn,https://archive.org/details/multiplesclerosi00rosn
People,People and parks : linking protected area management with local communities,1992-01-01T00:00:00Z,peopleparkslinki0000well,https://archive.org/details/peopleparkslinki0000well
People,Renaissance people,1992-01-01T00:00:00Z,renaissancepeopl0000howa,https://archive.org/details/renaissancepeopl0000howa
People,Single in the church : new ways to minister with 52% of God's people,1992-01-01T00:00:00Z,singleinchurchne0000slon,https://archive.org/details/singleinchurchne0000slon
People,The economic ideas of ordinary people : from preferences to trade,1992-01-01T00:00:00Z,economicideasofo0000levy,https://archive.org/details/economicideasofo0000levy
People,When people get sick,1992-01-01T00:00:00Z,whenpeoplegetsic0000jone,https://archive.org/details/whenpeoplegetsic0000jone
People,"World War II and the people of Dundy County : a 50th anniversary album, 1992",1992-01-01T00:00:00Z,isbn_9780881072075,https://archive.org/details/isbn_9780881072075
People,God's people: instruments of healing : the diaconical dimension of the church,1993-01-01T00:00:00Z,godspeopleinstru0000fuch,https://archive.org/details/godspeopleinstru0000fuch
People,Health security : the President's report to the American people,1993-01-01T00:00:00Z,healthsecuritypr0000dome,https://archive.org/details/healthsecuritypr0000dome
People,Information enables : improving access to informationservices for disabled people : papers presented at the National Disability Information Project's 1993 Conference,1993-01-01T00:00:00Z,informationenabl0000nati,https://archive.org/details/informationenabl0000nati
People,Managing people and technological change,1993-01-01T00:00:00Z,managingpeoplete0000bail,https://archive.org/details/managingpeoplete0000bail
People,Empowering people,1994-01-01T00:00:00Z,empoweringpeople0000stew,https://archive.org/details/empoweringpeople0000stew
People,"Healthy people, healthy earth. Teacher's guide",1994-01-01T00:00:00Z,healthypeoplehea0000mccl,https://archive.org/details/healthypeoplehea0000mccl
People,Managing people,1994-01-01T00:00:00Z,managingpeople0000whit,https://archive.org/details/managingpeople0000whit
People,Managing people across Europe,1994-01-01T00:00:00Z,managingpeopleac0000unse,https://archive.org/details/managingpeopleac0000unse
People,Merchants of vision : people bringing new purpose and values to business,1994-01-01T00:00:00Z,merchantsofvisio0000unse,https://archive.org/details/merchantsofvisio0000unse
People,Mobilizing for compassion : moving people into ministry,1994-01-01T00:00:00Z,mobilizingforcom00loga,https://archive.org/details/mobilizingforcom00loga
People,People of peace,1994-01-01T00:00:00Z,peopleofpeace00blue,https://archive.org/details/peopleofpeace00blue
People,Turkey's gift to the people,1994-01-01T00:00:00Z,turkeysgifttopeo00ruck,https://archive.org/details/turkeysgifttopeo00ruck
People,Vegetarian cooking for people with diabetes,1994-01-01T00:00:00Z,vegetariancookin0000stev,https://archive.org/details/vegetariancookin0000stev
People,Age and dignity : working with older people,1995-01-01T00:00:00Z,agedignityworkin0000thom,https://archive.org/details/agedignityworkin0000thom
People,Flaming Purpose: A People of Fire,1995-01-01T00:00:00Z,flamingpurposepe0000lora,https://archive.org/details/flamingpurposepe0000lora
People,Get by in Portuguese : quick beginner's course for holiday makers and business people,1995-01-01T00:00:00Z,getbyinportugues0000newm_l7h6,https://archive.org/details/getbyinportugues0000newm_l7h6
People,Good Country People: An Irregular Journal of the Cultures of Eastern North Carolina,1995-01-01T00:00:00Z,goodcountrypeopl00unse,https://archive.org/details/goodcountrypeopl00unse
People,Hindsights : the wisdom and breakthroughs of remarkable people,1995-01-01T00:00:00Z,hindsightswisdom0000kawa,https://archive.org/details/hindsightswisdom0000kawa
People,"Kiplinger's retire & thrive : remarkable people share their creative, productive, and profitable retirement strategies",1995-01-01T00:00:00Z,kiplingersretire00otte,https://archive.org/details/kiplingersretire00otte
People,People Jesus met,1995-01-01T00:00:00Z,peoplejesusmet0000cole,https://archive.org/details/peoplejesusmet0000cole
People,Postcards for people who hurt,1995-01-01T00:00:00Z,postcardsforpeop0000clon,https://archive.org/details/postcardsforpeop0000clon
People,Who are the people of God? : early Christian models of community,1995-01-01T00:00:00Z,whoarepeopleofgo0000keeh,https://archive.org/details/whoarepeopleofgo0000keeh
People,Wildlife and People: THE HUMAN DIMENSIONS OF WILDLIFE ECOLOGY (Environment Human Condition),1995-03-01T00:00:00Z,wildlifepeoplehu0000gary,https://archive.org/details/wildlifepeoplehu0000gary
People,The affect of Kalvarayan hill people on lack of power supply,1995-04-10T00:00:00Z,TNLA-DB-10-1995-9-70-3-PO_1995-04-10,https://archive.org/details/TNLA-DB-10-1995-9-70-3-PO_1995-04-10
People,Community services for people with HIV infection : utilisation needs and costs of community services for people with HIV infection : a London-based prospective study,1996-01-01T00:00:00Z,communityservice0000unse_m8m6,https://archive.org/details/communityservice0000unse_m8m6
People,"Developing a learning culture : empowering people to deliver quality, innovation, and long-term success",1996-01-01T00:00:00Z,developinglearni0000jone_s3f0,https://archive.org/details/developinglearni0000jone_s3f0
People,From Catholic to Protestant : religion and the people in Tudor England,1996-01-01T00:00:00Z,fromcatholictopr0000rosm,https://archive.org/details/fromcatholictopr0000rosm
People,Getting by in German [sound recording] : [a quick beginner's course for tourists and business people],1996-01-01T00:00:00Z,gettingbyingerma00koth,https://archive.org/details/gettingbyingerma00koth
People,Home care services for people with a dementia : their own views and experiences,1996-01-01T00:00:00Z,homecareservices0000leek,https://archive.org/details/homecareservices0000leek
People,No mask required : have you got the face to be a Christian? : a challenge to young people setting out on the Christian adventure,1996-01-01T00:00:00Z,nomaskrequiredha0000stic,https://archive.org/details/nomaskrequiredha0000stic
People,People of the silence,1996-01-01T00:00:00Z,peopleofsilence0000gear,https://archive.org/details/peopleofsilence0000gear
People,"Playing for keeps : how the world's most aggressive and admired companies use core values to manage, energize, and organize their people and promote, advance, and achieve their corporate missions",1996-01-01T00:00:00Z,playingforkeepsh0000harm,https://archive.org/details/playingforkeepsh0000harm
People,Profiles in world history : significant events and the people who shaped them,1996-01-01T00:00:00Z,profilesinworldh0007unse,https://archive.org/details/profilesinworldh0007unse
People,The Job Developer's Guide to the Americans with Disabilities Act: Using the ADA to Promote Job Opportunities for People with Disabilities,1996-01-01T00:00:00Z,jobdevelopersgui00susa,https://archive.org/details/jobdevelopersgui00susa
People,All God's people : working with all ages,1997-01-01T00:00:00Z,allgodspeoplewor0000unse,https://archive.org/details/allgodspeoplewor0000unse
People,Corporate power and the American dream : toward an economic agenda for working people,1997-01-01T00:00:00Z,corporatepoweram0000unse,https://archive.org/details/corporatepoweram0000unse
People,Free agents : people and organizations creating a new working community,1997-01-01T00:00:00Z,freeagentspeople0000goul,https://archive.org/details/freeagentspeople0000goul
People,Life management : skills for busy people,1997-01-01T00:00:00Z,lifemanagementsk0000walt,https://archive.org/details/lifemanagementsk0000walt
People,Managing more effectively : a professional approach to get the best out of people,1997-01-01T00:00:00Z,managingmoreeffe0000varm,https://archive.org/details/managingmoreeffe0000varm
People,Managing technical people,1997-01-01T00:00:00Z,managingtechnica00hump_0,https://archive.org/details/managingtechnica00hump_0
People,Motivating people,1997-01-01T00:00:00Z,motivatingpeople0000john,https://archive.org/details/motivatingpeople0000john
People,My people : a history of the Native Americans,1997-01-01T00:00:00Z,mypeoplehistoryo0000camu,https://archive.org/details/mypeoplehistoryo0000camu
People,Seeing is believing : activities to show you how people think and see,1997-01-01T00:00:00Z,seeingisbelievin00gree,https://archive.org/details/seeingisbelievin00gree
People,Word 97 for busy people : the book to use when there's no time to lose!,1997-01-01T00:00:00Z,word97forbusypeo0000crum,https://archive.org/details/word97forbusypeo0000crum
People,We the People Tif,1997-04-30T00:00:00Z,isbn_9780393970319,https://archive.org/details/isbn_9780393970319
People,"Information technology, organisations, and people : transformations in the UK retail financial services sector",1998-01-01T00:00:00Z,informationtechn0000watk,https://archive.org/details/informationtechn0000watk
People,"Leading people, learning from people : lessons from education professionals",1998-01-01T00:00:00Z,leadingpeoplelea0000bell,https://archive.org/details/leadingpeoplelea0000bell
People,People in the Rain Forest (Deep in the Rain Forest),1998-01-01T00:00:00Z,peopleinrainfore0000savi,https://archive.org/details/peopleinrainfore0000savi
People,Strength in the morning : the second volume in the Beloved people trilogy,1998-01-01T00:00:00Z,isbn_9780402016090,https://archive.org/details/isbn_9780402016090
People,The parent's complete guide to young people and drugs,1998-01-01T00:00:00Z,parentscompleteg0000kayj,https://archive.org/details/parentscompleteg0000kayj
People,Working with children and young people,1998-01-01T00:00:00Z,workingwithchild0000life,https://archive.org/details/workingwithchild0000life
People,A touch of diabetes : a straightforward guide for people who have type 2 diabetes,1999-01-01T00:00:00Z,touchofdiabetess00jova,https://archive.org/details/touchofdiabetess00jova
People,Expanding leadership impact : a practical guide to managing people and processes,1999-01-01T00:00:00Z,expandingleaders0000keho,https://archive.org/details/expandingleaders0000keho
People,Exploring corporate DNA in the age of people : a business handbook for the new millennium,1999-01-01T00:00:00Z,exploringcorpora0000barg,https://archive.org/details/exploringcorpora0000barg
People,"Greener pastures : politics, markets, and community among a migrant pastoral people",1999-01-01T00:00:00Z,greenerpasturesp0000agra_n4l0,https://archive.org/details/greenerpasturesp0000agra_n4l0
People,"Life of the people : realist prints and drawings from the Ben and Beatrice Goldstein collection, 1912-1948",1999-01-01T00:00:00Z,lifeofpeoplereal0000unse,https://archive.org/details/lifeofpeoplereal0000unse
People,"Sales utopia : how to get the right people, doing the right things, enough times",1999-01-01T00:00:00Z,salesutopiahowto0000duch,https://archive.org/details/salesutopiahowto0000duch
People,Working with difficult people : the essential guide to thinking and working smarter : a self-development programme,1999-01-01T00:00:00Z,workingwithdiffi0000link,https://archive.org/details/workingwithdiffi0000link
People,"A sacramental people. Vol. 2, Healing and vocation",2000-01-01T00:00:00Z,sacramentalpeopl0000drum,https://archive.org/details/sacramentalpeopl0000drum
People,"Good care, painful choices : medical ethics for ordinary people",2000-01-01T00:00:00Z,goodcarepainfulc00devi,https://archive.org/details/goodcarepainfulc00devi
People,Home or away? : supporting young people and families,2000-01-01T00:00:00Z,homeorawaysuppor0000bieh,https://archive.org/details/homeorawaysuppor0000bieh
People,Induction training : effective steps for investing in people,2000-01-01T00:00:00Z,inductiontrainin0000meig,https://archive.org/details/inductiontrainin0000meig
People,Like normal people,2000-01-01T00:00:00Z,likenormalpeople00bend_2,https://archive.org/details/likenormalpeople00bend_2
People,"People, plants, and justice : the politics of nature conservation",2000-01-01T00:00:00Z,peopleplantsjust0000unse,https://archive.org/details/peopleplantsjust0000unse
People,SignMates : understanding the games people play,2000-01-01T00:00:00Z,signmatesunderst00ashm,https://archive.org/details/signmatesunderst00ashm
People,The country doctor alive and well : a story of love for the land and its people,2000-01-01T00:00:00Z,countrydoctorali0000hipp,https://archive.org/details/countrydoctorali0000hipp
People,"Warp-speed growth : managing the fast-track business without sacrificing time, people, and money",2000-01-01T00:00:00Z,warpspeedgrowthm0000meye,https://archive.org/details/warpspeedgrowthm0000meye
People,"American History: People & Events Since 1877, Volume II",2000-04-01T00:00:00Z,isbn_9780828112833_2,https://archive.org/details/isbn_9780828112833_2
People,Estimate of People below poverty line (11-May-2000),2000-05-11T00:00:00Z,rsdebate.nic.in.112913,https://archive.org/details/rsdebate.nic.in.112913
People,Alive & kicking : the carer's guide to exercises for older people,2001-01-01T00:00:00Z,alivekickingcare0000sobc,https://archive.org/details/alivekickingcare0000sobc
People,"Considered choices : the new genetics, prenatal testing and people with learning disabilities",2001-01-01T00:00:00Z,consideredchoice0000ward,https://archive.org/details/consideredchoice0000ward
People,Even a geek can speak : low-tech presentation skills for high-tech people,2001-01-01T00:00:00Z,evengeekcanspeak0000ashe,https://archive.org/details/evengeekcanspeak0000ashe
People,Getting a good night's sleep : a handbook for people who have trouble sleeping,2001-01-01T00:00:00Z,gettinggoodnight00john,https://archive.org/details/gettinggoodnight00john
People,Good people-- from an author's life,2001-01-01T00:00:00Z,goodpeoplefromau00hass,https://archive.org/details/goodpeoplefromau00hass
People,"Office systems : people, procedures, and communications",2001-01-01T00:00:00Z,officesystemspeo02edunse,https://archive.org/details/officesystemspeo02edunse
People,Shared ownership for people with learning disabilities : a guide for carers and support workers,2001-01-01T00:00:00Z,sharedownershipf0000dixo,https://archive.org/details/sharedownershipf0000dixo
People,State and local politics : government by the people,2001-01-01T00:00:00Z,statelocalpoliti00burn,https://archive.org/details/statelocalpoliti00burn
People,"The everything American history book : people, places, and events that shaped our nation",2001-01-01T00:00:00Z,everythingameric0000ober_c7g8,https://archive.org/details/everythingameric0000ober_c7g8
People,The power of a story : voices of Prudential and its people,2001-01-01T00:00:00Z,powerofstoryvoic00hist,https://archive.org/details/powerofstoryvoic00hist
People,There goes the neighborhood : ten buildings people loved to hate,2001-01-01T00:00:00Z,theregoesneighbo00susa,https://archive.org/details/theregoesneighbo00susa
People,Unmet need and older people : towards a synthesis of user and provider views,2001-01-01T00:00:00Z,unmetneedolderpe0000cord,https://archive.org/details/unmetneedolderpe0000cord
People,A man after God's heart : a study of David : Bible studies to impact the lives of ordinary people,2002-01-01T00:00:00Z,manaftergodshear0000card,https://archive.org/details/manaftergodshear0000card
People,"All the gold in California : and other places, people & things",2002-01-01T00:00:00Z,allgoldincalifor0000gatl,https://archive.org/details/allgoldincalifor0000gatl
People,Assessing behaviors regarded as problematic for people with developmental disabilities,2002-01-01T00:00:00Z,assessingbehavio0000clem,https://archive.org/details/assessingbehavio0000clem
People,God loves messy people,2002-01-01T00:00:00Z,godlovesmessypeo0000keen,https://archive.org/details/godlovesmessypeo0000keen
People,"In the interest of Grace Kyles, People v. Cynthia Kyles : problems and case file",2002-01-01T00:00:00Z,ininterestofgrac0000cozz,https://archive.org/details/ininterestofgrac0000cozz
People,"People before profit : the new globalization in the age of terror, big money, and economic crisis",2002-01-01T00:00:00Z,peoplebeforeprof0000derb,https://archive.org/details/peoplebeforeprof0000derb
People,Safe and secure : six steps to creating a good life for people with disabilities,2002-01-01T00:00:00Z,safesecuresixste0000etma_d7n4,https://archive.org/details/safesecuresixste0000etma_d7n4
People,"The four-minute customer : ""getting jazzed about your people and quality management in your call center""",2002-01-01T00:00:00Z,fourminutecustom0000tame,https://archive.org/details/fourminutecustom0000tame
People,The ragged way people fall out of love : a novel,2002-01-01T00:00:00Z,raggedwaypeoplef00coxe,https://archive.org/details/raggedwaypeoplef00coxe
People,What Makes People Different? [Paperback] by Susan Meredith,2002-01-01T00:00:00Z,isbn_9781409534563,https://archive.org/details/isbn_9781409534563
People,Need to formulate a national scheme for providing basic amenities to the people living in backward States. (14-May-2002),2002-05-14T00:00:00Z,eparlib.nic.in.712288,https://archive.org/details/eparlib.nic.in.712288
People,10 essentials of highly healthy people,2003-01-01T00:00:00Z,10essentialsofhi0000lari_a6t2,https://archive.org/details/10essentialsofhi0000lari_a6t2
People,Extraordinary people,2003-01-01T00:00:00Z,extraordinarypeo0000ashb,https://archive.org/details/extraordinarypeo0000ashb
People,Joan's people : Limerick Youth Service 1973-2003,2003-01-01T00:00:00Z,joanspeoplelimer0000ford,https://archive.org/details/joanspeoplelimer0000ford
People,People of the plateau,2003-01-01T00:00:00Z,peopleofplateau0000thom_n5t7,https://archive.org/details/peopleofplateau0000thom_n5t7
People,People power : developing the talent to perform,2003-01-01T00:00:00Z,peoplepowerdevel0000warr,https://archive.org/details/peoplepowerdevel0000warr
People,Rambling thoughts : a book for people who like to think at their own pace,2003-01-01T00:00:00Z,ramblingthoughts0000sand,https://archive.org/details/ramblingthoughts0000sand
People,The American People,2003-01-01T00:00:00Z,isbn_9781256410232_2,https://archive.org/details/isbn_9781256410232_2
People,Verandah people : stories,2003-01-01T00:00:00Z,verandahpeoplest00benn,https://archive.org/details/verandahpeoplest00benn
People,Building a good life for older people in local communities : the experience of ageing in time and place,2004-01-01T00:00:00Z,buildinggoodlife0000godf,https://archive.org/details/buildinggoodlife0000godf
People,"Building teams, building people : expanding the fifth resource",2004-01-01T00:00:00Z,buildingteamsbui0000harv_s3w7,https://archive.org/details/buildingteamsbui0000harv_s3w7
People,Dave Matthews Band : music for the people,2004-01-01T00:00:00Z,davematthewsband0000mart,https://archive.org/details/davematthewsband0000mart
People,"Know yourself, co-workers and your organization : get focused on: personality, careers and managing people",2004-01-01T00:00:00Z,knowyourselfcowo0000juch,https://archive.org/details/knowyourselfcowo0000juch
People,Life 2.0 : how people across America are transforming their lives by finding the where of their happiness,2004-01-01T00:00:00Z,life20howpeoplea0000karl,https://archive.org/details/life20howpeoplea0000karl
People,People like us,2004-01-01T00:00:00Z,peoplelikeus0000binc_d6o5,https://archive.org/details/peoplelikeus0000binc_d6o5
People,"People, Places, and Environments",2004-01-01T00:00:00Z,isbn_9781404285514,https://archive.org/details/isbn_9781404285514
People,The leadership pill : the missing ingredient in motivating people today,2004-01-01T00:00:00Z,isbn_9780743483872,https://archive.org/details/isbn_9780743483872
People,Bogus Beliefs: An Expose of the Core Attitudes that Keep Chemically Addicted People from Recovering,2004-08-01T00:00:00Z,bogusbeliefsexpo0000rian,https://archive.org/details/bogusbeliefsexpo0000rian
People,Just Add Water: 40 Ready-to-Use Meeting Guides for Young People,2004-10-01T00:00:00Z,justaddwater40re0000jenn,https://archive.org/details/justaddwater40re0000jenn
People,Disappointed with Jesus? Why Do So Many Young People Give Up On God?,2004-11-12T00:00:00Z,isbn_9780825460678,https://archive.org/details/isbn_9780825460678
People,Everyday Folks: Short Stories on the Common People,2004-12-16T00:00:00Z,everydayfolkssho0000bill,https://archive.org/details/everydayfolkssho0000bill
People,50 great adventures : extraordinary places and the people who built them,2005-01-01T00:00:00Z,50greatadventure0000leej,https://archive.org/details/50greatadventure0000leej
People,People on the move,2005-01-01T00:00:00Z,peopleonmove0000espo,https://archive.org/details/peopleonmove0000espo
People,The Apache : a proud people,2005-01-01T00:00:00Z,apacheproudpeopl0000wort,https://archive.org/details/apacheproudpeopl0000wort
People,Guardians of the Cambrian Lode: An Ancient People - A Timeless Quest,2005-07-01T00:00:00Z,guardiansofcambr0000ston,https://archive.org/details/guardiansofcambr0000ston
People,The Perfect Portrait Guide: How to Photograph People,2005-09-30T00:00:00Z,perfectportraitg0000mich,https://archive.org/details/perfectportraitg0000mich
People,Children and young people who sexually abuse others : current developments and practice responses,2006-01-01T00:00:00Z,childrenyoungpeo0000unse_v8h6,https://archive.org/details/childrenyoungpeo0000unse_v8h6
People,Money and the people you love : a new approach to financial planning based on what matters to you most,2006-01-01T00:00:00Z,moneypeopleyoulo0000helm,https://archive.org/details/moneypeopleyoulo0000helm
People,Mortified : real words. real people. real pathetic.,2006-01-01T00:00:00Z,mortifiedrealwor0000unse,https://archive.org/details/mortifiedrealwor0000unse
People,Past truth & present poetry : medical discoveries and the people behind them,2006-01-01T00:00:00Z,pasttruthpresent0000bing,https://archive.org/details/pasttruthpresent0000bing
People,"Plows, planes & people : reflections of a wonderful life",2006-01-01T00:00:00Z,plowsplanespeopl0000kill,https://archive.org/details/plowsplanespeopl0000kill
People,Preventing HIV/AIDS in young people : a systematic review of the evidence from developing countries,2006-01-01T00:00:00Z,preventinghivaid0938ross,https://archive.org/details/preventinghivaid0938ross
People,"Taliesin reflections : my years before, during and after living with Frank Lloyd Wright and various contacts with other people and places",2006-01-01T00:00:00Z,taliesinreflecti0000nisb,https://archive.org/details/taliesinreflecti0000nisb
People,"The emerging film composer : an introduction to the people, problems and psychology of the film music business",2006-01-01T00:00:00Z,emergingfilmcomp0000bell,https://archive.org/details/emergingfilmcomp0000bell
People,Working with people at high risk of developing psychosis : a treatment handbook,2006-01-01T00:00:00Z,workingwithpeopl0000unse_l1w5,https://archive.org/details/workingwithpeopl0000unse_l1w5
People,Percentage of BPL people (9-Mar-2006),2006-03-09T00:00:00Z,rsdebate.nic.in.51772,https://archive.org/details/rsdebate.nic.in.51772
People,"Need to check receding water level due to coal mining in Jharkhand and providepotable water to the people in Giridih, Bokaro and Dhanbad districts of theState. (10-Mar-2006)",2006-03-10T00:00:00Z,eparlib.nic.in.727112,https://archive.org/details/eparlib.nic.in.727112
People,Jobs People Do,2006-08-01T00:00:00Z,jobspeopledo0000jose,https://archive.org/details/jobspeopledo0000jose
People,REHABILITATION OF POWER PROJECT AFFECTED PEOPLE (15-Dec-2006),2006-12-15T00:00:00Z,eparlib.nic.in.536052,https://archive.org/details/eparlib.nic.in.536052
People,30 reasons employees hate their managers : what your people may be thinking and what you can do about it,2007-01-01T00:00:00Z,30reasonsemploye0000katc,https://archive.org/details/30reasonsemploye0000katc
People,A people and a nation : a history of the United States,2007-01-01T00:00:00Z,peopleandnationh0002unse,https://archive.org/details/peopleandnationh0002unse
People,Delicious & nutritious : healthy home cooking for older people,2007-01-01T00:00:00Z,deliciousnutriti0000tuck,https://archive.org/details/deliciousnutriti0000tuck
People,Energy zappers : dealing with people who drain you dry,2007-01-01T00:00:00Z,energyzappersdea0000blak,https://archive.org/details/energyzappersdea0000blak
People,"Great people decisions : why they matter so much, why they are so hard, and how you can master them",2007-01-01T00:00:00Z,greatpeopledecis0000fern,https://archive.org/details/greatpeopledecis0000fern
People,Mirror images : seeing ourselves in othe people,2007-01-01T00:00:00Z,mirrorimagesseei0000adam,https://archive.org/details/mirrorimagesseei0000adam
People,People or not people,2007-01-01T00:00:00Z,peopleornotpeopl0000weis,https://archive.org/details/peopleornotpeopl0000weis
People,Qiong ren de zi ben quan ji : Zui xin ban = The capital of poor people,2007-01-01T00:00:00Z,qiongrendezibenq0000linh,https://archive.org/details/qiongrendezibenq0000linh
People,Safeguarding children and young people : a guide for nurses and midwives,2007-01-01T00:00:00Z,safeguardingchil0000powe_j8o3,https://archive.org/details/safeguardingchil0000powe_j8o3
People,"The UN and cultural globalization : one world, many people",2007-01-01T00:00:00Z,unculturalglobal0000stew,https://archive.org/details/unculturalglobal0000stew
People,The complete directory for people with chronic illness,2007-01-01T00:00:00Z,completedirector0000unse_u9y6,https://archive.org/details/completedirector0000unse_u9y6
People,"What people n do, eld concept reader grade 4 exc 10 : harcourt school publishers storytown ..",2007-01-01T00:00:00Z,whatpeoplendoeld0000hsp,https://archive.org/details/whatpeoplendoeld0000hsp
People,Jackie Robinson: A Life of Determination (Blastoff! Readers: People of Character),2007-09-01T00:00:00Z,isbn_9780531147115,https://archive.org/details/isbn_9780531147115
People,Hillary Clinton (People in the News),2007-12-07T00:00:00Z,hillaryclinton00epst,https://archive.org/details/hillaryclinton00epst
People,21 Reasons Bad Things Happen to Good People,2008-01-01T00:00:00Z,21reasonsbadthin0000dave,https://archive.org/details/21reasonsbadthin0000dave
People,Digital masters. Travel photography : documenting the world's people & places,2008-01-01T00:00:00Z,digitalmasterstr0000kris,https://archive.org/details/digitalmasterstr0000kris
People,Just Walk with Me: Where is the Church for Young People in Today's Inner Cities?,2008-01-01T00:00:00Z,justwalkwithmewh0000jude,https://archive.org/details/justwalkwithmewh0000jude
People,Lives across time/growing up : paths to emotional health and emotional illness from birth to 30 in 76 people,2008-01-01T00:00:00Z,livesacrosstimeg0000mass,https://archive.org/details/livesacrosstimeg0000mass
People,The Enduring Vision A History of the American People Volume 1,2008-01-01T00:00:00Z,enduringvisionhi0000unse_i9w1,https://archive.org/details/enduringvisionhi0000unse_i9w1
People,these my people,2008-01-01T00:00:00Z,isbn_9781434361875,https://archive.org/details/isbn_9781434361875
People,REHABILITATION OF PEOPLE BY ONGC (17-Apr-2008),2008-04-17T00:00:00Z,eparlib.nic.in.565185,https://archive.org/details/eparlib.nic.in.565185
People,People Have Their Say,2008-06-21T00:00:00Z,isbn_9781408501702,https://archive.org/details/isbn_9781408501702
People,The Decision to Volunteer: Why People Give Their Time and How You Can Engage Them,2008-08-16T00:00:00Z,decisiontovolunt0000moni,https://archive.org/details/decisiontovolunt0000moni
People,Assertive Law for Busy People: 1 066 Answers to Everyday Questions Second Edition,2009-01-01T00:00:00Z,assertivelawforb0000rona,https://archive.org/details/assertivelawforb0000rona
People,Challenges to the human rights of people with intellectual disabilities,2009-01-01T00:00:00Z,challengestohuma0000unse_f1g5,https://archive.org/details/challengestohuma0000unse_f1g5
People,"Choose on purpose for twentysomethings : finding work you love, places to grow, people who care",2009-01-01T00:00:00Z,chooseonpurposef0000berg,https://archive.org/details/chooseonpurposef0000berg
People,Generation in waiting : the unfulfilled promise of young people in the Middle East,2009-01-01T00:00:00Z,generationinwait0000unse,https://archive.org/details/generationinwait0000unse
People,Jazz age : people and perspectives,2009-01-01T00:00:00Z,jazzagepeopleper0000unse,https://archive.org/details/jazzagepeopleper0000unse
People,"New relationships with Aboriginal people and communities in B.C. annual report on progress, 2008-2009",2009-01-01T00:00:00Z,micro_IA40244205_3140,https://archive.org/details/micro_IA40244205_3140
People,The matchless vale : the story of Ham and Petersham and their people,2009-01-01T00:00:00Z,matchlessvalesto0000fiso,https://archive.org/details/matchlessvalesto0000fiso
People,"History of the English People: Early England, 449-1071; Foreign Kings, 1071-1204; the Charter, 1204-1216",2009-01-30T00:00:00Z,historyofenglish0001john_r7c9,https://archive.org/details/historyofenglish0001john_r7c9
People,Other People Issues: Get Rid of Negativity Self-Help Your Way Back to Happiness,2009-11-24T00:00:00Z,otherpeopleissue0000patt,https://archive.org/details/otherpeopleissue0000patt
People,50 people who fouled up football,2010-01-01T00:00:00Z,50peoplewhofoule0000hend_h5a6,https://archive.org/details/50peoplewhofoule0000hend_h5a6
People,Counting our people,2010-01-01T00:00:00Z,countingourpeopl0000orrt,https://archive.org/details/countingourpeopl0000orrt
People,"Good men, good women : an epic story about people who make a difference in the world",2010-01-01T00:00:00Z,goodmengoodwomen0000thor,https://archive.org/details/goodmengoodwomen0000thor
People,It's the People!: What Really Drives Great Management and Leadership,2010-01-01T00:00:00Z,itspeoplewhatrea0000john,https://archive.org/details/itspeoplewhatrea0000john
People,"Shetland diaries : otters, orcas, puffins and wonderful people",2010-01-01T00:00:00Z,shetlanddiarieso0000king,https://archive.org/details/shetlanddiarieso0000king
People,Working with bereaved children and young people,2010-01-01T00:00:00Z,workingwithberea0000mall,https://archive.org/details/workingwithberea0000mall
People,COMPENSATION TO AFFECTED PEOPLE BY NALCO (9-Mar-2010),2010-03-09T00:00:00Z,eparlib.nic.in.579981,https://archive.org/details/eparlib.nic.in.579981
People,Integrating care for people with mental illness: the Care Programme Approach in England and its implications for long-term conditions management.,2010-03-31T00:00:00Z,pubmed-PMC4098094,https://archive.org/details/pubmed-PMC4098094
People,"Got it! : twenty-one communication tips for busy, impatient people",2011-01-01T00:00:00Z,gotittwentyoneco0000crav,https://archive.org/details/gotittwentyoneco0000crav
People,Lightning people,2011-01-01T00:00:00Z,lightningpeoplen00boll,https://archive.org/details/lightningpeoplen00boll
People,People like us : my life with Rob Lacey,2011-01-01T00:00:00Z,peoplelikeusmyli0000harn,https://archive.org/details/peoplelikeusmyli0000harn
People,Radical together : unleashing the people of God for the purpose of God,2011-01-01T00:00:00Z,radicaltogetheru0000plat,https://archive.org/details/radicaltogetheru0000plat
People,Travels with time share : extraordinary adventures by ordinary people,2011-01-01T00:00:00Z,travelswithtimes0000shum,https://archive.org/details/travelswithtimes0000shum
People,Who are these people? : coping with family dynamics,2011-01-01T00:00:00Z,whoarethesepeopl0000fall,https://archive.org/details/whoarethesepeopl0000fall
People,"Deep brain stimulation : a new life for people with Parkinson's, dystonia and essential tremor",2012-01-01T00:00:00Z,deepbrainstimula0000chou,https://archive.org/details/deepbrainstimula0000chou
People,"Entrepreneur Success Stories: How Common People Achieve Uncommon Results, Vol. 1",2012-01-01T00:00:00Z,isbn_9780967933863_1,https://archive.org/details/isbn_9780967933863_1
People,Love is two people talking : a novel,2012-01-01T00:00:00Z,loveistwopeoplet0000bano,https://archive.org/details/loveistwopeoplet0000bano
People,Miaow! : cats really are nicer than people!,2012-01-01T00:00:00Z,miaowcatsreallya0000moor,https://archive.org/details/miaowcatsreallya0000moor
People,Norwich : a shattered city : the story of Hitler's blitz on Norwich and its people 1942,2012-01-01T00:00:00Z,norwichshattered0000snel,https://archive.org/details/norwichshattered0000snel
People,The election book : the people pick a president,2012-01-01T00:00:00Z,isbn_9780545489683,https://archive.org/details/isbn_9780545489683
People,The most blessed people on earth,2012-01-01T00:00:00Z,mostblessedpeopl0000nels,https://archive.org/details/mostblessedpeopl0000nels
People,Yorkshire People at Work,2012-01-01T00:00:00Z,yorkshirepeoplea0000unse,https://archive.org/details/yorkshirepeoplea0000unse
People,"Beyond the Underground : Aunt Harriet, Moses of her people",2013-01-01T00:00:00Z,beyondundergroun0000jone,https://archive.org/details/beyondundergroun0000jone
People,"Clinical experience with insulin detemir type 2 diabetes mellitus, biphasic insulin aspart and insulin aspart in people with type 2 diabetes: Results from the Rabat-Sale-Zemmour-Zaer Region cohort of the A1chieve study.",2013-01-01T00:00:00Z,pubmed-PMC3872878,https://archive.org/details/pubmed-PMC3872878
People,God's kindness has overwhelmed us : a contemporary doctrine of the Jews as the chosen people,2013-01-01T00:00:00Z,godskindnesshaso0000gell,https://archive.org/details/godskindnesshaso0000gell
People,Banish your body image thief : a cognitive behavioural therapy workbook on building positive body image for young people,2014-01-01T00:00:00Z,banishyourbodyim0000coll,https://archive.org/details/banishyourbodyim0000coll
People,The book that could not be written : 20 years experience of lessons learned for people leaders,2014-01-01T00:00:00Z,bookthatcouldnot0000kiel,https://archive.org/details/bookthatcouldnot0000kiel
People,The gift of grandparenting : sharing the delights of being a grandparent : a treasure trove of stories and memories about people we hold most dear,2014-01-01T00:00:00Z,giftofgrandparen0000saba,https://archive.org/details/giftofgrandparen0000saba
People,"The more-with-less church : maximize your money, space, time, and people to multiply ministry impact",2014-01-01T00:00:00Z,morewithlesschur0000hall,https://archive.org/details/morewithlesschur0000hall
People,Why human capital is important for organizations : people come first,2014-01-01T00:00:00Z,whyhumancapitali0000unse,https://archive.org/details/whyhumancapitali0000unse
People,Health insurance for people with citizenship problems in Thailand: a case study of policy implementation within a complex health system.,2014-07-07T00:00:00Z,pubmed-PMC4123138,https://archive.org/details/pubmed-PMC4123138
People,Need to provide financial and administrative power to Kshetra Panchayat Members to enable them to fulfil the aspirations of the people at the Panchayat level. (7-Aug-2014),2014-08-07T00:00:00Z,eparlib.nic.in.745791,https://archive.org/details/eparlib.nic.in.745791
People,Can a tailored exercise and home hazard reduction program reduce the rate of falls in community dwelling older people with cognitive impairment: protocol paper for the i-FOCIS randomised controlled trial.,2014-08-15T00:00:00Z,pubmed-PMC4138412,https://archive.org/details/pubmed-PMC4138412
People,"Treadmill Tales: The Hilarious, Ridiculous, Sometimes Mind Boggling Things People Do While Working Out",2014-10-01T00:00:00Z,treadmilltaleshi0000jhch,https://archive.org/details/treadmilltaleshi0000jhch
People,On conflict : why people fight,2015-01-01T00:00:00Z,onconflictwhypeo0000ritc,https://archive.org/details/onconflictwhypeo0000ritc
People,"Infidelity: Why People Cheat, Getting over Being Cheated on, How to Forgive a Cheater and How to Help Your Partner Heal after Unfaithfulness",2015-06-25T00:00:00Z,infidelitywhypeo0000amel,https://archive.org/details/infidelitywhypeo0000amel
People,Prayers of the people : enriching your experience with God through the personal prayers of others,2016-01-01T00:00:00Z,prayersofpeoplee0000unse,https://archive.org/details/prayersofpeoplee0000unse
People,The management of people,2016-01-01T00:00:00Z,managementofpeop0000purs,https://archive.org/details/managementofpeop0000purs
People,Violence : why people do bad things with strategies to reduce that risk,2016-01-01T00:00:00Z,violencewhypeopl0000flan,https://archive.org/details/violencewhypeopl0000flan
People,Upliftment of BPL People (3-Mar-2016),2016-03-03T00:00:00Z,eparlib.nic.in.676704,https://archive.org/details/eparlib.nic.in.676704
People,Talent Show Trouble Book People,2016-06-07T00:00:00Z,isbn_9781782027362,https://archive.org/details/isbn_9781782027362
People,People You Should Know: Biographies of William Shack and James Gibbs,2016-11-29T00:00:00Z,peopleyoushouldk0000brow,https://archive.org/details/peopleyoushouldk0000brow
People,"100 days, 100 books : courage and community in books for young people",2017-01-01T00:00:00Z,100days100booksc0000brow,https://archive.org/details/100days100booksc0000brow
People,Happiness for Practical People,2017-01-01T00:00:00Z,isbn_9780981887432,https://archive.org/details/isbn_9780981887432
People,Now that the funeral is over : the common sense guide for grieving people,2017-01-01T00:00:00Z,nowthatfuneralis0000zagd,https://archive.org/details/nowthatfuneralis0000zagd
People,PEOPLE AT NUMBER 9,2017-01-01T00:00:00Z,peopleatnumber90000ever_c8k2,https://archive.org/details/peopleatnumber90000ever_c8k2
People,Perspectives on palliative care for children and young people : a global discourse,2017-01-01T00:00:00Z,perspectivesonpa0000unse_l7h9,https://archive.org/details/perspectivesonpa0000unse_l7h9
People,The City of Westminster: A Celebration of People and Places,2017-01-01T00:00:00Z,cityofwestminste0000alic,https://archive.org/details/cityofwestminste0000alic
People,The character of the church : the marks of God's obedient people,2017-01-01T00:00:00Z,characterofchurc0000thor,https://archive.org/details/characterofchurc0000thor
People,Travelling light : journeys among special people and places,2017-01-01T00:00:00Z,travellinglightj0000sawd_i6y4,https://archive.org/details/travellinglightj0000sawd_i6y4
People,What Jesus Wished People Knew about God,2017-01-01T00:00:00Z,isbn_9781773028057,https://archive.org/details/isbn_9781773028057
People,"Education pack ""all different - all equal"": ideas, resources, methods and activities for non-formal intercultural education with young people and adults",2017-01-05T00:00:00Z,educationpackall0000coun,https://archive.org/details/educationpackall0000coun
People,"African American History: Slavery, Underground Railroad, People including Harriet Tubman, Martin Luther King Jr., Malcolm X, Frederick Douglass and Rosa Parks",2017-03-26T00:00:00Z,africanamericanh0000adam,https://archive.org/details/africanamericanh0000adam
People,Stats of the People #1,2017-04-05T00:00:00Z,SotP1,https://archive.org/details/SotP1
People,"Ride4water The Book: This is the story of the time I rode my bicycle 10,000 miles through 10 countries from Canada to Colombia and helped bring clean water to 100,000 people",2017-06-01T00:00:00Z,isbn_9781533088208,https://archive.org/details/isbn_9781533088208
People,"World Leader International Leader Fang Ruida - Great Gardener of the World, Scientist, Philosopher, Thinker, Sociologist, Cosmologist, Mentor and Friend of 8 Billion People (Wales. L) 2020---(Chinese/English/世界領袖國際領袖方瑞達-偉大的世界园丁，科學家哲學家思想家社會學家宇宙學家，全人類80億人民的良師益友 （威爾斯。L）2020年---（Chinese/English/）)",2021-12-17T00:00:00Z,img-20220521-121013,https://archive.org/details/img-20220521-121013
People,March 15 2024 Realization That Binary People View Being Nonbinary As Degrading,2024-03-15T00:00:00Z,march-15-2024-realization-that-binary-people-view-being-nonbinary-as-degrading,https://archive.org/details/march-15-2024-realization-that-binary-people-view-being-nonbinary-as-degrading
People,Preliminary message to Israeli people (English traduction),2025-07-01T00:00:00Z,preliminary-message-to-israeli-people-english-traduction,https://archive.org/details/preliminary-message-to-israeli-people-english-traduction
People,List Of Killed People Due To July Protestor's Violence,2025-09-28T00:00:00Z,list-of-killed-people-due-to-july-protestors-violence,https://archive.org/details/list-of-killed-people-due-to-july-protestors-violence
Seventeen,,1950-11-01,SeventeenMagazineSylviaPlath1950,https://archive.org/details/SeventeenMagazineSylviaPlath1950
Seventeen,,1975-04-01,seventeen-magazine-april-1975,https://archive.org/details/seventeen-magazine-april-1975
Seventeen,,1975-06-01,seventeen-magazine-june-1975,https://archive.org/details/seventeen-magazine-june-1975
Seventeen,,1975-07-01,seventeen-magazine-july-1975,https://archive.org/details/seventeen-magazine-july-1975
Seventeen,,1975-10-01,seventeen-magazine-oct-1975,https://archive.org/details/seventeen-magazine-oct-1975
Seventeen,,1976-01-01,seventeen-magazine-jan-1976,https://archive.org/details/seventeen-magazine-jan-1976
Seventeen,,1976-04-01,seventeen-magazine-april-1976,https://archive.org/details/seventeen-magazine-april-1976
Seventeen,,1976-11-01,seventeen-magazine-nov-1976,https://archive.org/details/seventeen-magazine-nov-1976
Seventeen,,1977-05-01,seventeen-magazine-may-1977,https://archive.org/details/seventeen-magazine-may-1977
Seventeen,,1977-07-01,seventeen-magazine-july-1977,https://archive.org/details/seventeen-magazine-july-1977
Seventeen,,1997-08-01,seventeen-aug97-jtt,https://archive.org/details/seventeen-aug97-jtt
Seventeen,,2004-03-01,seventeen-march-2004,https://archive.org/details/seventeen-march-2004
Seventeen,,2007-05-01,SeventeenMagazine2007-05,https://archive.org/details/SeventeenMagazine2007-05
Seventeen,,2007-07-01,SeventeenMagazine2007-07,https://archive.org/details/SeventeenMagazine2007-07
Seventeen,,2007-10-01,SeventeenMagazine2007-10,https://archive.org/details/SeventeenMagazine2007-10
Seventeen,,2008-12-01,203_20260109,https://archive.org/details/203_20260109
Seventeen,,2009-01-01,094_20260126,https://archive.org/details/094_20260126
Seventeen,,2009-02-01,150_20260109,https://archive.org/details/150_20260109
Seventeen,,2009-03-01,215_20260126,https://archive.org/details/215_20260126
Seventeen,,2009-05-01,141_20260126,https://archive.org/details/141_20260126
Seventeen,,2009-06-01,201_20260126,https://archive.org/details/201_20260126
Seventeen,,2009-11-01,seventeen-november-224,https://archive.org/details/seventeen-november-224
Seventeen,,2010-01-01,seventeen-2010-01,https://archive.org/details/seventeen-2010-01
Seventeen,,2010-02-01,SeventeenMagazine2010-02,https://archive.org/details/SeventeenMagazine2010-02
Seventeen,,2010-03-01,219_20240824,https://archive.org/details/219_20240824
Seventeen,,2010-03-01,SeventeenMagazine2010-03,https://archive.org/details/SeventeenMagazine2010-03
Seventeen,,2010-04-01,243_20240824,https://archive.org/details/243_20240824
Seventeen,,2010-04-01,SeventeenMagazine2010-04,https://archive.org/details/SeventeenMagazine2010-04
Seventeen,,2010-05-01,176_20260126,https://archive.org/details/176_20260126
Seventeen,,2010-05-01,SeventeenMagazine2010-05,https://archive.org/details/SeventeenMagazine2010-05
Seventeen,,2010-06-01,SeventeenMagazine2010-0607,https://archive.org/details/SeventeenMagazine2010-0607
Seventeen,,2010-08-01,SeventeenMagazine2010-08,https://archive.org/details/SeventeenMagazine2010-08
Seventeen,,2010-09-01,SeventeenMagazine2010-09,https://archive.org/details/SeventeenMagazine2010-09
Seventeen,,2010-10-01,SeventeenMagazine2010-10,https://archive.org/details/SeventeenMagazine2010-10
Seventeen,,2010-11-01,SeventeenMagazine2010-11,https://archive.org/details/SeventeenMagazine2010-11
Seventeen,,2010-12-01,SeventeenMagazine2010-122011-01,https://archive.org/details/SeventeenMagazine2010-122011-01
Seventeen,,2011-01-01,114_20260126,https://archive.org/details/114_20260126
Seventeen,,2011-02-01,199_20260109,https://archive.org/details/199_20260109
Seventeen,,2011-02-01,SeventeenMagazine2011-02,https://archive.org/details/SeventeenMagazine2011-02
Seventeen,,2011-03-01,173_20260126_202601,https://archive.org/details/173_20260126_202601
Seventeen,,2011-03-01,SeventeenMagazine2011-03,https://archive.org/details/SeventeenMagazine2011-03
Seventeen,,2011-04-01,285_20260109,https://archive.org/details/285_20260109
Seventeen,,2011-04-01,SeventeenMagazine2011-04,https://archive.org/details/SeventeenMagazine2011-04
Seventeen,,2011-04-01,SeventeenMagazineThailand2011-04,https://archive.org/details/SeventeenMagazineThailand2011-04
Seventeen,,2011-05-01,252_20260126,https://archive.org/details/252_20260126
Seventeen,,2011-05-01,SeventeenMagazine2011-05,https://archive.org/details/SeventeenMagazine2011-05
Seventeen,,2011-06-01,205_20260126,https://archive.org/details/205_20260126
Seventeen,,2011-06-01,SeventeenMagazine2011-0607,https://archive.org/details/SeventeenMagazine2011-0607
Seventeen,,2011-07-01,173_20260126,https://archive.org/details/173_20260126
Seventeen,,2011-08-01,206_20260109,https://archive.org/details/206_20260109
Seventeen,,2011-08-01,SeventeenMagazine2011-08,https://archive.org/details/SeventeenMagazine2011-08
Seventeen,,2011-09-01,189_20260126,https://archive.org/details/189_20260126
Seventeen,,2011-09-01,SeventeenMagazine2011-09,https://archive.org/details/SeventeenMagazine2011-09
Seventeen,,2011-10-01,198_20260126,https://archive.org/details/198_20260126
Seventeen,,2011-10-01,SeventeenMagazine2011-10,https://archive.org/details/SeventeenMagazine2011-10
Seventeen,,2011-11-01,SeventeenMagazine2011-11,https://archive.org/details/SeventeenMagazine2011-11
Seventeen,,2011-12-01,190_20260109,https://archive.org/details/190_20260109
Seventeen,,2011-12-01,SeventeenMagazine2011-122012-01,https://archive.org/details/SeventeenMagazine2011-122012-01
Seventeen,,2012-02-01,SeventeenMagazine2012-02,https://archive.org/details/SeventeenMagazine2012-02
Seventeen,,2012-04-01,SeventeenMagazine2012-04,https://archive.org/details/SeventeenMagazine2012-04
Seventeen,,2012-05-01,SeventeenMagazine2012-05,https://archive.org/details/SeventeenMagazine2012-05
Seventeen,,2017-01-09,Seventeen_April_2015_USA,https://archive.org/details/Seventeen_April_2015_USA
Seventeen,,2017-01-09,Seventeen_August_2015_USA,https://archive.org/details/Seventeen_August_2015_USA
Seventeen,,2017-01-09,Seventeen_March_2015_USA,https://archive.org/details/Seventeen_March_2015_USA
Seventeen,,2017-01-09,Seventeen_May_2015_USA,https://archive.org/details/Seventeen_May_2015_USA
Seventeen,,2017-01-09,Seventeen_October_2015,https://archive.org/details/Seventeen_October_2015
Seventeen,,2017-01-09,Seventeen_September_2015_USA,https://archive.org/details/Seventeen_September_2015_USA
Seventeen,,2022-12-13,seventeen-1963-04,https://archive.org/details/seventeen-1963-04
Seventeen,,2023-08-04,seventeen-1958-05,https://archive.org/details/seventeen-1958-05
Seventeen,,2023-08-04,seventeen-1959-06,https://archive.org/details/seventeen-1959-06
Seventeen,"1:18-cv-00088 United States of America v. $17,893.00 (Seventeen Thousand Eight Hundred Ninety-Three Dollars) in United States Currency",,gov.uscourts.ohsd.210252,https://archive.org/details/gov.uscourts.ohsd.210252
Seventeen,A Translation In English Daily Used Of the Seventeen Letters (1890) - Peshito Syriac,,ATranslationInEnglishDailyUsedOfT,https://archive.org/details/ATranslationInEnglishDailyUsedOfT
Seventeen,"Album of seventeen pieces: for pianoforte : carefully rev. and ..., Volume 2",,albumseventeenp01chamgoog,https://archive.org/details/albumseventeenp01chamgoog
Seventeen,Altec Prospekt Seventeen,,altec-prospekt-seventeen,https://archive.org/details/altec-prospekt-seventeen
Seventeen,Forest Book Miscellany Seventeen. Catalogue Summer 2025.,,forest-book-miscellany-seventeen.-catalogue-summer-2025.,https://archive.org/details/forest-book-miscellany-seventeen.-catalogue-summer-2025.
Seventeen,Giotto Frescoes Seventeen Colour Plates By Walter Ueberwasser Edited By Hans Zbinden Art History London 1951 B. T. Batsford,,ewck_giotto-frescoes-seventeen-colour-plates-by-walter-ueberwasser-edited-by-hans-zbi,https://archive.org/details/ewck_giotto-frescoes-seventeen-colour-plates-by-walter-ueberwasser-edited-by-hans-zbi
Seventeen,Likens v. Seven Seventeen Credit Union,,gov.uscourts.ohnb.1061755,https://archive.org/details/gov.uscourts.ohnb.1061755
Seventeen,Mammy Tittleback and Her Family A True Story of Seventeen Cats,,mammytittlebacka33240gut,https://archive.org/details/mammytittlebacka33240gut
Seventeen,Pennsylvania history: a seventeen-inch shelf : a suggestion to teachers of Pennsylvania history / by Melville J. Boyer,,pennsylvaniahist00boye,https://archive.org/details/pennsylvaniahist00boye
Seventeen,SEVENTEEN POWER OF LOVE : THE MOVIE,,cbfc-ecinepramaan-100010292200002693,https://archive.org/details/cbfc-ecinepramaan-100010292200002693
Seventeen,SEVENTEEN TOUR FOLLOW AGAIN TO CINEMAS,,cbfc-ecinepramaan-100010292400005851,https://archive.org/details/cbfc-ecinepramaan-100010292400005851
Seventeen,Seventeen Equations that Changed the World - Ian Stewart,,seventeen-equations-that-changed-the-world-ian-stewart,https://archive.org/details/seventeen-equations-that-changed-the-world-ian-stewart
Seventeen,"Seventeen Oranges, LLC",,gov.uscourts.txsb.466350,https://archive.org/details/gov.uscourts.txsb.466350
Seventeen,Seventeen Years Among the Sea Dyaks of Borneo A Record of Intimate Association with the Natives of the Bornean Jungles,,seventeenyearsam57201gut,https://archive.org/details/seventeenyearsam57201gut
Seventeen,Seventeen Years in ParisA Chaplain's Story,,seventeenyearsin56412gut,https://archive.org/details/seventeenyearsin56412gut
Seventeen,Seventeen Years in the Underworld,,seventeenyearsin56443gut,https://archive.org/details/seventeenyearsin56443gut
Seventeen,"The Out-Of-Body Travel Foundation Journal: Issue Seventeen, By Marilynn Hughes",,journal-issue-seventeen,https://archive.org/details/journal-issue-seventeen
Seventeen,"United States v. SEVENTEEN U.S. POSTAL PARCELS LOCATED AT THE WASHINGTON GENERAL MAIL FACILITY, WASHINGTON, DC UNDER RULE 41",,gov.uscourts.dcd.213590,https://archive.org/details/gov.uscourts.dcd.213590
Seventeen,United States v. Seventeen Miscellaneous Firearms,,gov.uscourts.wied.86329,https://archive.org/details/gov.uscourts.wied.86329
Seventeen,"United States v. Seventeen Thousand Six Hundred Sixty Eight Dollars ($17,668) In U.S. Currency",,gov.uscourts.mied.319439,https://archive.org/details/gov.uscourts.mied.319439
Seventeen,original diary seventeen,,diaryseventeen,https://archive.org/details/diaryseventeen
Seventeen,seventeen against one thousand four hundred and thirty-three,,seventeenagainstonethousandfourhundredandthirtythree,https://archive.org/details/seventeenagainstonethousandfourhundredandthirtythree
Seventeen,"East India Company. An answer of the committee of seventeen, ... 1683",1683-01-01T00:00:00Z,bim_early-english-books-1641-1700_east-india-company-an-a_1683,https://archive.org/details/bim_early-english-books-1641-1700_east-india-company-an-a_1683
Seventeen,Seventeen sermons preach'd upon several occasions. 1699,1699-01-01T00:00:00Z,bim_early-english-books-1641-1700_seventeen-sermons-preach_clagett-william_1699,https://archive.org/details/bim_early-english-books-1641-1700_seventeen-sermons-preach_clagett-william_1699
Seventeen,"The seventeen years travels of Peter de Cieza, through the mighty kingdom of Peru, and the large provinces of Cartagena and Popayan in South America: ... Now first translated from the Spanish, and illustrated ... 1709",1709-01-01T00:00:00Z,bim_eighteenth-century_the-seventeen-years-trav_cieza-de-lon-pedro-de_1709,https://archive.org/details/bim_eighteenth-century_the-seventeen-years-trav_cieza-de-lon-pedro-de_1709
Seventeen,"The seventeen years travels of Peter de Cieza, through the mighty kingdom of Peru, and the large provinces of Cartagena and Popayan in South America: from the city of Panama, on the isthmus, to the frontiers of Chile. Now first tr. from the Spanish, and illustrated with a map, and several cuts",1709-01-01T00:00:00Z,seventeenyearstr00ciez,https://archive.org/details/seventeenyearstr00ciez
Seventeen,"Seventeen sermons preach'd upon several occasions. By W. Fleetwood, ... First collected together. 1717",1717-01-01T00:00:00Z,bim_eighteenth-century_seventeen-sermons-preach_fleetwood-william_1717,https://archive.org/details/bim_eighteenth-century_seventeen-sermons-preach_fleetwood-william_1717
Seventeen,"A representation made by a committee of seventeen persons, as well directors as others, to the Governour and Company of the Mine-Adventurers of England; containing a vindication of Sir Humphrey Mackworth, ... Publish'd by order of the said General Court. 1720",1720-01-01T00:00:00Z,bim_eighteenth-century_a-representation-made-by_company-of-the-mine-adve_1720,https://archive.org/details/bim_eighteenth-century_a-representation-made-by_company-of-the-mine-adve_1720
Seventeen,"Seventeen Sermons Against Popery, Preached at Salters Hall",1735-01-01T00:00:00Z,SeventeenSermonsAgainstPoperyPreachedAtSaltersHall1735,https://archive.org/details/SeventeenSermonsAgainstPoperyPreachedAtSaltersHall1735
Seventeen,"Seventeen Sermons Against Popery, Preached at Salters Hall (1735)",1735-01-01T00:00:00Z,seventeen-sermons-against-popery-preached-at-salters-hall-1735,https://archive.org/details/seventeen-sermons-against-popery-preached-at-salters-hall-1735
Seventeen,"The tricks of the town laid open: or, a companion for country gentlemen. Being the substance of seventeen letters from a gentleman at London to his friend in the country, to disswade him from coming to town. ... 1747",1747-01-01T00:00:00Z,bim_eighteenth-century_the-tricks-of-the-town-l_gentleman-at-london_1747_0,https://archive.org/details/bim_eighteenth-century_the-tricks-of-the-town-l_gentleman-at-london_1747_0
Seventeen,"An accurate description and history of the metropolitan and cathedral churches of Canterbury and York, from their first foundation to the present year. Illustrated with one hundred and seventeen copper-plates, ... 1755",1755-01-01T00:00:00Z,bim_eighteenth-century_an-accurate-description-_1755,https://archive.org/details/bim_eighteenth-century_an-accurate-description-_1755
Seventeen,"An accurate description and history of the metropolitan and cathedral churches of Canterbury and York, from their first foundation to the present year. Illustrated with one hundred and seventeen copper-plates, ... 1756",1756-01-01T00:00:00Z,bim_eighteenth-century_an-accurate-description-_1756,https://archive.org/details/bim_eighteenth-century_an-accurate-description-_1756
Seventeen,"Manoeuvres for a battalion of infantry, upon fixed principles [microform] : with seventeen copper plates, including the late General Wolf[e]'s",1766-01-01T00:00:00Z,cihm_63260,https://archive.org/details/cihm_63260
Seventeen,"An Investigation of the Difference between the Present Temperature of the Air in Italy and Some Other Countries, and What It Was Seventeen Centuries Ago: In a Letter to William Watson M. D. F. R. S. by the Honourable Daines Barrington F. R. S.",1768-01-01T00:00:00Z,jstor-105757,https://archive.org/details/jstor-105757
Seventeen,"An Investigation of the Difference between the Present Temperature of the Air in Italy and Some Other Countries, and What It Was Seventeen Centuries Ago: In a Letter to William Watson M. D. F. R. S. by the Honourable Daines Barrington F. R. S.",1768-01-01T00:00:00Z,paper-doi-10_1098_rstl_1768_0009,https://archive.org/details/paper-doi-10_1098_rstl_1768_0009
Seventeen,"A sermon concerning the coming down of the Holy Ghost, and the manifold gifts of the same. For Whitsunday. Two hundred and seventeen years old, published by order of Queen Elizabeth. 1562. 1779",1779-01-01T00:00:00Z,bim_eighteenth-century_a-sermon-concerning-the-_church-of-england_1779,https://archive.org/details/bim_eighteenth-century_a-sermon-concerning-the-_church-of-england_1779
Seventeen,"[Works. 1784]. The works of the Rev. Dr. Jonathan Swift, Dean of St. Patrick's, Dublin. Arranged, revised, and corrected, with notes, by Thomas Sheridan, A.M. A new edition, in seventeen volumes. ... 1784: Vol 14",1784-01-01T00:00:00Z,bim_eighteenth-century_works-1784-the-works_swift-jonathan_1784_14,https://archive.org/details/bim_eighteenth-century_works-1784-the-works_swift-jonathan_1784_14
Seventeen,"[Works. 1784]. The works of the Rev. Dr. Jonathan Swift, Dean of St. Patrick's, Dublin. Arranged, revised, and corrected, with notes, by Thomas Sheridan, A.M. A new edition, in seventeen volumes. ... 1784: Vol 5",1784-01-01T00:00:00Z,bim_eighteenth-century_works-1784-the-works_swift-jonathan_1784_5,https://archive.org/details/bim_eighteenth-century_works-1784-the-works_swift-jonathan_1784_5
Seventeen,"Parochialia; or observations on the discharge of parochial duties, in which defects and errors are pointed out ... in seventeen letters to Clericus ... By W. Jesse, ... 1785",1785-01-01T00:00:00Z,bim_eighteenth-century_parochialia-or-observat_jesse-william_1785,https://archive.org/details/bim_eighteenth-century_parochialia-or-observat_jesse-william_1785
Seventeen,"A narrative of four journeys into the country of the Hottentots, and Caffraria : in the years one thousand seven hundred and seventy-seven, eight, and nine : illustrated with a map, and seventeen copper-plates",1789-01-01T00:00:00Z,narrativeoffourj00pate,https://archive.org/details/narrativeoffourj00pate
Seventeen,"An account of the life and transactions of William Gadesby, from the age of seventeen to twenty-eight when he was brought to trial before the High Court of Justiciary, and received sentence of death, ... Written by himself, when in prison. To which is added, an appendix, concerning his confession of having robbed the Dundee bank ... 1791",1791-01-01T00:00:00Z,bim_eighteenth-century_an-account-of-the-life-a_gadesby-william_1791,https://archive.org/details/bim_eighteenth-century_an-account-of-the-life-a_gadesby-william_1791
Seventeen,"A gazetteer of the Netherlands. Containing a full account of all the cities, towns, and villages, in the seventeen provinces, and ... 1794",1794-01-01T00:00:00Z,bim_eighteenth-century_a-gazetteer-of-the-nethe_1794,https://archive.org/details/bim_eighteenth-century_a-gazetteer-of-the-nethe_1794
Seventeen,The evening walk; a sentimental tale. Interspersed with poetic scraps. By a youth of seventeen. 1795,1795-01-01T00:00:00Z,bim_eighteenth-century_the-evening-walk-a-sent_rickman-thomas-clio_1795,https://archive.org/details/bim_eighteenth-century_the-evening-walk-a-sent_rickman-thomas-clio_1795
Seventeen,"A catalogue of the extensive and truly magnificent collection of prints, forming altogether an unusual display of the most rare and superior productions of the French, Flemish, German, and English engravers ... : consisting chiefly of portraits, grand historic compositions and rich landscapes ... also a very choice and rare collection of painters' etchings, and upwards of 1500 pieces by the hand of Wenceslaus Hollar ... Strutt's Dictionary of engravers, illustrated by upwards of 4000 prints, by the different artists therein mentioned ... and a capital and rich collection of portraits, by and after Sir Anthony Vandyke ... together with several books of prints, excellent portfolios with leaves, &c. which will be sold by auction, by Mr. Thos. Dodd ... on Tuesday, the 6th day of February, 1810, and seventeen following days ..",1810-01-01T00:00:00Z,catalogueofexten00dodd_5,https://archive.org/details/catalogueofexten00dodd_5
Seventeen,"A catalogue of the extensive and truly magnificent collection of prints, forming altogether an unusual display of the most rare and superior productions of the French, Flemish, German, and English engravers ... : consisting chiefly of portraits, grand historic compositions and rich landscapes ... also a very choice and rare collection of painters' etchings, and upwards of 1500 pieces by the hand of Wenceslaus Hollar ... Strutt's Dictionary of engravers, illustrated by upwards of 4000 prints, by the different artists therein mentioned ... and a capital and rich collection of portraits, by and after Sir Anthony Vandyke ... together with several books of prints, excellent portfolios with leaves, &c. which will be sold by auction, by Mr. Thos. Dodd ... on Tuesday, the 6th day of February, 1810, and seventeen following days ..",1810-01-01T00:00:00Z,catalogueofexten6181dodd,https://archive.org/details/catalogueofexten6181dodd
Seventeen,The history of the insurrections in Massachusetts. In the year seventeen hundred and eighty six. And the rebellion consequent thereon,1810-01-01T00:00:00Z,historyofinsurre00mino,https://archive.org/details/historyofinsurre00mino
Seventeen,Oriental Memoirs: Selected and abridged from a series of familiar letters written during seventeen years residence in India. Vol-001,1813-01-01T00:00:00Z,dli.venugopal.506,https://archive.org/details/dli.venugopal.506
Seventeen,Oriental memoirs: selected ... from a series of ... letters written during seventeen years ... in India: including observations on parts of Africa and South America,1813-01-01T00:00:00Z,b22011900_0001,https://archive.org/details/b22011900_0001
Seventeen,"Seventeen Discourses on Several Texts of Scripture: Addressed to Christian Assemblies, in ...",1824-01-01T00:00:00Z,seventeendiscou00robigoog,https://archive.org/details/seventeendiscou00robigoog
Seventeen,"Seventeen discourses of several texts of scripture; addresses to christian assemblies, in villages near Cambridge",1824-01-01T00:00:00Z,seventeendiscour0000robi,https://archive.org/details/seventeendiscour0000robi
Seventeen,"Seventeen discourses on several texts of Scripture ; addressed to Christian assemblies, in villages near Cambridge. To which are added six morning exercises",1824-01-01T00:00:00Z,seventeendiscour00robi,https://archive.org/details/seventeendiscour00robi
Seventeen,Oriental memoirs: a narrative of seventeen years residence in India,1834-01-01T00:00:00Z,b29330415_0002,https://archive.org/details/b29330415_0002
Seventeen,Oriental memoirs: a narrative of seventeen years residence in India,1834-01-01T00:00:00Z,orientalmemoirs00montgoog,https://archive.org/details/orientalmemoirs00montgoog
Seventeen,"Library of fathers of the Holy Catholic Church, Anterior to the Division of the East and West Volume 22: Seventeen short treatises of S. Augustine, Bishop of Hippo, Translated with Notes and indices",1839-01-01T00:00:00Z,22ALibraryOfFathersOfTheHolyCatholicV22,https://archive.org/details/22ALibraryOfFathersOfTheHolyCatholicV22
Seventeen,"Leaves from the book of nature, containing the principal illustrations in Jardine's Naturalist's library, upon one hundred and seventeen sheets",1840-01-01T00:00:00Z,Leavesfrombookn00,https://archive.org/details/Leavesfrombookn00
Seventeen,Carleton: A Tale of Seventeen Hundred and Seventy-six,1841-01-01T00:00:00Z,carletonatalese01willgoog,https://archive.org/details/carletonatalese01willgoog
Seventeen,"New guide to Washington : containing a history and general description of the metropolis, its public buildings, institution, &c., with seventeen beautiful lithographed engravings ; accompanied by a new and correct map",1847-01-01T00:00:00Z,newguidetowashinwatt,https://archive.org/details/newguidetowashinwatt
Seventeen,"Seventeen hundred and seventy-six, or, The War of Independence; a history of the Anglo-Americans, from the period of the union of the colonies against the French, to the inauguration of Washington, the first President of the United States of America",1847-01-01T00:00:00Z,seventeenhundred00loss,https://archive.org/details/seventeenhundred00loss
Seventeen,"Seventeen short treatises of S. Augustine, Bishop of Hippo",1847-01-01T00:00:00Z,seventeenshort00augu,https://archive.org/details/seventeenshort00augu
Seventeen,"A glossary of terms used in Grecian, Roman, Italian, and Gothic architecture : exemplified by seventeen hundred woodcuts",1850-01-01T00:00:00Z,glossaryoftermsu01park_1,https://archive.org/details/glossaryoftermsu01park_1
Seventeen,Seventeen sermons on the nativity,1850-01-01T00:00:00Z,seventeensermlanc00andr,https://archive.org/details/seventeensermlanc00andr
Seventeen,"List of persons, copartnerships and corporations who were taxed on seventeen thousand five hundred dollars and upwards in the city of New York in the year 1850",1851-01-01T00:00:00Z,listofpersonscop00darl,https://archive.org/details/listofpersonscop00darl
Seventeen,Answers to seventeen objections against spiritual intercourse and inquiries relating to the manifestations of the present time,1853-01-01T00:00:00Z,answerstosevente0000adam,https://archive.org/details/answerstosevente0000adam
Seventeen,Answers to seventeen objections against spiritual intercourse and inquiries relating to the manifestations of the present time,1853-01-01T00:00:00Z,answerstosevente00adam,https://archive.org/details/answerstosevente00adam
Seventeen,"Fremont : only seventeen working days in the U.S. Senate : his whole civil life : twice voting against the abolition of slavery, in Washington--the federal capital",1856-01-01T00:00:00Z,fremontonlyseven00slsn,https://archive.org/details/fremontonlyseven00slsn
Seventeen,"Seventeen Hundred Fifty-eight and Eighteen Hundred Fifty-eight: A New Year's Discourse, Preached ...",1858-01-01T00:00:00Z,seventeenhundre00hedggoog,https://archive.org/details/seventeenhundre00hedggoog
Seventeen,"Catalogue of British, colonial, and foreign postage stamps : comprising nearly seventeen hundred varieties",1862-01-01T00:00:00Z,catalogueofbrit00brow,https://archive.org/details/catalogueofbrit00brow
Seventeen,"The youthful travels and adventures of George Samuel Cull, a deaf and dumb cripple, the son of a soldier in the Royal Artillery [microform] : including a sketch of seventeen years' residence in the northern and southern parts of England, and five years' travelling through Canada and the United States",1863-01-01T00:00:00Z,cihm_33477,https://archive.org/details/cihm_33477
Seventeen,Seventeen Cantos of the Inferno of Dante Alighieri,1865-01-01T00:00:00Z,seventeencantos00aliggoog,https://archive.org/details/seventeencantos00aliggoog
Seventeen,"The Spirit of the Curé of Ars. Translated from the French (""L'Esprit du Curé d'Ars""). ... With seventeen additional exhortations [by J.M.B. Vianney]. Edited by J.E. Bowden, etc",1865-01-01T00:00:00Z,TheSpiritOfTheCureOfArs,https://archive.org/details/TheSpiritOfTheCureOfArs
Seventeen,"Cyclopædia of popular songs, being a collection of nearly seventeen hundred sentimental, national, naval, military, jovial, and comic songs ..",1866-01-01T00:00:00Z,cyclopdiaofpopul00lond,https://archive.org/details/cyclopdiaofpopul00lond
Seventeen,Sweet seventeen,1866-01-01T00:00:00Z,sweetseventeen00lockgoog,https://archive.org/details/sweetseventeen00lockgoog
Seventeen,Sweet seventeen,1866-01-01T00:00:00Z,sweetseventeen01lockgoog,https://archive.org/details/sweetseventeen01lockgoog
Seventeen,The pharmacopoeias of seventeen of the London hospitals : arranged in groups for easy reference and comparison,1869-01-01T00:00:00Z,b21507429,https://archive.org/details/b21507429
Seventeen,Seventeen Years in the Yoruba Country: Memorials of Anna Hinderer ... Gathered from Her Journals ...,1873-01-01T00:00:00Z,seventeenyearsi00honegoog,https://archive.org/details/seventeenyearsi00honegoog
Seventeen,"Number seventeen, a novel",1875-01-01T00:00:00Z,numberseventeen02kinggoog,https://archive.org/details/numberseventeen02kinggoog
Seventeen,"Number seventeen, a novel",1875-01-01T00:00:00Z,numberseventeenn01king,https://archive.org/details/numberseventeenn01king
Seventeen,"Number seventeen, a novel",1875-01-01T00:00:00Z,numberseventeenn02king,https://archive.org/details/numberseventeenn02king
Seventeen,"Report of a case of spasmodic urethral stricture, of seventeen years' duration, simulating organic stricture",1876-01-01T00:00:00Z,101491063.nlm.nih.gov,https://archive.org/details/101491063.nlm.nih.gov
Seventeen,Courtship in Seventeen Hundred and Twenty and in Eighteen Hundred and Sixty ...,1877-01-01T00:00:00Z,courtshipinseve00smargoog,https://archive.org/details/courtshipinseve00smargoog
Seventeen,"Remarks on the Seventeen-Year Locust, the Hessian Fly, and a Chelifer",1877-01-01T00:00:00Z,jstor-4060203,https://archive.org/details/jstor-4060203
Seventeen,Brief of a title in the seventeen townships in the County of Luzerne : a syllabus of the controversy between Connecticut and Pennsylvania,1879-01-01T00:00:00Z,briefoftitleinse00hoyt,https://archive.org/details/briefoftitleinse00hoyt
Seventeen,Brief of a title in the seventeen townships in the county of Luzerne: a syllabus of the controversy between Connecticut and Pennsylvania,1879-01-01T00:00:00Z,briefatitleinse00hoytgoog,https://archive.org/details/briefatitleinse00hoytgoog
Seventeen,Growth of the episcopate in England and Wales : during seventeen centuries,1880-01-01T00:00:00Z,growthofepiscopa00hume,https://archive.org/details/growthofepiscopa00hume
Seventeen,"The Ober-Ammerga passion play: giving the origin of the play, and history of the village and people, a full description of the scenes and tableaux of the seventeen acts of the drama, and the songs of the chorus, in German and English",1880-01-01T00:00:00Z,oberammergapassi00jackrich,https://archive.org/details/oberammergapassi00jackrich
Seventeen,"De Barr's Friends, Or Number Seventeen: Trip to Lake Superior with a Romance",1881-01-01T00:00:00Z,debarrsfriendso00cadwgoog,https://archive.org/details/debarrsfriendso00cadwgoog
Seventeen,"Historical record of the posterity of William Black, who settled in this country in the year seventeen hundred and seventy-five [microform] : also, a sketch of 23 English families and some early settlers from New England who settled at the head of the Bay of Fundy about the same time",1885-01-01T00:00:00Z,cihm_00829,https://archive.org/details/cihm_00829
Seventeen,The Miscellaneous Documents of the House of Represatatives for the Second Session of the Forty-Eighth Congress 1884-85 in seventeen volumes,1885-01-01T00:00:00Z,miscdochouseofrep08powell,https://archive.org/details/miscdochouseofrep08powell
Seventeen,Seventeen lectures on the study of medieval and modern history and kindred subjects;,1887-01-01T00:00:00Z,seventeenlecture00stub,https://archive.org/details/seventeenlecture00stub
Seventeen,Seventeen sermons on the nativity,1887-01-01T00:00:00Z,seventeensermons0000lanc,https://archive.org/details/seventeensermons0000lanc
Seventeen,The history of one day out of seventeen thousand,1889-01-01T00:00:00Z,historyofonedayo00nuttrich,https://archive.org/details/historyofonedayo00nuttrich
Seventeen,"Nunnery life in the Church of England; or, Seventeen years with Father Ignatius",1890-01-01T00:00:00Z,nunnerylifeineng00poveuoft,https://archive.org/details/nunnerylifeineng00poveuoft
Seventeen,The kings of the reefs; a poem in one hundred and seventeen cantos,1891-01-01T00:00:00Z,kingsofreefspoem00care,https://archive.org/details/kingsofreefspoem00care
Seventeen,"Effusions of blood into the Fallopian tube : acontribution to the study of their etiology, based on seventeen cases verified by operation",1893-01-01T00:00:00Z,b22462107,https://archive.org/details/b22462107
Seventeen,"Imre Kiralfy's grand historical spectacle, America : in four acts and seventeen scenes",1893-01-01T00:00:00Z,imrekiralfysgra00kira,https://archive.org/details/imrekiralfysgra00kira
Seventeen,"""Sirs, only seventeen!""",1894-01-01T00:00:00Z,sirsonlyseventee00towniala,https://archive.org/details/sirsonlyseventee00towniala
Seventeen,The Seventeen-Year Cicada on Staten Island,1894-03-01T00:00:00Z,jstor-25002596,https://archive.org/details/jstor-25002596
Seventeen,Mental development in the child and the race : methods and processes / with seventeen figures and ten tables,1895-01-01T00:00:00Z,mentaldevelopmen00bald,https://archive.org/details/mentaldevelopmen00bald
Seventeen,Seventeen Trips Through Somaliland (1895),1895-01-01T00:00:00Z,dli.ernet.236038,https://archive.org/details/dli.ernet.236038
Seventeen,"Patriotic Lyndon : a history of several organizations at the county seat of Osage County, Kansas, the last seventeen years, which have made it a ""patriotic Lyndon"" : containing the roster of ... ex-union soldiers and sailors ...",1897-01-01T00:00:00Z,patrioticlyndonh00gree,https://archive.org/details/patrioticlyndonh00gree
Seventeen,"Resection of the sternum for tumors, with a report of two cases and a table of seventeen previously reported cases",1897-01-01T00:00:00Z,101492344.nlm.nih.gov,https://archive.org/details/101492344.nlm.nih.gov
Seventeen,"Seventeen years from home; or, The adventures of Andrew Jackson Pettyjohn ..",1897-01-01T00:00:00Z,seventeenyearsfr00hopk,https://archive.org/details/seventeenyearsfr00hopk
Seventeen,Street list of persons seventeen years of age and over in the Town of Brookline,1897-01-01T00:00:00Z,streetlistofpers1897broo,https://archive.org/details/streetlistofpers1897broo
Seventeen,"Seventeen voluntaries for the organ, American organ or harmonium",1898-01-01T00:00:00Z,seventeenvolunta00simp,https://archive.org/details/seventeenvolunta00simp
Seventeen,Street list of persons seventeen years of age and over in the Town of Brookline,1899-01-01T00:00:00Z,streetlistofpers1899broo,https://archive.org/details/streetlistofpers1899broo
Seventeen,"ON SOME MARINE SHELLS FROM PONDOLAND AND THE KOWIE, WITH DESCRIPTIONS OF SEVENTEEN NEW SPECIES",1900-01-01T00:00:00Z,biostor-193420,https://archive.org/details/biostor-193420
Seventeen,Seventeen Lectures on the study of Mediaeval and Modern History and kindred subjects ... with two Addresses given at Oxford and Reading. ... Third edition,1900-01-01T00:00:00Z,seventeenlecture0000unse_o9l6,https://archive.org/details/seventeenlecture0000unse_o9l6
Seventeen,Seventeen Trips Through Somaliland and a Visit to Abyssinia: A Record of Exploration and Big ...,1900-01-01T00:00:00Z,seventeentripst01swaygoog,https://archive.org/details/seventeentripst01swaygoog
Seventeen,"Seventeen lectures on the study of medieval and modern history and kindred subjects; delivered at Oxford, under statutory obligation in the years 1867-1884; with two addresses given at Oxford and Reading",1900-01-01T00:00:00Z,seventeenlectur00stubgoog,https://archive.org/details/seventeenlectur00stubgoog
Seventeen,The periodical cicada or seventeen-year locust in West Virginia,1900-01-01T00:00:00Z,periodicalcicada68hopk,https://archive.org/details/periodicalcicada68hopk
Seventeen,"History of Concord, New Hampshire, from the original grant in seventeen hundred and twenty-five to the opening of the twentieth century;",1903-01-01T00:00:00Z,historyofconcord01conc_0,https://archive.org/details/historyofconcord01conc_0
Seventeen,"History of Concord, New Hampshire, from the original grant in seventeen hundred and twenty-five to the opening of the twentieth century;",1903-01-01T00:00:00Z,historyofconcord02conc_0,https://archive.org/details/historyofconcord02conc_0
Seventeen,Disunion Sentiment in Congress in 1794 [i.e. Seventeen Hundred and Ninety-four],1905-01-01T00:00:00Z,disunionsentime00huntgoog,https://archive.org/details/disunionsentime00huntgoog
Seventeen,Street list of persons seventeen years of age and over in the Town of Brookline,1905-01-01T00:00:00Z,streetlistofpers1905broo,https://archive.org/details/streetlistofpers1905broo
Seventeen,"The British Army, 1783-1802 [i.e. Seventeen Hundred and Eighty-three - Eighteen Hundred and Two ...",1905-01-01T00:00:00Z,britisharmyiese00fortgoog,https://archive.org/details/britisharmyiese00fortgoog
Seventeen,"The book of water gardening; giving in full detail all the practical information necessary to the selection, grouping and successful cultivation of aquatic and other plants required in the making of a water garden and its surroundings, and covering all conditions from that of the amateur with a few plants in tubs to the large estate or park. Profusely illustrated with one hundred and twenty halftones, seventeen diagrams and two double page plates",1905-01-01T00:00:00Z,cu31924003382243,https://archive.org/details/cu31924003382243
Seventeen,Ten to seventeen: a boarding-school diary,1908-01-01T00:00:00Z,tentoseventeenbo0000jose,https://archive.org/details/tentoseventeenbo0000jose
Seventeen,Retinitis pigmentosa: With an Analysis of Seventeen Cases Occurring in Deaf-mutes,1909-01-01T00:00:00Z,retinitispigmen00swangoog,https://archive.org/details/retinitispigmen00swangoog
Seventeen,Street list of persons seventeen years of age and over in the Town of Brookline,1909-01-01T00:00:00Z,streetlistofpers1909broo,https://archive.org/details/streetlistofpers1909broo
Seventeen,The Harvard Classics Vol. Seventeen: Folk-lore and Fable,1909-01-01T00:00:00Z,harvardclassicsv0017unse_l2v5,https://archive.org/details/harvardclassicsv0017unse_l2v5
Seventeen,"A selection of seventeen songs : made from over 240 uplifting and soul-inspiring songs contained in our new song book The Songs of Zion. Especially selected and arranged for the home and for all meetings, Sunday Schools, and gatherings aof elders and saints in the mission field",1910-01-01T00:00:00Z,selectionofseven00chur_0,https://archive.org/details/selectionofseven00chur_0
Seventeen,Seventeen years among the Sea Dyaks of Borneo; a record of intimate association with the natives of the Bornean jungles,1911-01-01T00:00:00Z,seventeenyearsa01gomegoog,https://archive.org/details/seventeenyearsa01gomegoog
Seventeen,"Napoleon's Last Campaign in Germany, 1813; with seventeen maps and plans",1912-01-01T00:00:00Z,napoleonslastcam00petr,https://archive.org/details/napoleonslastcam00petr
Seventeen,Street list of persons seventeen years of age and over in the Town of Brookline,1912-01-01T00:00:00Z,streetlistofpers1912broo,https://archive.org/details/streetlistofpers1912broo
Seventeen,"Ancient Eastham, Massachusetts, two lists of those proprietors there in seventeen hundred and fifteen",1913-01-01T00:00:00Z,ancienteasthamma00smit,https://archive.org/details/ancienteasthamma00smit
Seventeen,"Catalogue of the plants collected by Mr. & Mrs. P.A. Talbotin the Oban district, South Nigeria,by A. B. Rendle, E.G. Baker, and H.F. Wernham, S. Moore, and others. With seventeen plates.",1913-01-01T00:00:00Z,mobot31753000046893,https://archive.org/details/mobot31753000046893
Seventeen,Seventeen talks on the banking question,1913-01-01T00:00:00Z,seventeentalkso00fowlgoog,https://archive.org/details/seventeentalkso00fowlgoog
Seventeen,Street list of persons seventeen years of age and over in the Town of Brookline,1913-01-01T00:00:00Z,streetlistofpers1913broo,https://archive.org/details/streetlistofpers1913broo
Seventeen,Street list of persons seventeen years of age and over in the Town of Brookline,1914-01-01T00:00:00Z,streetlistofpers1914broo,https://archive.org/details/streetlistofpers1914broo
Seventeen,The true church : what is it? ; who compose it? ; seventeen testimonies from different lands,1914-01-01T00:00:00Z,truechurchwhatis0000unse,https://archive.org/details/truechurchwhatis0000unse
Seventeen,"Studies on gregarines : including descriptions of seventeen new species and a synopsis of the eugregarine records from the Myriapoda, Coleoptera and Orthoptera of the world",1915-01-01T00:00:00Z,studiesongregari00kamm,https://archive.org/details/studiesongregari00kamm
Seventeen,Seventeen Years Selection of a Character Showing Sex-Linked Mendelian Inheritance,1915-10-01T00:00:00Z,jstor-2456227,https://archive.org/details/jstor-2456227
Seventeen,"A working conference on the union of American Methodism, Tuesday, Wednesday, and Thursday, February fifteen, sixteen, and seventeen, nineteen hundred and sixteen, Harris Hall, Northwestern University, Evanston, Illinois",1916-01-01T00:00:00Z,workingconferenc00conf,https://archive.org/details/workingconferenc00conf
Seventeen,"Alphabetically Arranged Registration Book, District Seventeen, Tidewater, Levy County",1916-01-01T00:00:00Z,alphabeticallya924insp_13,https://archive.org/details/alphabeticallya924insp_13
Seventeen,"Alphabetically Arranged Registration Book, District Seventeen, Tydewater, Levy County, General Election",1916-01-01T00:00:00Z,alphabeticallya938insp_13,https://archive.org/details/alphabeticallya938insp_13
Seventeen,"Alphabetically Arranged Registration Book, District Seventeen, Tydewater, Levy County, General Election",1916-01-01T00:00:00Z,alphabeticallya938insp_28,https://archive.org/details/alphabeticallya938insp_28
Seventeen,"Precinct Register Book, District Seventeen, Tidewater, Levy County",1916-01-01T00:00:00Z,precinctregiste932insp_26,https://archive.org/details/precinctregiste932insp_26
Seventeen,"Precinct Register Book, District Seventeen, Tidewater, Levy County",1916-01-01T00:00:00Z,precinctregiste938insp_24,https://archive.org/details/precinctregiste938insp_24
Seventeen,Seventeen,1916-01-01T00:00:00Z,bwb_C0-AEA-849,https://archive.org/details/bwb_C0-AEA-849
Seventeen,Seventeen,1916-01-01T00:00:00Z,seventeen0000boot,https://archive.org/details/seventeen0000boot
Seventeen,Seventeen,1916-01-01T00:00:00Z,seventeen1916tark,https://archive.org/details/seventeen1916tark
Seventeen,Seventeen,1916-01-01T00:00:00Z,seventeenataley00tarkgoog,https://archive.org/details/seventeenataley00tarkgoog
Seventeen,"Seventeen : a tale of youth and summer time and the Baxter family, especially William",1916-01-01T00:00:00Z,seventeenbooth00tarkrich,https://archive.org/details/seventeenbooth00tarkrich
Seventeen,"Seventeen : a tale of youth and summertime and the Baxter family, especially William",1916-01-01T00:00:00Z,seventeentaleofy0000tark,https://archive.org/details/seventeentaleofy0000tark
Seventeen,Seventeen Years in the Underworld,1916-01-01T00:00:00Z,seventeenyearsi00scotgoog,https://archive.org/details/seventeenyearsi00scotgoog
Seventeen,Seventeen Years in the Underworld,1916-01-01T00:00:00Z,seventeenyearsi01scotgoog,https://archive.org/details/seventeenyearsi01scotgoog
Seventeen,Seventeen a Tale of Youth and Summer Time and the Baxter Family Especially Willi,1916-01-01T00:00:00Z,seventeentaleofy0000boot,https://archive.org/details/seventeentaleofy0000boot
Seventeen,"Seventeen; a tale of youth and summer time and the Baxter family, expecially William",1916-01-01T00:00:00Z,cu31924022185296,https://archive.org/details/cu31924022185296
Seventeen,seventeen,1916-01-01T00:00:00Z,seventeen0000boot_a8x4,https://archive.org/details/seventeen0000boot_a8x4
Seventeen,seventeen,1916-01-01T00:00:00Z,seventeen0000boot_d0j4,https://archive.org/details/seventeen0000boot_d0j4
Seventeen,seventeen,1916-01-01T00:00:00Z,seventeen0000boot_u5u0,https://archive.org/details/seventeen0000boot_u5u0
Seventeen,"Catalogue of paintings by Carl J. Nordell, Gustave Wiegand, Gerrit A. Beneker and Oscar H. Gieberich, wood carvings by Charles O. Haag, textiles by Sofia Haag, flower panels by Mabel Key, lithographs of American war work by Joseph Pennell : the Memorial Art Gallery, Rochester, New York, December, nineteen hundred seventeen",1917-01-01T00:00:00Z,cu31924100356124,https://archive.org/details/cu31924100356124
Seventeen,"Catalogue of paintings by Walter Griffin and Helen M. Turner : the Memorial Art Gallery, Rochester, New York, November, nineteen hundred seventeen",1917-01-01T00:00:00Z,cu31924100356066,https://archive.org/details/cu31924100356066
Seventeen,"Centennial, Presbytery of Newton : an adjourned meeting, in the First Presbyterian Church, Washington, N.J. : the historical narrative, histories of the churches and other data : Tuesday, November twentieth, nineteen seventeen",1917-01-01T00:00:00Z,centennialpresby00njsn,https://archive.org/details/centennialpresby00njsn
Seventeen,"In honor and affectionate memory of Hamilton Wright Mabie [microform] : Sunday afternoon, February eighteenth, nineteen hundred and seventeen, three-thirty o'clock, Lyric Theatre, Summit, New Jersey",1917-01-01T00:00:00Z,inhonoraffection00unse,https://archive.org/details/inhonoraffection00unse
Seventeen,"Nineteenth annual exhibition of work of students in the museum school: May 20th to June 3rd inclusive, nineteen hundred seventeen.",1917-01-01T00:00:00Z,nineteenthannual00worc,https://archive.org/details/nineteenthannual00worc
Seventeen,Street list of persons seventeen years of age and over in the Town of Brookline,1918-01-01T00:00:00Z,streetlistofpers1918broo,https://archive.org/details/streetlistofpers1918broo
Seventeen,"Two thousand questions and answers about the war : a catechism of the methods of fighting, travelling and living ; of the armies, navies and air fleets ; of the personalities, politics and geography of the warring countries ; with seventeen new war maps and a pronouncing dictionary of names",1918-01-01T00:00:00Z,twothousandquest00newyiala,https://archive.org/details/twothousandquest00newyiala
Seventeen,Number seventeen,1919-01-01T00:00:00Z,numberseventeen00tracgoog,https://archive.org/details/numberseventeen00tracgoog
Seventeen,Number seventeen,1919-01-01T00:00:00Z,numberseventeen00traciala,https://archive.org/details/numberseventeen00traciala
Seventeen,"Persecutions of the Greeks in Turkey before the European war / by Archimandrite Alexander Papadopoulos, on the basis of official documents ; tr. from the Greek by Carroll N. Brown. ; Greece before the Peace congress of 1919 : a memorandum dealing with the rights of Greece / submitted by Eleutherios Venizelos : a revised translation from the French original. ; Reports of the American Red cross commissions upon their activities in Macedonia : Lhrace, Bulgaria, the Agean islands and Greece. ; The Greek white book : supplementary diplomatic documents, 1913-1917 / issued by the Ministry of foreign affairs of the Greek government ; dealing with the Greco-Serbian treaty and the Germano-Bulgarian invasion of Macedonia, and containing telegrams exchanged by the royal courts of Athens and Berlin ; tr. from the French ed. by Theodore P. Ion ... and Carroll N. Brown ... ; Reply of the Hellenic delegation to the statements submitted to the Peace conference by the Bulgarian delegation with regard to the policy of Bulgaria and its claims to Thrace; tr. from the French by Carroll N. Brown, with an introduction by Theodore P. Ion, and an appendix of seventeen maps.",1919-01-01T00:00:00Z,americanhellenic02unse,https://archive.org/details/americanhellenic02unse
Seventeen,Seventeen skeletons of Moropus; probable habits of this animal,1919-01-01T00:00:00Z,seventeenskeleto00osbo,https://archive.org/details/seventeenskeleto00osbo
Seventeen,"The quarter-centennial reunion, class of eighteen-ninety-two, University of Michigan, June twenty-fifth to twenty-seventh, nineteen hundred and seventeen;",1919-01-01T00:00:00Z,quartercentennia00mich,https://archive.org/details/quartercentennia00mich
Seventeen,War voices and memories; being verses written during the years nineteen hundred and seventeen and nineteen hundred and eighteen,1919-01-01T00:00:00Z,warvoices00scolrich,https://archive.org/details/warvoices00scolrich
Seventeen,"General County Registers, General Election, District Seventeen, Tidewater",1920-01-01T00:00:00Z,generalcountyre942levy_26,https://archive.org/details/generalcountyre942levy_26
Seventeen,Handbook for Comrades : a program of Christian citizenship training for boys fifteen to seventeen years of age,1920-01-01T00:00:00Z,handbookforcomra00nati,https://archive.org/details/handbookforcomra00nati
Seventeen,Street list of persons seventeen years of age and over in the Town of Brookline,1920-01-01T00:00:00Z,streetlistofpers1920broo,https://archive.org/details/streetlistofpers1920broo
Seventeen,"The Seventeen-Year Cicada on Long Island, N.Y., in 1919",1920-01-01T00:00:00Z,biostor-169679,https://archive.org/details/biostor-169679
Seventeen,"Travel tips on travel trips, containing seventeen hundred interesting, classified questions on travel answered in The Burton Holmes travelogues",1920-01-01T00:00:00Z,traveltipsontrav00rudd,https://archive.org/details/traveltipsontrav00rudd
Seventeen,War voices and memories; being verses written during the years nineteen hundred and seventeen and nineteen hundred and eighteen,1920-01-01T00:00:00Z,warvoicesmemorie00scol,https://archive.org/details/warvoicesmemorie00scol
Seventeen,A Construction of the Regular Polygon of Seventeen Sides,1920-07-01T00:00:00Z,jstor-2972264,https://archive.org/details/jstor-2972264
Seventeen,Catalogue of one hundred and seventeen interesting and valuable rugs,1921-01-01T00:00:00Z,catalogueofonehu00ande_0,https://archive.org/details/catalogueofonehu00ande_0
Seventeen,Outlined explanation of the proposed grain marketing plan of the Farmers Grain Marketing Committee of Seventeen,1921-01-01T00:00:00Z,outlinedexplanat00farm,https://archive.org/details/outlinedexplanat00farm
Seventeen,Street list of persons seventeen years of age and over in the Town of Brookline,1922-01-01T00:00:00Z,streetlistofpers1922broo,https://archive.org/details/streetlistofpers1922broo
Seventeen,Seventeen nights with the Irish story tellers /,1923-01-01T00:00:00Z,seventeennightsw00murp,https://archive.org/details/seventeennightsw00murp
Seventeen,Seventeen sacred songs : for church and general use : also suitable for Christian Science services / compiled by Walter Kirby.,1924-01-01T00:00:00Z,uclamusic_9920128983606533,https://archive.org/details/uclamusic_9920128983606533
Seventeen,[Seventeen photographs mounted on an album page],1925-01-01T00:00:00Z,OTUFM02-Phot-0513,https://archive.org/details/OTUFM02-Phot-0513
Seventeen,Street list of persons seventeen years of age and over in the Town of Brookline,1927-01-01T00:00:00Z,streetlistofpers1927broo,https://archive.org/details/streetlistofpers1927broo
Seventeen,Seventeen chorus choir selections,1928-01-01T00:00:00Z,seventeenchorusc00unse,https://archive.org/details/seventeenchorusc00unse
Seventeen,Street list of persons seventeen years of age and over in the Town of Brookline,1928-01-01T00:00:00Z,streetlistofpers1928broo,https://archive.org/details/streetlistofpers1928broo
Seventeen,Street list of persons seventeen years of age and upward ... Town of Walpole,1928-01-01T00:00:00Z,streetlistofpers1928unse,https://archive.org/details/streetlistofpers1928unse
Seventeen,Kitchener: With Seventeen Maps,1930-01-01T00:00:00Z,kitchener0000coli,https://archive.org/details/kitchener0000coli
Seventeen,Street list of persons seventeen years of age and over in the Town of Brookline,1932-01-01T00:00:00Z,streetlistofpers1932broo,https://archive.org/details/streetlistofpers1932broo
Seventeen,Contemporary Religious Thinking Seventeen Sermons On The Church S Responsibilities In The Period Just Ahead,1933-01-01T00:00:00Z,dli.ernet.58675,https://archive.org/details/dli.ernet.58675
Seventeen,Seventeen Crises in World History,1933-01-01T00:00:00Z,seventeencrisesi0000sist,https://archive.org/details/seventeencrisesi0000sist
Seventeen,Street list of persons seventeen years of age and over in the Town of Brookline,1933-01-01T00:00:00Z,streetlistofpers1933broo,https://archive.org/details/streetlistofpers1933broo
Seventeen,Street list of persons seventeen years of age and upward ... Town of Walpole,1933-01-01T00:00:00Z,streetlistofpers1933unse,https://archive.org/details/streetlistofpers1933unse
Seventeen,New careers for youth;: Today's job outlook for men and women from seventeen to thirty-two,1934-01-01T00:00:00Z,newcareersforyou0000walt,https://archive.org/details/newcareersforyou0000walt
Seventeen,Seventeen Crises In World History,1934-01-01T00:00:00Z,in.ernet.dli.2015.79767,https://archive.org/details/in.ernet.dli.2015.79767
Seventeen,Street list of persons seventeen years of age and over in the Town of Brookline,1935-01-01T00:00:00Z,streetlistofpers1935broo,https://archive.org/details/streetlistofpers1935broo
Seventeen,True list of persons seventeen years of age or older residing in the Town of Arlington Massachusetts,1935-01-01T00:00:00Z,truelistofperson1935arli,https://archive.org/details/truelistofperson1935arli
Seventeen,Street list of persons seventeen years of age and upward ... Town of Walpole,1936-01-01T00:00:00Z,streetlistofpers1936unse,https://archive.org/details/streetlistofpers1936unse
Seventeen,True list of persons seventeen years of age or older residing in the Town of Arlington Massachusetts,1936-01-01T00:00:00Z,truelistofperson1936arli,https://archive.org/details/truelistofperson1936arli
Seventeen,Street list of residents seventeen years of age and over in the town of Scituate as of ...,1937-01-01T00:00:00Z,streetlistofresi00unse,https://archive.org/details/streetlistofresi00unse
Seventeen,Street list of persons seventeen years of age and over in the Town of Brookline,1939-01-01T00:00:00Z,streetlistofpers1939broo,https://archive.org/details/streetlistofpers1939broo
Seventeen,Street list of persons seventeen years of age and upward ... Town of Walpole,1939-01-01T00:00:00Z,streetlistofpers1939unse,https://archive.org/details/streetlistofpers1939unse
Seventeen,True list of persons seventeen years of age or older residing in the Town of Arlington Massachusetts,1939-01-01T00:00:00Z,truelistofperson1939arli,https://archive.org/details/truelistofperson1939arli
Seventeen,Good Neighbors Argentina Brazil Chile & Seventeen Other Countries,1941-01-01T00:00:00Z,goodneighborsarg0000hurb,https://archive.org/details/goodneighborsarg0000hurb
Seventeen,Good Neighbors Argentina Brazil Chile And Seventeen Others Countries,1941-01-01T00:00:00Z,in.ernet.dli.2015.75215,https://archive.org/details/in.ernet.dli.2015.75215
Seventeen,Street list of persons seventeen years of age and over in the Town of Brookline,1941-01-01T00:00:00Z,streetlistofpers1941broo,https://archive.org/details/streetlistofpers1941broo
Seventeen,True list of persons seventeen years of age or older residing in the Town of Arlington Massachusetts,1941-01-01T00:00:00Z,truelistofperson1941arli,https://archive.org/details/truelistofperson1941arli
Seventeen,Street list of persons seventeen years of age and over in the Town of Brookline,1942-01-01T00:00:00Z,streetlistofpers1942broo,https://archive.org/details/streetlistofpers1942broo
Seventeen,Seventeen songs;,1943-01-01T00:00:00Z,bub_gb_5WM5AAAAMAAJ,https://archive.org/details/bub_gb_5WM5AAAAMAAJ
Seventeen,True list of persons seventeen years of age or older residing in the Town of Arlington Massachusetts,1943-01-01T00:00:00Z,truelistofperson1943arli,https://archive.org/details/truelistofperson1943arli
Seventeen,"Among the next daylilies ... selected seventeen of the most outstandingvarieties : [letter dated] June 2, 1944 to Librarian, U.S. Dept. of Agriculture, Washington D.C. / H. M. Russell ; Russell Gardens.",1944-01-01T00:00:00Z,CAT31363919,https://archive.org/details/CAT31363919
Seventeen,Natural surface water supply areas of the seventeen Western states; Index,1944-01-01T00:00:00Z,CAT10682756,https://archive.org/details/CAT10682756
Seventeen,Street list of persons seventeen years of age and over in the Town of Brookline,1944-01-01T00:00:00Z,streetlistofpers1944broo,https://archive.org/details/streetlistofpers1944broo
Seventeen,Street list of persons seventeen years of age and upward ... Town of Walpole,1944-01-01T00:00:00Z,streetlistofpers1944unse,https://archive.org/details/streetlistofpers1944unse
Seventeen,True list of persons seventeen years of age or older residing in the Town of Arlington Massachusetts,1945-01-01T00:00:00Z,truelistofperson1945arli,https://archive.org/details/truelistofperson1945arli
Seventeen,Street list of persons seventeen years of age and over in the Town of Brookline,1946-01-01T00:00:00Z,streetlistofpers1946broo,https://archive.org/details/streetlistofpers1946broo
Seventeen,Street list of persons seventeen years of age and upward ... Town of Walpole,1946-01-01T00:00:00Z,streetlistofpers1946unse,https://archive.org/details/streetlistofpers1946unse
Seventeen,True list of persons seventeen years of age or older residing in the Town of Arlington Massachusetts,1946-01-01T00:00:00Z,truelistofperson1946arli,https://archive.org/details/truelistofperson1946arli
Seventeen,Street list of persons seventeen years of age and over in the Town of Brookline,1948-01-01T00:00:00Z,streetlistofpers1948broo,https://archive.org/details/streetlistofpers1948broo
Seventeen,True list of persons seventeen years of age or older residing in the Town of Arlington Massachusetts,1948-01-01T00:00:00Z,truelistofperson1948arli,https://archive.org/details/truelistofperson1948arli
Seventeen,True list of persons seventeen years of age or older residing in the Town of Arlington Massachusetts,1949-01-01T00:00:00Z,truelistofperson1949arli,https://archive.org/details/truelistofperson1949arli
Seventeen,Street list of persons seventeen years of age and over in the Town of Brookline,1950-01-01T00:00:00Z,streetlistofpers1950broo,https://archive.org/details/streetlistofpers1950broo
Seventeen,Street list of persons seventeen years of age and upward ... Town of Walpole,1951-01-01T00:00:00Z,streetlistofpers1951unse,https://archive.org/details/streetlistofpers1951unse
Seventeen,True list of persons seventeen years of age or older residing in the Town of Arlington Massachusetts,1951-01-01T00:00:00Z,truelistofperson1951arli,https://archive.org/details/truelistofperson1951arli
Seventeen,commentary on the lord's sermon on the mount with seventeen related sermons,1951-01-01T00:00:00Z,commentaryonlord0011deni,https://archive.org/details/commentaryonlord0011deni
Seventeen,True list of persons seventeen years of age or older residing in the Town of Arlington Massachusetts,1952-01-01T00:00:00Z,truelistofperson1952arli,https://archive.org/details/truelistofperson1952arli
Seventeen,Street list of persons seventeen years of age and upward ... Town of Walpole,1953-01-01T00:00:00Z,streetlistofpers1953unse,https://archive.org/details/streetlistofpers1953unse
Seventeen,True list of persons seventeen years of age or older residing in the Town of Arlington Massachusetts,1953-01-01T00:00:00Z,truelistofperson1953arli,https://archive.org/details/truelistofperson1953arli
Seventeen,Street list of persons seventeen years of age and over in the Town of Brookline,1954-01-01T00:00:00Z,streetlistofper1954broo_0,https://archive.org/details/streetlistofper1954broo_0
Seventeen,True list of persons seventeen years of age or older residing in the Town of Arlington Massachusetts,1954-01-01T00:00:00Z,truelistofperson1954arli,https://archive.org/details/truelistofperson1954arli
Seventeen,True list of persons seventeen years of age or older residing in the Town of Arlington Massachusetts,1955-01-01T00:00:00Z,truelistofperson1955arli,https://archive.org/details/truelistofperson1955arli
Seventeen,Beginning from Jerusalem: Christian expansion through seventeen centuries.,1956-01-01T00:00:00Z,beginningfromjerusalem,https://archive.org/details/beginningfromjerusalem
Seventeen,Japanese haiku : three hundred and thirty examples of seventeen-syllable poems,1956-01-01T00:00:00Z,japanesehaikuthr00mats,https://archive.org/details/japanesehaikuthr00mats
Seventeen,"Seventeen cemeteries, LaSalle County",1956-01-01T00:00:00Z,seventeencemeter00daug,https://archive.org/details/seventeencemeter00daug
Seventeen,Street list of persons seventeen years of age and over in the Town of Brookline,1956-01-01T00:00:00Z,streetlistofpers1956broo,https://archive.org/details/streetlistofpers1956broo
Seventeen,"Summary of 4-H publicity through Seventeen magazine, and a review of our extension cooperation",1956-01-01T00:00:00Z,CAT10683714,https://archive.org/details/CAT10683714
Seventeen,True list of persons seventeen years of age or older residing in the Town of Arlington Massachusetts,1956-01-01T00:00:00Z,truelistofperson1956arli,https://archive.org/details/truelistofperson1956arli
Seventeen,The Seventeen book of young living,1957-01-01T00:00:00Z,seventeenbookofy0000haup,https://archive.org/details/seventeenbookofy0000haup
Seventeen,"The first seventeen years : Virginia, 1607-1624",1957-01-01T00:00:00Z,firstseventeenye00hatc,https://archive.org/details/firstseventeenye00hatc
Seventeen,True list of persons seventeen years of age or older residing in the Town of Arlington Massachusetts,1957-01-01T00:00:00Z,truelistofperson1957arli,https://archive.org/details/truelistofperson1957arli
Seventeen,Street list of persons seventeen years of age and over in the Town of Brookline,1958-01-01T00:00:00Z,streetlistofper1958broo_0,https://archive.org/details/streetlistofper1958broo_0
Seventeen,My heart has seventeen rooms,1959-01-01T00:00:00Z,myhearthassevent00bart,https://archive.org/details/myhearthassevent00bart
Seventeen,The Seventeen Widows of Sans Souci,1959-01-01T00:00:00Z,seventeenwidowso0000char,https://archive.org/details/seventeenwidowso0000char
Seventeen,Clinical Orthopaedics(number Seventeen),1960-01-01T00:00:00Z,in.ernet.dli.2015.552757,https://archive.org/details/in.ernet.dli.2015.552757
Seventeen,Street list of persons seventeen years of age and upward ... Town of Walpole,1960-01-01T00:00:00Z,streetlistofpers1960unse,https://archive.org/details/streetlistofpers1960unse
Seventeen,True list of persons seventeen years of age or older residing in the Town of Arlington Massachusetts,1961-01-01T00:00:00Z,truelistofperson1961arli,https://archive.org/details/truelistofperson1961arli
Seventeen,A Preliminary Report on the Application of the Space Adequacy Survey-College at Seventeen Selected California Junior Colleges.,1961-11-01T00:00:00Z,micro_IA41153143_0162,https://archive.org/details/micro_IA41153143_0162
Seventeen,Street list of persons seventeen years of age and upward ... Town of Walpole,1962-01-01T00:00:00Z,streetlistofpers1962unse,https://archive.org/details/streetlistofpers1962unse
Seventeen,True list of persons seventeen years of age or older residing in the Town of Arlington Massachusetts,1962-01-01T00:00:00Z,truelistofperson1962arli,https://archive.org/details/truelistofperson1962arli
Seventeen,Our American Princes: The Story of the Seventeen American Cardinals,1963-01-01T00:00:00Z,ouramericanprinc0000unse,https://archive.org/details/ouramericanprinc0000unse
Seventeen,Our American princes; the story of the seventeen American cardinals,1963-01-01T00:00:00Z,ouramericanprinc00thor,https://archive.org/details/ouramericanprinc00thor
Seventeen,Our American princes; the story of the seventeen American cardinals,1963-01-01T00:00:00Z,ouramericanprinc00thor_0,https://archive.org/details/ouramericanprinc00thor_0
Seventeen,Street list of persons seventeen years of age and over in the Town of Brookline,1963-01-01T00:00:00Z,streetlistofpers1963broo,https://archive.org/details/streetlistofpers1963broo
Seventeen,Street list of residents seventeen years of age and over in the town of Scituate as of ...,1963-01-01T00:00:00Z,streetlistofresi00unse_5,https://archive.org/details/streetlistofresi00unse_5
Seventeen,The play's the thing; seventeen of Shakespeare's greatest dramas,1963-01-01T00:00:00Z,playsthingsevent0000shak,https://archive.org/details/playsthingsevent0000shak
Seventeen,Adding a dimension : seventeen essays on the history of science,1964-01-01T00:00:00Z,addingdimensions0000asim,https://archive.org/details/addingdimensions0000asim
Seventeen,ESSAYS AND STUDIES 1964 : BEING VOLUME SEVENTEEN OF THE NEW SERIES OF ESSAYS AND STUDIES COLLECTED FOR THE ENGLISH ASSOCIATION: SHAKESPEARE QUATERCENTENARY EDITION.,1964-01-01T00:00:00Z,essaysstudies1960000will,https://archive.org/details/essaysstudies1960000will
Seventeen,Street list of persons seventeen years of age and upward ... Town of Walpole,1964-01-01T00:00:00Z,streetlistofpers1964unse,https://archive.org/details/streetlistofpers1964unse
Seventeen,"The Seventeen cookbook, by the editors of Seventeen Magazine",1964-01-01T00:00:00Z,seventeencookboo00newy,https://archive.org/details/seventeencookboo00newy
Seventeen,"One hundred and seventeen days, an account of confinement and interrogation under the South African ninety-day dentention law",1965-01-01T00:00:00Z,onehundredsevent00firs,https://archive.org/details/onehundredsevent00firs
Seventeen,"Hancock County Eagle, Volume Seventeen, Number 15",1965-12-16T00:00:00Z,19651216-Hancock_County_Eagle,https://archive.org/details/19651216-Hancock_County_Eagle
Seventeen,In my opinion; the Seventeen book of very important persons,1966-01-01T00:00:00Z,lccn_66-29556,https://archive.org/details/lccn_66-29556
Seventeen,Seventeen come Sunday; a birthday letter,1966-01-01T00:00:00Z,seventeencomesun0000robi,https://archive.org/details/seventeencomesun0000robi
Seventeen,True list of persons seventeen years of age or older residing in the Town of Arlington Massachusetts,1966-01-01T00:00:00Z,truelistofperson1966arli,https://archive.org/details/truelistofperson1966arli
Seventeen,Practically seventeen,1967-01-01T00:00:00Z,practicallyseven00duja,https://archive.org/details/practicallyseven00duja
Seventeen,Seventeen from seventeen; an anthology of stories,1967-01-01T00:00:00Z,seventeenfromsev00rosm,https://archive.org/details/seventeenfromsev00rosm
Seventeen,Seventeen problems of man and society,1968-01-01T00:00:00Z,seventeenproblem0000ralp,https://archive.org/details/seventeenproblem0000ralp
Seventeen,Street list of persons seventeen years of age and over in the Town of Brookline,1968-01-01T00:00:00Z,streetlistofpers1968broo,https://archive.org/details/streetlistofpers1968broo
Seventeen,Street list of persons seventeen years of age and upward ... Town of Walpole,1968-01-01T00:00:00Z,streetlistofpers1968unse,https://archive.org/details/streetlistofpers1968unse
Seventeen,"""Educational Improvement in Majority Negro School Districts in Seventeen Southern and Border States"" (AERA Symposium, Los Angeles, 1969).",1969-01-01T00:00:00Z,micro_IA41153140_0203,https://archive.org/details/micro_IA41153140_0203
Seventeen,Street list of persons seventeen years of age and over in the Town of Brookline,1969-01-01T00:00:00Z,streetlistofpers1969broo,https://archive.org/details/streetlistofpers1969broo
Seventeen,Street list of residents seventeen years of age and over in the town of Scituate as of ...,1969-01-01T00:00:00Z,streetlistofresi00unse_10,https://archive.org/details/streetlistofresi00unse_10
Seventeen,seventeen lost stories,1969-01-01T00:00:00Z,seventeenloststo0000crai,https://archive.org/details/seventeenloststo0000crai
Seventeen,seventeen lost stories,1969-01-01T00:00:00Z,seventeenloststo0000unse_h6p1,https://archive.org/details/seventeenloststo0000unse_h6p1
Seventeen,Seventeen,1970-01-01T00:00:00Z,seventeen0000boot_r0q2,https://archive.org/details/seventeen0000boot_r0q2
Seventeen,"All male or female persons seventeen years of age or over listed in the City of Everett, January 1, 1972",1971-01-01T00:00:00Z,1972-complete,https://archive.org/details/1972-complete
Seventeen,Seventeen modern German poets,1971-01-01T00:00:00Z,seventeenmoderng0000praw,https://archive.org/details/seventeenmoderng0000praw
Seventeen,"ERIC ED048664: ERIC Abstracts: A Collection of ERIC Document Resumes on Developing Vocational Education Programs in the Public Schools. ERIC Abstracts Series, Number Seventeen.",1971-03-01T00:00:00Z,ERIC_ED048664,https://archive.org/details/ERIC_ED048664
Seventeen,ERIC ED057561: Project Solo; Newsletter Number Seventeen.,1971-06-14T00:00:00Z,ERIC_ED057561,https://archive.org/details/ERIC_ED057561
Seventeen,"Library Lectures; Numbers Seventeen, Eighteen, Nineteen, and Twenty, January 1971 - March 1972.",1972-01-01T00:00:00Z,micro_IA41152919_0451,https://archive.org/details/micro_IA41152919_0451
Seventeen,True list of persons seventeen years of age or older residing in the Town of Arlington Massachusetts,1972-01-01T00:00:00Z,truelistofperson1972arli,https://archive.org/details/truelistofperson1972arli
Seventeen,Pregnant by mistake; the stories of seventeen women,1973-01-01T00:00:00Z,pregnantbymistak0000maxt_o0g5,https://archive.org/details/pregnantbymistak0000maxt_o0g5
Seventeen,Seventeen seconds,1973-01-01T00:00:00Z,seventeenseconds0000sout,https://archive.org/details/seventeenseconds0000sout
Seventeen,Seventeen-year sediment production from a semiarid watershed in the Southwest,1973-01-01T00:00:00Z,CAT73403588,https://archive.org/details/CAT73403588
Seventeen,Street list of persons seventeen years of age and over in the Town of Brookline,1973-01-01T00:00:00Z,streetlistofpers1973broo,https://archive.org/details/streetlistofpers1973broo
Seventeen,Enrichment status of seventeen lakes in the northeastern region of Ontario,1974-01-01T00:00:00Z,ENRICHMENTSTATUS00ROBI12122.ome,https://archive.org/details/ENRICHMENTSTATUS00ROBI12122.ome
Seventeen,Street list of persons seventeen years of age and upward ... Town of Walpole,1974-01-01T00:00:00Z,streetlistofpers1974unse,https://archive.org/details/streetlistofpers1974unse
Seventeen,Street list of residents seventeen years of age and over in the town of Scituate as of ...,1975-01-01T00:00:00Z,streetlistofresi00unse_16,https://archive.org/details/streetlistofresi00unse_16
Seventeen,"The World economy in transition : a tripartite report by seventeen economists from the European community, Jacques de Bandt ... [et al.], Japan, Kenzo Hemmi ... [et al.], and North America, Carl E. Beigie ... [et al.]",1975-01-01T00:00:00Z,worldeconomyintr0000unse,https://archive.org/details/worldeconomyintr0000unse
Seventeen,True list of persons seventeen years of age or older residing in the Town of Arlington Massachusetts,1975-01-01T00:00:00Z,truelistofperson1975arli,https://archive.org/details/truelistofperson1975arli
Seventeen,"Collegiate Enrollments in the U.S., 1975-76: Statistics, Interpretation, and Trends in 4-Year and Related Institutions. ACT Special Report Seventeen.",1976-01-01T00:00:00Z,micro_IA41153023_0362,https://archive.org/details/micro_IA41153023_0362
Seventeen,"ERIC ED125398: Collegiate Enrollments in the U.S., 1975-76: Statistics, Interpretation, and Trends in 4-Year and Related Institutions. ACT Special Report Seventeen.",1976-01-01T00:00:00Z,ERIC_ED125398,https://archive.org/details/ERIC_ED125398
Seventeen,"Seventeen sports cars, 1919-1930 : landmarks in automobile design",1976-01-01T00:00:00Z,seventeensportsc0000hull,https://archive.org/details/seventeensportsc0000hull
Seventeen,Street list of persons seventeen years of age and over in the Town of Brookline,1976-01-01T00:00:00Z,streetlistofpers1976broo,https://archive.org/details/streetlistofpers1976broo
Seventeen,Street list of persons seventeen years of age and upward ... Town of Walpole,1976-01-01T00:00:00Z,streetlistofpers1976unse,https://archive.org/details/streetlistofpers1976unse
Seventeen,Street list of residents seventeen years of age and over in the town of Scituate as of ...,1976-01-01T00:00:00Z,streetlistofresi00unse_17,https://archive.org/details/streetlistofresi00unse_17
Seventeen,Street list of persons seventeen years of age and over in the Town of Brookline,1977-01-01T00:00:00Z,streetlistofpers1977broo,https://archive.org/details/streetlistofpers1977broo
Seventeen,Street list of persons seventeen years of age and upward ... Town of Walpole,1977-01-01T00:00:00Z,streetlistofpers1977unse,https://archive.org/details/streetlistofpers1977unse
Seventeen,True list of persons seventeen years of age or older residing in the Town of Arlington Massachusetts,1977-01-01T00:00:00Z,truelistofperson1977arli,https://archive.org/details/truelistofperson1977arli
Seventeen,"All male or female persons seventeen years of age or over listed in the City of Everett, January 1, 1978",1978-01-01T00:00:00Z,1978-complete,https://archive.org/details/1978-complete
Seventeen,Roman candles : an anthology of poems by seventeen Italo-Canadian poets,1978-01-01T00:00:00Z,romancandlesanth0000unse,https://archive.org/details/romancandlesanth0000unse
Seventeen,Street list of persons seventeen years of age and over in the Town of Brookline,1978-01-01T00:00:00Z,streetlistofpers1978broo,https://archive.org/details/streetlistofpers1978broo
Seventeen,"All male or female persons seventeen years of age or over listed in the City of Everett as of January 1, 1979",1979-01-01T00:00:00Z,1979-complete,https://archive.org/details/1979-complete
Seventeen,Street list of residents seventeen years of age and over in the town of Scituate as of ...,1979-01-01T00:00:00Z,streetlistofresi00unse_19,https://archive.org/details/streetlistofresi00unse_19
Seventeen,True list of persons seventeen years of age or older residing in the Town of Arlington Massachusetts,1979-01-01T00:00:00Z,truelistofperson1979arli,https://archive.org/details/truelistofperson1979arli
Seventeen,"If I were seventeen again, and other essays",1980-01-01T00:00:00Z,ifiwereseventeen0000stua,https://archive.org/details/ifiwereseventeen0000stua
Seventeen,"All male or female persons seventeen years of age or over listed in the City of Everett, January 1, 1981",1981-01-01T00:00:00Z,1981-complete,https://archive.org/details/1981-complete
Seventeen,MAGAZINES_HORIZON_SEVENTEEN_EBONY_ATLATIC_MONEY_FORTUNE,1981-01-01T00:00:00Z,magazineshorizon003998mbp,https://archive.org/details/magazineshorizon003998mbp
Seventeen,Street list of persons seventeen years of age and over in the Town of Brookline,1981-01-01T00:00:00Z,streetlistofpers1981broo,https://archive.org/details/streetlistofpers1981broo
Seventeen,"All male and female persons seventeen years of age or over listed in the city of Everett as of January 1, 1982",1982-01-01T00:00:00Z,1982-complete,https://archive.org/details/1982-complete
Seventeen,Street list of residents seventeen years of age and over in the town of Scituate as of ...,1982-01-01T00:00:00Z,streetlistofresi00unse_22,https://archive.org/details/streetlistofresi00unse_22
Seventeen,The state of Ireland : a novella and seventeen stories,1982-01-01T00:00:00Z,stateofirelandno0000kiel,https://archive.org/details/stateofirelandno0000kiel
Seventeen,DTIC ADA123732: Model Simulations of Seventeen Years of Mixed Layer Evolution at Ocean Station Papa.,1982-11-01T00:00:00Z,DTIC_ADA123732,https://archive.org/details/DTIC_ADA123732
Seventeen,Seventeen,1983-01-01T00:00:00Z,seventeen0000tark,https://archive.org/details/seventeen0000tark
Seventeen,True list of persons seventeen years of age or older residing in the Town of Arlington Massachusetts,1983-01-01T00:00:00Z,truelistofperson1983arli,https://archive.org/details/truelistofperson1983arli
Seventeen,rdzogs pa chen po rnying rgyud nang gsal sems klong sde gsum gyi phyi ma sin tu zab pa man nag rgyud kyi rgyal po/ the seventeen tantras of the rnin-ma-pa tradition which are the sources for the practice of the rdzogs-chen belonging to the man nag class,1983-01-01T00:00:00Z,bdrc-W27491,https://archive.org/details/bdrc-W27491
Seventeen,ERIC ED232610: The Adaptation of Four Year Undergraduate Colleges to Current Fiscal and Enrollment Pressures: An Exploration of Critical Event Cycles at Seventeen Campuses. ASHE 1983 Annual Meeting Paper.,1983-03-01T00:00:00Z,ERIC_ED232610,https://archive.org/details/ERIC_ED232610
Seventeen,"All male and female persons seventeen years of age or over listed in the city of Everett as of January 1, 1984",1984-01-01T00:00:00Z,1984-complete,https://archive.org/details/1984-complete
Seventeen,Seventeen & in-between,1984-01-01T00:00:00Z,seventeeninbetwe00bart,https://archive.org/details/seventeeninbetwe00bart
Seventeen,Street list of residents seventeen years of age and over in the town of Scituate as of ...,1984-01-01T00:00:00Z,streetlistofresi00unse_23,https://archive.org/details/streetlistofresi00unse_23
Seventeen,True list of persons seventeen years of age or older residing in the Town of Arlington Massachusetts,1984-01-01T00:00:00Z,truelistofperson1984arli,https://archive.org/details/truelistofperson1984arli
Seventeen,Ad Reinhardt Seventeen Works,1984-09-22T00:00:00Z,cor5_0_s06_ss01_boxrg5_0_2008_020_06,https://archive.org/details/cor5_0_s06_ss01_boxrg5_0_2008_020_06
Seventeen,"ERIC ED256357: ARL Statistics, 1983-84. A Compilation of Statistics from the One Hundred and Seventeen Members of the Association of Research Libraries.",1985-01-01T00:00:00Z,ERIC_ED256357,https://archive.org/details/ERIC_ED256357
Seventeen,Street list of persons seventeen years of age and over in the Town of Brookline,1985-01-01T00:00:00Z,streetlistofpers1985broo,https://archive.org/details/streetlistofpers1985broo
Seventeen,Private Sector Support of K-12 Education: A Review of Selected Programs in Seventeen States and Recommendations for Illinois.,1985-04-01T00:00:00Z,micro_IA41152939_0885,https://archive.org/details/micro_IA41152939_0885
Seventeen,Seventeen Teaching Competencies: Perceptions of First-Year Teachers.,1985-10-01T00:00:00Z,micro_IA41152954_0891,https://archive.org/details/micro_IA41152954_0891
Seventeen,Street list of persons seventeen years of age and upward ... Town of Walpole,1986-01-01T00:00:00Z,streetlistofpers1986unse,https://archive.org/details/streetlistofpers1986unse
Seventeen,True list of persons seventeen years of age or older residing in the Town of Arlington Massachusetts,1986-01-01T00:00:00Z,truelistofperson1986arli,https://archive.org/details/truelistofperson1986arli
Seventeen,ERIC ED279699: Efficient Methods for Sampling Out-of-School Seventeen-Year-Olds in the National Assessment of Educational Progress.,1986-09-11T00:00:00Z,ERIC_ED279699,https://archive.org/details/ERIC_ED279699
Seventeen,Index Kewensis plantarum phanerogamarum. Supplement seventeen,1987-01-01T00:00:00Z,indexkewensispla18roya,https://archive.org/details/indexkewensispla18roya
Seventeen,Street list of residents seventeen years of age and over in the town of Scituate as of ...,1987-01-01T00:00:00Z,streetlistofresi00unse_26,https://archive.org/details/streetlistofresi00unse_26
Seventeen,True list of persons seventeen years of age or older residing in the Town of Arlington Massachusetts,1987-01-01T00:00:00Z,truelistofperson1987arli,https://archive.org/details/truelistofperson1987arli
Seventeen,Seventeen syllables and other stories,1988-01-01T00:00:00Z,seventeensyllabl00yama,https://archive.org/details/seventeensyllabl00yama
Seventeen,Street list of persons seventeen years of age and over in the Town of Brookline,1988-01-01T00:00:00Z,streetlistofpers1988broo,https://archive.org/details/streetlistofpers1988broo
Seventeen,Street list of persons seventeen years of age and upward ... Town of Walpole,1988-01-01T00:00:00Z,streetlistofpers1988unse,https://archive.org/details/streetlistofpers1988unse
Seventeen,"National Information Policies: A Review of the Situation in Seventeen Industrialised Countries, with Particular Reference to Scientific and Technical Information.",1989-01-01T00:00:00Z,micro_IA41152931_0122,https://archive.org/details/micro_IA41152931_0122
Seventeen,Street list of persons seventeen years of age and over in the Town of Brookline,1989-01-01T00:00:00Z,streetlistofpers1989broo,https://archive.org/details/streetlistofpers1989broo
Seventeen,Palmyra: A Bicentennial Celebration Seventeen Eighty Nine Nineteen Eighty Nine,1989-09-01T00:00:00Z,palmyrabicentenn0000bett,https://archive.org/details/palmyrabicentenn0000bett
Seventeen,Seventeen against the dealer,1990-01-01T00:00:00Z,seventeenagainst0000voig,https://archive.org/details/seventeenagainst0000voig
Seventeen,Street list of residents seventeen years of age and over in the town of Scituate as of ...,1990-01-01T00:00:00Z,streetlistofresi00unse_29,https://archive.org/details/streetlistofresi00unse_29
Seventeen,The Art of Cooking: Seventeen Culinary Impressions,1990-01-01T00:00:00Z,artofcookingseve0000unkn,https://archive.org/details/artofcookingseve0000unkn
Seventeen,True list of persons seventeen years of age or older residing in the Town of Arlington Massachusetts,1990-01-01T00:00:00Z,truelistofperson1990arli,https://archive.org/details/truelistofperson1990arli
Seventeen,ERIC ED333848: Seventeen Authorities on U.S. Higher Education.,1991-01-01T00:00:00Z,ERIC_ED333848,https://archive.org/details/ERIC_ED333848
Seventeen,New Scottish photography : a critical review of the work of seventeen photographers,1991-01-01T00:00:00Z,newscottishphoto0000brit,https://archive.org/details/newscottishphoto0000brit
Seventeen,Seventeen against the dealer,1991-01-01T00:00:00Z,seventeenagainst0000voig_f7v7,https://archive.org/details/seventeenagainst0000voig_f7v7
Seventeen,Street list of residents seventeen years of age and over in the town of Scituate as of ...,1991-01-01T00:00:00Z,streetlistofresi00unse_30,https://archive.org/details/streetlistofresi00unse_30
Seventeen,True list of persons seventeen years of age or older residing in the Town of Arlington Massachusetts,1991-01-01T00:00:00Z,truelistofperson1991arli,https://archive.org/details/truelistofperson1991arli
Seventeen,"ERIC ED352180: Project Challenge Preliminary Report: An Initial Evaluation of the Tennessee Department of Education ""At Risk"" Student/Teacher Ratio Reduction Project in Seventeen Counties.",1992-01-01T00:00:00Z,ERIC_ED352180,https://archive.org/details/ERIC_ED352180
Seventeen,Seventeen new species of Australian Buprestidae (Insecta: Coleoptera) and a host plant of Castiarina uptoni (Barker),1993-01-01T00:00:00Z,biostor-116571,https://archive.org/details/biostor-116571
Seventeen,Street list of persons seventeen years of age and upward ... Town of Walpole,1993-01-01T00:00:00Z,streetlistofpers1993unse,https://archive.org/details/streetlistofpers1993unse
Seventeen,Vampires at midnight : seventeen brilliant and chilling tales ofthe ghastly bloodsucking undead,1993-01-01T00:00:00Z,vampiresatmidnig0000unse,https://archive.org/details/vampiresatmidnig0000unse
Seventeen,Seventeen Mail Bid Sale of Numismatic Literature,1993-11-13T00:00:00Z,seventeenmailbid0017fred,https://archive.org/details/seventeenmailbid0017fred
Seventeen,"All male and female persons seventeen years of age or over listed in the city of Everett, January 1, 1994",1994-01-01T00:00:00Z,1994-complete,https://archive.org/details/1994-complete
Seventeen,Street list of residents seventeen years of age and over in the town of Scituate as of ...,1994-01-01T00:00:00Z,streetlistofresi00unse_33,https://archive.org/details/streetlistofresi00unse_33
Seventeen,The reform of health care systems : a review of seventeen OECD countries,1994-01-01T00:00:00Z,reformofhealthca0000unse,https://archive.org/details/reformofhealthca0000unse
Seventeen,"Gender and Ethnic Differences in Science Achievement of Nine-, Thirteen-, and Seventeen-Year-Old Students.",1994-02-10T00:00:00Z,micro_IA41153631_0956,https://archive.org/details/micro_IA41153631_0956
Seventeen,A Differential Feature-Cost Analysis of Seventeen Computer-Assisted Career Guidance Systems: Technical Report Number 10. (Fifth Edition).,1994-12-01T00:00:00Z,micro_IA41153624_0176,https://archive.org/details/micro_IA41153624_0176
Seventeen,Dog to the rescue II : seventeen more true tales of dog heroism,1995-01-01T00:00:00Z,dogtorescueiisev00sand,https://archive.org/details/dogtorescueiisev00sand
Seventeen,Street list of persons seventeen years of age and over in the Town of Brookline,1995-01-01T00:00:00Z,streetlistofpers1995broo,https://archive.org/details/streetlistofpers1995broo
Seventeen,"All male or female persons seventeen years of age or over listed in the City of Everett as of January 1, 1996",1996-01-01T00:00:00Z,1996-complete,https://archive.org/details/1996-complete
Seventeen,Street list of persons seventeen years of age and over in the Town of Brookline,1996-01-01T00:00:00Z,streetlistofpers1996broo,https://archive.org/details/streetlistofpers1996broo
Seventeen,Street list of persons seventeen years of age and upward ... Town of Walpole,1996-01-01T00:00:00Z,streetlistofpers1996unse,https://archive.org/details/streetlistofpers1996unse
Seventeen,Street list of residents seventeen years of age and over in the town of Scituate as of ...,1996-01-01T00:00:00Z,streetlistofresi00unse_34,https://archive.org/details/streetlistofresi00unse_34
Seventeen,The Seventeen guide to sex and your body,1996-01-01T00:00:00Z,seventeenguideto00weil,https://archive.org/details/seventeenguideto00weil
Seventeen,A KARYOMORPHOLOGICAL STUDY OF SEVENTEEN SPECIES OF CHINESE CAMELLIA,1997-01-01T00:00:00Z,plantdiversity-0253-2700-31362,https://archive.org/details/plantdiversity-0253-2700-31362
Seventeen,True list of persons seventeen years of age or older residing in the Town of Arlington Massachusetts,1997-01-01T00:00:00Z,truelistofperson1997arli,https://archive.org/details/truelistofperson1997arli
Seventeen,Seventeen Video Productions '95/'96,1997-10-28T00:00:00Z,office-of-film-and-literature-classification_9701059,https://archive.org/details/office-of-film-and-literature-classification_9701059
Seventeen,"All male or female persons seventeen years of age or over listed in the City of Everett as of January 1, 1998",1998-01-01T00:00:00Z,1998-complete,https://archive.org/details/1998-complete
Seventeen,Street list of persons seventeen years of age and over in the Town of Brookline,1998-01-01T00:00:00Z,streetlistofpers1998broo,https://archive.org/details/streetlistofpers1998broo
Seventeen,Street list of persons seventeen years of age and upward ... Town of Walpole,1998-01-01T00:00:00Z,streetlistofpers1998unse,https://archive.org/details/streetlistofpers1998unse
Seventeen,True list of persons seventeen years of age or older residing in the Town of Arlington Massachusetts,1998-01-01T00:00:00Z,truelistofperson1998arli,https://archive.org/details/truelistofperson1998arli
Seventeen,World War II Veterans Project: Interviews with Seventeen Nevada Veterans,1998-01-01T00:00:00Z,WWIIVeteransProject_201806,https://archive.org/details/WWIIVeteransProject_201806
Seventeen,Ideas plus. Book seventeen : a collection of practical teaching ideas,1999-01-01T00:00:00Z,ideasplusbooksev0000unse,https://archive.org/details/ideasplusbooksev0000unse
Seventeen,Seventeen seventeen Jerome,1999-01-01T00:00:00Z,seventeensevente0000thor,https://archive.org/details/seventeensevente0000thor
Seventeen,True list of persons seventeen years of age or older residing in the Town of Arlington Massachusetts,1999-01-01T00:00:00Z,truelistofperson1999arli,https://archive.org/details/truelistofperson1999arli
Seventeen,"City of Everett: all male and female persons seventeen years of age or over, as of January 1, 2000",2000-01-01T00:00:00Z,everett-ma-residence-list-2000,https://archive.org/details/everett-ma-residence-list-2000
Seventeen,Seventeen sequences of Poulet numbers characterized by a certain set of Smarandache-Coman divisors,2000-01-01T00:00:00Z,ma-seventeen-sequences-poulet,https://archive.org/details/ma-seventeen-sequences-poulet
Seventeen,Street list of persons seventeen years of age and over in the Town of Brookline,2000-01-01T00:00:00Z,streetlistofpers2000broo,https://archive.org/details/streetlistofpers2000broo
Seventeen,Street list of persons seventeen years of age and upward ... Town of Walpole,2000-01-01T00:00:00Z,streetlistofpers2000unse,https://archive.org/details/streetlistofpers2000unse
Seventeen,True list of persons seventeen years of age or older residing in the Town of Arlington Massachusetts,2000-01-01T00:00:00Z,truelistofperson2000arli,https://archive.org/details/truelistofperson2000arli
Seventeen,San Francisco's Golden Gate Park : a thousand and seventeen acres of stories,2001-01-01T00:00:00Z,sanfranciscosgol0000poll,https://archive.org/details/sanfranciscosgol0000poll
Seventeen,Street list of persons seventeen years of age and over in the Town of Brookline,2001-01-01T00:00:00Z,streetlistofpers2001broo,https://archive.org/details/streetlistofpers2001broo
Seventeen,Street list of residents seventeen years of age and over in the town of Scituate as of ...,2001-01-01T00:00:00Z,streetlistofresi00unse_39,https://archive.org/details/streetlistofresi00unse_39
Seventeen,Seventeen Special 14,2001-06-07T00:00:00Z,office-of-film-and-literature-classification_100517,https://archive.org/details/office-of-film-and-literature-classification_100517
Seventeen,"All male or female persons seventeen years of age or over listed in the City of Everett as of January 1, 2002",2002-01-01T00:00:00Z,2002-complete,https://archive.org/details/2002-complete
Seventeen,Seventeen against the dealer,2002-01-01T00:00:00Z,seventeenagainst0000voig_r6p0,https://archive.org/details/seventeenagainst0000voig_r6p0
Seventeen,Street list of persons seventeen years of age and over in the Town of Brookline,2002-01-01T00:00:00Z,streetlistofpers2002broo,https://archive.org/details/streetlistofpers2002broo
Seventeen,Street list of persons seventeen years of age and upward ... Town of Walpole,2002-01-01T00:00:00Z,streetlistofpers2002unse,https://archive.org/details/streetlistofpers2002unse
Seventeen,How to destroy a village : what the Clintons taught a seventeen year old,2003-01-01T00:00:00Z,howtodestroyvill0000fode,https://archive.org/details/howtodestroyvill0000fode
Seventeen,"Nematodes from Rajasthan, India. IV. Seventeen Species as New Record from the State",2003-01-01T00:00:00Z,rzsi-159553-110112,https://archive.org/details/rzsi-159553-110112
Seventeen,"The Spirit of Christmas: creative holiday ideas, book seventeen",2003-09-01T00:00:00Z,spiritofchristma0000leis,https://archive.org/details/spiritofchristma0000leis
Seventeen,"All male or female persons seventeen years of age or over listed in the City of Everett as of January 1, 2004",2004-01-01T00:00:00Z,2004-complete,https://archive.org/details/2004-complete
Seventeen,"Tales of the mountain men : seventeen stories of survival, exploration, and outdoor craft",2004-01-01T00:00:00Z,talesofmountainm0000unse,https://archive.org/details/talesofmountainm0000unse
Seventeen,True list of persons seventeen years of age or older residing in the Town of Arlington Massachusetts,2004-01-01T00:00:00Z,truelistofperson2004arli,https://archive.org/details/truelistofperson2004arli
Seventeen,Seven going on seventeen : tween studies in the culture of girlhood,2005-01-01T00:00:00Z,sevengoingonseve0000unse,https://archive.org/details/sevengoingonseve0000unse
Seventeen,She was just seventeen,2005-01-01T00:00:00Z,shewasjustsevent0000blac,https://archive.org/details/shewasjustsevent0000blac
Seventeen,Street list of residents seventeen years of age and over in the town of Scituate as of ...,2005-01-01T00:00:00Z,streetlistofresi00unse_43,https://archive.org/details/streetlistofresi00unse_43
Seventeen,The greatest romance stories ever told : seventeen unforgettable love stories,2005-01-01T00:00:00Z,greatestromances0000unse,https://archive.org/details/greatestromances0000unse
Seventeen,"All male or female persons seventeen years of age or over listed in the City of Everett as of January 1, 2006",2006-01-01T00:00:00Z,2006-complete,https://archive.org/details/2006-complete
Seventeen,Street list of persons seventeen years of age and over in the Town of Brookline,2006-01-01T00:00:00Z,streetlistofpers2006broo,https://archive.org/details/streetlistofpers2006broo
Seventeen,The mammoth book of best new horror. Volume seventeen,2006-01-01T00:00:00Z,mammothbookofbes0000unse_m6v4,https://archive.org/details/mammothbookofbes0000unse_m6v4
Seventeen,"Seventeen real girls, real-life stories : true crime",2007-01-01T00:00:00Z,seventeenrealgir00newy,https://archive.org/details/seventeenrealgir00newy
Seventeen,Seventeen trees,2007-01-01T00:00:00Z,seventeentrees0000micr,https://archive.org/details/seventeentrees0000micr
Seventeen,The light and dark side of seventeen,2007-01-01T00:00:00Z,lightdarksideofs0000kirs,https://archive.org/details/lightdarksideofs0000kirs
Seventeen,True list of persons seventeen years of age or older residing in the Town of Arlington Massachusetts,2007-01-01T00:00:00Z,truelistofperson2007arli,https://archive.org/details/truelistofperson2007arli
Seventeen,"Seventeen Real Girls, Real-Life Stories",2007-06-01T00:00:00Z,seventeenrealgir00seve,https://archive.org/details/seventeenrealgir00seve
Seventeen,Seventeen 500 Style Tips,2008-01-01T00:00:00Z,seventeenpresent00favi,https://archive.org/details/seventeenpresent00favi
Seventeen,Seventeen things to do while waiting for Mr. Right : the single girl's handbook for the 21st century bride-to-be,2008-01-01T00:00:00Z,seventeenthingst0000chee,https://archive.org/details/seventeenthingst0000chee
Seventeen,Street list of persons seventeen years of age and upward ... Town of Walpole,2008-01-01T00:00:00Z,streetlistofpers2008unse,https://archive.org/details/streetlistofpers2008unse
Seventeen,True list of persons seventeen years of age or older residing in the Town of Arlington Massachusetts,2008-01-01T00:00:00Z,truelistofperson2008arli,https://archive.org/details/truelistofperson2008arli
Seventeen,Chasing Icarus : the seventeen days in 1910 that forever changed American aviation,2009-01-01T00:00:00Z,chasingicarussev0000mort,https://archive.org/details/chasingicarussev0000mort
Seventeen,Here come the girls : [seventeen hits from today's hottest female acts],2009-01-01T00:00:00Z,herecomegirlssev0000unse,https://archive.org/details/herecomegirlssev0000unse
Seventeen,"Seventeen 500 Beauty Tips Look Your Best for School, Weekend, Parties & More!",2009-01-01T00:00:00Z,seventeen500beau0000unse,https://archive.org/details/seventeen500beau0000unse
Seventeen,Street list of persons seventeen years of age and over in the Town of Brookline,2009-01-01T00:00:00Z,streetlistofpers2009broo,https://archive.org/details/streetlistofpers2009broo
Seventeen,Seventeen 2009 12,2009-12-01T00:00:00Z,seventeen-2009-12,https://archive.org/details/seventeen-2009-12
Seventeen,,2011,,http://books.google.com/books?id=17I6NQEACAAJ&dq=%22Seventeen%22+magazine
Seventeen,Seventeen ultimate guide to style : how to find your perfect look,2011-01-01T00:00:00Z,seventeenultimat0000shok_j7n6,https://archive.org/details/seventeenultimat0000shok_j7n6
Seventeen,Smokin' Seventeen Large Print (A Stephanie Plum novel),2011-01-01T00:00:00Z,smokinseventeenl0000jane,https://archive.org/details/smokinseventeenl0000jane
Seventeen,Smokin' seventeen : a Stephanie Plum novel,2011-01-01T00:00:00Z,isbn_9780739378212,https://archive.org/details/isbn_9780739378212
Seventeen,Smokin' seventeen : a Stephanie Plum novel,2011-01-01T00:00:00Z,smokinseventeens0000evan_f1t6,https://archive.org/details/smokinseventeens0000evan_f1t6
Seventeen,True list of persons seventeen years of age or older residing in the Town of Arlington Massachusetts,2011-01-01T00:00:00Z,truelistofperson2011arli,https://archive.org/details/truelistofperson2011arli
Seventeen,Sentenced to life at seventeen : the story of David Milgaard,2012-01-01T00:00:00Z,sentencedtolifea0000fary,https://archive.org/details/sentencedtolifea0000fary
Seventeen,Smokin' seventeen,2012-01-01T00:00:00Z,smokinseventeen0000evan,https://archive.org/details/smokinseventeen0000evan
Seventeen,Street list of persons seventeen years of age and upward ... Town of Walpole,2012-01-01T00:00:00Z,streetlistofpers2012unse,https://archive.org/details/streetlistofpers2012unse
Seventeen,Street list of residents seventeen years of age and over in the town of Scituate as of ...,2012-01-01T00:00:00Z,streetlistofresi00unse_50,https://archive.org/details/streetlistofresi00unse_50
Seventeen,Through the window : seventeen essays (and one short story),2012-01-01T00:00:00Z,throughwindowsev0000barn,https://archive.org/details/throughwindowsev0000barn
Seventeen,Checklist of the cicadas (Insecta: Hemiptera: Cicadidae) of Nicaragua including new records for seventeen species,2012-06-01T00:00:00Z,checklistcicada8sanb,https://archive.org/details/checklistcicada8sanb
Seventeen,The Rural Land Question in China: Analysis and Recommendations Based on a Seventeen-Province Survey,2012-07-22T00:00:00Z,403306-the-rural-land-question-in-china-analysis-and,https://archive.org/details/403306-the-rural-land-question-in-china-analysis-and
Seventeen,Street list of persons seventeen years of age and over in the Town of Brookline,2013-01-01T00:00:00Z,streetlistofpers2013broo,https://archive.org/details/streetlistofpers2013broo
Seventeen,Street list of residents seventeen years of age and over in the town of Scituate as of ...,2013-01-01T00:00:00Z,streetlistofresi00unse_51,https://archive.org/details/streetlistofresi00unse_51
Seventeen,seventeen,2013-01-01T00:00:00Z,isbn_9781492744863,https://archive.org/details/isbn_9781492744863
Seventeen,The Pancake Principle: Seventeen Sticky Ways To Make Your Customers flip for you,2013-02-04T00:00:00Z,pancakeprinciple0000henr,https://archive.org/details/pancakeprinciple0000henr
Seventeen,Street list of persons seventeen years of age and over in the Town of Brookline,2014-01-01T00:00:00Z,streetlistofpers2014broo,https://archive.org/details/streetlistofpers2014broo
Seventeen,Street list of residents seventeen years of age and over in the town of Scituate as of ...,2014-01-01T00:00:00Z,streetlistofresi00unse_52,https://archive.org/details/streetlistofresi00unse_52
Seventeen,Suite Seventeen,2014-01-01T00:00:00Z,suiteseventeen0000port,https://archive.org/details/suiteseventeen0000port
Seventeen,"All male or female persons seventeen years of age or over listed in the City of Everett as of January 1, 2015",2015-01-01T00:00:00Z,2015-complete,https://archive.org/details/2015-complete
Seventeen,Seventeen Sisters,2015-01-01T00:00:00Z,seventeensisters0000barl,https://archive.org/details/seventeensisters0000barl
Seventeen,"Studies of Malagasy Eugenia – IV: Seventeen new endemic species, a new combination, and three lectotypifications; with comments on distribution, ecological and evolutionary patterns",2015-04-28T00:00:00Z,studiesmalagasy49snow,https://archive.org/details/studiesmalagasy49snow
Seventeen,Outreach Matters: Seventeen Principles for Successful Missions,2016-10-01T00:00:00Z,outreachmatterss0000jona,https://archive.org/details/outreachmatterss0000jona
Seventeen,Street list of residents seventeen years of age and over in the town of Scituate as of ...,2017-01-01T00:00:00Z,streetlistofresi00unse_54,https://archive.org/details/streetlistofresi00unse_54
Seventeen,Spiritual restoration for abandoned adolescent girls ages eleven to seventeen through creative arts experiences,2017-12-01T00:00:00Z,madeline-a.-green-final-document,https://archive.org/details/madeline-a.-green-final-document
Seventeen,Street list of persons seventeen years of age and upward ... Town of Walpole,2019-01-01T00:00:00Z,streetlistofpers2019unse,https://archive.org/details/streetlistofpers2019unse
Seventeen,Street list of residents seventeen years of age and over in the town of Scituate as of ...,2019-01-01T00:00:00Z,streetlistofresi00unse_55,https://archive.org/details/streetlistofresi00unse_55
Seventeen,True list of persons seventeen years of age or older residing in the Town of Arlington Massachusetts,2019-01-01T00:00:00Z,truelistofperson2019arli,https://archive.org/details/truelistofperson2019arli
Seventeen,Closing the educational achievement gap of young black males eleven to seventeen who live in single parent households,2019-05-01T00:00:00Z,marti-robinson-final-document-2019,https://archive.org/details/marti-robinson-final-document-2019
Seventeen,Hog Wash Book Seventeen,2019-07-15T00:00:00Z,hog-wash-book-seventeen_202204,https://archive.org/details/hog-wash-book-seventeen_202204
Seventeen,"ERIC ED608791: 2020 Brick & Click: An Academic Conference (20th, Maryville, Missouri, November 6, 2020) Seventeen scholarly papers and twelve abstracts comprise the content of the twentieth annual Brick & Click Libraries Conference, held annually at Northwest Missouri State University in Maryville, Missouri. The twentieth Brick & Click Libraries Conference was held virtually. The proceedings, authored by academic librarians and presented at the conference, portray the contemporary and future face of librarianship. The 2020 paper and abstract titles include: (1) From the Wild West to Teamwork: Faculty Driven Acquisitions (Randyn Heisserer-Miller, Stephanie Hallam, and Brad Reel); (2) Student Engagement: Exploring Primary Sources in the Library of Congress in an Online Course (Peggy Ridlen); (3) Object Oriented vs Functional Programming - Library Instruction in a Bite-Sized Functional Model (Billy Moore); (4) When People Count: Leveraging Internal Resources to Develop a Program for Tracking Building Usage (Terra Feick); (5) Interactive Introductions for International Students: Reworking How We Teach Information Literacy Skills (Kelly Hovinga); (6) Fostering Success for New Faculty Librarians (Karen Bleier); (7) We Did It, You Can Do It, Too: In-House Digital Preservation (Samantha Henning); (8) Stacking it Up: A Textbooks on Reserve Program (Katharine Baldwin and Jenise Overmier); (9) Teaching into the Gray Areas: Designing Learning Activities That Encourage Higher Order Thinking and Research Skills (Virginia L. Cairns); (10) Building a Teaching Strategy Toolkit to Engage Learners (Courtney Mlinar); (11) Cracking the Code: Building an Assessment Plan with Student Discussion Boards (Anthony Rodgers and Courtney Strimel); (12) Making the Most of LibApps (Kayla Reed); (13) Neither Rain, Nor Sleet, Nor Gloom of Night: Maintaining Library Services During a Medical State of Emergency (Rob Withers); (14) Psychological Safety and Building Effective Teams (Kara Whatley, Deborah Caesar, Amanda Watson, and Molly Nystrom); (15) Summer in the Stacks: A Weeding Experience Between Faculty and Library (Kayla Reed and Hong Li); (16) Puppies and Kitties Oh My!: Partnering with a Local PETPALS Organization (Leila June Rod-Welch and Jordan A. Newburg); (17) Unlocking Online Escape Rooms for Library Instruction (Sean Cordes); (18) Spectral Tales: Lessons Learned from Being Ghosted by Faculty (Tammi M. Owens, Meghan Salsbury, and Heidi Blackburn); (19) The Librarian's Guide to Zines for Classroom and Community (Claire Du Laney, Monica Maher, and Amy C. Schindler); (20) Professionalizing Student Employment: The Library Associates Program at Hendrix College (Janice Weddle); (21) Making It Easy to Read Harder: Implementing a Reading Challenge at Community College (Amy Fortner, Anthony Rodgers, and Gwen Wolfe); (22) Beyond the Humanities: Archives Instruction for Science and Medicine (Laurinda Weisse); (23) Library Collaboration with the Smithsonian: World War I Lessons and Legacies Exhibit (Leila June Rod-Welch and Julie Ann Beddow); (24) The Genesis of a Conduct Policy in a Medium-Sized Academic Library (John Baken); (25) Universal Design and Accessibility: A Checklist for LibGuides and Online Tutorials (Courtney Mlinar); (26) Anti-vaxxers, Sasquatch DNA and Other ""Scientific"" Findings: Actively Engaging Distance Students in Media Literacy (Joanna Nemeth); (27) All Good Things Must Come to an End: When Library Staff Pass Away (Rob Withers); (28) If ""They"" Build it, ""They"" Will Come (Martha Allen); and (29) Save the Earth - Earth Day Game Drive: Small Steps, Big Impact (Leila June Rod-Welch). [For the 2019 proceedings, see ED600185.]",2020-11-06T00:00:00Z,ERIC_ED608791,https://archive.org/details/ERIC_ED608791
Seventeen,"Revision of the spider family Zodariidae (Arachnida, Araneae) in Iran and Turkmenistan, with seventeen new species",2021-04-27T00:00:00Z,revisionspiderf1035zama,https://archive.org/details/revisionspiderf1035zama
Seventeen,Street list of residents seventeen years of age and over in the town of Scituate as of ...,2022-01-01T00:00:00Z,streetlistofresi00unse_58,https://archive.org/details/streetlistofresi00unse_58
Seventeen,Street list of residents seventeen years of age and over in the town of Scituate as of ...,2024-01-01T00:00:00Z,streetlistofresi00unse_60,https://archive.org/details/streetlistofresi00unse_60
Seventeen,Poetic Voice Seventeen,2025-08-15T00:00:00Z,poetic-voice-seventeen,https://archive.org/details/poetic-voice-seventeen
Teen Beat,"Helping your anxious teen : positive parenting strategies to help your teen beat anxiety, stress, and worry",2017-01-01T00:00:00Z,helpingyouranxio0000jose,https://archive.org/details/helpingyouranxio0000jose
Tiger Beat,,2008-01-01,tiger-beat-2008-magazine,https://archive.org/details/tiger-beat-2008-magazine
Tiger Beat,,2018-04-01,TigerBeat1968SpendADayOnDarkShadows,https://archive.org/details/TigerBeat1968SpendADayOnDarkShadows
Tiger Beat,,2018-04-01,TigerBeatJan1970Vol5No5_201804,https://archive.org/details/TigerBeatJan1970Vol5No5_201804
Tiger Beat,,2018-04-01,TigerBeatJune1968,https://archive.org/details/TigerBeatJune1968
Tiger Beat,,2018-04-01,TigerBeatMay1971Vol7No8,https://archive.org/details/TigerBeatMay1971Vol7No8
Tiger Beat,"Paul Reiffer v. Tiger Beat Media, Inc.",,gov.uscourts.cacd.778712,https://archive.org/details/gov.uscourts.cacd.778712
