week_date,top_song,top_artist,tv_programs,magazine_titles,radio_top_tracks
1958-08-04,Poor Little Fool,Ricky Nelson,,,
1958-08-11,Poor Little Fool,Ricky Nelson,,,
1958-08-18,Nel Blu Dipinto Di Blu (Volare),Domenico Modugno,,,
1958-08-25,Little Star,The Elegants,,,
1958-09-01,Nel Blu Dipinto Di Blu (Volare),Domenico Modugno,,,
1958-09-08,Nel Blu Dipinto Di Blu (Volare),Domenico Modugno,,,
1958-09-15,Nel Blu Dipinto Di Blu (Volare),Domenico Modugno,,,
1958-09-22,Nel Blu Dipinto Di Blu (Volare),Domenico Modugno,,,
1958-09-29,It's All In The Game,Tommy Edwards,,,
1958-10-06,It's All In The Game,Tommy Edwards,,,
1958-10-13,It's All In The Game,Tommy Edwards,,,
1958-10-20,It's All In The Game,Tommy Edwards,,,
1958-10-27,It's All In The Game,Tommy Edwards,,,
1958-11-03,It's All In The Game,Tommy Edwards,,,
1958-11-10,It's Only Make Believe,Conway Twitty,,,
1958-11-17,Tom Dooley,The Kingston Trio,,,
1958-11-24,It's Only Make Believe,Conway Twitty,,,
1958-12-01,"To Know Him, Is To Love Him",The Teddy Bears,,,
1958-12-08,"To Know Him, Is To Love Him",The Teddy Bears,,,
1958-12-15,"To Know Him, Is To Love Him",The Teddy Bears,,,
1958-12-22,The Chipmunk Song,The Chipmunks,,,
1958-12-29,The Chipmunk Song,The Chipmunks,,"Billboard; Cosmopolitan v146 n02 [1959-02]; Cosmopolitan v146 n06 [1959-06]; Couch, founded in nineteen seventeen : wholesale price list, fall 1959, spring 1960, Couch Brothers Nursery Co., McMinnville, Tenn. / Couch Brothers Nursery Co.; MAD Magazine 1959",
1959-01-05,The Chipmunk Song,The Chipmunks,,,
1959-01-12,Smoke Gets In Your Eyes,The Platters,,,
1959-01-19,Smoke Gets In Your Eyes,The Platters,,,
1959-01-26,Smoke Gets In Your Eyes,The Platters,,,
1959-02-02,Stagger Lee,Lloyd Price,,,
1959-02-09,Stagger Lee,Lloyd Price,,,
1959-02-16,Stagger Lee,Lloyd Price,,,
1959-02-23,Stagger Lee,Lloyd Price,,,
1959-03-02,Venus,Frankie Avalon,,,
1959-03-09,Venus,Frankie Avalon,,,
1959-03-16,Venus,Frankie Avalon,,,
1959-03-23,Venus,Frankie Avalon,,,
1959-03-30,Venus,Frankie Avalon,,,
1959-04-06,Come Softly To Me,The Fleetwoods,,,
1959-04-13,Come Softly To Me,The Fleetwoods,,,
1959-04-20,Come Softly To Me,The Fleetwoods,,,
1959-04-27,Come Softly To Me,The Fleetwoods,,,
1959-05-04,The Happy Organ,"Dave ""baby"" Cortez",,,
1959-05-11,Kansas City,Wilbert Harrison,,,
1959-05-18,Kansas City,Wilbert Harrison,,,
1959-05-25,The Battle Of New Orleans,Johnny Horton,,,
1959-06-01,The Battle Of New Orleans,Johnny Horton,,Seventeen Magazine June 1959,
1959-06-08,The Battle Of New Orleans,Johnny Horton,,,
1959-06-15,The Battle Of New Orleans,Johnny Horton,,,
1959-06-22,The Battle Of New Orleans,Johnny Horton,,,
1959-06-29,The Battle Of New Orleans,Johnny Horton,,,
1959-07-06,Lonely Boy,Paul Anka,,,
1959-07-13,Lonely Boy,Paul Anka,,,
1959-07-20,Lonely Boy,Paul Anka,,,
1959-07-27,Lonely Boy,Paul Anka,,,
1959-08-03,A Big Hunk O' Love,Elvis Presley,,,
1959-08-10,A Big Hunk O' Love,Elvis Presley,,,
1959-08-17,The Three Bells,The Browns,,,
1959-08-24,The Three Bells,The Browns,,,
1959-08-31,The Three Bells,The Browns,,,
1959-09-07,The Three Bells,The Browns,,,
1959-09-14,Sleep Walk,Santo,,,
1959-09-21,Sleep Walk,Santo,,,
1959-09-28,Mack The Knife,Bobby Darin,,,
1959-10-05,Mack The Knife,Bobby Darin,,,
1959-10-12,Mack The Knife,Bobby Darin,,,
1959-10-19,Mack The Knife,Bobby Darin,,,
1959-10-26,Mack The Knife,Bobby Darin,,,
1959-11-02,Mack The Knife,Bobby Darin,,,
1959-11-09,Mr. Blue,The Fleetwoods,,,
1959-11-16,Mack The Knife,Bobby Darin,,,
1959-11-23,Mack The Knife,Bobby Darin,,,
1959-11-30,Mack The Knife,Bobby Darin,,,
1959-12-07,Heartaches By The Number,Guy Mitchell,,,
1959-12-14,Heartaches By The Number,Guy Mitchell,,,
1959-12-21,Why,Frankie Avalon,,,
1959-12-28,El Paso,Marty Robbins,,"""The Flintstones"" on TV Guide; Billboard; Billboard February 22-1960; Catholics in conversation; seventeen interviews with leading American Catholics; Clinical Orthopaedics(number Seventeen)",
1960-01-04,El Paso,Marty Robbins,,,
1960-01-11,Running Bear,Johnny Preston,,,
1960-01-18,Running Bear,Johnny Preston,,,
1960-01-25,Running Bear,Johnny Preston,,,
1960-02-01,Teen Angel,Mark Dinning,,,
1960-02-08,Teen Angel,Mark Dinning,,,
1960-02-15,"The Theme From ""A Summer Place""",Percy Faith And His Orchestra,,,
1960-02-22,"The Theme From ""A Summer Place""",Percy Faith And His Orchestra,,,
1960-02-29,"The Theme From ""A Summer Place""",Percy Faith And His Orchestra,,,
1960-03-07,"The Theme From ""A Summer Place""",Percy Faith And His Orchestra,,,
1960-03-14,"The Theme From ""A Summer Place""",Percy Faith And His Orchestra,,,
1960-03-21,"The Theme From ""A Summer Place""",Percy Faith And His Orchestra,,,
1960-03-28,"The Theme From ""A Summer Place""",Percy Faith And His Orchestra,,,
1960-04-04,"The Theme From ""A Summer Place""",Percy Faith And His Orchestra,,,
1960-04-11,"The Theme From ""A Summer Place""",Percy Faith And His Orchestra,,,
1960-04-18,Stuck On You,Elvis Presley,,,
1960-04-25,Stuck On You,Elvis Presley,,,
1960-05-02,Stuck On You,Elvis Presley,,,
1960-05-09,Stuck On You,Elvis Presley,,,
1960-05-16,Cathy's Clown,The Everly Brothers,,,
1960-05-23,Cathy's Clown,The Everly Brothers,,,
1960-05-30,Cathy's Clown,The Everly Brothers,,,
1960-06-06,Cathy's Clown,The Everly Brothers,,,
1960-06-13,Cathy's Clown,The Everly Brothers,,,
1960-06-20,Everybody's Somebody's Fool,Connie Francis,,,
1960-06-27,Everybody's Somebody's Fool,Connie Francis,,,
1960-07-04,Alley-Oop,Hollywood Argyles,,,
1960-07-11,I'm Sorry,Brenda Lee,,,
1960-07-18,I'm Sorry,Brenda Lee,,,
1960-07-25,I'm Sorry,Brenda Lee,,,
1960-08-01,Itsy Bitsy Teenie Weenie Yellow Polkadot Bikini,Brian Hyland,,,
1960-08-08,It's Now Or Never,Elvis Presley,,,
1960-08-15,It's Now Or Never,Elvis Presley,,,
1960-08-22,It's Now Or Never,Elvis Presley,,,
1960-08-29,It's Now Or Never,Elvis Presley,,,
1960-09-05,It's Now Or Never,Elvis Presley,,,
1960-09-12,The Twist,Chubby Checker,,,
1960-09-19,My Heart Has A Mind Of Its Own,Connie Francis,,,
1960-09-26,My Heart Has A Mind Of Its Own,Connie Francis,,,
1960-10-03,Mr. Custer,Larry Verne,,,
1960-10-10,Save The Last Dance For Me,The Drifters,,,
1960-10-17,I Want To Be Wanted,Brenda Lee,,,
1960-10-24,Save The Last Dance For Me,The Drifters,,,
1960-10-31,Save The Last Dance For Me,The Drifters,,,
1960-11-07,Georgia On My Mind,Ray Charles,,,
1960-11-14,Stay,Maurice Williams,,,
1960-11-21,Are You Lonesome To-night?,Elvis Presley,,,
1960-11-28,Are You Lonesome To-night?,Elvis Presley,,,
1960-12-05,Are You Lonesome To-night?,Elvis Presley,,,
1960-12-12,Are You Lonesome To-night?,Elvis Presley,,,
1960-12-19,Are You Lonesome To-night?,Elvis Presley,,,
1960-12-26,Are You Lonesome To-night?,Elvis Presley,,"1960-61 Annual Report: Words with New Meaning for Blind People; A Collection of Porifera from Northern New Zealand, with Descriptions of Seventeen New Species; A Preliminary Report on the Application of the Space Adequacy Survey-College at Seventeen Selected California Junior Colleges.; Able People Well Prepared: The Adult Education and the Mass Media Fellowship Programs--1952-61 of the Fund for Adult Education.; An involution of period seventeen",
1961-01-02,Wonderland By Night,Bert Kaempfert And His Orchestra,,,
1961-01-09,Wonderland By Night,Bert Kaempfert And His Orchestra,,,
1961-01-16,Wonderland By Night,Bert Kaempfert And His Orchestra,,,
1961-01-23,Will You Love Me Tomorrow,The Shirelles,,,
1961-01-30,Will You Love Me Tomorrow,The Shirelles,,,
1961-02-06,Calcutta,Lawrence Welk And His Orchestra,,,
1961-02-13,Calcutta,Lawrence Welk And His Orchestra,,,
1961-02-20,Pony Time,Chubby Checker,,,
1961-02-27,Pony Time,Chubby Checker,,,
1961-03-06,Pony Time,Chubby Checker,,,
1961-03-13,Surrender,Elvis Presley,,,
1961-03-20,Surrender,Elvis Presley,,,
1961-03-27,Blue Moon,The Marcels,,,
1961-04-03,Blue Moon,The Marcels,,,
1961-04-10,Blue Moon,The Marcels,,,
1961-04-17,Runaway,Del Shannon,,,
1961-04-24,Runaway,Del Shannon,,,
1961-05-01,Runaway,Del Shannon,,,
1961-05-08,Runaway,Del Shannon,,,
1961-05-15,Mother-In-Law,Ernie K-doe,,,
1961-05-22,Travelin' Man,Ricky Nelson,,,
1961-05-29,Running Scared,Roy Orbison,,,
1961-06-05,Travelin' Man,Ricky Nelson,,,
1961-06-12,Moody River,Pat Boone,,,
1961-06-19,Quarter To Three,U.s. Bonds,,,
1961-06-26,Quarter To Three,U.s. Bonds,,,
1961-07-03,Tossin' And Turnin',Bobby Lewis,,,
1961-07-10,Tossin' And Turnin',Bobby Lewis,,,
1961-07-17,Tossin' And Turnin',Bobby Lewis,,,
1961-07-24,Tossin' And Turnin',Bobby Lewis,,,
1961-07-31,Tossin' And Turnin',Bobby Lewis,,,
1961-08-07,Tossin' And Turnin',Bobby Lewis,,,
1961-08-14,Tossin' And Turnin',Bobby Lewis,,,
1961-08-21,Wooden Heart,Joe Dowell,,,
1961-08-28,Michael,The Highwaymen,,,
1961-09-04,Michael,The Highwaymen,,,
1961-09-11,Take Good Care Of My Baby,Bobby Vee,,,
1961-09-18,Take Good Care Of My Baby,Bobby Vee,,,
1961-09-25,Take Good Care Of My Baby,Bobby Vee,,,
1961-10-02,Hit The Road Jack,Ray Charles And His Orchestra,,,
1961-10-09,Hit The Road Jack,Ray Charles And His Orchestra,,,
1961-10-16,Runaround Sue,Dion,,,
1961-10-23,Runaround Sue,Dion,,,
1961-10-30,Big Bad John,Jimmy Dean,,,
1961-11-06,Big Bad John,Jimmy Dean,,,
1961-11-13,Big Bad John,Jimmy Dean,,,
1961-11-20,Big Bad John,Jimmy Dean,,,
1961-11-27,Big Bad John,Jimmy Dean,,,
1961-12-04,Please Mr. Postman,The Marvelettes,,,
1961-12-11,The Lion Sleeps Tonight,The Tokens,,,
1961-12-18,The Lion Sleeps Tonight,The Tokens,,,
1961-12-25,The Lion Sleeps Tonight,The Tokens,,,
1962-01-01,The Lion Sleeps Tonight,The Tokens,,"Billboard; Coleman pioneers of Utah; a biographical, genealogical and historical account of seventeen Utah pioneers who were descendants of George Coleman 1765-1811 of Arsly, England.; Cosmopolitan v152 n02 [1962-02]; Cosmopolitan v153 n02 [1962-08]; God's own people; an introductory study of the church",
1962-01-08,The Twist,Chubby Checker,,,
1962-01-15,The Twist,Chubby Checker,,,
1962-01-22,Peppermint Twist - Part I,Joey Dee,,,
1962-01-29,Peppermint Twist - Part I,Joey Dee,,,
1962-02-05,Peppermint Twist - Part I,Joey Dee,,,
1962-02-12,Duke Of Earl,Gene Chandler,,,
1962-02-19,Duke Of Earl,Gene Chandler,,,
1962-02-26,Duke Of Earl,Gene Chandler,,,
1962-03-05,Hey! Baby,Bruce Channel,,,
1962-03-12,Hey! Baby,Bruce Channel,,,
1962-03-19,Hey! Baby,Bruce Channel,,,
1962-03-26,Don't Break The Heart That Loves You,Connie Francis,,,
1962-04-02,Johnny Angel,Shelley Fabares,,,
1962-04-09,Johnny Angel,Shelley Fabares,,,
1962-04-16,Good Luck Charm,Elvis Presley,,,
1962-04-23,Good Luck Charm,Elvis Presley,,,
1962-04-30,Soldier Boy,The Shirelles,,,
1962-05-07,Soldier Boy,The Shirelles,,,
1962-05-14,Soldier Boy,The Shirelles,,,
1962-05-21,Stranger On The Shore,Mr. Acker Bilk,,,
1962-05-28,I Can't Stop Loving You,Ray Charles,,,
1962-06-04,I Can't Stop Loving You,Ray Charles,,,
1962-06-11,I Can't Stop Loving You,Ray Charles,,,
1962-06-18,I Can't Stop Loving You,Ray Charles,,,
1962-06-25,I Can't Stop Loving You,Ray Charles,,,
1962-07-02,The Stripper,David Rose And His Orchestra,,,
1962-07-09,Roses Are Red (My Love),Bobby Vinton,,,
1962-07-16,Roses Are Red (My Love),Bobby Vinton,,,
1962-07-23,Roses Are Red (My Love),Bobby Vinton,,,
1962-07-30,Roses Are Red (My Love),Bobby Vinton,,,
1962-08-06,Breaking Up Is Hard To Do,Neil Sedaka,,,
1962-08-13,Breaking Up Is Hard To Do,Neil Sedaka,,,
1962-08-20,The Loco-Motion,Little Eva,,,
1962-08-27,Sheila,Tommy Roe,,,
1962-09-03,Sheila,Tommy Roe,,,
1962-09-10,Sherry,The 4 Seasons,,,
1962-09-17,Sherry,The 4 Seasons,,,
1962-09-24,Sherry,The 4 Seasons,,,
1962-10-01,Sherry,The 4 Seasons,,,
1962-10-08,Sherry,The 4 Seasons,,,
1962-10-15,Monster Mash,"Bobby ""boris"" Pickett And The Crypt-kickers",,,
1962-10-22,Monster Mash,"Bobby ""boris"" Pickett And The Crypt-kickers",,,
1962-10-29,He's A Rebel,The Crystals,,,
1962-11-05,He's A Rebel,The Crystals,,,
1962-11-12,Big Girls Don't Cry,The 4 Seasons,,,
1962-11-19,Big Girls Don't Cry,The 4 Seasons,,,
1962-11-26,Big Girls Don't Cry,The 4 Seasons,,,
1962-12-03,Big Girls Don't Cry,The 4 Seasons,,,
1962-12-10,Big Girls Don't Cry,The 4 Seasons,,,
1962-12-17,Telstar,The Tornadoes,,,
1962-12-24,Telstar,The Tornadoes,,,
1962-12-31,Telstar,The Tornadoes,,"A book of archaeology; seventeen stories of discovery; Billboard; Come With Me;: Poems, guessing poems, dance poems for young people; Cosmopolitan v154 n01 [1963-01]; DTIC AD0405721: PEOPLE OF RARE PROFESSIONS - PILOTS (NAVIGATORS) OF COSMONAUTS",
1963-01-07,Go Away Little Girl,Steve Lawrence,,,
1963-01-14,Go Away Little Girl,Steve Lawrence,,,
1963-01-21,Walk Right In,The Rooftop Singers,,,
1963-01-28,Walk Right In,The Rooftop Singers,,,
1963-02-04,Hey Paula,Paul And Paula,,,
1963-02-11,Hey Paula,Paul And Paula,,,
1963-02-18,Hey Paula,Paul And Paula,,,
1963-02-25,Walk Like A Man,The 4 Seasons,,,
1963-03-04,Walk Like A Man,The 4 Seasons,,,
1963-03-11,Walk Like A Man,The 4 Seasons,,,
1963-03-18,Our Day Will Come,Ruby And The Romantics,,,
1963-03-25,He's So Fine,The Chiffons,,,
1963-04-01,He's So Fine,The Chiffons,,Seventeen Magazine April 1963,
1963-04-08,He's So Fine,The Chiffons,,,
1963-04-15,He's So Fine,The Chiffons,,,
1963-04-22,I Will Follow Him,Little Peggy March,,,
1963-04-29,I Will Follow Him,Little Peggy March,,,
1963-05-06,I Will Follow Him,Little Peggy March,,,
1963-05-13,If You Wanna Be Happy,Jimmy Soul,,,
1963-05-20,If You Wanna Be Happy,Jimmy Soul,,,
1963-05-27,It's My Party,Lesley Gore,,,
1963-06-03,It's My Party,Lesley Gore,,,
1963-06-10,Sukiyaki,Kyu Sakamoto,,,
1963-06-17,Sukiyaki,Kyu Sakamoto,,,
1963-06-24,Sukiyaki,Kyu Sakamoto,,,
1963-07-01,Easier Said Than Done,The Essex,,,
1963-07-08,Easier Said Than Done,The Essex,,,
1963-07-15,Surf City,Jan,,,
1963-07-22,Surf City,Jan,,,
1963-07-29,So Much In Love,The Tymes,,,
1963-08-05,Fingertips (Part II),Little Stevie Wonder,,,
1963-08-12,Fingertips (Part II),Little Stevie Wonder,,,
1963-08-19,Fingertips (Part II),Little Stevie Wonder,,,
1963-08-26,My Boyfriend's Back,The Angels,,,
1963-09-02,My Boyfriend's Back,The Angels,,,
1963-09-09,My Boyfriend's Back,The Angels,,,
1963-09-16,Blue Velvet,Bobby Vinton,,,
1963-09-23,Blue Velvet,Bobby Vinton,,,
1963-09-30,Blue Velvet,Bobby Vinton,,,
1963-10-07,Sugar Shack,Jimmy Gilmer And The Fireballs,,,
1963-10-14,Sugar Shack,Jimmy Gilmer And The Fireballs,,,
1963-10-21,Sugar Shack,Jimmy Gilmer And The Fireballs,,,
1963-10-28,Sugar Shack,Jimmy Gilmer And The Fireballs,,,
1963-11-04,Sugar Shack,Jimmy Gilmer And The Fireballs,,,
1963-11-11,Deep Purple,Nino Tempo,,,
1963-11-18,I'm Leaving It Up To You,Dale,,,
1963-11-25,I'm Leaving It Up To You,Dale,,,
1963-12-02,Dominique,The Singing Nun,,,
1963-12-09,Dominique,The Singing Nun,,,
1963-12-16,Dominique,The Singing Nun,,,
1963-12-23,Dominique,The Singing Nun,,,
1963-12-30,There! I've Said It Again,Bobby Vinton,,Adding a dimension : seventeen essays on the history of science; Adding a dimension; seventeen essays on the history of science; Billboard; CIA Reading Room cia-rdp75-00001r000300490057-0: RIOTS CAN BE THE VOICE OF THE PEOPLE; Cosmopolitan v157 n04 [1964-10],
1964-01-06,There! I've Said It Again,Bobby Vinton,,,
1964-01-13,There! I've Said It Again,Bobby Vinton,,,
1964-01-20,There! I've Said It Again,Bobby Vinton,,TV Guide Jan 25 1964 Review Of JFK TV News Coverage,
1964-01-27,I Want To Hold Your Hand,The Beatles,,,
1964-02-03,I Want To Hold Your Hand,The Beatles,,,
1964-02-10,I Want To Hold Your Hand,The Beatles,,,
1964-02-17,I Want To Hold Your Hand,The Beatles,,,
1964-02-24,I Want To Hold Your Hand,The Beatles,,,
1964-03-02,I Want To Hold Your Hand,The Beatles,,,
1964-03-09,I Want To Hold Your Hand,The Beatles,,,
1964-03-16,She Loves You,The Beatles,,,
1964-03-23,She Loves You,The Beatles,,,
1964-03-30,Can't Buy Me Love,The Beatles,,,
1964-04-06,Can't Buy Me Love,The Beatles,,,
1964-04-13,Can't Buy Me Love,The Beatles,,,
1964-04-20,Can't Buy Me Love,The Beatles,,,
1964-04-27,Can't Buy Me Love,The Beatles,,,
1964-05-04,"Hello, Dolly!",Louis Armstrong And The All Stars,,,
1964-05-11,My Guy,Mary Wells,,,
1964-05-18,My Guy,Mary Wells,,,
1964-05-25,Love Me Do,The Beatles,,,
1964-06-01,Chapel Of Love,The Dixie Cups,,,
1964-06-08,Chapel Of Love,The Dixie Cups,,,
1964-06-15,Chapel Of Love,The Dixie Cups,,,
1964-06-22,A World Without Love,Peter And Gordon,,,
1964-06-29,I Get Around,The Beach Boys,,,
1964-07-06,I Get Around,The Beach Boys,,,
1964-07-13,Rag Doll,The 4 Seasons,,,
1964-07-20,Rag Doll,The 4 Seasons,,,
1964-07-27,A Hard Day's Night,The Beatles,,,
1964-08-03,A Hard Day's Night,The Beatles,,,
1964-08-10,Everybody Loves Somebody,Dean Martin,,,
1964-08-17,Where Did Our Love Go,The Supremes,,,
1964-08-24,Where Did Our Love Go,The Supremes,,,
1964-08-31,House Of The Rising Sun,The Animals,,,
1964-09-07,House Of The Rising Sun,The Animals,,,
1964-09-14,House Of The Rising Sun,The Animals,,,
1964-09-21,"Oh, Pretty Woman",Roy Orbison And The Candy Men,,,
1964-09-28,"Oh, Pretty Woman",Roy Orbison And The Candy Men,,,
1964-10-05,"Oh, Pretty Woman",Roy Orbison And The Candy Men,,,
1964-10-12,Do Wah Diddy Diddy,Manfred Mann,,,
1964-10-19,Do Wah Diddy Diddy,Manfred Mann,,,
1964-10-26,Baby Love,The Supremes,,,
1964-11-02,Baby Love,The Supremes,,,
1964-11-09,Baby Love,The Supremes,,,
1964-11-16,Baby Love,The Supremes,,TV Guide November 21st 1964,
1964-11-23,Leader Of The Pack,The Shangri-las,,,
1964-11-30,Ringo,Lorne Greene,,,
1964-12-07,Mr. Lonely,Bobby Vinton,,,
1964-12-14,Come See About Me,The Supremes,,,
1964-12-21,I Feel Fine,The Beatles,,,
1964-12-28,I Feel Fine,The Beatles,,Billboard; Carols of today : seventeen original settings for mixed voices; EDUCATIONAL LEVELS OF THE PEOPLE 1965; Europe in the seventeen century; Extraordinary people,
1965-01-04,I Feel Fine,The Beatles,,,
1965-01-11,Come See About Me,The Supremes,,,
1965-01-18,Downtown,Petula Clark,,,
1965-01-25,Downtown,Petula Clark,,,
1965-02-01,You've Lost That Lovin' Feelin',The Righteous Brothers,,,
1965-02-08,You've Lost That Lovin' Feelin',The Righteous Brothers,,,
1965-02-15,This Diamond Ring,Gary Lewis And The Playboys,,,
1965-02-22,This Diamond Ring,Gary Lewis And The Playboys,,,
1965-03-01,My Girl,The Temptations,,,
1965-03-08,Eight Days A Week,The Beatles,,,
1965-03-15,Eight Days A Week,The Beatles,,,
1965-03-22,Stop! In The Name Of Love,The Supremes,,,
1965-03-29,Stop! In The Name Of Love,The Supremes,,,
1965-04-05,I'm Telling You Now,Freddie And The Dreamers,,,
1965-04-12,I'm Telling You Now,Freddie And The Dreamers,,,
1965-04-19,Game Of Love,Wayne Fontana,,,
1965-04-26,Mrs. Brown You've Got A Lovely Daughter,Herman's Hermits,,,
1965-05-03,Mrs. Brown You've Got A Lovely Daughter,Herman's Hermits,,,
1965-05-10,Mrs. Brown You've Got A Lovely Daughter,Herman's Hermits,,,
1965-05-17,Ticket To Ride,The Beatles,,,
1965-05-24,"Help Me, Rhonda",The Beach Boys,,,
1965-05-31,"Help Me, Rhonda",The Beach Boys,,,
1965-06-07,Back In My Arms Again,The Supremes,,,
1965-06-14,I Can't Help Myself (Sugar Pie Honey Bunch),Four Tops,,,
1965-06-21,Mr. Tambourine Man,The Byrds,,,
1965-06-28,I Can't Help Myself (Sugar Pie Honey Bunch),Four Tops,,,
1965-07-05,(I Can't Get No) Satisfaction,The Rolling Stones,,,
1965-07-12,(I Can't Get No) Satisfaction,The Rolling Stones,,,
1965-07-19,(I Can't Get No) Satisfaction,The Rolling Stones,,,
1965-07-26,(I Can't Get No) Satisfaction,The Rolling Stones,,,
1965-08-02,"I'm Henry VIII, I Am",Herman's Hermits,,,
1965-08-09,I Got You Babe,Sonny,,,
1965-08-16,I Got You Babe,Sonny,,,
1965-08-23,I Got You Babe,Sonny,,,
1965-08-30,Help!,The Beatles,,,
1965-09-06,Help!,The Beatles,,,
1965-09-13,Help!,The Beatles,,,
1965-09-20,Eve Of Destruction,Barry Mcguire,,,
1965-09-27,Hang On Sloopy,The Mccoys,,,
1965-10-04,Yesterday,The Beatles,,,
1965-10-11,Yesterday,The Beatles,,,
1965-10-18,Yesterday,The Beatles,,,
1965-10-25,Yesterday,The Beatles,,,
1965-11-01,Get Off Of My Cloud,The Rolling Stones,,,
1965-11-08,Get Off Of My Cloud,The Rolling Stones,,,
1965-11-15,I Hear A Symphony,The Supremes,,,
1965-11-22,I Hear A Symphony,The Supremes,,,
1965-11-29,Turn! Turn! Turn! (To Everything There Is A Season),The Byrds,,,
1965-12-06,Turn! Turn! Turn! (To Everything There Is A Season),The Byrds,,,
1965-12-13,Turn! Turn! Turn! (To Everything There Is A Season),The Byrds,,,
1965-12-20,Over And Over,The Dave Clark Five,,,
1965-12-27,The Sound Of Silence,Simon,,Billboard; CIA Reading Room cia-rdp75-00149r000500210007-0: VOICE OF THE PEOPLE; CIA Reading Room cia-rdp78t05161a000400010031-1: ISODENSITY ANALYSIS OF THE BILLBOARD ANTENNA AT RADAR SITE I SARY SHAGAN ANTIMISSILE TEST CENTER; ERIC ED022850: Rhode Island: Its People and Its Economy; Rhode Island Vocational-Technical Education Development Project.; ERIC ED029051: The First Work of These Times: A Report to the People on Education.,
1966-01-03,We Can Work It Out,The Beatles,,,
1966-01-10,We Can Work It Out,The Beatles,,,
1966-01-17,The Sound Of Silence,Simon,,,
1966-01-24,We Can Work It Out,The Beatles,,,
1966-01-31,My Love,Petula Clark,,,
1966-02-07,My Love,Petula Clark,,,
1966-02-14,Lightnin' Strikes,Lou Christie,,,
1966-02-21,These Boots Are Made For Walkin',Nancy Sinatra,,,
1966-02-28,The Ballad Of The Green Berets,Ssgt Barry Sadler,,,
1966-03-07,The Ballad Of The Green Berets,Ssgt Barry Sadler,,,
1966-03-14,The Ballad Of The Green Berets,Ssgt Barry Sadler,,,
1966-03-21,The Ballad Of The Green Berets,Ssgt Barry Sadler,,,
1966-03-28,The Ballad Of The Green Berets,Ssgt Barry Sadler,,,
1966-04-04,(You're My) Soul And Inspiration,The Righteous Brothers,,,
1966-04-11,(You're My) Soul And Inspiration,The Righteous Brothers,,,
1966-04-18,(You're My) Soul And Inspiration,The Righteous Brothers,,,
1966-04-25,Good Lovin',The Young Rascals,,,
1966-05-02,"Monday, Monday",The Mamas,,,
1966-05-09,"Monday, Monday",The Mamas,,,
1966-05-16,"Monday, Monday",The Mamas,,,
1966-05-23,When A Man Loves A Woman,Percy Sledge,,,
1966-05-30,When A Man Loves A Woman,Percy Sledge,,,
1966-06-06,"Paint It, Black",The Rolling Stones,,,
1966-06-13,"Paint It, Black",The Rolling Stones,,,
1966-06-20,Paperback Writer,The Beatles,,,
1966-06-27,Strangers In The Night,Frank Sinatra,,,
1966-07-04,Paperback Writer,The Beatles,,,
1966-07-11,Hanky Panky,Tommy James And The Shondells,,,
1966-07-18,Hanky Panky,Tommy James And The Shondells,,,
1966-07-25,Wild Thing,The Troggs,,,
1966-08-01,Wild Thing,The Troggs,,,
1966-08-08,Summer In The City,The Lovin' Spoonful,,,
1966-08-15,Summer In The City,The Lovin' Spoonful,,,
1966-08-22,Summer In The City,The Lovin' Spoonful,,,
1966-08-29,Sunshine Superman,Donovan,,,
1966-09-05,You Can't Hurry Love,The Supremes,,,
1966-09-12,You Can't Hurry Love,The Supremes,,,
1966-09-19,Cherish,The Association,,,
1966-09-26,Cherish,The Association,,,
1966-10-03,Cherish,The Association,,,
1966-10-10,Reach Out I'll Be There,Four Tops,,,
1966-10-17,Reach Out I'll Be There,Four Tops,,,
1966-10-24,96 Tears,?,,,
1966-10-31,Last Train To Clarksville,The Monkees,,,
1966-11-07,Poor Side Of Town,Johnny Rivers,,,
1966-11-14,You Keep Me Hangin' On,The Supremes,,,
1966-11-21,You Keep Me Hangin' On,The Supremes,,,
1966-11-28,Winchester Cathedral,The New Vaudeville Band,,,
1966-12-05,Good Vibrations,The Beach Boys,,,
1966-12-12,Winchester Cathedral,The New Vaudeville Band,,,
1966-12-19,Winchester Cathedral,The New Vaudeville Band,,,
1966-12-26,I'm A Believer,The Monkees,,"A CRITICAL INDEX OF FILMS AND FILMSTRIPS IN CONSERVATION DEALING WITH RENEWABLE RESOURCES, NON-RENEWABLE RESOURCES, RESOURCES AND PEOPLE, AND ECOLOGY.; A Comparison of Parent and Teacher Ratings on the Preschool Attainment Record of Seventeen Five-Year-Old Disadvantaged Children.; Billboard; Cosmopolitan and pantropical species of theridiid spiders (Araneae: Theridiidae); ERIC ED039922: A Comparison of Parent and Teacher Ratings on the Preschool Attainment Record of Seventeen Five-Year-Old Disadvantaged Children.",
1967-01-02,I'm A Believer,The Monkees,,,
1967-01-09,I'm A Believer,The Monkees,,,
1967-01-16,I'm A Believer,The Monkees,,,
1967-01-23,I'm A Believer,The Monkees,,,
1967-01-30,I'm A Believer,The Monkees,,,
1967-02-06,I'm A Believer,The Monkees,,,
1967-02-13,Kind Of A Drag,The Buckinghams,,,
1967-02-20,Kind Of A Drag,The Buckinghams,,,
1967-02-27,Ruby Tuesday,The Rolling Stones,,,
1967-03-06,Love Is Here And Now You're Gone,The Supremes,,,
1967-03-13,Penny Lane,The Beatles,,,
1967-03-20,Happy Together,The Turtles,,,
1967-03-27,Happy Together,The Turtles,,,
1967-04-03,Happy Together,The Turtles,,,
1967-04-10,Somethin' Stupid,Nancy Sinatra,,,
1967-04-17,Somethin' Stupid,Nancy Sinatra,,,
1967-04-24,Somethin' Stupid,Nancy Sinatra,,,
1967-05-01,Somethin' Stupid,Nancy Sinatra,,,
1967-05-08,The Happening,The Supremes,,,
1967-05-15,Groovin',The Young Rascals,,,
1967-05-22,Groovin',The Young Rascals,,,
1967-05-29,Respect,Aretha Franklin,,,
1967-06-05,Respect,Aretha Franklin,,,
1967-06-12,Groovin',The Young Rascals,,,
1967-06-19,Groovin',The Young Rascals,,,
1967-06-26,Windy,The Association,,,
1967-07-03,Windy,The Association,,,
1967-07-10,Windy,The Association,,,
1967-07-17,Windy,The Association,,,
1967-07-24,Light My Fire,The Doors,,,
1967-07-31,Light My Fire,The Doors,,,
1967-08-07,Light My Fire,The Doors,,,
1967-08-14,All You Need Is Love,The Beatles,,,
1967-08-21,Ode To Billie Joe,Bobbie Gentry,,,
1967-08-28,Ode To Billie Joe,Bobbie Gentry,,,
1967-09-04,Ode To Billie Joe,Bobbie Gentry,,,
1967-09-11,Ode To Billie Joe,Bobbie Gentry,,,
1967-09-18,The Letter,The Box Tops,,,
1967-09-25,The Letter,The Box Tops,,,
1967-10-02,The Letter,The Box Tops,,,
1967-10-09,The Letter,The Box Tops,,,
1967-10-16,To Sir With Love,Lulu,,,
1967-10-23,To Sir With Love,Lulu,,,
1967-10-30,To Sir With Love,Lulu,,,
1967-11-06,To Sir With Love,Lulu,,,
1967-11-13,To Sir With Love,Lulu,,,
1967-11-20,Incense And Peppermints,Strawberry Alarm Clock,,,
1967-11-27,Daydream Believer,The Monkees,,,
1967-12-04,Daydream Believer,The Monkees,,,
1967-12-11,Daydream Believer,The Monkees,,,
1967-12-18,Daydream Believer,The Monkees,,,
1967-12-25,Hello Goodbye,The Beatles,,,
1968-01-01,Hello Goodbye,The Beatles,,"1968 Mad Magazine No 117 Cover; Assignment Ottawa: seventeen years in the press gallery; Billboard; CIA Reading Room cia-rdp88-01314r000300200007-4: PEOPLE IN THE NEWS UCLA CHIEF TO HEAD NEWSPAPER EMPIRE; Catholic serials of the nineteenth century in the United States: Seventeen states: a descriptive bibliography and union list. First series, part one.",
1968-01-08,Hello Goodbye,The Beatles,,,
1968-01-15,Judy In Disguise (With Glasses),John Fred And The Playboys,,,
1968-01-22,Judy In Disguise (With Glasses),John Fred And The Playboys,,,
1968-01-29,Green Tambourine,The Lemon Pipers,,,
1968-02-05,Love Is Blue (L'amour Est Bleu),Paul Mauriat And His Orchestra,,,
1968-02-12,Love Is Blue (L'amour Est Bleu),Paul Mauriat And His Orchestra,,,
1968-02-19,Love Is Blue (L'amour Est Bleu),Paul Mauriat And His Orchestra,,,
1968-02-26,Love Is Blue (L'amour Est Bleu),Paul Mauriat And His Orchestra,,,
1968-03-04,Love Is Blue (L'amour Est Bleu),Paul Mauriat And His Orchestra,,,
1968-03-11,(Sittin' On) The Dock Of The Bay,Otis Redding,,,
1968-03-18,(Sittin' On) The Dock Of The Bay,Otis Redding,,,
1968-03-25,(Sittin' On) The Dock Of The Bay,Otis Redding,,,
1968-04-01,(Sittin' On) The Dock Of The Bay,Otis Redding,,,
1968-04-08,Honey,Bobby Goldsboro,,,
1968-04-15,Honey,Bobby Goldsboro,,,
1968-04-22,Honey,Bobby Goldsboro,,,
1968-04-29,Honey,Bobby Goldsboro,,,
1968-05-06,Honey,Bobby Goldsboro,,,
1968-05-13,Tighten Up,Archie Bell,,,
1968-05-20,Tighten Up,Archie Bell,,,
1968-05-27,Mrs. Robinson,Simon,,Tiger Beat June 1968,
1968-06-03,Mrs. Robinson,Simon,,,
1968-06-10,Mrs. Robinson,Simon,,,
1968-06-17,This Guy's In Love With You,Herb Alpert,,,
1968-06-24,This Guy's In Love With You,Herb Alpert,,,
1968-07-01,This Guy's In Love With You,Herb Alpert,,,
1968-07-08,This Guy's In Love With You,Herb Alpert,,,
1968-07-15,Grazing In The Grass,Hugh Masekela,,,
1968-07-22,Grazing In The Grass,Hugh Masekela,,,
1968-07-29,"Hello, I Love You",The Doors,,,
1968-08-05,"Hello, I Love You",The Doors,,,
1968-08-12,People Got To Be Free,The Rascals,,,
1968-08-19,People Got To Be Free,The Rascals,,,
1968-08-26,People Got To Be Free,The Rascals,,,
1968-09-02,People Got To Be Free,The Rascals,,,
1968-09-09,People Got To Be Free,The Rascals,,,
1968-09-16,Harper Valley P.T.A.,Jeannie C. Riley,,,
1968-09-23,Hey Jude,The Beatles,,,
1968-09-30,Hey Jude,The Beatles,,,
1968-10-07,Hey Jude,The Beatles,,,
1968-10-14,Hey Jude,The Beatles,,,
1968-10-21,Hey Jude,The Beatles,,,
1968-10-28,Hey Jude,The Beatles,,,
1968-11-04,Hey Jude,The Beatles,,,
1968-11-11,Hey Jude,The Beatles,,,
1968-11-18,Hey Jude,The Beatles,,,
1968-11-25,Love Child,Diana Ross,,,
1968-12-02,Love Child,Diana Ross,,,
1968-12-09,I Heard It Through The Grapevine,Marvin Gaye,,,
1968-12-16,I Heard It Through The Grapevine,Marvin Gaye,,,
1968-12-23,I Heard It Through The Grapevine,Marvin Gaye,,,
1968-12-30,I Heard It Through The Grapevine,Marvin Gaye,,"""Educational Improvement in Majority Negro School Districts in Seventeen Southern and Border States"" (AERA Symposium, Los Angeles, 1969).; 1969-11-15-billboard; A cosmopolitan actor david garrick and his french friends; A literary history of the English people, from the origins to the end of the Middle Ages; Billboard",
1969-01-06,I Heard It Through The Grapevine,Marvin Gaye,,,
1969-01-13,I Heard It Through The Grapevine,Marvin Gaye,,,
1969-01-20,I Heard It Through The Grapevine,Marvin Gaye,,,
1969-01-27,Crimson And Clover,Tommy James And The Shondells,,,
1969-02-03,Crimson And Clover,Tommy James And The Shondells,,,
1969-02-10,Everyday People,Sly,,,
1969-02-17,Everyday People,Sly,,,
1969-02-24,Everyday People,Sly,,,
1969-03-03,Everyday People,Sly,,,
1969-03-10,Dizzy,Tommy Roe,,,
1969-03-17,Dizzy,Tommy Roe,,,
1969-03-24,Dizzy,Tommy Roe,,,
1969-03-31,Dizzy,Tommy Roe,,,
1969-04-07,Aquarius/Let The Sunshine In (The Flesh Failures),The 5th Dimension,,,
1969-04-14,Aquarius/Let The Sunshine In (The Flesh Failures),The 5th Dimension,,,
1969-04-21,Aquarius/Let The Sunshine In (The Flesh Failures),The 5th Dimension,,,
1969-04-28,Aquarius/Let The Sunshine In (The Flesh Failures),The 5th Dimension,,,
1969-05-05,Aquarius/Let The Sunshine In (The Flesh Failures),The 5th Dimension,,,
1969-05-12,Aquarius/Let The Sunshine In (The Flesh Failures),The 5th Dimension,,,
1969-05-19,Get Back,The Beatles,,,
1969-05-26,Get Back,The Beatles,,,
1969-06-02,Get Back,The Beatles,,,
1969-06-09,Get Back,The Beatles,,,
1969-06-16,Get Back,The Beatles,,,
1969-06-23,Love Theme From Romeo & Juliet,Henry Mancini And His Orchestra,,,
1969-06-30,Love Theme From Romeo & Juliet,Henry Mancini And His Orchestra,,,
1969-07-07,In The Year 2525,Zager,,,
1969-07-14,In The Year 2525,Zager,,,
1969-07-21,In The Year 2525,Zager,,,
1969-07-28,In The Year 2525,Zager,,,
1969-08-04,In The Year 2525,Zager,,,
1969-08-11,In The Year 2525,Zager,,,
1969-08-18,Honky Tonk Women,The Rolling Stones,,,
1969-08-25,Honky Tonk Women,The Rolling Stones,,,
1969-09-01,Honky Tonk Women,The Rolling Stones,,,
1969-09-08,Honky Tonk Women,The Rolling Stones,,,
1969-09-15,"Sugar, Sugar",The Archies,,,
1969-09-22,"Sugar, Sugar",The Archies,,,
1969-09-29,"Sugar, Sugar",The Archies,,,
1969-10-06,"Sugar, Sugar",The Archies,,,
1969-10-13,I Can't Get Next To You,The Temptations,,,
1969-10-20,I Can't Get Next To You,The Temptations,,,
1969-10-27,Suspicious Minds,Elvis Presley,,,
1969-11-03,Wedding Bell Blues,The 5th Dimension,,,
1969-11-10,Wedding Bell Blues,The 5th Dimension,,,
1969-11-17,Wedding Bell Blues,The 5th Dimension,,,
1969-11-24,Come Together/Something,The Beatles,,,
1969-12-01,Na Na Hey Hey Kiss Him Goodbye,Steam,,,
1969-12-08,Na Na Hey Hey Kiss Him Goodbye,Steam,,,
1969-12-15,Leaving On A Jet Plane,"Peter, Paul",,,
1969-12-22,Someday We'll Be Together,Diana Ross,,,
1969-12-29,Raindrops Keep Fallin' On My Head,B.j. Thomas,TV Guide (1970-09-26) How TV Covered A Riot (C Virginia); TV Guide - (1970/03/14 to 20) - (Cleveland) Charges Of TV News Bias; Television; a selection of readings from TV guide magazine; Tv Guide 1970 05 02 North Texas David Wade Isaac Asimov,1970-12-19-billboard-p33; A complete view of the dress and habits of the people of England : from the establishment of the Saxons in Britain to the present time ...; Billboard; Billboard v.82 1970 Jul-Sep; CIA Reading Room 0001411860: LETTER TO JOHN C. CARANCI FROM RICHARD HELMS RE BRING TO A CLOSE MORE THAN SEVENTEEN YEARS OF SERVICE TO YOUR COUNTRY,
1970-01-05,Raindrops Keep Fallin' On My Head,B.j. Thomas,,,
1970-01-12,Raindrops Keep Fallin' On My Head,B.j. Thomas,,,
1970-01-19,Raindrops Keep Fallin' On My Head,B.j. Thomas,,,
1970-01-26,I Want You Back,Jackson 5,,,
1970-02-02,Venus,The Shocking Blue,,,
1970-02-09,Thank You Falettinme Be Mice Elf Agin/Everybody Is A Star,Sly,,,
1970-02-16,Thank You Falettinme Be Mice Elf Agin/Everybody Is A Star,Sly,,,
1970-02-23,Bridge Over Troubled Water,Simon,,,
1970-03-02,Bridge Over Troubled Water,Simon,,,
1970-03-09,Bridge Over Troubled Water,Simon,,,
1970-03-16,Bridge Over Troubled Water,Simon,,,
1970-03-23,Bridge Over Troubled Water,Simon,,,
1970-03-30,Bridge Over Troubled Water,Simon,,,
1970-04-06,Let It Be,The Beatles,,,
1970-04-13,Let It Be,The Beatles,,,
1970-04-20,ABC,Jackson 5,,,
1970-04-27,ABC,Jackson 5,"TV Guide May 2, 1970 North Texas edition, David Wade, Isaac Asimov","TV Guide May 2, 1970 North Texas edition, David Wade, Isaac Asimov",
1970-05-04,American Woman/No Sugar Tonight,The Guess Who,,,
1970-05-11,American Woman/No Sugar Tonight,The Guess Who,,,
1970-05-18,American Woman/No Sugar Tonight,The Guess Who,,,
1970-05-25,Everything Is Beautiful,Ray Stevens,,,
1970-06-01,Everything Is Beautiful,Ray Stevens,,,
1970-06-08,The Long And Winding Road/For You Blue,The Beatles,,,
1970-06-15,The Long And Winding Road/For You Blue,The Beatles,,,
1970-06-22,The Love You Save/I Found That Girl,Jackson 5,,,
1970-06-29,The Love You Save/I Found That Girl,Jackson 5,,,
1970-07-06,Mama Told Me (Not To Come),Three Dog Night,,,
1970-07-13,Mama Told Me (Not To Come),Three Dog Night,,,
1970-07-20,(They Long To Be) Close To You,Carpenters,,,
1970-07-27,(They Long To Be) Close To You,Carpenters,,,
1970-08-03,(They Long To Be) Close To You,Carpenters,,,
1970-08-10,(They Long To Be) Close To You,Carpenters,,,
1970-08-17,Make It With You,Bread,,,
1970-08-24,War,Edwin Starr,,,
1970-08-31,War,Edwin Starr,,,
1970-09-07,War,Edwin Starr,,,
1970-09-14,Ain't No Mountain High Enough,Diana Ross,,,
1970-09-21,Ain't No Mountain High Enough,Diana Ross,,,
1970-09-28,Ain't No Mountain High Enough,Diana Ross,,,
1970-10-05,Cracklin' Rosie,Neil Diamond,,,
1970-10-12,I'll Be There,Jackson 5,,,
1970-10-19,I'll Be There,Jackson 5,,,
1970-10-26,I'll Be There,Jackson 5,,,
1970-11-02,I'll Be There,Jackson 5,,,
1970-11-09,I'll Be There,Jackson 5,,,
1970-11-16,I Think I Love You,The Partridge Family Starring Shirley Jones,,,
1970-11-23,I Think I Love You,The Partridge Family Starring Shirley Jones,,,
1970-11-30,I Think I Love You,The Partridge Family Starring Shirley Jones,,,
1970-12-07,The Tears Of A Clown,Smokey Robinson,,,
1970-12-14,The Tears Of A Clown,Smokey Robinson,,,
1970-12-21,My Sweet Lord/Isn't It A Pity,George Harrison,,,
1970-12-28,My Sweet Lord/Isn't It A Pity,George Harrison,TV Guide (TVガイド) 1971 Nov 19 -- Full Scan,"A CRIME AGAINST THE PEOPLE; A good life for more people; All male or female persons seventeen years of age or over listed in the City of Everett, January 1, 1971; Alpha Land - The Letter People (1971); Billboard",
1971-01-04,My Sweet Lord/Isn't It A Pity,George Harrison,,,
1971-01-11,My Sweet Lord/Isn't It A Pity,George Harrison,,,
1971-01-18,Knock Three Times,Dawn,,,
1971-01-25,Knock Three Times,Dawn,,,
1971-02-01,Knock Three Times,Dawn,,,
1971-02-08,One Bad Apple,The Osmonds,,,
1971-02-15,One Bad Apple,The Osmonds,,,
1971-02-22,One Bad Apple,The Osmonds,,,
1971-03-01,One Bad Apple,The Osmonds,,,
1971-03-08,One Bad Apple,The Osmonds,,,
1971-03-15,Me And Bobby McGee,Janis Joplin,,,
1971-03-22,Me And Bobby McGee,Janis Joplin,,,
1971-03-29,Just My Imagination (Running Away With Me),The Temptations,,,
1971-04-05,Just My Imagination (Running Away With Me),The Temptations,,,
1971-04-12,Joy To The World,Three Dog Night,,,
1971-04-19,Joy To The World,Three Dog Night,,,
1971-04-26,Joy To The World,Three Dog Night,,Tiger Beat May 1971 Vol 7 No 8,
1971-05-03,Joy To The World,Three Dog Night,,,
1971-05-10,Joy To The World,Three Dog Night,,,
1971-05-17,Joy To The World,Three Dog Night,,,
1971-05-24,Brown Sugar,The Rolling Stones,,,
1971-05-31,Brown Sugar,The Rolling Stones,,,
1971-06-07,Want Ads,The Honey Cone,,,
1971-06-14,It's Too Late/I Feel The Earth Move,Carole King,,,
1971-06-21,It's Too Late/I Feel The Earth Move,Carole King,,,
1971-06-28,It's Too Late/I Feel The Earth Move,Carole King,,,
1971-07-05,It's Too Late/I Feel The Earth Move,Carole King,,,
1971-07-12,It's Too Late/I Feel The Earth Move,Carole King,,,
1971-07-19,Indian Reservation (The Lament Of The Cherokee Reservation Indian),The Raiders,,,
1971-07-26,You've Got A Friend,James Taylor,,,
1971-08-02,How Can You Mend A Broken Heart,Bee Gees,,,
1971-08-09,How Can You Mend A Broken Heart,Bee Gees,,,
1971-08-16,How Can You Mend A Broken Heart,Bee Gees,,,
1971-08-23,How Can You Mend A Broken Heart,Bee Gees,,,
1971-08-30,Uncle Albert/Admiral Halsey,Paul,,,
1971-09-06,Go Away Little Girl,Donny Osmond,,,
1971-09-13,Go Away Little Girl,Donny Osmond,,,
1971-09-20,Go Away Little Girl,Donny Osmond,,,
1971-09-27,Maggie May/Reason To Believe,Rod Stewart,,,
1971-10-04,Maggie May/Reason To Believe,Rod Stewart,,,
1971-10-11,Maggie May/Reason To Believe,Rod Stewart,,,
1971-10-18,Maggie May/Reason To Believe,Rod Stewart,,,
1971-10-25,Maggie May/Reason To Believe,Rod Stewart,,,
1971-11-01,"Gypsys, Tramps & Thieves",Cher,,,
1971-11-08,"Gypsys, Tramps & Thieves",Cher,,,
1971-11-15,Theme From Shaft,Isaac Hayes,,,
1971-11-22,Theme From Shaft,Isaac Hayes,,,
1971-11-29,Family Affair,Sly,,,
1971-12-06,Family Affair,Sly,,,
1971-12-13,Family Affair,Sly,,,
1971-12-20,Brand New Key,Melanie,,,
1971-12-27,Brand New Key,Melanie,A Cable TV Guide for Educators: Uses and Provisions. Second Edition.; Backstage at 'The Mary Tyler Moore Show'- TV Guide Magazine (February 1972); Milwaukee Bucks 1972-1973 official press-radio-TV guide; TV Guide - (1972/05/06) - (Ga) TV Influencing Political Primaries; TV Guide - (1972/09/30 to 06) - (Georgia) - TV Political Coverage Biased,1972-07-22-billboard; 1972-12-07 Rolling Stone ( Excerpt) Spacewar Article 600DPI; A Cable TV Guide for Educators: Uses and Provisions. Second Edition.; Anthropology for the people; a refutation of the theory of the Adamic origin of all races; Backstage at 'The Mary Tyler Moore Show'- TV Guide Magazine (February 1972),
1972-01-03,Brand New Key,Melanie,,,
1972-01-10,American Pie (Parts I & II),Don Mclean,,,
1972-01-17,American Pie (Parts I & II),Don Mclean,,,
1972-01-24,American Pie (Parts I & II),Don Mclean,,,
1972-01-31,American Pie (Parts I & II),Don Mclean,,,
1972-02-07,Let's Stay Together,Al Green,,,
1972-02-14,Without You,Nilsson,,,
1972-02-21,Without You,Nilsson,,,
1972-02-28,Without You,Nilsson,,,
1972-03-06,Without You,Nilsson,,,
1972-03-13,Heart Of Gold,Neil Young,,,
1972-03-20,A Horse With No Name,America,,,
1972-03-27,A Horse With No Name,America,,,
1972-04-03,A Horse With No Name,America,,,
1972-04-10,The First Time Ever I Saw Your Face,Roberta Flack,,,
1972-04-17,The First Time Ever I Saw Your Face,Roberta Flack,,,
1972-04-24,The First Time Ever I Saw Your Face,Roberta Flack,,,
1972-05-01,The First Time Ever I Saw Your Face,Roberta Flack,,,
1972-05-08,The First Time Ever I Saw Your Face,Roberta Flack,,,
1972-05-15,The First Time Ever I Saw Your Face,Roberta Flack,,,
1972-05-22,Oh Girl,The Chi-lites,,,
1972-05-29,I'll Take You There,The Staple Singers,,,
1972-06-05,The Candy Man,"Sammy Davis, Jr",,,
1972-06-12,The Candy Man,"Sammy Davis, Jr",,,
1972-06-19,The Candy Man,"Sammy Davis, Jr",,,
1972-06-26,Song Sung Blue,Neil Diamond,,,
1972-07-03,Lean On Me,Bill,,,
1972-07-10,Lean On Me,Bill,,,
1972-07-17,Lean On Me,Bill,,,
1972-07-24,Alone Again (Naturally),Gilbert O'sullivan,,,
1972-07-31,Alone Again (Naturally),Gilbert O'sullivan,,,
1972-08-07,Alone Again (Naturally),Gilbert O'sullivan,,,
1972-08-14,Alone Again (Naturally),Gilbert O'sullivan,,,
1972-08-21,Brandy (You're A Fine Girl),Looking Glass,,,
1972-08-28,Alone Again (Naturally),Gilbert O'sullivan,,,
1972-09-04,Alone Again (Naturally),Gilbert O'sullivan,,,
1972-09-11,Black & White,Three Dog Night,,,
1972-09-18,Baby Don't Get Hooked On Me,Mac Davis,,,
1972-09-25,Baby Don't Get Hooked On Me,Mac Davis,,,
1972-10-02,Baby Don't Get Hooked On Me,Mac Davis,,,
1972-10-09,Ben,Michael Jackson,,,
1972-10-16,My Ding-A-Ling,Chuck Berry,,,
1972-10-23,My Ding-A-Ling,Chuck Berry,,,
1972-10-30,I Can See Clearly Now,Johnny Nash,,,
1972-11-06,I Can See Clearly Now,Johnny Nash,,,
1972-11-13,I Can See Clearly Now,Johnny Nash,,,
1972-11-20,I Can See Clearly Now,Johnny Nash,,,
1972-11-27,Papa Was A Rollin' Stone,The Temptations,,,
1972-12-04,I Am Woman,Helen Reddy,,,
1972-12-11,Me And Mrs. Jones,Billy Paul,,,
1972-12-18,Me And Mrs. Jones,Billy Paul,,,
1972-12-25,Me And Mrs. Jones,Billy Paul,,,
1973-01-01,You're So Vain,Carly Simon,TV Guide 1973-12-22 Chicago Metropolitan Edition; TV Guide v21n35 (#0566) [1973-09-01] (jodyanimator),"A Modest Proposal. An Expression of Children's Needs by People in Rural Alaska with Recommendations for Positive Change.; A collection of eighteen papers, relating to the affairs of church & state, during the reign of King James the Second. (Seventeen whereof written in Holland, and first printed there; Accountability, It's People and It's Systems: PPbS. Education Monograph No. 4.; Billboard; Billboard v.85 1973 Jan-Mar",
1973-01-08,You're So Vain,Carly Simon,,,
1973-01-15,You're So Vain,Carly Simon,,,
1973-01-22,Superstition,Stevie Wonder,,,
1973-01-29,Crocodile Rock,Elton John,,,
1973-02-05,Crocodile Rock,Elton John,,,
1973-02-12,Crocodile Rock,Elton John,,,
1973-02-19,Killing Me Softly With His Song,Roberta Flack,,,
1973-02-26,Killing Me Softly With His Song,Roberta Flack,,,
1973-03-05,Killing Me Softly With His Song,Roberta Flack,,,
1973-03-12,Killing Me Softly With His Song,Roberta Flack,,,
1973-03-19,Love Train,The O'jays,,,
1973-03-26,Killing Me Softly With His Song,Roberta Flack,,,
1973-04-02,The Night The Lights Went Out In Georgia,Vicki Lawrence,,,
1973-04-09,The Night The Lights Went Out In Georgia,Vicki Lawrence,,,
1973-04-16,Tie A Yellow Ribbon Round The Ole Oak Tree,Dawn,,,
1973-04-23,Tie A Yellow Ribbon Round The Ole Oak Tree,Dawn,,,
1973-04-30,Tie A Yellow Ribbon Round The Ole Oak Tree,Dawn,,,
1973-05-07,Tie A Yellow Ribbon Round The Ole Oak Tree,Dawn,,,
1973-05-14,You Are The Sunshine Of My Life,Stevie Wonder,,,
1973-05-21,Frankenstein,Edgar Winter Group,,,
1973-05-28,My Love,Paul Mccartney And Wings,,,
1973-06-04,My Love,Paul Mccartney And Wings,,,
1973-06-11,My Love,Paul Mccartney And Wings,,,
1973-06-18,My Love,Paul Mccartney And Wings,,,
1973-06-25,Give Me Love - (Give Me Peace On Earth),George Harrison,,,
1973-07-02,Will It Go Round In Circles,Billy Preston,,,
1973-07-09,Will It Go Round In Circles,Billy Preston,,,
1973-07-16,"Bad, Bad Leroy Brown",Jim Croce,,,
1973-07-23,"Bad, Bad Leroy Brown",Jim Croce,,,
1973-07-30,The Morning After,Maureen Mcgovern,,,
1973-08-06,The Morning After,Maureen Mcgovern,,,
1973-08-13,Touch Me In The Morning,Diana Ross,,,
1973-08-20,Brother Louie,Stories,,,
1973-08-27,Brother Louie,Stories,,,
1973-09-03,Let's Get It On,Marvin Gaye,,,
1973-09-10,Delta Dawn,Helen Reddy,,,
1973-09-17,Let's Get It On,Marvin Gaye,,,
1973-09-24,We're An American Band,Grand Funk,,,
1973-10-01,Half-Breed,Cher,,,
1973-10-08,Half-Breed,Cher,,,
1973-10-15,Angie,The Rolling Stones,,,
1973-10-22,Midnight Train To Georgia,Gladys Knight And The Pips,,,
1973-10-29,Midnight Train To Georgia,Gladys Knight And The Pips,,,
1973-11-05,Keep On Truckin' (Part 1),Eddie Kendricks,,,
1973-11-12,Keep On Truckin' (Part 1),Eddie Kendricks,,,
1973-11-19,Photograph,Ringo Starr,,,
1973-11-26,Top Of The World,Carpenters,,,
1973-12-03,Top Of The World,Carpenters,,,
1973-12-10,The Most Beautiful Girl,Charlie Rich,,,
1973-12-17,The Most Beautiful Girl,Charlie Rich,,,
1973-12-24,Time In A Bottle,Jim Croce,,,
1973-12-31,Time In A Bottle,Jim Croce,TV Guide v22n22 (#1105) [1974-06-01] (jodyanimator),"1974 PAGES FROM NATIONAL LAMPOON; All male or female persons seventeen years of age or over listed in the City of Everett, January 1, 1974; Billboard; Billboard v.86 1974 Jan-Feb; Billboard v.86 1974 Jun-Aug",
1974-01-07,The Joker,The Steve Miller Band,,,
1974-01-14,Show And Tell,Al Wilson,,,
1974-01-21,You're Sixteen,Ringo Starr,,,
1974-01-28,The Way We Were,Barbra Streisand,,,
1974-02-04,Love's Theme,Love Unlimited Orchestra,,,
1974-02-11,The Way We Were,Barbra Streisand,,,
1974-02-18,The Way We Were,Barbra Streisand,,,
1974-02-25,Seasons In The Sun,Terry Jacks,,,
1974-03-04,Seasons In The Sun,Terry Jacks,,,
1974-03-11,Seasons In The Sun,Terry Jacks,,,
1974-03-18,Dark Lady,Cher,,,
1974-03-25,Sunshine On My Shoulders,John Denver,,,
1974-04-01,Hooked On A Feeling,Blue Swede,,,
1974-04-08,Bennie And The Jets,Elton John,,,
1974-04-15,TSOP (The Sound Of Philadelphia),Mfsb,,,
1974-04-22,TSOP (The Sound Of Philadelphia),Mfsb,,,
1974-04-29,The Loco-Motion,Grand Funk,,,
1974-05-06,The Loco-Motion,Grand Funk,,,
1974-05-13,The Streak,Ray Stevens,,,
1974-05-20,The Streak,Ray Stevens,,,
1974-05-27,The Streak,Ray Stevens,,,
1974-06-03,Band On The Run,Paul Mccartney And Wings,,,
1974-06-10,"Billy, Don't Be A Hero",Bo Donaldson And The Heywoods,,,
1974-06-17,"Billy, Don't Be A Hero",Bo Donaldson And The Heywoods,,,
1974-06-24,Sundown,Gordon Lightfoot,,,
1974-07-01,Rock The Boat,The Hues Corporation,,,
1974-07-08,Rock Your Baby,George Mccrae,,,
1974-07-15,Rock Your Baby,George Mccrae,,,
1974-07-22,Annie's Song,John Denver,,,
1974-07-29,Annie's Song,John Denver,,,
1974-08-05,Feel Like Makin' Love,Roberta Flack,,,
1974-08-12,The Night Chicago Died,Paper Lace,,,
1974-08-19,(You're) Having My Baby,Paul Anka,,,
1974-08-26,(You're) Having My Baby,Paul Anka,,,
1974-09-02,(You're) Having My Baby,Paul Anka,,,
1974-09-09,I Shot The Sheriff,Eric Clapton,,,
1974-09-16,"Can't Get Enough Of Your Love, Babe",Barry White,,,
1974-09-23,Rock Me Gently,Andy Kim,,,
1974-09-30,I Honestly Love You,Olivia Newton-john,,,
1974-10-07,I Honestly Love You,Olivia Newton-john,,,
1974-10-14,Nothing From Nothing,Billy Preston,,,
1974-10-21,Then Came You,Dionne Warwicke,,,
1974-10-28,You Haven't Done Nothin,Stevie Wonder,,,
1974-11-04,You Ain't Seen Nothing Yet/Free Wheelin',Bachman-turner Overdrive,,,
1974-11-11,Whatever Gets You Thru The Night,John Lennon,,,
1974-11-18,I Can Help,Billy Swan,,,
1974-11-25,I Can Help,Billy Swan,,,
1974-12-02,Kung Fu Fighting,Carl Douglas,,,
1974-12-09,Kung Fu Fighting,Carl Douglas,,,
1974-12-16,Cat's In The Cradle,Harry Chapin,,,
1974-12-23,Angie Baby,Helen Reddy,,,
1974-12-30,Lucy In The Sky With Diamonds,Elton John,"Science Fiction TV Guide Volume One Number Two August 19-25, 1975; TV Guide 1975-12-06 San Francisco Metropolitan Edition","Airshield Truck Billboard 1975; Alcoholism and Montana Indian people : toward an off-reservation solution : a study; All male or female persons seventeen years of age or over listed in the City of Everett, January 1, 1975; Art and Indian individualists : the art of seventeen contemporary Southwestern artists and craftsmen; Bagázh : memoirs of a Russian cosmopolitan",
1975-01-06,Lucy In The Sky With Diamonds,Elton John,,,
1975-01-13,Mandy,Barry Manilow,,,
1975-01-20,Please Mr. Postman,Carpenters,,,
1975-01-27,Laughter In The Rain,Neil Sedaka,,,
1975-02-03,Fire,Ohio Players,,,
1975-02-10,You're No Good,Linda Ronstadt,,,
1975-02-17,Pick Up The Pieces,Awb,,,
1975-02-24,Best Of My Love,Eagles,,,
1975-03-03,Have You Never Been Mellow,Olivia Newton-john,,,
1975-03-10,Black Water,The Doobie Brothers,,,
1975-03-17,My Eyes Adored You,Frankie Valli,,,
1975-03-24,Lady Marmalade,Labelle,,,
1975-03-31,Lovin' You,Minnie Riperton,,,
1975-04-07,Philadelphia Freedom,The Elton John Band,,,
1975-04-14,Philadelphia Freedom,The Elton John Band,,,
1975-04-21,(Hey Won't You Play) Another Somebody Done Somebody Wrong Song,B.j. Thomas,,,
1975-04-28,He Don't Love You (Like I Love You),Tony Orlando,,,
1975-05-05,He Don't Love You (Like I Love You),Tony Orlando,,,
1975-05-12,He Don't Love You (Like I Love You),Tony Orlando,,,
1975-05-19,Shining Star,"Earth, Wind",,,
1975-05-26,Before The Next Teardrop Falls,Freddy Fender,,,
1975-06-02,Thank God I'm A Country Boy,John Denver,,,
1975-06-09,Sister Golden Hair,America,,,
1975-06-16,Love Will Keep Us Together,The Captain,,,
1975-06-23,Love Will Keep Us Together,The Captain,,,
1975-06-30,Love Will Keep Us Together,The Captain,,,
1975-07-07,Love Will Keep Us Together,The Captain,,,
1975-07-14,Listen To What The Man Said,Wings,,,
1975-07-21,The Hustle,Van Mccoy,,,
1975-07-28,One Of These Nights,Eagles,,,
1975-08-04,Jive Talkin',Bee Gees,,,
1975-08-11,Jive Talkin',Bee Gees,,,
1975-08-18,Fallin' In Love,"Hamilton, Joe Frank",,,
1975-08-25,Get Down Tonight,Kc And The Sunshine Band,,,
1975-09-01,Rhinestone Cowboy,Glen Campbell,,,
1975-09-08,Rhinestone Cowboy,Glen Campbell,,,
1975-09-15,Fame,David Bowie,,,
1975-09-22,I'm Sorry,John Denver,,,
1975-09-29,Fame,David Bowie,,,
1975-10-06,Bad Blood,Neil Sedaka,,,
1975-10-13,Bad Blood,Neil Sedaka,,,
1975-10-20,Bad Blood,Neil Sedaka,,,
1975-10-27,Island Girl,Elton John,,,
1975-11-03,Island Girl,Elton John,,,
1975-11-10,Island Girl,Elton John,,,
1975-11-17,That's The Way (I Like It),Kc And The Sunshine Band,,,
1975-11-24,"Fly, Robin, Fly",Silver Convention,,,
1975-12-01,"Fly, Robin, Fly",Silver Convention,,,
1975-12-08,"Fly, Robin, Fly",Silver Convention,,,
1975-12-15,That's The Way (I Like It),Kc And The Sunshine Band,,,
1975-12-22,Let's Do It Again,The Staple Singers,,,
1975-12-29,Saturday Night,Bay City Rollers,From the Magazine Rack No. 101 — The Rose-Colored Rearview Mirror (Saturday Review); President Ford Talks About Television (TV Guide); The Nation’s River (National Geographic) (VOA Radio Script); From the Magazine Rack No. 102 — Candidate Carter Talks About Television (TV Guide); Lobbying: Key to Lasting Political Influence (Black Enterprise); North Sea Oil Fuels Scottish Nationalism (Fortune) (VOA Radio Script); From the Magazine Rack No. 104 — Why Don’t People Vote? (TV Guide); On Predicting Earthquakes (Current); Born Again: The Year of the Evangelicals (Newsweek) (VOA Radio Script); From the Magazine Rack No. 69 — Covering the Economy (TV Guide); Senior Volunteers (Parks and Recreation) (VOA Radio Script); From the Magazine Rack No. 72 — Legal Richts Still Cloudy For Eighteen-Year-Olds (U.S. News And World Report); Anatomy of a Newscast (TV Guide) (VOA Radio Script),1976 National Lampoon Dirty Duck; 1976 National Lampoon Excerpt Court Upholds; 1976 National Lampoon Trots Bonnie Girl Band; A sheriff for all the people; ALLEGATIONS CONCERNING CIA CONTAINED IN THE 20 MAY 1976 ISSUE OF ROLLING STONE MAGAZINE,
1976-01-05,Convoy,C.w. Mccall,,,
1976-01-12,I Write The Songs,Barry Manilow,,,
1976-01-19,Theme From Mahogany (Do You Know Where You're Going To),Diana Ross,,,
1976-01-26,Love Rollercoaster,Ohio Players,,,
1976-02-02,50 Ways To Leave Your Lover,Paul Simon,,,
1976-02-09,50 Ways To Leave Your Lover,Paul Simon,,,
1976-02-16,50 Ways To Leave Your Lover,Paul Simon,,,
1976-02-23,Theme From S.W.A.T.,Rhythm Heritage,,,
1976-03-01,Love Machine (Part 1),The Miracles,,,
1976-03-08,"December, 1963 (Oh, What a Night)",The 4 Seasons,,,
1976-03-15,"December, 1963 (Oh, What a Night)",The 4 Seasons,,,
1976-03-22,"December, 1963 (Oh, What a Night)",The 4 Seasons,,,
1976-03-29,Disco Lady,Johnnie Taylor,,,
1976-04-05,Disco Lady,Johnnie Taylor,,,
1976-04-12,Disco Lady,Johnnie Taylor,,,
1976-04-19,Disco Lady,Johnnie Taylor,,,
1976-04-26,Let Your Love Flow,The Bellamy Brothers,,,
1976-05-03,Welcome Back,John Sebastian,,,
1976-05-10,Boogie Fever,The Sylvers,,,
1976-05-17,Silly Love Songs,Wings,,,
1976-05-24,Love Hangover,Diana Ross,,,
1976-05-31,Love Hangover,Diana Ross,,,
1976-06-07,Silly Love Songs,Wings,,,
1976-06-14,Silly Love Songs,Wings,,,
1976-06-21,Silly Love Songs,Wings,,,
1976-06-28,Silly Love Songs,Wings,,,
1976-07-05,Afternoon Delight,Starland Vocal Band,,,
1976-07-12,Afternoon Delight,Starland Vocal Band,,,
1976-07-19,Kiss And Say Goodbye,The Manhattans,,,
1976-07-26,Kiss And Say Goodbye,The Manhattans,,,
1976-08-02,Don't Go Breaking My Heart,Elton John,,,
1976-08-09,Don't Go Breaking My Heart,Elton John,,,
1976-08-16,Don't Go Breaking My Heart,Elton John,,,
1976-08-23,Don't Go Breaking My Heart,Elton John,,,
1976-08-30,You Should Be Dancing,Bee Gees,,,
1976-09-06,"(Shake, Shake, Shake) Shake Your Booty",Kc And The Sunshine Band,,,
1976-09-13,Play That Funky Music,Wild Cherry,,,
1976-09-20,Play That Funky Music,Wild Cherry,,,
1976-09-27,Play That Funky Music,Wild Cherry,,,
1976-10-04,A Fifth Of Beethoven,Walter Murphy,,,
1976-10-11,Disco Duck (Part I),Rick Dees,,,
1976-10-18,If You Leave Me Now,Chicago,,,
1976-10-25,If You Leave Me Now,Chicago,,,
1976-11-01,Rock'n Me,Steve Miller,,,
1976-11-08,Tonight's The Night (Gonna Be Alright),Rod Stewart,,,
1976-11-15,Tonight's The Night (Gonna Be Alright),Rod Stewart,,,
1976-11-22,Tonight's The Night (Gonna Be Alright),Rod Stewart,,,
1976-11-29,Tonight's The Night (Gonna Be Alright),Rod Stewart,,,
1976-12-06,Tonight's The Night (Gonna Be Alright),Rod Stewart,,,
1976-12-13,Tonight's The Night (Gonna Be Alright),Rod Stewart,,,
1976-12-20,Tonight's The Night (Gonna Be Alright),Rod Stewart,,,
1976-12-27,Tonight's The Night (Gonna Be Alright),Rod Stewart,"Country Style - Press, Radio & TV Guide (1977); TV Guide - 1977-02-26 - Los Angeles, CA Edition; The Programming Pirate of Pickle Lake Ontario TV Guide Canada by Gordon Donaldson 1977","All male or female persons seventeen years of age or over listed in the City of Everett, January 1, 1977; Billboard; Black people in Britain 1555-1833; CBS' '60 MINUTES' ON THE SEVENTEEN NAMES IN THE BOOK OF HONOR; CIA Reading Room cia-rdp86b00985r000200280028-1: THOMAS BARGER'S SUGGESTIONS ON PEOPLE TO WORK ON NATIONAL INTELLIGENCE ESTIMATES",
1977-01-03,You Don't Have To Be A Star (To Be In My Show),Marilyn Mccoo,,,
1977-01-10,You Make Me Feel Like Dancing,Leo Sayer,,,
1977-01-17,I Wish,Stevie Wonder,,,
1977-01-24,Car Wash,Rose Royce,,,
1977-01-31,Torn Between Two Lovers,Mary Macgregor,,,
1977-02-07,Torn Between Two Lovers,Mary Macgregor,,,
1977-02-14,Blinded By The Light,Manfred Mann's Earth Band,,,
1977-02-21,New Kid In Town,Eagles,,,
1977-02-28,"Evergreen (Love Theme From ""A Star Is Born"")",Barbra Streisand,,,
1977-03-07,"Evergreen (Love Theme From ""A Star Is Born"")",Barbra Streisand,,,
1977-03-14,"Evergreen (Love Theme From ""A Star Is Born"")",Barbra Streisand,,,
1977-03-21,Rich Girl,Daryl Hall undefined John Oates,,,
1977-03-28,Rich Girl,Daryl Hall undefined John Oates,,,
1977-04-04,Dancing Queen,Abba,,,
1977-04-11,Don't Give Up On Us,David Soul,,,
1977-04-18,Don't Leave Me This Way,Thelma Houston,,,
1977-04-25,Southern Nights,Glen Campbell,,,
1977-05-02,Hotel California,Eagles,,,
1977-05-09,When I Need You,Leo Sayer,,,
1977-05-16,Sir Duke,Stevie Wonder,,,
1977-05-23,Sir Duke,Stevie Wonder,,,
1977-05-30,Sir Duke,Stevie Wonder,,,
1977-06-06,I'm Your Boogie Man,Kc And The Sunshine Band,,,
1977-06-13,Dreams,Fleetwood Mac,,,
1977-06-20,Got To Give It Up (Pt. I),Marvin Gaye,,,
1977-06-27,Gonna Fly Now,Bill Conti,,,
1977-07-04,Undercover Angel,Alan O'day,,,
1977-07-11,Da Doo Ron Ron,Shaun Cassidy,,,
1977-07-18,Looks Like We Made It,Barry Manilow,,,
1977-07-25,I Just Want To Be Your Everything,Andy Gibb,,,
1977-08-01,I Just Want To Be Your Everything,Andy Gibb,,,
1977-08-08,I Just Want To Be Your Everything,Andy Gibb,,,
1977-08-15,Best Of My Love,The Emotions,,,
1977-08-22,Best Of My Love,The Emotions,,,
1977-08-29,Best Of My Love,The Emotions,,,
1977-09-05,Best Of My Love,The Emotions,,,
1977-09-12,I Just Want To Be Your Everything,Andy Gibb,,,
1977-09-19,Best Of My Love,The Emotions,,,
1977-09-26,Star Wars Theme/Cantina Band,Meco,,,
1977-10-03,Star Wars Theme/Cantina Band,Meco,,,
1977-10-10,You Light Up My Life,Debby Boone,,,
1977-10-17,You Light Up My Life,Debby Boone,,,
1977-10-24,You Light Up My Life,Debby Boone,,,
1977-10-31,You Light Up My Life,Debby Boone,,,
1977-11-07,You Light Up My Life,Debby Boone,,,
1977-11-14,You Light Up My Life,Debby Boone,,,
1977-11-21,You Light Up My Life,Debby Boone,,,
1977-11-28,You Light Up My Life,Debby Boone,,,
1977-12-05,You Light Up My Life,Debby Boone,,,
1977-12-12,You Light Up My Life,Debby Boone,,,
1977-12-19,How Deep Is Your Love,Bee Gees,,,
1977-12-26,How Deep Is Your Love,Bee Gees,"Get the Johnny Carson show before it's bleeped - TV Guide Oklahoma 1978; Pay TV Without Paying - TV Guide Canada 1978; TV Guide The First 25 Years; TV guide, the first 25 years; The TV guide quiz book","1978 National Lampoon Weed Issue; A Handbook on Legal Rights of Developmentally Disabled People in Massachusetts.; All male or female persons seventeen years of age or over listed in the City of Everett, January 1, 1978; Anna Elizabeth, seventeen; Article About Ted Bundy Published In Rolling Stone, December 14, 1978",
1978-01-02,How Deep Is Your Love,Bee Gees,,,
1978-01-09,Baby Come Back,Player,,,
1978-01-16,Baby Come Back,Player,,,
1978-01-23,Baby Come Back,Player,,,
1978-01-30,Stayin' Alive,Bee Gees,,,
1978-02-06,Stayin' Alive,Bee Gees,,,
1978-02-13,Stayin' Alive,Bee Gees,,,
1978-02-20,Stayin' Alive,Bee Gees,,,
1978-02-27,(Love Is) Thicker Than Water,Andy Gibb,,,
1978-03-06,(Love Is) Thicker Than Water,Andy Gibb,,,
1978-03-13,Night Fever,Bee Gees,,,
1978-03-20,Night Fever,Bee Gees,,,
1978-03-27,Night Fever,Bee Gees,,,
1978-04-03,Night Fever,Bee Gees,,,
1978-04-10,Night Fever,Bee Gees,,,
1978-04-17,Night Fever,Bee Gees,,,
1978-04-24,Night Fever,Bee Gees,,,
1978-05-01,Night Fever,Bee Gees,,,
1978-05-08,If I Can't Have You,Yvonne Elliman,,,
1978-05-15,With A Little Luck,Wings,,,
1978-05-22,With A Little Luck,Wings,,,
1978-05-29,"Too Much, Too Little, Too Late",Johnny Mathis/deniece Williams,,,
1978-06-05,You're The One That I Want,John Travolta,,,
1978-06-12,Shadow Dancing,Andy Gibb,,,
1978-06-19,Shadow Dancing,Andy Gibb,,,
1978-06-26,Shadow Dancing,Andy Gibb,,,
1978-07-03,Shadow Dancing,Andy Gibb,,,
1978-07-10,Shadow Dancing,Andy Gibb,,,
1978-07-17,Shadow Dancing,Andy Gibb,,,
1978-07-24,Shadow Dancing,Andy Gibb,,,
1978-07-31,Miss You,The Rolling Stones,,,
1978-08-07,Three Times A Lady,Commodores,,,
1978-08-14,Three Times A Lady,Commodores,,,
1978-08-21,Grease,Frankie Valli,,,
1978-08-28,Grease,Frankie Valli,,,
1978-09-04,Boogie Oogie Oogie,A Taste Of Honey,,,
1978-09-11,Boogie Oogie Oogie,A Taste Of Honey,,,
1978-09-18,Boogie Oogie Oogie,A Taste Of Honey,,,
1978-09-25,Kiss You All Over,Exile,,,
1978-10-02,Kiss You All Over,Exile,,,
1978-10-09,Kiss You All Over,Exile,,,
1978-10-16,Kiss You All Over,Exile,,,
1978-10-23,Hot Child In The City,Nick Gilder,,,
1978-10-30,You Needed Me,Anne Murray,,,
1978-11-06,MacArthur Park,Donna Summer,,,
1978-11-13,MacArthur Park,Donna Summer,,,
1978-11-20,MacArthur Park,Donna Summer,,,
1978-11-27,You Don't Bring Me Flowers,Barbra Streisand,,,
1978-12-04,Le Freak,Chic,,,
1978-12-11,You Don't Bring Me Flowers,Barbra Streisand,,,
1978-12-18,Le Freak,Chic,,,
1978-12-25,Le Freak,Chic,,,
1979-01-01,Too Much Heaven,Bee Gees,"A kid's TV guide : a children's book about watching TV intelligently; TV Guide - 1979-06-23 - Los Angeles, CA Edition; TV Guide 1979-04-21 St Louis Edition; TV Guide North Texas 1979 07 07-13; Weekly Reader Books presents A kid's TV guide : a children's book about watching TV intelligently","A kid's TV guide : a children's book about watching TV intelligently; Accounting for a simplified firm owning depreciable assets : seventeen essays and a synthesis based on a common case , papers from Accounting Researchers International Association symposium, held at Jesse H. Jones Graduate School of Administration, Rice University, May 1978; All male or female persons seventeen years of age or over listed in the City of Everett as of January 1, 1979; Aristocracy and people : Britain, 1815-1865; Billboard",
1979-01-08,Too Much Heaven,Bee Gees,,,
1979-01-15,Le Freak,Chic,,,
1979-01-22,Le Freak,Chic,,,
1979-01-29,Le Freak,Chic,,,
1979-02-05,Da Ya Think I'm Sexy?,Rod Stewart,,,
1979-02-12,Da Ya Think I'm Sexy?,Rod Stewart,,,
1979-02-19,Da Ya Think I'm Sexy?,Rod Stewart,,,
1979-02-26,Da Ya Think I'm Sexy?,Rod Stewart,,,
1979-03-05,I Will Survive,Gloria Gaynor,,,
1979-03-12,I Will Survive,Gloria Gaynor,,,
1979-03-19,Tragedy,Bee Gees,,,
1979-03-26,Tragedy,Bee Gees,,,
1979-04-02,I Will Survive,Gloria Gaynor,,,
1979-04-09,What A Fool Believes,The Doobie Brothers,,,
1979-04-16,Knock On Wood,Amii Stewart,,,
1979-04-23,Heart Of Glass,Blondie,,,
1979-04-30,Reunited,Peaches,,,
1979-05-07,Reunited,Peaches,,,
1979-05-14,Reunited,Peaches,,,
1979-05-21,Reunited,Peaches,,,
1979-05-28,Hot Stuff,Donna Summer,,,
1979-06-04,Love You Inside Out,Bee Gees,,,
1979-06-11,Hot Stuff,Donna Summer,,,
1979-06-18,Hot Stuff,Donna Summer,,,
1979-06-25,Ring My Bell,Anita Ward,,,
1979-07-02,Ring My Bell,Anita Ward,,,
1979-07-09,Bad Girls,Donna Summer,,,
1979-07-16,Bad Girls,Donna Summer,,,
1979-07-23,Bad Girls,Donna Summer,,,
1979-07-30,Bad Girls,Donna Summer,,,
1979-08-06,Bad Girls,Donna Summer,,,
1979-08-13,Good Times,Chic,,,
1979-08-20,My Sharona,The Knack,,,
1979-08-27,My Sharona,The Knack,,,
1979-09-03,My Sharona,The Knack,,,
1979-09-10,My Sharona,The Knack,,,
1979-09-17,My Sharona,The Knack,,,
1979-09-24,My Sharona,The Knack,,,
1979-10-01,Sad Eyes,Robert John,,,
1979-10-08,Don't Stop 'Til You Get Enough,Michael Jackson,,,
1979-10-15,Rise,Herb Alpert,,,
1979-10-22,Rise,Herb Alpert,,,
1979-10-29,Pop Muzik,M,,,
1979-11-05,Heartache Tonight,Eagles,,,
1979-11-12,Still,Commodores,,,
1979-11-19,No More Tears (Enough Is Enough),Barbra Streisand/donna Summer,,,
1979-11-26,No More Tears (Enough Is Enough),Barbra Streisand/donna Summer,,,
1979-12-03,Babe,Styx,,,
1979-12-10,Babe,Styx,,,
1979-12-17,Escape (The Pina Colada Song),Rupert Holmes,,,
1979-12-24,Escape (The Pina Colada Song),Rupert Holmes,,,
1979-12-31,Please Don't Go,Kc And The Sunshine Band,CIA Reading Room nsa-rdp96x00790r000100030058-2: TV GUIDE ARTICLE ON BREZHNEV; TV Guide - Apr 26 - May 02 - 1980; TV Guide - Aug 9 - 15 -1980; TV Guide - Dec 27 - Jan 2 -1981; TV Guide - Feb 16 - Feb 22 - 1980,Arabia felix : images of Yemen and its people; Billboard; Billboard art; Bulletin of the Institute of Archaeology. Number seventeen: 1980; CIA Reading Room nsa-rdp96x00790r000100030058-2: TV GUIDE ARTICLE ON BREZHNEV,
1980-01-07,Escape (The Pina Colada Song),Rupert Holmes,,,
1980-01-14,Rock With You,Michael Jackson,,,
1980-01-21,Rock With You,Michael Jackson,,,
1980-01-28,Rock With You,Michael Jackson,,,
1980-02-04,Rock With You,Michael Jackson,,,
1980-02-11,Do That To Me One More Time,Captain,,,
1980-02-18,Crazy Little Thing Called Love,Queen,,,
1980-02-25,Crazy Little Thing Called Love,Queen,,,
1980-03-03,Crazy Little Thing Called Love,Queen,,,
1980-03-10,Crazy Little Thing Called Love,Queen,,,
1980-03-17,Another Brick In The Wall (Part II),Pink Floyd,,,
1980-03-24,Another Brick In The Wall (Part II),Pink Floyd,,,
1980-03-31,Another Brick In The Wall (Part II),Pink Floyd,,,
1980-04-07,Another Brick In The Wall (Part II),Pink Floyd,,,
1980-04-14,Call Me,Blondie,,,
1980-04-21,Call Me,Blondie,,,
1980-04-28,Call Me,Blondie,,,
1980-05-05,Call Me,Blondie,,,
1980-05-12,Call Me,Blondie,,,
1980-05-19,Call Me,Blondie,,,
1980-05-26,Funkytown,"Lipps, Inc",,,
1980-06-02,Funkytown,"Lipps, Inc",,,
1980-06-09,Funkytown,"Lipps, Inc",,,
1980-06-16,Funkytown,"Lipps, Inc",,,
1980-06-23,Coming Up (Live At Glasgow),Paul Mccartney And Wings,,,
1980-06-30,Coming Up (Live At Glasgow),Paul Mccartney And Wings,,,
1980-07-07,Coming Up (Live At Glasgow),Paul Mccartney And Wings,,,
1980-07-14,It's Still Rock And Roll To Me,Billy Joel,,,
1980-07-21,It's Still Rock And Roll To Me,Billy Joel,,,
1980-07-28,Magic,Olivia Newton-john,,,
1980-08-04,Magic,Olivia Newton-john,,,
1980-08-11,Magic,Olivia Newton-john,,,
1980-08-18,Magic,Olivia Newton-john,,,
1980-08-25,Sailing,Christopher Cross,,,
1980-09-01,Upside Down,Diana Ross,,,
1980-09-08,Upside Down,Diana Ross,,,
1980-09-15,Upside Down,Diana Ross,,,
1980-09-22,Upside Down,Diana Ross,,,
1980-09-29,Another One Bites The Dust,Queen,,,
1980-10-06,Another One Bites The Dust,Queen,,,
1980-10-13,Another One Bites The Dust,Queen,,,
1980-10-20,Woman In Love,Barbra Streisand,,,
1980-10-27,Woman In Love,Barbra Streisand,,,
1980-11-03,Woman In Love,Barbra Streisand,,,
1980-11-10,Lady,Kenny Rogers,,,
1980-11-17,Lady,Kenny Rogers,,,
1980-11-24,Lady,Kenny Rogers,,,
1980-12-01,Lady,Kenny Rogers,,,
1980-12-08,Lady,Kenny Rogers,,,
1980-12-15,Lady,Kenny Rogers,,,
1980-12-22,(Just Like) Starting Over,John Lennon,,,
1980-12-29,(Just Like) Starting Over,John Lennon,TV Guide ( Elvis Presley 1981 Los Angeles Edition); TV Guide issues from 1981; TV Guide v30n50 (#1550) [1982-12-11] {EXciter}; Television today : a close-up view : readings from TV guide,"All about glaucoma : questions and answers for people with glaucoma; Art in Los Angeles : seventeen artists in the sixties : [catalog of exhibition] : Los Angeles County Museum of Art; Billboard; British politics and people, 1760-1980; ERIC ED213923: Productivity, People, and Public Policy.",
1981-01-05,(Just Like) Starting Over,John Lennon,,,
1981-01-12,(Just Like) Starting Over,John Lennon,,,
1981-01-19,(Just Like) Starting Over,John Lennon,,,
1981-01-26,The Tide Is High,Blondie,,,
1981-02-02,Celebration,Kool,,,
1981-02-09,Celebration,Kool,,,
1981-02-16,9 To 5,Dolly Parton,,,
1981-02-23,I Love A Rainy Night,Eddie Rabbitt,,,
1981-03-02,I Love A Rainy Night,Eddie Rabbitt,,,
1981-03-09,9 To 5,Dolly Parton,,,
1981-03-16,Keep On Loving You,Reo Speedwagon,,,
1981-03-23,Rapture,Blondie,,,
1981-03-30,Rapture,Blondie,,,
1981-04-06,Kiss On My List,Daryl Hall undefined John Oates,,,
1981-04-13,Kiss On My List,Daryl Hall undefined John Oates,,,
1981-04-20,Kiss On My List,Daryl Hall undefined John Oates,,,
1981-04-27,Morning Train (Nine To Five),Sheena Easton,,,
1981-05-04,Morning Train (Nine To Five),Sheena Easton,,,
1981-05-11,Bette Davis Eyes,Kim Carnes,,,
1981-05-18,Bette Davis Eyes,Kim Carnes,,,
1981-05-25,Bette Davis Eyes,Kim Carnes,,,
1981-06-01,Bette Davis Eyes,Kim Carnes,,,
1981-06-08,Bette Davis Eyes,Kim Carnes,,,
1981-06-15,Medley,Stars On 45,,,
1981-06-22,Bette Davis Eyes,Kim Carnes,,,
1981-06-29,Bette Davis Eyes,Kim Carnes,,,
1981-07-06,Bette Davis Eyes,Kim Carnes,,,
1981-07-13,Bette Davis Eyes,Kim Carnes,,,
1981-07-20,The One That You Love,Air Supply,,,
1981-07-27,Jessie's Girl,Rick Springfield,,,
1981-08-03,Jessie's Girl,Rick Springfield,,,
1981-08-10,Endless Love,Diana Ross,,,
1981-08-17,Endless Love,Diana Ross,,,
1981-08-24,Endless Love,Diana Ross,,,
1981-08-31,Endless Love,Diana Ross,,,
1981-09-07,Endless Love,Diana Ross,,,
1981-09-14,Endless Love,Diana Ross,,,
1981-09-21,Endless Love,Diana Ross,,,
1981-09-28,Endless Love,Diana Ross,,,
1981-10-05,Endless Love,Diana Ross,,,
1981-10-12,Arthur's Theme (Best That You Can Do),Christopher Cross,,,
1981-10-19,Arthur's Theme (Best That You Can Do),Christopher Cross,,,
1981-10-26,Arthur's Theme (Best That You Can Do),Christopher Cross,,,
1981-11-02,Private Eyes,Daryl Hall undefined John Oates,,,
1981-11-09,Private Eyes,Daryl Hall undefined John Oates,,,
1981-11-16,Physical,Olivia Newton-john,,,
1981-11-23,Physical,Olivia Newton-john,,,
1981-11-30,Physical,Olivia Newton-john,,,
1981-12-07,Physical,Olivia Newton-john,,,
1981-12-14,Physical,Olivia Newton-john,,,
1981-12-21,Physical,Olivia Newton-john,,,
1981-12-28,Physical,Olivia Newton-john,"Mazes and Monsters - TV Guide article; TV Guide (1982 Vermont-Canada Edition; Nell Carter & Dolph Sweet); TV Guide - 1982-07-10 - Los Angeles, CA Edition; TV Guide - July 10 - 16 - 1982; TV Guide April 17 23 1982 Western Washington","A Community of People: A Multi-Ethnic Bibliography.; All male and female persons seventeen years of age or over listed in the city of Everett as of January 1, 1982; Billboard; Billboard Magazine (March 27, 1982); CIA Reading Room cia-rdp83t00233r000100140002-7: THE SOVIET POLITICAL SUCCESSION: INSTITUTIONS, PEOPLE, AND POLICIES",
1982-01-04,Physical,Olivia Newton-john,,,
1982-01-11,Physical,Olivia Newton-john,,,
1982-01-18,Physical,Olivia Newton-john,,,
1982-01-25,I Can't Go For That (No Can Do),Daryl Hall undefined John Oates,,,
1982-02-01,Centerfold,The J. Geils Band,,,
1982-02-08,Centerfold,The J. Geils Band,,,
1982-02-15,Centerfold,The J. Geils Band,,,
1982-02-22,Centerfold,The J. Geils Band,,,
1982-03-01,Centerfold,The J. Geils Band,,,
1982-03-08,Centerfold,The J. Geils Band,,,
1982-03-15,I Love Rock 'N Roll,Joan Jett,,,
1982-03-22,I Love Rock 'N Roll,Joan Jett,,,
1982-03-29,I Love Rock 'N Roll,Joan Jett,,,
1982-04-05,I Love Rock 'N Roll,Joan Jett,,,
1982-04-12,I Love Rock 'N Roll,Joan Jett,,,
1982-04-19,I Love Rock 'N Roll,Joan Jett,,,
1982-04-26,I Love Rock 'N Roll,Joan Jett,,,
1982-05-03,Chariots Of Fire - Titles,Vangelis,,,
1982-05-10,Ebony And Ivory,Paul Mccartney And Stevie Wonder,,,
1982-05-17,Ebony And Ivory,Paul Mccartney And Stevie Wonder,,,
1982-05-24,Ebony And Ivory,Paul Mccartney And Stevie Wonder,,,
1982-05-31,Ebony And Ivory,Paul Mccartney And Stevie Wonder,,,
1982-06-07,Ebony And Ivory,Paul Mccartney And Stevie Wonder,,,
1982-06-14,Ebony And Ivory,Paul Mccartney And Stevie Wonder,,,
1982-06-21,Ebony And Ivory,Paul Mccartney And Stevie Wonder,,,
1982-06-28,Don't You Want Me,The Human League,,,
1982-07-05,Don't You Want Me,The Human League,,,
1982-07-12,Don't You Want Me,The Human League,,,
1982-07-19,Eye Of The Tiger,Survivor,,,
1982-07-26,Eye Of The Tiger,Survivor,,,
1982-08-02,Eye Of The Tiger,Survivor,,,
1982-08-09,Eye Of The Tiger,Survivor,,,
1982-08-16,Eye Of The Tiger,Survivor,,,
1982-08-23,Eye Of The Tiger,Survivor,,,
1982-08-30,Abracadabra,The Steve Miller Band,,,
1982-09-06,Hard To Say I'm Sorry,Chicago,,,
1982-09-13,Hard To Say I'm Sorry,Chicago,,,
1982-09-20,Abracadabra,The Steve Miller Band,,,
1982-09-27,Jack & Diane,John Cougar,,,
1982-10-04,Jack & Diane,John Cougar,,,
1982-10-11,Jack & Diane,John Cougar,,,
1982-10-18,Jack & Diane,John Cougar,,,
1982-10-25,Who Can It Be Now?,Men At Work,,,
1982-11-01,Up Where We Belong,Joe Cocker And Jennifer Warnes,,,
1982-11-08,Up Where We Belong,Joe Cocker And Jennifer Warnes,,,
1982-11-15,Up Where We Belong,Joe Cocker And Jennifer Warnes,,,
1982-11-22,Truly,Lionel Richie,,,
1982-11-29,Truly,Lionel Richie,,,
1982-12-06,Mickey,Toni Basil,,,
1982-12-13,Maneater,Daryl Hall undefined John Oates,,,
1982-12-20,Maneater,Daryl Hall undefined John Oates,,,
1982-12-27,Maneater,Daryl Hall undefined John Oates,C Channel Pay TV Guide; CBS NEWS-TV GUIDE DISPUTE; CIA Reading Room cia-rdp90-00845r000201170001-6: CBS NEWS-TV GUIDE DISPUTE; TV Guide December 10 16 1983 Western Wash St Edition,"Animals helping people; Begassat v. Cosmopolitan National Bank of Chicago, 459 U.S. 1207 (1983) (No. 82-1061); Bexhill-on-Sea: It's Beginning, the People & District; C Channel Pay TV Guide; CBS NEWS-TV GUIDE DISPUTE",
1983-01-03,Maneater,Daryl Hall undefined John Oates,,,
1983-01-10,Down Under,Men At Work,,,
1983-01-17,Down Under,Men At Work,,,
1983-01-24,Down Under,Men At Work,,,
1983-01-31,Africa,Toto,,,
1983-02-07,Down Under,Men At Work,,,
1983-02-14,"Baby, Come To Me",Patti Austin A Duet,,,
1983-02-21,"Baby, Come To Me",Patti Austin A Duet,,,
1983-02-28,Billie Jean,Michael Jackson,,,
1983-03-07,Billie Jean,Michael Jackson,,,
1983-03-14,Billie Jean,Michael Jackson,,,
1983-03-21,Billie Jean,Michael Jackson,,,
1983-03-28,Billie Jean,Michael Jackson,,,
1983-04-04,Billie Jean,Michael Jackson,,,
1983-04-11,Billie Jean,Michael Jackson,,,
1983-04-18,Come On Eileen,Dexys Midnight Runners,,,
1983-04-25,Beat It,Michael Jackson,,,
1983-05-02,Beat It,Michael Jackson,,,
1983-05-09,Beat It,Michael Jackson,,,
1983-05-16,Let's Dance,David Bowie,,,
1983-05-23,Flashdance...What A Feeling,Irene Cara,,,
1983-05-30,Flashdance...What A Feeling,Irene Cara,,,
1983-06-06,Flashdance...What A Feeling,Irene Cara,,,
1983-06-13,Flashdance...What A Feeling,Irene Cara,,,
1983-06-20,Flashdance...What A Feeling,Irene Cara,,,
1983-06-27,Flashdance...What A Feeling,Irene Cara,,,
1983-07-04,Every Breath You Take,The Police,,,
1983-07-11,Every Breath You Take,The Police,,,
1983-07-18,Every Breath You Take,The Police,,,
1983-07-25,Every Breath You Take,The Police,,,
1983-08-01,Every Breath You Take,The Police,,,
1983-08-08,Every Breath You Take,The Police,,,
1983-08-15,Every Breath You Take,The Police,,,
1983-08-22,Every Breath You Take,The Police,,,
1983-08-29,Sweet Dreams (Are Made Of This),Eurythmics,,,
1983-09-05,Maniac,Michael Sembello,,,
1983-09-12,Maniac,Michael Sembello,,,
1983-09-19,Tell Her About It,Billy Joel,,,
1983-09-26,Total Eclipse Of The Heart,Bonnie Tyler,,,
1983-10-03,Total Eclipse Of The Heart,Bonnie Tyler,,,
1983-10-10,Total Eclipse Of The Heart,Bonnie Tyler,,,
1983-10-17,Total Eclipse Of The Heart,Bonnie Tyler,,,
1983-10-24,Islands In The Stream,Kenny Rogers Duet,,,
1983-10-31,Islands In The Stream,Kenny Rogers Duet,,,
1983-11-07,All Night Long (All Night),Lionel Richie,,,
1983-11-14,All Night Long (All Night),Lionel Richie,,,
1983-11-21,All Night Long (All Night),Lionel Richie,,,
1983-11-28,All Night Long (All Night),Lionel Richie,,,
1983-12-05,Say Say Say,Paul Mccartney And Michael Jackson,,,
1983-12-12,Say Say Say,Paul Mccartney And Michael Jackson,,,
1983-12-19,Say Say Say,Paul Mccartney And Michael Jackson,,,
1983-12-26,Say Say Say,Paul Mccartney And Michael Jackson,1984 TV Guide Fall Preview; CIA Reading Room cia-rdp86m00886r001500010007-1: TRANSCRIPT OF PICKERING/GORMAN BRIEFING; TALKING POINTS ON EL SALVADOR; TV GUIDE ARTICLE; TV Guide (Hawaii Edition--1984),"1984 TV Guide Fall Preview; Appalachia, a regional geography : land, people, and development; Attitudes of Young People in China to Family Formation. A Study in Urban and Rural Areas in Beijing and Sichuan.; Billboard; CIA Reading Room cia-rdp86m00886r001500010007-1: TRANSCRIPT OF PICKERING/GORMAN BRIEFING; TALKING POINTS ON EL SALVADOR; TV GUIDE ARTICLE",
1984-01-02,Say Say Say,Paul Mccartney And Michael Jackson,,,
1984-01-09,Say Say Say,Paul Mccartney And Michael Jackson,,,
1984-01-16,Owner Of A Lonely Heart,Yes,,,
1984-01-23,Owner Of A Lonely Heart,Yes,,,
1984-01-30,Karma Chameleon,Culture Club,,,
1984-02-06,Karma Chameleon,Culture Club,,,
1984-02-13,Karma Chameleon,Culture Club,,,
1984-02-20,Jump,Van Halen,,,
1984-02-27,Jump,Van Halen,,,
1984-03-05,Jump,Van Halen,,,
1984-03-12,Jump,Van Halen,,,
1984-03-19,Jump,Van Halen,,,
1984-03-26,Footloose,Kenny Loggins,,,
1984-04-02,Footloose,Kenny Loggins,,,
1984-04-09,Footloose,Kenny Loggins,,,
1984-04-16,Against All Odds (Take A Look At Me Now),Phil Collins,,,
1984-04-23,Against All Odds (Take A Look At Me Now),Phil Collins,,,
1984-04-30,Against All Odds (Take A Look At Me Now),Phil Collins,,,
1984-05-07,Hello,Lionel Richie,,,
1984-05-14,Hello,Lionel Richie,,,
1984-05-21,Let's Hear It For The Boy,Deniece Williams,,,
1984-05-28,Let's Hear It For The Boy,Deniece Williams,,,
1984-06-04,Time After Time,Cyndi Lauper,,,
1984-06-11,Time After Time,Cyndi Lauper,,,
1984-06-18,The Reflex,Duran Duran,,,
1984-06-25,The Reflex,Duran Duran,,,
1984-07-02,When Doves Cry,Prince,,,
1984-07-09,When Doves Cry,Prince,,,
1984-07-16,When Doves Cry,Prince,,,
1984-07-23,When Doves Cry,Prince,,,
1984-07-30,When Doves Cry,Prince,,,
1984-08-06,Ghostbusters,Ray Parker Jr,,,
1984-08-13,Ghostbusters,Ray Parker Jr,,,
1984-08-20,Ghostbusters,Ray Parker Jr,,,
1984-08-27,What's Love Got To Do With It,Tina Turner,,,
1984-09-03,What's Love Got To Do With It,Tina Turner,,,
1984-09-10,What's Love Got To Do With It,Tina Turner,,,
1984-09-17,Missing You,John Waite,,,
1984-09-24,Let's Go Crazy,Prince And The Revolution,,,
1984-10-01,Let's Go Crazy,Prince And The Revolution,,,
1984-10-08,I Just Called To Say I Love You,Stevie Wonder,,,
1984-10-15,I Just Called To Say I Love You,Stevie Wonder,,,
1984-10-22,I Just Called To Say I Love You,Stevie Wonder,,,
1984-10-29,Caribbean Queen (No More Love On The Run),Billy Ocean,,,
1984-11-05,Caribbean Queen (No More Love On The Run),Billy Ocean,,,
1984-11-12,Wake Me Up Before You Go-Go,Wham!,,,
1984-11-19,Wake Me Up Before You Go-Go,Wham!,,,
1984-11-26,Wake Me Up Before You Go-Go,Wham!,,,
1984-12-03,Out Of Touch,Daryl Hall undefined John Oates,,,
1984-12-10,Out Of Touch,Daryl Hall undefined John Oates,,,
1984-12-17,Like A Virgin,Madonna,,,
1984-12-24,Like A Virgin,Madonna,,,
1984-12-31,Like A Virgin,Madonna,TV Guide 6 15 85,"""A man of books and a man of the people"" : E.Y. Mullins and the crisis of moderate Southern Baptist leadership; A New voice for a new people : midwestern poetry, 1800-1910; Access guide to parks and recreation in North Carolina for people who need special assistance; An Antidote for Aliteracy: Aliteracy - People Who Can Read but Won't.; Big Words for Little People (A Happy Day Coloring Book)",
1985-01-07,Like A Virgin,Madonna,,,
1985-01-14,Like A Virgin,Madonna,,,
1985-01-21,Like A Virgin,Madonna,,,
1985-01-28,I Want To Know What Love Is,Foreigner,,,
1985-02-04,I Want To Know What Love Is,Foreigner,,,
1985-02-11,Careless Whisper,Wham!,,,
1985-02-18,Careless Whisper,Wham!,,,
1985-02-25,Careless Whisper,Wham!,,,
1985-03-04,Can't Fight This Feeling,Reo Speedwagon,,,
1985-03-11,Can't Fight This Feeling,Reo Speedwagon,,,
1985-03-18,Can't Fight This Feeling,Reo Speedwagon,,,
1985-03-25,One More Night,Phil Collins,,,
1985-04-01,One More Night,Phil Collins,,,
1985-04-08,We Are The World,Usa For Africa,,,
1985-04-15,We Are The World,Usa For Africa,,,
1985-04-22,We Are The World,Usa For Africa,,,
1985-04-29,We Are The World,Usa For Africa,,,
1985-05-06,Crazy For You,Madonna,,,
1985-05-13,Don't You (Forget About Me),Simple Minds,,,
1985-05-20,Everything She Wants,Wham!,,,
1985-05-27,Everything She Wants,Wham!,,,
1985-06-03,Everybody Wants To Rule The World,Tears For Fears,,,
1985-06-10,Everybody Wants To Rule The World,Tears For Fears,,,
1985-06-17,Heaven,Bryan Adams,,,
1985-06-24,Heaven,Bryan Adams,,,
1985-07-01,Sussudio,Phil Collins,,,
1985-07-08,A View To A Kill,Duran Duran,,,
1985-07-15,A View To A Kill,Duran Duran,,,
1985-07-22,Everytime You Go Away,Paul Young,,,
1985-07-29,Shout,Tears For Fears,,,
1985-08-05,Shout,Tears For Fears,,,
1985-08-12,Shout,Tears For Fears,,,
1985-08-19,The Power Of Love,Huey Lewis,,,
1985-08-26,The Power Of Love,Huey Lewis,,,
1985-09-02,St. Elmo's Fire (Man In Motion),John Parr,,,
1985-09-09,St. Elmo's Fire (Man In Motion),John Parr,,,
1985-09-16,Money For Nothing,Dire Straits,,,
1985-09-23,Money For Nothing,Dire Straits,,,
1985-09-30,Money For Nothing,Dire Straits,,,
1985-10-07,Oh Sheila,Ready For The World,,,
1985-10-14,Take On Me,A-ha,,,
1985-10-21,Saving All My Love For You,Whitney Houston,,,
1985-10-28,Part-Time Lover,Stevie Wonder,,,
1985-11-04,Miami Vice Theme,Jan Hammer,,,
1985-11-11,We Built This City,Starship,,,
1985-11-18,We Built This City,Starship,,,
1985-11-25,Separate Lives,Phil Collins And Marilyn Martin,,,
1985-12-02,Broken Wings,Mr. Mister,,,
1985-12-09,Broken Wings,Mr. Mister,,,
1985-12-16,"Say You, Say Me",Lionel Richie,,,
1985-12-23,"Say You, Say Me",Lionel Richie,,,
1985-12-30,"Say You, Say Me",Lionel Richie,"1986 08 02 TV Guide; ERIC ED270749: Ignoring Change: An Evaluation of ""TV Guide"" Covers, 1970-1979.; Ignoring Change: An Evaluation of ""TV Guide"" Covers, 1970-1979.; TV Guide - July - 05 - 11 - 1986; TV Guide January 25 - 31 1986","1986 08 02 TV Guide; All male and female persons seventeen years of age or over listed in the city of Everett as of January 1, 1986; Billboard; Burgundy : the country, the wines, the people; Cryptosporidiosis : a cosmopolitan disease in animals and in man",
1986-01-06,"Say You, Say Me",Lionel Richie,,,
1986-01-13,That's What Friends Are For,Dionne,,,
1986-01-20,That's What Friends Are For,Dionne,,,
1986-01-27,That's What Friends Are For,Dionne,,,
1986-02-03,That's What Friends Are For,Dionne,,,
1986-02-10,How Will I Know,Whitney Houston,,,
1986-02-17,How Will I Know,Whitney Houston,,,
1986-02-24,Kyrie,Mr. Mister,,,
1986-03-03,Kyrie,Mr. Mister,,,
1986-03-10,Sara,Starship,,,
1986-03-17,These Dreams,Heart,,,
1986-03-24,Rock Me Amadeus,Falco,,,
1986-03-31,Rock Me Amadeus,Falco,,,
1986-04-07,Rock Me Amadeus,Falco,,,
1986-04-14,Kiss,Prince And The Revolution,,,
1986-04-21,Kiss,Prince And The Revolution,,,
1986-04-28,Addicted To Love,Robert Palmer,,,
1986-05-05,West End Girls,Pet Shop Boys,,,
1986-05-12,Greatest Love Of All,Whitney Houston,,,
1986-05-19,Greatest Love Of All,Whitney Houston,,,
1986-05-26,Greatest Love Of All,Whitney Houston,,,
1986-06-02,Live To Tell,Madonna,,,
1986-06-09,On My Own,Patti Labelle,,,
1986-06-16,On My Own,Patti Labelle,,,
1986-06-23,On My Own,Patti Labelle,,,
1986-06-30,There'll Be Sad Songs (To Make You Cry),Billy Ocean,,,
1986-07-07,Holding Back The Years,Simply Red,,,
1986-07-14,Invisible Touch,Genesis,,,
1986-07-21,Sledgehammer,Peter Gabriel,,,
1986-07-28,"Glory Of Love (Theme From ""The Karate Kid Part II"")",Peter Cetera,,,
1986-08-04,"Glory Of Love (Theme From ""The Karate Kid Part II"")",Peter Cetera,,,
1986-08-11,Papa Don't Preach,Madonna,,,
1986-08-18,Papa Don't Preach,Madonna,,,
1986-08-25,Higher Love,Steve Winwood,,,
1986-09-01,Venus,Bananarama,,,
1986-09-08,"Take My Breath Away (Love Theme From ""Top Gun"")",Berlin,,,
1986-09-15,Stuck With You,Huey Lewis,,,
1986-09-22,Stuck With You,Huey Lewis,,,
1986-09-29,Stuck With You,Huey Lewis,,,
1986-10-06,When I Think Of You,Janet Jackson,,,
1986-10-13,When I Think Of You,Janet Jackson,,,
1986-10-20,True Colors,Cyndi Lauper,,,
1986-10-27,True Colors,Cyndi Lauper,,,
1986-11-03,Amanda,Boston,,,
1986-11-10,Amanda,Boston,,,
1986-11-17,Human,The Human League,,,
1986-11-24,You Give Love A Bad Name,Bon Jovi,,,
1986-12-01,The Next Time I Fall,Peter Cetera,,,
1986-12-08,The Way It Is,Bruce Hornsby,,,
1986-12-15,Walk Like An Egyptian,The Bangles,,,
1986-12-22,Walk Like An Egyptian,The Bangles,,,
1986-12-29,Walk Like An Egyptian,The Bangles,,"1987 Mad Magazine Celebrity HeadBalls Back Cover; 20 Years of Rolling Stone; What a Long, Strange Trip It's Been; 20 years of Rolling Stone : what a long, strange trip it's been; 20 years of Rolling stone : what a long, strange trip it's been; A Neglected Challenge: Minority Participation in Higher Education. Occasional Paper No. Seventeen.",
1987-01-05,Walk Like An Egyptian,The Bangles,,,
1987-01-12,Shake You Down,Gregory Abbott,,,
1987-01-19,At This Moment,Billy Vera,,,
1987-01-26,At This Moment,Billy Vera,,,
1987-02-02,Open Your Heart,Madonna,,,
1987-02-09,Livin' On A Prayer,Bon Jovi,,,
1987-02-16,Livin' On A Prayer,Bon Jovi,,,
1987-02-23,Livin' On A Prayer,Bon Jovi,,,
1987-03-02,Livin' On A Prayer,Bon Jovi,,,
1987-03-09,Jacob's Ladder,Huey Lewis,,,
1987-03-16,Lean On Me,Club Nouveau,,,
1987-03-23,Lean On Me,Club Nouveau,,,
1987-03-30,Nothing's Gonna Stop Us Now,Starship,,,
1987-04-06,Nothing's Gonna Stop Us Now,Starship,,,
1987-04-13,I Knew You Were Waiting (For Me),Aretha Franklin,,,
1987-04-20,I Knew You Were Waiting (For Me),Aretha Franklin,,,
1987-04-27,(I Just) Died In Your Arms,Cutting Crew,,,
1987-05-04,(I Just) Died In Your Arms,Cutting Crew,,,
1987-05-11,With Or Without You,U2,,,
1987-05-18,With Or Without You,U2,,,
1987-05-25,With Or Without You,U2,,,
1987-06-01,You Keep Me Hangin' On,Kim Wilde,,,
1987-06-08,Always,Atlantic Starr,,,
1987-06-15,Head To Toe,Lisa Lisa And Cult Jam,,,
1987-06-22,I Wanna Dance With Somebody (Who Loves Me),Whitney Houston,,,
1987-06-29,I Wanna Dance With Somebody (Who Loves Me),Whitney Houston,,,
1987-07-06,Alone,Heart,,,
1987-07-13,Alone,Heart,,,
1987-07-20,Alone,Heart,,,
1987-07-27,"Shakedown (From ""Beverly Hills Cop II"")",Bob Seger,,,
1987-08-03,I Still Haven't Found What I'm Looking For,U2,,,
1987-08-10,I Still Haven't Found What I'm Looking For,U2,,,
1987-08-17,Who's That Girl,Madonna,,,
1987-08-24,La Bamba,Los Lobos,,,
1987-08-31,La Bamba,Los Lobos,,,
1987-09-07,La Bamba,Los Lobos,,,
1987-09-14,I Just Can't Stop Loving You,Michael Jackson,,,
1987-09-21,Didn't We Almost Have It All,Whitney Houston,,,
1987-09-28,Didn't We Almost Have It All,Whitney Houston,,,
1987-10-05,Here I Go Again,Whitesnake,,,
1987-10-12,Lost In Emotion,Lisa Lisa And Cult Jam,,,
1987-10-19,Bad,Michael Jackson,,,
1987-10-26,Bad,Michael Jackson,,,
1987-11-02,I Think We're Alone Now,Tiffany,,,
1987-11-09,I Think We're Alone Now,Tiffany,,,
1987-11-16,"Mony Mony ""Live""",Billy Idol,,,
1987-11-23,(I've Had) The Time Of My Life,Bill Medley,,,
1987-11-30,Heaven Is A Place On Earth,Belinda Carlisle,,,
1987-12-07,Faith,George Michael,,,
1987-12-14,Faith,George Michael,,,
1987-12-21,Faith,George Michael,,,
1987-12-28,Faith,George Michael,,"A choice of colours : a second anthology of the unsung poetry of the ordinary people of the Dartford and Gravesend areas of North Kent; A people and a nation : study guide; AIDS News (1988), People Of Color Against AIDS Network & Leadership Tomorrow; Alaska people : Vol. 9, No. 11, November 1988; Allotment of petrol pump agencies to SC/ST people in Madhya Pradesh (1-Aug-1988)",
1988-01-04,So Emotional,Whitney Houston,,,
1988-01-11,Got My Mind Set On You,George Harrison,,,
1988-01-18,The Way You Make Me Feel,Michael Jackson,,,
1988-01-25,Need You Tonight,Inxs,,,
1988-02-01,Could've Been,Tiffany,,,
1988-02-08,Could've Been,Tiffany,,,
1988-02-15,Seasons Change,Expose,,,
1988-02-22,Father Figure,George Michael,,,
1988-02-29,Father Figure,George Michael,,,
1988-03-07,Never Gonna Give You Up,Rick Astley,,,
1988-03-14,Never Gonna Give You Up,Rick Astley,,,
1988-03-21,Man In The Mirror,Michael Jackson,,,
1988-03-28,Man In The Mirror,Michael Jackson,,,
1988-04-04,"Get Outta My Dreams, Get Into My Car",Billy Ocean,,,
1988-04-11,"Get Outta My Dreams, Get Into My Car",Billy Ocean,,,
1988-04-18,Where Do Broken Hearts Go,Whitney Houston,,,
1988-04-25,Where Do Broken Hearts Go,Whitney Houston,,,
1988-05-02,Wishing Well,Terence Trent D'arby,,,
1988-05-09,Anything For You,Gloria Estefan,,,
1988-05-16,Anything For You,Gloria Estefan,,,
1988-05-23,One More Try,George Michael,,,
1988-05-30,One More Try,George Michael,,,
1988-06-06,One More Try,George Michael,,,
1988-06-13,Together Forever,Rick Astley,,,
1988-06-20,Foolish Beat,Debbie Gibson,,,
1988-06-27,Dirty Diana,Michael Jackson,,,
1988-07-04,The Flame,Cheap Trick,,,
1988-07-11,The Flame,Cheap Trick,,,
1988-07-18,Hold On To The Nights,Richard Marx,,,
1988-07-25,Roll With It,Steve Winwood,,,
1988-08-01,Roll With It,Steve Winwood,,,
1988-08-08,Roll With It,Steve Winwood,,,
1988-08-15,Roll With It,Steve Winwood,,,
1988-08-22,Monkey,George Michael,,,
1988-08-29,Monkey,George Michael,,,
1988-09-05,Sweet Child O' Mine,Guns N' Roses,,,
1988-09-12,Sweet Child O' Mine,Guns N' Roses,,,
1988-09-19,"Don't Worry, Be Happy (From ""Cocktail"")",Bobby Mcferrin,,,
1988-09-26,"Don't Worry, Be Happy (From ""Cocktail"")",Bobby Mcferrin,,,
1988-10-03,Love Bites,Def Leppard,,,
1988-10-10,Red Red Wine,Ub40,,,
1988-10-17,Groovy Kind Of Love,Phil Collins,,,
1988-10-24,Groovy Kind Of Love,Phil Collins,,,
1988-10-31,"Kokomo (From""Cocktail"" )",The Beach Boys,,,
1988-11-07,"Wild, Wild West",The Escape Club,,,
1988-11-14,Bad Medicine,Bon Jovi,,,
1988-11-21,Bad Medicine,Bon Jovi,,,
1988-11-28,"Baby, I Love Your Way/Freebird Medley",Will To Power,,,
1988-12-05,Look Away,Chicago,,,
1988-12-12,Look Away,Chicago,,,
1988-12-19,Every Rose Has Its Thorn,Poison,,,
1988-12-26,Every Rose Has Its Thorn,Poison,TV Guide Magazine (1989--Revised),"A study of skeletal and dental remains from Watom Island and comparisons with other Lapita people; All male and female persons seventeen years of age or over listed in the city of Everett as of January 1, 1989; Bacharach & David : seventeen solid gold standards; Billboard; Caught in the Cross Currents: What's Happened to Children--and People Who Work for Children--in the Ten Years since the International Year of the Child. A Review of NGO/UN Action for Children 1979-1989, Commissioned by the NGO Committee on UNICEF.",
1989-01-02,Every Rose Has Its Thorn,Poison,,,
1989-01-09,My Prerogative,Bobby Brown,,,
1989-01-16,Two Hearts,Phil Collins,,,
1989-01-23,Two Hearts,Phil Collins,,,
1989-01-30,When I'm With You,Sheriff,,,
1989-02-06,Straight Up,Paula Abdul,,,
1989-02-13,Straight Up,Paula Abdul,,,
1989-02-20,Straight Up,Paula Abdul,,,
1989-02-27,Lost In Your Eyes,Debbie Gibson,,,
1989-03-06,Lost In Your Eyes,Debbie Gibson,,,
1989-03-13,Lost In Your Eyes,Debbie Gibson,,,
1989-03-20,The Living Years,Mike + The Mechanics,,,
1989-03-27,Eternal Flame,The Bangles,,,
1989-04-03,The Look,Roxette,,,
1989-04-10,She Drives Me Crazy,Fine Young Cannibals,,,
1989-04-17,Like A Prayer,Madonna,,,
1989-04-24,Like A Prayer,Madonna,,,
1989-05-01,Like A Prayer,Madonna,,,
1989-05-08,I'll Be There For You,Bon Jovi,,,
1989-05-15,Forever Your Girl,Paula Abdul,,,
1989-05-22,Forever Your Girl,Paula Abdul,,,
1989-05-29,"Rock On (From ""Dream A Little Dream"")",Michael Damian,,,
1989-06-05,"Wind Beneath My Wings (From ""Beaches"")",Bette Midler,,,
1989-06-12,I'll Be Loving You (Forever),New Kids On The Block,,,
1989-06-19,Satisfied,Richard Marx,,,
1989-06-26,Baby Don't Forget My Number,Milli Vanilli,,,
1989-07-03,Good Thing,Fine Young Cannibals,,,
1989-07-10,If You Don't Know Me By Now,Simply Red,,,
1989-07-17,Toy Soldiers,Martika,,,
1989-07-24,Toy Soldiers,Martika,,,
1989-07-31,"Batdance (From ""Batman"")",Prince,,,
1989-08-07,Right Here Waiting,Richard Marx,,,
1989-08-14,Right Here Waiting,Richard Marx,,,
1989-08-21,Right Here Waiting,Richard Marx,,,
1989-08-28,Cold Hearted,Paula Abdul,,,
1989-09-04,Hangin' Tough,New Kids On The Block,,,
1989-09-11,Don't Wanna Lose You,Gloria Estefan,,,
1989-09-18,Girl I'm Gonna Miss You,Milli Vanilli,,,
1989-09-25,Girl I'm Gonna Miss You,Milli Vanilli,,,
1989-10-02,Miss You Much,Janet Jackson,,,
1989-10-09,Miss You Much,Janet Jackson,,,
1989-10-16,Miss You Much,Janet Jackson,,,
1989-10-23,Miss You Much,Janet Jackson,,,
1989-10-30,Listen To Your Heart,Roxette,,,
1989-11-06,When I See You Smile,Bad English,,,
1989-11-13,When I See You Smile,Bad English,,,
1989-11-20,Blame It On The Rain,Milli Vanilli,,,
1989-11-27,Blame It On The Rain,Milli Vanilli,,,
1989-12-04,We Didn't Start The Fire,Billy Joel,,,
1989-12-11,We Didn't Start The Fire,Billy Joel,,,
1989-12-18,Another Day In Paradise,Phil Collins,,,
1989-12-25,Another Day In Paradise,Phil Collins,,,
1990-01-01,Another Day In Paradise,Phil Collins,TV Guide 12/22/1990 (NYC),"A Study of Seventeen School Districts on Probationary Status after a Remediation Process.; Absolutely rapt : a collection of love stories for young people; Alaska people : Vol. 11, No. 2, February 1990; Alaska people : Vol. 11, No. 9, September 1990; An environmental odyssey : people, pollution, and politics in the life of a practical scientist",
1990-01-08,Another Day In Paradise,Phil Collins,,,
1990-01-15,How Am I Supposed To Live Without You,Michael Bolton,,,
1990-01-22,How Am I Supposed To Live Without You,Michael Bolton,,,
1990-01-29,How Am I Supposed To Live Without You,Michael Bolton,,,
1990-02-05,Opposites Attract,Paula Abdul,,,
1990-02-12,Opposites Attract,Paula Abdul,,,
1990-02-19,Opposites Attract,Paula Abdul,,,
1990-02-26,Escapade,Janet Jackson,,,
1990-03-05,Escapade,Janet Jackson,,,
1990-03-12,Escapade,Janet Jackson,,,
1990-03-19,Black Velvet,Alannah Myles,,,
1990-03-26,Black Velvet,Alannah Myles,,,
1990-04-02,Love Will Lead You Back,Taylor Dayne,,,
1990-04-09,I'll Be Your Everything,Tommy Page,,,
1990-04-16,Nothing Compares 2 U,Sinead O'connor,,,
1990-04-23,Nothing Compares 2 U,Sinead O'connor,,,
1990-04-30,Nothing Compares 2 U,Sinead O'connor,,,
1990-05-07,Nothing Compares 2 U,Sinead O'connor,,,
1990-05-14,Vogue,Madonna,,,
1990-05-21,Vogue,Madonna,,,
1990-05-28,Vogue,Madonna,,,
1990-06-04,Hold On,Wilson Phillips,,,
1990-06-11,"It Must Have Been Love (From ""Pretty Woman"")",Roxette,,,
1990-06-18,"It Must Have Been Love (From ""Pretty Woman"")",Roxette,,,
1990-06-25,Step By Step,New Kids On The Block,,,
1990-07-02,Step By Step,New Kids On The Block,,,
1990-07-09,Step By Step,New Kids On The Block,,,
1990-07-16,She Ain't Worth It,Glenn Medeiros,,,
1990-07-23,She Ain't Worth It,Glenn Medeiros,,,
1990-07-30,Vision Of Love,Mariah Carey,,,
1990-08-06,Vision Of Love,Mariah Carey,,,
1990-08-13,Vision Of Love,Mariah Carey,,,
1990-08-20,Vision Of Love,Mariah Carey,,,
1990-08-27,If Wishes Came True,Sweet Sensation,,,
1990-09-03,"Blaze Of Glory (From ""Young Guns II"")",Jon Bon Jovi,,,
1990-09-10,Release Me,Wilson Phillips,,,
1990-09-17,Release Me,Wilson Phillips,,,
1990-09-24,(Can't Live Without Your) Love And Affection,Nelson,,,
1990-10-01,Close To You,Maxi Priest,,,
1990-10-08,Praying For Time,George Michael,,,
1990-10-15,I Don't Have The Heart,James Ingram,,,
1990-10-22,Black Cat,Janet Jackson,,,
1990-10-29,Ice Ice Baby,Vanilla Ice,,,
1990-11-05,Love Takes Time,Mariah Carey,,,
1990-11-12,Love Takes Time,Mariah Carey,,,
1990-11-19,Love Takes Time,Mariah Carey,,,
1990-11-26,I'm Your Baby Tonight,Whitney Houston,,,
1990-12-03,Because I Love You (The Postman Song),Stevie B,,,
1990-12-10,Because I Love You (The Postman Song),Stevie B,,,
1990-12-17,Because I Love You (The Postman Song),Stevie B,,,
1990-12-24,Because I Love You (The Postman Song),Stevie B,,,
1990-12-31,Justify My Love,Madonna,Forbidden channels : the truth they hide from TV guide; TV Guide (1991/07/06) (Philadelphia) The Best And The Worst,"#1 country songs of the 80's and 90's : as listed on the Billboard hot country singles chart; A Hispanic Heritage, Series IV: A Guide to Juvenile Books about Hispanic People and Cultures.; A small business guide to employee selection : finding, interviewing, and hiring the right people; Aboriginal people : history of discriminatory laws; All male and female persons seventeen years of age or over listed in the city of Everett as of January 1, 1991",
1991-01-07,Justify My Love,Madonna,,,
1991-01-14,Love Will Never Do (Without You),Janet Jackson,,,
1991-01-21,The First Time,Surface,,,
1991-01-28,The First Time,Surface,,,
1991-02-04,Gonna Make You Sweat (Everybody Dance Now),C+c Music Factory,,,
1991-02-11,Gonna Make You Sweat (Everybody Dance Now),C+c Music Factory,,,
1991-02-18,All The Man That I Need,Whitney Houston,,,
1991-02-25,All The Man That I Need,Whitney Houston,,,
1991-03-04,Someday,Mariah Carey,,,
1991-03-11,Someday,Mariah Carey,,,
1991-03-18,One More Try,Timmy T,,,
1991-03-25,Coming Out Of The Dark,Gloria Estefan,,,
1991-04-01,Coming Out Of The Dark,Gloria Estefan,,,
1991-04-08,I've Been Thinking About You,Londonbeat,,,
1991-04-15,You're In Love,Wilson Phillips,,,
1991-04-22,Baby Baby,Amy Grant,,,
1991-04-29,Baby Baby,Amy Grant,,,
1991-05-06,Joyride,Roxette,,,
1991-05-13,I Like The Way (The Kissing Game),Hi-five,,,
1991-05-20,I Don't Wanna Cry,Mariah Carey,,,
1991-05-27,I Don't Wanna Cry,Mariah Carey,,,
1991-06-03,More Than Words,Extreme,,,
1991-06-10,Rush Rush,Paula Abdul,,,
1991-06-17,Rush Rush,Paula Abdul,,,
1991-06-24,Rush Rush,Paula Abdul,,,
1991-07-01,Rush Rush,Paula Abdul,,,
1991-07-08,Rush Rush,Paula Abdul,,,
1991-07-15,Unbelievable,Emf,,,
1991-07-22,(Everything I Do) I Do It For You,Bryan Adams,,,
1991-07-29,(Everything I Do) I Do It For You,Bryan Adams,,,
1991-08-05,(Everything I Do) I Do It For You,Bryan Adams,,,
1991-08-12,(Everything I Do) I Do It For You,Bryan Adams,,,
1991-08-19,(Everything I Do) I Do It For You,Bryan Adams,,,
1991-08-26,(Everything I Do) I Do It For You,Bryan Adams,,,
1991-09-02,(Everything I Do) I Do It For You,Bryan Adams,,,
1991-09-09,The Promise Of A New Day,Paula Abdul,,,
1991-09-16,I Adore Mi Amor,Color Me Badd,,,
1991-09-23,I Adore Mi Amor,Color Me Badd,,,
1991-09-30,Good Vibrations,Marky Mark,,,
1991-10-07,Emotions,Mariah Carey,,,
1991-10-14,Emotions,Mariah Carey,,,
1991-10-21,Emotions,Mariah Carey,,,
1991-10-28,Romantic,Karyn White,,,
1991-11-04,Cream,Prince And The N.p.g,,,
1991-11-11,Cream,Prince And The N.p.g,,,
1991-11-18,When A Man Loves A Woman,Michael Bolton,,,
1991-11-25,Set Adrift On Memory Bliss,P.m. Dawn,,,
1991-12-02,Black Or White,Michael Jackson,,,
1991-12-09,Black Or White,Michael Jackson,,,
1991-12-16,Black Or White,Michael Jackson,,,
1991-12-23,Black Or White,Michael Jackson,,,
1991-12-30,Black Or White,Michael Jackson,"Changing Channels: America in TV Guide; Changing channels : America in TV guide; TV Guide 1.18.1992; TV Guide 9/12/1992 (NYC); The TV guide TV book : 40 years of the all-time greatest : television facts, fads, hits, and history",A Closer look : a profile of people with disabilities in British Columbia; A Woman of the Iron People; A price for a people : the meaning of Christ's death; Aboriginal people : history of discriminatory laws -- Rev.; Allogeneic Responses between Three Remote Populations of the Cosmopolitan Ascidian Botryllus schlosseri(Immunology),
1992-01-06,Black Or White,Michael Jackson,,,
1992-01-13,Black Or White,Michael Jackson,,,
1992-01-20,All 4 Love,Color Me Badd,,,
1992-01-27,Don't Let The Sun Go Down On Me,George Michael/elton John,,,
1992-02-03,I'm Too Sexy,Right Said Fred,,,
1992-02-10,I'm Too Sexy,Right Said Fred,,,
1992-02-17,I'm Too Sexy,Right Said Fred,,,
1992-02-24,To Be With You,Mr. Big,,,
1992-03-02,To Be With You,Mr. Big,,,
1992-03-09,To Be With You,Mr. Big,,,
1992-03-16,Save The Best For Last,Vanessa Williams,,,
1992-03-23,Save The Best For Last,Vanessa Williams,,,
1992-03-30,Save The Best For Last,Vanessa Williams,,,
1992-04-06,Save The Best For Last,Vanessa Williams,,,
1992-04-13,Save The Best For Last,Vanessa Williams,,,
1992-04-20,Jump,Kris Kross,,,
1992-04-27,Jump,Kris Kross,,,
1992-05-04,Jump,Kris Kross,,,
1992-05-11,Jump,Kris Kross,,,
1992-05-18,Jump,Kris Kross,,,
1992-05-25,Jump,Kris Kross,,,
1992-06-01,Jump,Kris Kross,,,
1992-06-08,Jump,Kris Kross,,,
1992-06-15,I'll Be There,Mariah Carey,,,
1992-06-22,I'll Be There,Mariah Carey,,,
1992-06-29,Baby Got Back,Sir Mix-a-lot,,,
1992-07-06,Baby Got Back,Sir Mix-a-lot,,,
1992-07-13,Baby Got Back,Sir Mix-a-lot,,,
1992-07-20,Baby Got Back,Sir Mix-a-lot,,,
1992-07-27,Baby Got Back,Sir Mix-a-lot,,,
1992-08-03,This Used To Be My Playground,Madonna,,,
1992-08-10,"End Of The Road (From ""Boomerang"")",Boyz Ii Men,,,
1992-08-17,"End Of The Road (From ""Boomerang"")",Boyz Ii Men,,,
1992-08-24,"End Of The Road (From ""Boomerang"")",Boyz Ii Men,,,
1992-08-31,"End Of The Road (From ""Boomerang"")",Boyz Ii Men,,,
1992-09-07,"End Of The Road (From ""Boomerang"")",Boyz Ii Men,,,
1992-09-14,"End Of The Road (From ""Boomerang"")",Boyz Ii Men,,,
1992-09-21,"End Of The Road (From ""Boomerang"")",Boyz Ii Men,,,
1992-09-28,"End Of The Road (From ""Boomerang"")",Boyz Ii Men,,,
1992-10-05,"End Of The Road (From ""Boomerang"")",Boyz Ii Men,,,
1992-10-12,"End Of The Road (From ""Boomerang"")",Boyz Ii Men,,,
1992-10-19,"End Of The Road (From ""Boomerang"")",Boyz Ii Men,,,
1992-10-26,"End Of The Road (From ""Boomerang"")",Boyz Ii Men,,,
1992-11-02,"End Of The Road (From ""Boomerang"")",Boyz Ii Men,,,
1992-11-09,How Do You Talk To An Angel,The Heights,,,
1992-11-16,How Do You Talk To An Angel,The Heights,,,
1992-11-23,I Will Always Love You,Whitney Houston,,,
1992-11-30,I Will Always Love You,Whitney Houston,,,
1992-12-07,I Will Always Love You,Whitney Houston,,,
1992-12-14,I Will Always Love You,Whitney Houston,,,
1992-12-21,I Will Always Love You,Whitney Houston,,,
1992-12-28,I Will Always Love You,Whitney Houston,TV Guide 4/17/1993 (NYC),"40 things you can do to save the Jewish people; A passion for daylilies : the flowers and the people; A people without a country : the Kurds and Kurdistan; Adequate Facilities for Rehabilitation of Affected People of Sardar Sarovar Project (6-Aug-1993); All male and female persons seventeen years of age or over listed in the city of Everett as of January 1, 1993",
1993-01-04,I Will Always Love You,Whitney Houston,,,
1993-01-11,I Will Always Love You,Whitney Houston,,,
1993-01-18,I Will Always Love You,Whitney Houston,,,
1993-01-25,I Will Always Love You,Whitney Houston,,,
1993-02-01,I Will Always Love You,Whitney Houston,,,
1993-02-08,I Will Always Love You,Whitney Houston,,,
1993-02-15,I Will Always Love You,Whitney Houston,,,
1993-02-22,I Will Always Love You,Whitney Houston,,,
1993-03-01,A Whole New World (Aladdin's Theme),Peabo Bryson,,,
1993-03-08,Informer,Snow,,,
1993-03-15,Informer,Snow,,,
1993-03-22,Informer,Snow,,,
1993-03-29,Informer,Snow,,,
1993-04-05,Informer,Snow,,,
1993-04-12,Informer,Snow,,,
1993-04-19,Informer,Snow,,,
1993-04-26,Freak Me,Silk,,,
1993-05-03,Freak Me,Silk,,,
1993-05-10,That's The Way Love Goes,Janet Jackson,,,
1993-05-17,That's The Way Love Goes,Janet Jackson,,,
1993-05-24,That's The Way Love Goes,Janet Jackson,,,
1993-05-31,That's The Way Love Goes,Janet Jackson,,,
1993-06-07,That's The Way Love Goes,Janet Jackson,,,
1993-06-14,That's The Way Love Goes,Janet Jackson,,,
1993-06-21,That's The Way Love Goes,Janet Jackson,,,
1993-06-28,That's The Way Love Goes,Janet Jackson,,,
1993-07-05,Weak,Swv,,,
1993-07-12,Weak,Swv,,,
1993-07-19,"Can't Help Falling In Love (From ""Sliver"")",Ub40,,,
1993-07-26,"Can't Help Falling In Love (From ""Sliver"")",Ub40,,,
1993-08-02,"Can't Help Falling In Love (From ""Sliver"")",Ub40,,,
1993-08-09,"Can't Help Falling In Love (From ""Sliver"")",Ub40,,,
1993-08-16,"Can't Help Falling In Love (From ""Sliver"")",Ub40,,,
1993-08-23,"Can't Help Falling In Love (From ""Sliver"")",Ub40,,,
1993-08-30,"Can't Help Falling In Love (From ""Sliver"")",Ub40,,,
1993-09-06,Dreamlover,Mariah Carey,,,
1993-09-13,Dreamlover,Mariah Carey,,,
1993-09-20,Dreamlover,Mariah Carey,,,
1993-09-27,Dreamlover,Mariah Carey,,,
1993-10-04,Dreamlover,Mariah Carey,,,
1993-10-11,Dreamlover,Mariah Carey,,,
1993-10-18,Dreamlover,Mariah Carey,,,
1993-10-25,Dreamlover,Mariah Carey,,,
1993-11-01,I'd Do Anything For Love (But I Won't Do That),Meat Loaf,,,
1993-11-08,I'd Do Anything For Love (But I Won't Do That),Meat Loaf,,,
1993-11-15,I'd Do Anything For Love (But I Won't Do That),Meat Loaf,,,
1993-11-22,I'd Do Anything For Love (But I Won't Do That),Meat Loaf,,,
1993-11-29,I'd Do Anything For Love (But I Won't Do That),Meat Loaf,,,
1993-12-06,Again,Janet Jackson,,,
1993-12-13,Again,Janet Jackson,,,
1993-12-20,Hero,Mariah Carey,,,
1993-12-27,Hero,Mariah Carey,TV Guide 10/1/1994 (NYC); TV Guide 10/15/1994 (NYC); TV Guide 10/22/1994 (NYC); TV Guide 10/29/1994 (NYC); TV Guide 10/8/1994 (NYC),"""If you don't buy this book, we'll kill this dog!"" : life, laughs, love, and death at the National Lampoon; #1 adult contemporary hits of the sixties : as listed on the Billboard adult contemporary charts; A Differential Feature-Cost Analysis of Seventeen Computer-Assisted Career Guidance Systems: Technical Report Number 10. (Fifth Edition).; A People and A Nation: A History of the United States; Additions to the inventory of eastern tropical Atlantic ascidians: arrival of cosmopolitan species",
1994-01-03,Hero,Mariah Carey,,,
1994-01-10,Hero,Mariah Carey,,,
1994-01-17,All For Love,Bryan Adams/rod Stewart/sting,,,
1994-01-24,All For Love,Bryan Adams/rod Stewart/sting,,,
1994-01-31,All For Love,Bryan Adams/rod Stewart/sting,,,
1994-02-07,The Power Of Love,Celine Dion,,,
1994-02-14,The Power Of Love,Celine Dion,,,
1994-02-21,The Power Of Love,Celine Dion,,,
1994-02-28,The Power Of Love,Celine Dion,,,
1994-03-07,The Sign,Ace Of Base,,,
1994-03-14,The Sign,Ace Of Base,,,
1994-03-21,The Sign,Ace Of Base,,,
1994-03-28,The Sign,Ace Of Base,,,
1994-04-04,Bump N' Grind,R. Kelly,,,
1994-04-11,Bump N' Grind,R. Kelly,,,
1994-04-18,Bump N' Grind,R. Kelly,,,
1994-04-25,Bump N' Grind,R. Kelly,,,
1994-05-02,The Sign,Ace Of Base,,,
1994-05-09,The Sign,Ace Of Base,,,
1994-05-16,I Swear,All-4-one,,,
1994-05-23,I Swear,All-4-one,,,
1994-05-30,I Swear,All-4-one,,,
1994-06-06,I Swear,All-4-one,,,
1994-06-13,I Swear,All-4-one,,,
1994-06-20,I Swear,All-4-one,,,
1994-06-27,I Swear,All-4-one,,,
1994-07-04,I Swear,All-4-one,,,
1994-07-11,I Swear,All-4-one,,,
1994-07-18,I Swear,All-4-one,,,
1994-07-25,I Swear,All-4-one,,,
1994-08-01,"Stay (I Missed You) (From ""Reality Bites"")",Lisa Loeb,,,
1994-08-08,"Stay (I Missed You) (From ""Reality Bites"")",Lisa Loeb,,,
1994-08-15,"Stay (I Missed You) (From ""Reality Bites"")",Lisa Loeb,,,
1994-08-22,I'll Make Love To You,Boyz Ii Men,,,
1994-08-29,I'll Make Love To You,Boyz Ii Men,,,
1994-09-05,I'll Make Love To You,Boyz Ii Men,,,
1994-09-12,I'll Make Love To You,Boyz Ii Men,,,
1994-09-19,I'll Make Love To You,Boyz Ii Men,,,
1994-09-26,I'll Make Love To You,Boyz Ii Men,,,
1994-10-03,I'll Make Love To You,Boyz Ii Men,,,
1994-10-10,I'll Make Love To You,Boyz Ii Men,,,
1994-10-17,I'll Make Love To You,Boyz Ii Men,,,
1994-10-24,I'll Make Love To You,Boyz Ii Men,,,
1994-10-31,I'll Make Love To You,Boyz Ii Men,,,
1994-11-07,I'll Make Love To You,Boyz Ii Men,,,
1994-11-14,I'll Make Love To You,Boyz Ii Men,,,
1994-11-21,I'll Make Love To You,Boyz Ii Men,,,
1994-11-28,On Bended Knee,Boyz Ii Men,,,
1994-12-05,On Bended Knee,Boyz Ii Men,,,
1994-12-12,"Here Comes The Hotstepper (From ""Ready To Wear"")",Ini Kamoze,,,
1994-12-19,"Here Comes The Hotstepper (From ""Ready To Wear"")",Ini Kamoze,,,
1994-12-26,On Bended Knee,Boyz Ii Men,TV Guide 1/14/1995 (NYC); TV Guide 1/21/1995 (NYC); TV Guide 1/28/1995 (NYC); TV Guide 1/7/1995 (NYC); TV Guide 11/18/1995 (NYC),"1995 Billboard International Buyer's Guide; Advocate asks Minister of Health if she's killed more people than Clifford Olson; Alaska people : Vol. 16, No. 5, September/October 1995; All male and female persons seventeen years of age or over listed in the city of Everett as of January 1, 1995; Animals & people : release 3 and 4",
1995-01-02,On Bended Knee,Boyz Ii Men,,,
1995-01-09,On Bended Knee,Boyz Ii Men,,,
1995-01-16,On Bended Knee,Boyz Ii Men,,,
1995-01-23,Creep,Tlc,,,
1995-01-30,Creep,Tlc,,,
1995-02-06,Creep,Tlc,,,
1995-02-13,Creep,Tlc,,,
1995-02-20,Take A Bow,Madonna,,,
1995-02-27,Take A Bow,Madonna,,,
1995-03-06,Take A Bow,Madonna,,,
1995-03-13,Take A Bow,Madonna,,,
1995-03-20,Take A Bow,Madonna,,,
1995-03-27,Take A Bow,Madonna,,,
1995-04-03,Take A Bow,Madonna,,,
1995-04-10,This Is How We Do It,Montell Jordan,,,
1995-04-17,This Is How We Do It,Montell Jordan,,,
1995-04-24,This Is How We Do It,Montell Jordan,,,
1995-05-01,This Is How We Do It,Montell Jordan,,,
1995-05-08,This Is How We Do It,Montell Jordan,,,
1995-05-15,This Is How We Do It,Montell Jordan,,,
1995-05-22,This Is How We Do It,Montell Jordan,,,
1995-05-29,Have You Ever Really Loved A Woman?,Bryan Adams,,,
1995-06-05,Have You Ever Really Loved A Woman?,Bryan Adams,,,
1995-06-12,Have You Ever Really Loved A Woman?,Bryan Adams,,,
1995-06-19,Have You Ever Really Loved A Woman?,Bryan Adams,,,
1995-06-26,Have You Ever Really Loved A Woman?,Bryan Adams,,,
1995-07-03,Waterfalls,Tlc,,,
1995-07-10,Waterfalls,Tlc,,,
1995-07-17,Waterfalls,Tlc,,,
1995-07-24,Waterfalls,Tlc,,,
1995-07-31,Waterfalls,Tlc,,,
1995-08-07,Waterfalls,Tlc,,,
1995-08-14,Waterfalls,Tlc,,,
1995-08-21,Kiss From A Rose,Seal,,,
1995-08-28,You Are Not Alone,Michael Jackson,,,
1995-09-04,"Gangsta's Paradise (From ""Dangerous Minds"")",Coolio,,,
1995-09-11,"Gangsta's Paradise (From ""Dangerous Minds"")",Coolio,,,
1995-09-18,"Gangsta's Paradise (From ""Dangerous Minds"")",Coolio,,,
1995-09-25,Fantasy,Mariah Carey,,,
1995-10-02,Fantasy,Mariah Carey,,,
1995-10-09,Fantasy,Mariah Carey,,,
1995-10-16,Fantasy,Mariah Carey,,,
1995-10-23,Fantasy,Mariah Carey,,,
1995-10-30,Fantasy,Mariah Carey,,,
1995-11-06,Fantasy,Mariah Carey,,,
1995-11-13,Fantasy,Mariah Carey,,,
1995-11-20,"Exhale (Shoop Shoop) (From ""Waiting To Exhale"")",Whitney Houston,,,
1995-11-27,One Sweet Day,Mariah Carey,,,
1995-12-04,One Sweet Day,Mariah Carey,,,
1995-12-11,One Sweet Day,Mariah Carey,,,
1995-12-18,One Sweet Day,Mariah Carey,,,
1995-12-25,One Sweet Day,Mariah Carey,,,
1996-01-01,One Sweet Day,Mariah Carey,Prime-time style : the ultimate TV guide to fashion hits-- and misses; The Lake Placid News - TV Listings - 03-16-1996,3-Way Cum Number Seventeen; A freeborn people : politics and the nation in seventeenth-century England; Billboard; Billboard in Tamil; Billboard international talent & touring directory 1996,
1996-01-08,One Sweet Day,Mariah Carey,,,
1996-01-15,One Sweet Day,Mariah Carey,,,
1996-01-22,One Sweet Day,Mariah Carey,,,
1996-01-29,One Sweet Day,Mariah Carey,,,
1996-02-05,One Sweet Day,Mariah Carey,,,
1996-02-12,One Sweet Day,Mariah Carey,,,
1996-02-19,One Sweet Day,Mariah Carey,,,
1996-02-26,One Sweet Day,Mariah Carey,,,
1996-03-04,One Sweet Day,Mariah Carey,,,
1996-03-11,One Sweet Day,Mariah Carey,,,
1996-03-18,"Because You Loved Me (From ""Up Close & Personal"")",Celine Dion,,,
1996-03-25,"Because You Loved Me (From ""Up Close & Personal"")",Celine Dion,,,
1996-04-01,"Because You Loved Me (From ""Up Close & Personal"")",Celine Dion,,,
1996-04-08,"Because You Loved Me (From ""Up Close & Personal"")",Celine Dion,,,
1996-04-15,"Because You Loved Me (From ""Up Close & Personal"")",Celine Dion,,,
1996-04-22,"Because You Loved Me (From ""Up Close & Personal"")",Celine Dion,,,
1996-04-29,Always Be My Baby,Mariah Carey,,,
1996-05-06,Always Be My Baby,Mariah Carey,,,
1996-05-13,Tha Crossroads,Bone Thugs-n-harmony,,,
1996-05-20,Tha Crossroads,Bone Thugs-n-harmony,,,
1996-05-27,Tha Crossroads,Bone Thugs-n-harmony,,,
1996-06-03,Tha Crossroads,Bone Thugs-n-harmony,,,
1996-06-10,Tha Crossroads,Bone Thugs-n-harmony,,,
1996-06-17,Tha Crossroads,Bone Thugs-n-harmony,,,
1996-06-24,Tha Crossroads,Bone Thugs-n-harmony,,,
1996-07-01,Tha Crossroads,Bone Thugs-n-harmony,,,
1996-07-08,How Do U Want It/California Love,2pac,,,
1996-07-15,How Do U Want It/California Love,2pac,,,
1996-07-22,You're Makin' Me High/Let It Flow,Toni Braxton,,,
1996-07-29,Macarena (Bayside Boys Mix),Los Del Rio,,,
1996-08-05,Macarena (Bayside Boys Mix),Los Del Rio,,,
1996-08-12,Macarena (Bayside Boys Mix),Los Del Rio,,,
1996-08-19,Macarena (Bayside Boys Mix),Los Del Rio,,,
1996-08-26,Macarena (Bayside Boys Mix),Los Del Rio,,,
1996-09-02,Macarena (Bayside Boys Mix),Los Del Rio,,,
1996-09-09,Macarena (Bayside Boys Mix),Los Del Rio,,,
1996-09-16,Macarena (Bayside Boys Mix),Los Del Rio,,,
1996-09-23,Macarena (Bayside Boys Mix),Los Del Rio,,,
1996-09-30,Macarena (Bayside Boys Mix),Los Del Rio,,,
1996-10-07,Macarena (Bayside Boys Mix),Los Del Rio,,,
1996-10-14,Macarena (Bayside Boys Mix),Los Del Rio,,,
1996-10-21,Macarena (Bayside Boys Mix),Los Del Rio,,,
1996-10-28,Macarena (Bayside Boys Mix),Los Del Rio,,,
1996-11-04,No Diggity,Blackstreet,,,
1996-11-11,No Diggity,Blackstreet,,,
1996-11-18,No Diggity,Blackstreet,,,
1996-11-25,No Diggity,Blackstreet,,,
1996-12-02,Un-Break My Heart,Toni Braxton,,,
1996-12-09,Un-Break My Heart,Toni Braxton,,,
1996-12-16,Un-Break My Heart,Toni Braxton,,,
1996-12-23,Un-Break My Heart,Toni Braxton,,,
1996-12-30,Un-Break My Heart,Toni Braxton,TV Guide (1997/03/29 to 04) God And Television (N Indiana); TV Guide - (1997/09/13 to 19) - FALL PREVIEW (N Indiana),"A KARYOMORPHOLOGICAL STUDY OF SEVENTEEN SPECIES OF CHINESE CAMELLIA; A history of young people in the West; Abandoned: what is God's will for the Jewish people and the Church?; Access to assessment : perspectives of practitioners, disabled people and carers; Air pollution, people, and plants : an introduction",
1997-01-06,Un-Break My Heart,Toni Braxton,,,
1997-01-13,Un-Break My Heart,Toni Braxton,,,
1997-01-20,Un-Break My Heart,Toni Braxton,,,
1997-01-27,Un-Break My Heart,Toni Braxton,,,
1997-02-03,Un-Break My Heart,Toni Braxton,,,
1997-02-10,Un-Break My Heart,Toni Braxton,,,
1997-02-17,Wannabe,Spice Girls,,,
1997-02-24,Wannabe,Spice Girls,,,
1997-03-03,Wannabe,Spice Girls,,,
1997-03-10,Wannabe,Spice Girls,,,
1997-03-17,Can't Nobody Hold Me Down,Puff Daddy,,,
1997-03-24,Can't Nobody Hold Me Down,Puff Daddy,,,
1997-03-31,Can't Nobody Hold Me Down,Puff Daddy,,,
1997-04-07,Can't Nobody Hold Me Down,Puff Daddy,,,
1997-04-14,Can't Nobody Hold Me Down,Puff Daddy,,,
1997-04-21,Can't Nobody Hold Me Down,Puff Daddy,,,
1997-04-28,Hypnotize,The Notorious B.i.g,,,
1997-05-05,Hypnotize,The Notorious B.i.g,,,
1997-05-12,Hypnotize,The Notorious B.i.g,,,
1997-05-19,MMMBop,Hanson,,,
1997-05-26,MMMBop,Hanson,,,
1997-06-02,MMMBop,Hanson,,,
1997-06-09,I'll Be Missing You,Puff Daddy,,,
1997-06-16,I'll Be Missing You,Puff Daddy,,,
1997-06-23,I'll Be Missing You,Puff Daddy,,,
1997-06-30,I'll Be Missing You,Puff Daddy,,,
1997-07-07,I'll Be Missing You,Puff Daddy,,,
1997-07-14,I'll Be Missing You,Puff Daddy,,,
1997-07-21,I'll Be Missing You,Puff Daddy,,,
1997-07-28,I'll Be Missing You,Puff Daddy,,,
1997-08-04,I'll Be Missing You,Puff Daddy,,,
1997-08-11,I'll Be Missing You,Puff Daddy,,,
1997-08-18,I'll Be Missing You,Puff Daddy,,,
1997-08-25,Mo Money Mo Problems,The Notorious B.i.g,,,
1997-09-01,Mo Money Mo Problems,The Notorious B.i.g,,,
1997-09-08,Honey,Mariah Carey,,,
1997-09-15,Honey,Mariah Carey,,,
1997-09-22,Honey,Mariah Carey,,,
1997-09-29,4 Seasons Of Loneliness,Boyz Ii Men,,,
1997-10-06,Candle In The Wind 1997/Something About The Way You Look Tonight,Elton John,,,
1997-10-13,Candle In The Wind 1997/Something About The Way You Look Tonight,Elton John,,,
1997-10-20,Candle In The Wind 1997/Something About The Way You Look Tonight,Elton John,,,
1997-10-27,Candle In The Wind 1997/Something About The Way You Look Tonight,Elton John,,,
1997-11-03,Candle In The Wind 1997/Something About The Way You Look Tonight,Elton John,,,
1997-11-10,Candle In The Wind 1997/Something About The Way You Look Tonight,Elton John,,,
1997-11-17,Candle In The Wind 1997/Something About The Way You Look Tonight,Elton John,,,
1997-11-24,Candle In The Wind 1997/Something About The Way You Look Tonight,Elton John,,,
1997-12-01,Candle In The Wind 1997/Something About The Way You Look Tonight,Elton John,,,
1997-12-08,Candle In The Wind 1997/Something About The Way You Look Tonight,Elton John,,,
1997-12-15,Candle In The Wind 1997/Something About The Way You Look Tonight,Elton John,,,
1997-12-22,Candle In The Wind 1997/Something About The Way You Look Tonight,Elton John,,,
1997-12-29,Candle In The Wind 1997/Something About The Way You Look Tonight,Elton John,TV Guide - (1998/01/03 to 09) The Simpsons (N Ind); TV Guide - (1998/09/26 to 02) (N Ind) Girl Power; TV Guide - 1998/08/15 to 21 - ( N Ind) Diana; The TV Guide book of lists,"A history of the Southwest : the land and its people; ABS Census 1996, Aboriginal and Torres Strait Islander People - Western Australia; ABS Education and training important to NSW people - ABS figures, 1997 (Media Release); ABS Education and training important to WA people - ABS figures, 1997 (Media Release); All male or female persons seventeen years of age or over listed in the City of Everett as of January 1, 1998",
1998-01-05,Candle In The Wind 1997/Something About The Way You Look Tonight,Elton John,,,
1998-01-12,Truly Madly Deeply,Savage Garden,,,
1998-01-19,Truly Madly Deeply,Savage Garden,,,
1998-01-26,Together Again,Janet,,,
1998-02-02,Together Again,Janet,,,
1998-02-09,Nice & Slow,Usher,,,
1998-02-16,Nice & Slow,Usher,,,
1998-02-23,My Heart Will Go On,Celine Dion,,,
1998-03-02,My Heart Will Go On,Celine Dion,,,
1998-03-09,Gettin' Jiggy Wit It,Will Smith,,,
1998-03-16,Gettin' Jiggy Wit It,Will Smith,,,
1998-03-23,Gettin' Jiggy Wit It,Will Smith,,,
1998-03-30,All My Life,K-ci,,,
1998-04-06,All My Life,K-ci,,,
1998-04-13,All My Life,K-ci,,,
1998-04-20,Too Close,Next,,,
1998-04-27,Too Close,Next,,,
1998-05-04,Too Close,Next,,,
1998-05-11,Too Close,Next,,,
1998-05-18,My All,Mariah Carey,,,
1998-05-25,Too Close,Next,,,
1998-06-01,The Boy Is Mine,Brandy,,,
1998-06-08,The Boy Is Mine,Brandy,,,
1998-06-15,The Boy Is Mine,Brandy,,,
1998-06-22,The Boy Is Mine,Brandy,,,
1998-06-29,The Boy Is Mine,Brandy,,,
1998-07-06,The Boy Is Mine,Brandy,,,
1998-07-13,The Boy Is Mine,Brandy,,,
1998-07-20,The Boy Is Mine,Brandy,,,
1998-07-27,The Boy Is Mine,Brandy,,,
1998-08-03,The Boy Is Mine,Brandy,,,
1998-08-10,The Boy Is Mine,Brandy,,,
1998-08-17,The Boy Is Mine,Brandy,,,
1998-08-24,The Boy Is Mine,Brandy,,,
1998-08-31,I Don't Want To Miss A Thing,Aerosmith,,,
1998-09-07,I Don't Want To Miss A Thing,Aerosmith,,,
1998-09-14,I Don't Want To Miss A Thing,Aerosmith,,,
1998-09-21,I Don't Want To Miss A Thing,Aerosmith,,,
1998-09-28,The First Night,Monica,,,
1998-10-05,The First Night,Monica,,,
1998-10-12,One Week,Barenaked Ladies,,,
1998-10-19,The First Night,Monica,,,
1998-10-26,The First Night,Monica,,,
1998-11-02,The First Night,Monica,,,
1998-11-09,Doo Wop (That Thing),Lauryn Hill,,,
1998-11-16,Doo Wop (That Thing),Lauryn Hill,,,
1998-11-23,Lately,Divine,,,
1998-11-30,I'm Your Angel,R. Kelly,,,
1998-12-07,I'm Your Angel,R. Kelly,,,
1998-12-14,I'm Your Angel,R. Kelly,,,
1998-12-21,I'm Your Angel,R. Kelly,,,
1998-12-28,I'm Your Angel,R. Kelly,"Perth TV Guide 31121999; TV Guide - (1999/05/01 to 07) (Cincinnati) Kentucky Derby Special; TV Guide - 1999/08/21 to 27 - (Cincinnati) - Cher; TV Guide January 23 29, 1999 Albany NY Edition; TV heaven : the ultimate TV guide","All male or female persons seventeen years of age or over listed in the City of Everett as of January 1, 1999; Astonishing century : a rapid reference guide to the events and people we remember, perfect for creating your personal memoirs or family history; Avant-Guide London: Insiders' Guide for Cosmopolitan Travelers (Avant-Guide); Billboard; Billboard Dad",
1999-01-04,I'm Your Angel,R. Kelly,,,
1999-01-11,Have You Ever?,Brandy,,,
1999-01-18,Have You Ever?,Brandy,,,
1999-01-25,...Baby One More Time,Britney Spears,,,
1999-02-01,...Baby One More Time,Britney Spears,,,
1999-02-08,Angel Of Mine,Monica,,,
1999-02-15,Angel Of Mine,Monica,,,
1999-02-22,Angel Of Mine,Monica,,,
1999-03-01,Angel Of Mine,Monica,,,
1999-03-08,Believe,Cher,,,
1999-03-15,Believe,Cher,,,
1999-03-22,Believe,Cher,,,
1999-03-29,Believe,Cher,,,
1999-04-05,No Scrubs,Tlc,,,
1999-04-12,No Scrubs,Tlc,,,
1999-04-19,No Scrubs,Tlc,,,
1999-04-26,No Scrubs,Tlc,,,
1999-05-03,Livin' La Vida Loca,Ricky Martin,,,
1999-05-10,Livin' La Vida Loca,Ricky Martin,,,
1999-05-17,Livin' La Vida Loca,Ricky Martin,,,
1999-05-24,Livin' La Vida Loca,Ricky Martin,,,
1999-05-31,Livin' La Vida Loca,Ricky Martin,,,
1999-06-07,If You Had My Love,Jennifer Lopez,,,
1999-06-14,If You Had My Love,Jennifer Lopez,,,
1999-06-21,If You Had My Love,Jennifer Lopez,,,
1999-06-28,If You Had My Love,Jennifer Lopez,,,
1999-07-05,If You Had My Love,Jennifer Lopez,,,
1999-07-12,"Bills, Bills, Bills",Destiny's Child,,,
1999-07-19,Wild Wild West,Will Smith,,,
1999-07-26,Genie In A Bottle,Christina Aguilera,,,
1999-08-02,Genie In A Bottle,Christina Aguilera,,,
1999-08-09,Genie In A Bottle,Christina Aguilera,,,
1999-08-16,Genie In A Bottle,Christina Aguilera,,,
1999-08-23,Genie In A Bottle,Christina Aguilera,,,
1999-08-30,Bailamos,Enrique Iglesias,,,
1999-09-06,Bailamos,Enrique Iglesias,,,
1999-09-13,Unpretty,Tlc,,,
1999-09-20,Unpretty,Tlc,,,
1999-09-27,Unpretty,Tlc,,,
1999-10-04,Heartbreaker,Mariah Carey,,,
1999-10-11,Heartbreaker,Mariah Carey,,,
1999-10-18,Smooth,Santana,,,
1999-10-25,Smooth,Santana,,,
1999-11-01,Smooth,Santana,,,
1999-11-08,Smooth,Santana,,,
1999-11-15,Smooth,Santana,,,
1999-11-22,Smooth,Santana,,,
1999-11-29,Smooth,Santana,,,
1999-12-06,Smooth,Santana,,,
1999-12-13,Smooth,Santana,,,
1999-12-20,Smooth,Santana,,,
1999-12-27,Smooth,Santana,ONdigital TV Guide April 2000; Perth TV Guide 01102000; Perth TV Guide 15092000; Perth TV Guide 24122000; Perth TV Guide 29092000,"2000 December Entertainment Weekly Eminem and Dido; A sacramental people : initiation into a faith community; All male or female persons seventeen years of age or over listed in the City of Everett as of January 1, 2000; American beliefs : what keeps a big country and a diverse people united; Billboard",
2000-01-03,Smooth,Santana,,,
2000-01-10,What A Girl Wants,Christina Aguilera,,,
2000-01-17,What A Girl Wants,Christina Aguilera,,,
2000-01-24,I Knew I Loved You,Savage Garden,,,
2000-01-31,I Knew I Loved You,Savage Garden,,,
2000-02-07,I Knew I Loved You,Savage Garden,,,
2000-02-14,Thank God I Found You,Mariah Carey,,,
2000-02-21,I Knew I Loved You,Savage Garden,,,
2000-02-28,Amazed,Lonestar,,,
2000-03-06,Amazed,Lonestar,,,
2000-03-13,Say My Name,Destiny's Child,,,
2000-03-20,Say My Name,Destiny's Child,,,
2000-03-27,Say My Name,Destiny's Child,,,
2000-04-03,Maria Maria,Santana,,,
2000-04-10,Maria Maria,Santana,,,
2000-04-17,Maria Maria,Santana,,,
2000-04-24,Maria Maria,Santana,,,
2000-05-01,Maria Maria,Santana,,,
2000-05-08,Maria Maria,Santana,,,
2000-05-15,Maria Maria,Santana,,,
2000-05-22,Maria Maria,Santana,,,
2000-05-29,Maria Maria,Santana,,,
2000-06-05,Maria Maria,Santana,,,
2000-06-12,Try Again,Aaliyah,,,
2000-06-19,Be With You,Enrique Iglesias,,,
2000-06-26,Be With You,Enrique Iglesias,,,
2000-07-03,Be With You,Enrique Iglesias,,,
2000-07-10,Everything You Want,Vertical Horizon,,,
2000-07-17,Bent,Matchbox Twenty,,,
2000-07-24,It's Gonna Be Me,*nsync,,,
2000-07-31,It's Gonna Be Me,*nsync,,,
2000-08-07,Incomplete,Sisqo,,,
2000-08-14,Incomplete,Sisqo,,,
2000-08-21,Doesn't Really Matter,Janet,,,
2000-08-28,Doesn't Really Matter,Janet,,,
2000-09-04,Doesn't Really Matter,Janet,,,
2000-09-11,Music,Madonna,,,
2000-09-18,Music,Madonna,,,
2000-09-25,Music,Madonna,,,
2000-10-02,Music,Madonna,,,
2000-10-09,Come On Over Baby (All I Want Is You),Christina Aguilera,,,
2000-10-16,Come On Over Baby (All I Want Is You),Christina Aguilera,,,
2000-10-23,Come On Over Baby (All I Want Is You),Christina Aguilera,,,
2000-10-30,Come On Over Baby (All I Want Is You),Christina Aguilera,,,
2000-11-06,With Arms Wide Open,Creed,,,
2000-11-13,Independent Women Part I,Destiny's Child,,,
2000-11-20,Independent Women Part I,Destiny's Child,,,
2000-11-27,Independent Women Part I,Destiny's Child,,,
2000-12-04,Independent Women Part I,Destiny's Child,,,
2000-12-11,Independent Women Part I,Destiny's Child,,,
2000-12-18,Independent Women Part I,Destiny's Child,,,
2000-12-25,Independent Women Part I,Destiny's Child,,,
2001-01-01,Independent Women Part I,Destiny's Child,,"""Lyrick Enters Midline World with Newly Inherited 'Kipper'"" - Billboard. Nielsen Business Media; 300 Years of People and Pianos.; Ain't misbehavin' : the groundbreaking program for happy, WELL-BEHAVED PETS and their people; All male or female persons seventeen years of age or over listed in the City of Everett as of January 1, 2001; Almanac of African American heritage : a book of lists featuring people, places, times, and events that shaped Black culture",
2001-01-08,Independent Women Part I,Destiny's Child,,,
2001-01-15,Independent Women Part I,Destiny's Child,,,
2001-01-22,Independent Women Part I,Destiny's Child,,,
2001-01-29,It Wasn't Me,Shaggy,,,
2001-02-05,It Wasn't Me,Shaggy,,,
2001-02-12,Ms. Jackson,Outkast,,,
2001-02-19,Stutter,Joe,,,
2001-02-26,Stutter,Joe,,,
2001-03-05,Stutter,Joe,,,
2001-03-12,Stutter,Joe,,,
2001-03-19,Butterfly,Crazy Town,,,
2001-03-26,Angel,Shaggy,,,
2001-04-02,Butterfly,Crazy Town,,,
2001-04-09,All For You,Janet,,,
2001-04-16,All For You,Janet,,,
2001-04-23,All For You,Janet,,,
2001-04-30,All For You,Janet,,,
2001-05-07,All For You,Janet,,,
2001-05-14,All For You,Janet,,,
2001-05-21,All For You,Janet,,,
2001-05-28,Lady Marmalade,"Christina Aguilera, Lil' Kim, Mya",,,
2001-06-04,Lady Marmalade,"Christina Aguilera, Lil' Kim, Mya",,,
2001-06-11,Lady Marmalade,"Christina Aguilera, Lil' Kim, Mya",,,
2001-06-18,Lady Marmalade,"Christina Aguilera, Lil' Kim, Mya",,,
2001-06-25,Lady Marmalade,"Christina Aguilera, Lil' Kim, Mya",,,
2001-07-02,U Remind Me,Usher,,,
2001-07-09,U Remind Me,Usher,,,
2001-07-16,U Remind Me,Usher,,,
2001-07-23,U Remind Me,Usher,,,
2001-07-30,Bootylicious,Destiny's Child,,,
2001-08-06,Bootylicious,Destiny's Child,,,
2001-08-13,Fallin',Alicia Keys,,,
2001-08-20,Fallin',Alicia Keys,,,
2001-08-27,Fallin',Alicia Keys,,,
2001-09-03,I'm Real,Jennifer Lopez,,,
2001-09-10,I'm Real,Jennifer Lopez,,,
2001-09-17,I'm Real,Jennifer Lopez,,,
2001-09-24,Fallin',Alicia Keys,,,
2001-10-01,Fallin',Alicia Keys,,,
2001-10-08,Fallin',Alicia Keys,,,
2001-10-15,I'm Real,Jennifer Lopez,,,
2001-10-22,I'm Real,Jennifer Lopez,,,
2001-10-29,Family Affair,Mary J. Blige,,,
2001-11-05,Family Affair,Mary J. Blige,,,
2001-11-12,Family Affair,Mary J. Blige,,,
2001-11-19,Family Affair,Mary J. Blige,,,
2001-11-26,Family Affair,Mary J. Blige,,,
2001-12-03,Family Affair,Mary J. Blige,,,
2001-12-10,U Got It Bad,Usher,,,
2001-12-17,How You Remind Me,Nickelback,,,
2001-12-24,How You Remind Me,Nickelback,,,
2001-12-31,How You Remind Me,Nickelback,,"2003 International Buyer's Guide (Billboard International Buyer's Guide, 2003); A comparative study of referendums : government by the people; A comprehensive guide for integrated treatment of people with co-occurring disorders; A historical atlas of the Jewish people : from the time of the patriarchs to the present; ATTACKS ON PEOPLE OF INDIAN ORIGIN IN SOUTH AFRICA (18-Dec-2002)",
2002-01-07,How You Remind Me,Nickelback,,,
2002-01-14,U Got It Bad,Usher,,,
2002-01-21,U Got It Bad,Usher,,,
2002-01-28,U Got It Bad,Usher,,,
2002-02-04,U Got It Bad,Usher,,,
2002-02-11,U Got It Bad,Usher,,,
2002-02-18,Always On Time,Ja Rule,,,
2002-02-25,Always On Time,Ja Rule,,,
2002-03-04,Ain't It Funny,Jennifer Lopez,,,
2002-03-11,Ain't It Funny,Jennifer Lopez,,,
2002-03-18,Ain't It Funny,Jennifer Lopez,,,
2002-03-25,Ain't It Funny,Jennifer Lopez,,,
2002-04-01,Ain't It Funny,Jennifer Lopez,,,
2002-04-08,Ain't It Funny,Jennifer Lopez,,,
2002-04-15,Foolish,Ashanti,,Entertainment Weekly - The Osbournes - (2002-04-19),
2002-04-22,Foolish,Ashanti,,,
2002-04-29,Foolish,Ashanti,,,
2002-05-06,Foolish,Ashanti,,,
2002-05-13,Foolish,Ashanti,,,
2002-05-20,Foolish,Ashanti,,,
2002-05-27,Foolish,Ashanti,,,
2002-06-03,Foolish,Ashanti,,,
2002-06-10,Foolish,Ashanti,,,
2002-06-17,Foolish,Ashanti,,,
2002-06-24,Hot In Herre,Nelly,,,
2002-07-01,Hot In Herre,Nelly,,,
2002-07-08,Hot In Herre,Nelly,,,
2002-07-15,Hot In Herre,Nelly,,,
2002-07-22,Hot In Herre,Nelly,,,
2002-07-29,Hot In Herre,Nelly,,,
2002-08-05,Hot In Herre,Nelly,,,
2002-08-12,Dilemma,Nelly,,,
2002-08-19,Dilemma,Nelly,,,
2002-08-26,Dilemma,Nelly,,,
2002-09-02,Dilemma,Nelly,,,
2002-09-09,Dilemma,Nelly,,,
2002-09-16,Dilemma,Nelly,,,
2002-09-23,Dilemma,Nelly,,,
2002-09-30,A Moment Like This,Kelly Clarkson,,,
2002-10-07,A Moment Like This,Kelly Clarkson,,,
2002-10-14,Dilemma,Nelly,,,
2002-10-21,Dilemma,Nelly,,,
2002-10-28,Dilemma,Nelly,,,
2002-11-04,Lose Yourself,Eminem,,,
2002-11-11,Lose Yourself,Eminem,,,
2002-11-18,Lose Yourself,Eminem,,,
2002-11-25,Lose Yourself,Eminem,,,
2002-12-02,Lose Yourself,Eminem,,,
2002-12-09,Lose Yourself,Eminem,,,
2002-12-16,Lose Yourself,Eminem,,,
2002-12-23,Lose Yourself,Eminem,,,
2002-12-30,Lose Yourself,Eminem,,"45 effective ways for hiring smart! : how to predict winners and losers in the incredibly expensive people-reading game; A dancing people : powwow culture on the southern Plains; AGORA XII. Training for Mentally Disabled People and Their Trainers: Permitting the Mentally Disabled a Genuine and Appropriate Exercise of Their Rights. CEDEFOP Panorama Series.; ASSISTANCE TO PEOPLE OF MINORITY ORIGIN (8-May-2003); All the people, all the time",
2003-01-06,Lose Yourself,Eminem,,,
2003-01-13,Lose Yourself,Eminem,,,
2003-01-20,Lose Yourself,Eminem,,,
2003-01-27,"Bump, Bump, Bump",B2k,,,
2003-02-03,All I Have,Jennifer Lopez,,,
2003-02-10,All I Have,Jennifer Lopez,,,
2003-02-17,All I Have,Jennifer Lopez,,,
2003-02-24,All I Have,Jennifer Lopez,,,
2003-03-03,In Da Club,50 Cent,,,
2003-03-10,In Da Club,50 Cent,,,
2003-03-17,In Da Club,50 Cent,,,
2003-03-24,In Da Club,50 Cent,,,
2003-03-31,In Da Club,50 Cent,,,
2003-04-07,In Da Club,50 Cent,,,
2003-04-14,In Da Club,50 Cent,,,
2003-04-21,In Da Club,50 Cent,,,
2003-04-28,In Da Club,50 Cent,,,
2003-05-05,Get Busy,Sean Paul,,,
2003-05-12,Get Busy,Sean Paul,,,
2003-05-19,Get Busy,Sean Paul,,,
2003-05-26,21 Questions,50 Cent,,,
2003-06-02,21 Questions,50 Cent,,,
2003-06-09,21 Questions,50 Cent,,,
2003-06-16,21 Questions,50 Cent,,,
2003-06-23,This Is The Night,Clay Aiken,,,
2003-06-30,This Is The Night,Clay Aiken,,,
2003-07-07,Crazy In Love,Beyonce,,,
2003-07-14,Crazy In Love,Beyonce,,,
2003-07-21,Crazy In Love,Beyonce,,,
2003-07-28,Crazy In Love,Beyonce,,,
2003-08-04,Crazy In Love,Beyonce,,,
2003-08-11,Crazy In Love,Beyonce,,,
2003-08-18,Crazy In Love,Beyonce,,,
2003-08-25,Crazy In Love,Beyonce,,,
2003-09-01,Shake Ya Tailfeather,"Nelly, P. Diddy",,,
2003-09-08,Shake Ya Tailfeather,"Nelly, P. Diddy",,,
2003-09-15,Shake Ya Tailfeather,"Nelly, P. Diddy",,,
2003-09-22,Shake Ya Tailfeather,"Nelly, P. Diddy",,,
2003-09-29,Baby Boy,Beyonce,,,
2003-10-06,Baby Boy,Beyonce,,,
2003-10-13,Baby Boy,Beyonce,,,
2003-10-20,Baby Boy,Beyonce,,,
2003-10-27,Baby Boy,Beyonce,,,
2003-11-03,Baby Boy,Beyonce,,,
2003-11-10,Baby Boy,Beyonce,,,
2003-11-17,Baby Boy,Beyonce,,,
2003-11-24,Baby Boy,Beyonce,,,
2003-12-01,Stand Up,Ludacris,,,
2003-12-08,Hey Ya!,Outkast,,,
2003-12-15,Hey Ya!,Outkast,,,
2003-12-22,Hey Ya!,Outkast,,,
2003-12-29,Hey Ya!,Outkast,,"8 Kentucky Street/Cosmopolitan Hotel site, Petaluma, California : historic resource report; A CHRISTIAN'S TV GUIDE; A land without evil : stopping the genocide of Burma's Karen people; All male or female persons seventeen years of age or over listed in the City of Everett as of January 1, 2004; Assessing Older People: A Practical Guide For Health Professionals",
2004-01-05,Hey Ya!,Outkast,,,
2004-01-12,Hey Ya!,Outkast,,,
2004-01-19,Hey Ya!,Outkast,,,
2004-01-26,Hey Ya!,Outkast,,,
2004-02-02,Hey Ya!,Outkast,,,
2004-02-09,The Way You Move,Outkast,,,
2004-02-16,Slow Jamz,Twista,,,
2004-02-23,Yeah!,Usher,,,
2004-03-01,Yeah!,Usher,,,
2004-03-08,Yeah!,Usher,,,
2004-03-15,Yeah!,Usher,,,
2004-03-22,Yeah!,Usher,,,
2004-03-29,Yeah!,Usher,,,
2004-04-05,Yeah!,Usher,,,
2004-04-12,Yeah!,Usher,,,
2004-04-19,Yeah!,Usher,,,
2004-04-26,Yeah!,Usher,,,
2004-05-03,Yeah!,Usher,,,
2004-05-10,Yeah!,Usher,,,
2004-05-17,Burn,Usher,,,
2004-05-24,Burn,Usher,,,
2004-05-31,Burn,Usher,,,
2004-06-07,Burn,Usher,,,
2004-06-14,Burn,Usher,,,
2004-06-21,Burn,Usher,,,
2004-06-28,Burn,Usher,,,
2004-07-05,I Believe,Fantasia,,,
2004-07-12,Burn,Usher,,,
2004-07-19,Confessions Part II,Usher,,,
2004-07-26,Confessions Part II,Usher,,,
2004-08-02,Slow Motion,Juvenile,,,
2004-08-09,Slow Motion,Juvenile,,,
2004-08-16,Lean Back,Terror Squad,,,
2004-08-23,Lean Back,Terror Squad,,,
2004-08-30,Lean Back,Terror Squad,,,
2004-09-06,Goodies,Ciara,,,
2004-09-13,Goodies,Ciara,,,
2004-09-20,Goodies,Ciara,,,
2004-09-27,Goodies,Ciara,,,
2004-10-04,Goodies,Ciara,,,
2004-10-11,Goodies,Ciara,,,
2004-10-18,Goodies,Ciara,,,
2004-10-25,My Boo,Usher And Alicia Keys,,,
2004-11-01,My Boo,Usher And Alicia Keys,,,
2004-11-08,My Boo,Usher And Alicia Keys,,,
2004-11-15,My Boo,Usher And Alicia Keys,,,
2004-11-22,My Boo,Usher And Alicia Keys,,,
2004-11-29,My Boo,Usher And Alicia Keys,,,
2004-12-06,Drop It Like It's Hot,Snoop Dogg,,,
2004-12-13,Drop It Like It's Hot,Snoop Dogg,,,
2004-12-20,Drop It Like It's Hot,Snoop Dogg,,,
2004-12-27,Let Me Love You,Mario,,"""Go for it!"" : supporting people with learning disabilties and/or autistic spectrum disorder in employment; A people and a nation : a history of the United States; Access to communication : developing basic communication with people who have severe learning difficulties; After the cosmopolitan? : multicultural cities and the future of racism; All male or female persons seventeen years of age or over listed in the City of Everett as of January 1, 2005",
2005-01-03,Let Me Love You,Mario,,,
2005-01-10,Let Me Love You,Mario,,,
2005-01-17,Let Me Love You,Mario,,,
2005-01-24,Let Me Love You,Mario,,,
2005-01-31,Let Me Love You,Mario,,,
2005-02-07,Let Me Love You,Mario,,,
2005-02-14,Let Me Love You,Mario,,,
2005-02-21,Let Me Love You,Mario,,,
2005-02-28,Candy Shop,50 Cent,,,
2005-03-07,Candy Shop,50 Cent,,,
2005-03-14,Candy Shop,50 Cent,,,
2005-03-21,Candy Shop,50 Cent,,,
2005-03-28,Candy Shop,50 Cent,,,
2005-04-04,Candy Shop,50 Cent,,,
2005-04-11,Candy Shop,50 Cent,,,
2005-04-18,Candy Shop,50 Cent,,,
2005-04-25,Candy Shop,50 Cent,,,
2005-05-02,Hollaback Girl,Gwen Stefani,,,
2005-05-09,Hollaback Girl,Gwen Stefani,,,
2005-05-16,Hollaback Girl,Gwen Stefani,,,
2005-05-23,Hollaback Girl,Gwen Stefani,,,
2005-05-30,We Belong Together,Mariah Carey,,,
2005-06-06,We Belong Together,Mariah Carey,,,
2005-06-13,We Belong Together,Mariah Carey,,,
2005-06-20,We Belong Together,Mariah Carey,,,
2005-06-27,Inside Your Heaven,Carrie Underwood,,,
2005-07-04,We Belong Together,Mariah Carey,,,
2005-07-11,We Belong Together,Mariah Carey,,,
2005-07-18,We Belong Together,Mariah Carey,,,
2005-07-25,We Belong Together,Mariah Carey,,,
2005-08-01,We Belong Together,Mariah Carey,,,
2005-08-08,We Belong Together,Mariah Carey,,,
2005-08-15,We Belong Together,Mariah Carey,,,
2005-08-22,We Belong Together,Mariah Carey,,,
2005-08-29,We Belong Together,Mariah Carey,,,
2005-09-05,We Belong Together,Mariah Carey,,,
2005-09-12,Gold Digger,Kanye West,,,
2005-09-19,Gold Digger,Kanye West,,,
2005-09-26,Gold Digger,Kanye West,,,
2005-10-03,Gold Digger,Kanye West,,,
2005-10-10,Gold Digger,Kanye West,,,
2005-10-17,Gold Digger,Kanye West,,,
2005-10-24,Gold Digger,Kanye West,,,
2005-10-31,Gold Digger,Kanye West,,,
2005-11-07,Gold Digger,Kanye West,,,
2005-11-14,Gold Digger,Kanye West,,,
2005-11-21,Run It!,Chris Brown,,,
2005-11-28,Run It!,Chris Brown,,,
2005-12-05,Run It!,Chris Brown,,,
2005-12-12,Run It!,Chris Brown,,,
2005-12-19,Run It!,Chris Brown,,,
2005-12-26,Don't Forget About Us,Mariah Carey,,"""Gems TV"" Guide to Gems and Jewellery 2006; A curious and peculiar people : a history of the Metropolitan Community Church of Portland, Oregon, and the sexual minority communities of the Pacific Northwest; Billboard; Brand you [supplement to] Marketing : real people, real choices, fourth edition [by] Michal R. Solomon, Greg W. Marshall, Elnora W. Stuart; CONSTRUCTION OF HOUSES FOR TSUNAMI AFFECTED PEOPLE (24-Feb-2006)",
2006-01-02,Don't Forget About Us,Mariah Carey,,,
2006-01-09,Laffy Taffy,D4l,,,
2006-01-16,Grillz,Nelly,,,
2006-01-23,Grillz,Nelly,,,
2006-01-30,Check On It,Beyonce,,,
2006-02-06,Check On It,Beyonce,,,
2006-02-13,Check On It,Beyonce,,,
2006-02-20,Check On It,Beyonce,,,
2006-02-27,Check On It,Beyonce,,,
2006-03-06,You're Beautiful,James Blunt,,,
2006-03-13,So Sick,Ne-yo,,,
2006-03-20,So Sick,Ne-yo,,,
2006-03-27,Temperature,Sean Paul,,,
2006-04-03,Bad Day,Daniel Powter,,,
2006-04-10,Bad Day,Daniel Powter,,,
2006-04-17,Bad Day,Daniel Powter,,,
2006-04-24,Bad Day,Daniel Powter,,,
2006-05-01,Bad Day,Daniel Powter,,,
2006-05-08,SOS,Rihanna,,,
2006-05-15,SOS,Rihanna,,,
2006-05-22,SOS,Rihanna,,,
2006-05-29,Ridin',Chamillionaire,,,
2006-06-05,Ridin',Chamillionaire,,,
2006-06-12,Hips Don't Lie,Shakira,,,
2006-06-19,Hips Don't Lie,Shakira,,,
2006-06-26,Do I Make You Proud,Taylor Hicks,,,
2006-07-03,Promiscuous,Nelly Furtado,,,
2006-07-10,Promiscuous,Nelly Furtado,,,
2006-07-17,Promiscuous,Nelly Furtado,,,
2006-07-24,Promiscuous,Nelly Furtado,,,
2006-07-31,Promiscuous,Nelly Furtado,,,
2006-08-07,Promiscuous,Nelly Furtado,,,
2006-08-14,London Bridge,Fergie,,,
2006-08-21,London Bridge,Fergie,,,
2006-08-28,London Bridge,Fergie,,,
2006-09-04,SexyBack,Justin Timberlake,,,
2006-09-11,SexyBack,Justin Timberlake,,,
2006-09-18,SexyBack,Justin Timberlake,,,
2006-09-25,SexyBack,Justin Timberlake,,,
2006-10-02,SexyBack,Justin Timberlake,,,
2006-10-09,SexyBack,Justin Timberlake,,,
2006-10-16,SexyBack,Justin Timberlake,,,
2006-10-23,Money Maker,Ludacris,,,
2006-10-30,Money Maker,Ludacris,,,
2006-11-06,My Love,Justin Timberlake,,,
2006-11-13,My Love,Justin Timberlake,,,
2006-11-20,My Love,Justin Timberlake,,,
2006-11-27,I Wanna Love You,Akon,,,
2006-12-04,I Wanna Love You,Akon,,,
2006-12-11,Irreplaceable,Beyonce,,,
2006-12-18,Irreplaceable,Beyonce,,,
2006-12-25,Irreplaceable,Beyonce,,,
2007-01-01,Irreplaceable,Beyonce,,A people and a nation : a history of the United States; Billboard; CP time : why some people are always late; Cosmopolitan Ireland : globalisation and quality of life; ERIC EJ814483: Effectiveness of Cognitive Process Approached Social Skills Training Program for People with Mental Retardation,
2007-01-08,Irreplaceable,Beyonce,,,
2007-01-15,Irreplaceable,Beyonce,,,
2007-01-22,Irreplaceable,Beyonce,,,
2007-01-29,Irreplaceable,Beyonce,,,
2007-02-05,Irreplaceable,Beyonce,,,
2007-02-12,Irreplaceable,Beyonce,,,
2007-02-19,Say It Right,Nelly Furtado,,,
2007-02-26,What Goes Around...Comes Around,Justin Timberlake,,,
2007-03-05,This Is Why I'm Hot,Mims,,,
2007-03-12,This Is Why I'm Hot,Mims,,,
2007-03-19,Glamorous,Fergie,,,
2007-03-26,Glamorous,Fergie,,,
2007-04-02,Don't Matter,Akon,,,
2007-04-09,Don't Matter,Akon,,,
2007-04-16,Give It To Me,Timbaland,,,
2007-04-23,Give It To Me,Timbaland,,,
2007-04-30,Girlfriend,Avril Lavigne,,,
2007-05-07,Makes Me Wonder,Maroon 5,,,
2007-05-14,Makes Me Wonder,Maroon 5,,,
2007-05-21,Buy U A Drank (Shawty Snappin'),T-pain,,,
2007-05-28,Makes Me Wonder,Maroon 5,,,
2007-06-04,Umbrella,Rihanna,,,
2007-06-11,Umbrella,Rihanna,,,
2007-06-18,Umbrella,Rihanna,,,
2007-06-25,Umbrella,Rihanna,,,
2007-07-02,Umbrella,Rihanna,,,
2007-07-09,Umbrella,Rihanna,,,
2007-07-16,Umbrella,Rihanna,,,
2007-07-23,Hey There Delilah,Plain White T's,,,
2007-07-30,Hey There Delilah,Plain White T's,,,
2007-08-06,Beautiful Girls,Sean Kingston,,,
2007-08-13,Beautiful Girls,Sean Kingston,,,
2007-08-20,Beautiful Girls,Sean Kingston,,,
2007-08-27,Beautiful Girls,Sean Kingston,,,
2007-09-03,Big Girls Don't Cry,Fergie,,,
2007-09-10,Crank That (Soulja Boy),Soulja Boy Tell'em,,,
2007-09-17,Crank That (Soulja Boy),Soulja Boy Tell'em,,,
2007-09-24,Stronger,Kanye West,,,
2007-10-01,Crank That (Soulja Boy),Soulja Boy Tell'em,,,
2007-10-08,Crank That (Soulja Boy),Soulja Boy Tell'em,,,
2007-10-15,Crank That (Soulja Boy),Soulja Boy Tell'em,,,
2007-10-22,Crank That (Soulja Boy),Soulja Boy Tell'em,,,
2007-10-29,Crank That (Soulja Boy),Soulja Boy Tell'em,,,
2007-11-05,Kiss Kiss,Chris Brown,,,
2007-11-12,Kiss Kiss,Chris Brown,,,
2007-11-19,Kiss Kiss,Chris Brown,,,
2007-11-26,No One,Alicia Keys,,,
2007-12-03,No One,Alicia Keys,,,
2007-12-10,No One,Alicia Keys,,,
2007-12-17,No One,Alicia Keys,,,
2007-12-24,No One,Alicia Keys,,,
2007-12-31,Low,Flo Rida,,100 People Who Made History.pdf; A TV guide to life; After-death communication : hundreds of true stories from the UK of people who have communicated with their loved ones; Art & Science of Billboard Liberation - 2008 Edition; Becoming your best : a self-help guide for thinking people,Chicago's WLS radio
2008-01-07,Low,Flo Rida,,,
2008-01-14,Low,Flo Rida,,,
2008-01-21,Low,Flo Rida,,,
2008-01-28,Low,Flo Rida,,,
2008-02-04,Low,Flo Rida,,,
2008-02-11,Low,Flo Rida,,,
2008-02-18,Low,Flo Rida,,,
2008-02-25,Low,Flo Rida,,Mad Magazine March 2008 By Editors Of MAD Magazine (z Lib.org); Mad Magazine March 2008 Pgs 27 29 Why Bus Wants Global Warming,
2008-03-03,Low,Flo Rida,,,
2008-03-10,Love In This Club,Usher,,,
2008-03-17,Love In This Club,Usher,,,
2008-03-24,Love In This Club,Usher,,,
2008-03-31,Bleeding Love,Leona Lewis,,"Mad, April 2008 Issue By Editors Of MAD Magazine (z Lib.org)",
2008-04-07,Touch My Body,Mariah Carey,,,
2008-04-14,Touch My Body,Mariah Carey,,,
2008-04-21,Bleeding Love,Leona Lewis,,,
2008-04-28,Lollipop,Lil Wayne,,Mad Magazine May 2008 By Editors Of MAD Magazine (z Lib.org),
2008-05-05,Bleeding Love,Leona Lewis,,,
2008-05-12,Bleeding Love,Leona Lewis,,,
2008-05-19,Take A Bow,Rihanna,,,
2008-05-26,Lollipop,Lil Wayne,,,
2008-06-02,Lollipop,Lil Wayne,,,
2008-06-09,Lollipop,Lil Wayne,,,
2008-06-16,Lollipop,Lil Wayne,,,
2008-06-23,Viva La Vida,Coldplay,,,
2008-06-30,I Kissed A Girl,Katy Perry,,,
2008-07-07,I Kissed A Girl,Katy Perry,,,
2008-07-14,I Kissed A Girl,Katy Perry,,,
2008-07-21,I Kissed A Girl,Katy Perry,,,
2008-07-28,I Kissed A Girl,Katy Perry,,,
2008-08-04,I Kissed A Girl,Katy Perry,,,
2008-08-11,I Kissed A Girl,Katy Perry,,,
2008-08-18,Disturbia,Rihanna,,,
2008-08-25,Disturbia,Rihanna,,,
2008-09-01,Whatever You Like,T.i,,Animal People (2008.09) [18.7],
2008-09-08,Whatever You Like,T.i,,,
2008-09-15,Whatever You Like,T.i,,,
2008-09-22,So What,P!nk,,,
2008-09-29,Whatever You Like,T.i,,,
2008-10-06,Whatever You Like,T.i,,,
2008-10-13,Live Your Life,T.i,,,
2008-10-20,Womanizer,Britney Spears,,,
2008-10-27,Whatever You Like,T.i,,,
2008-11-03,Whatever You Like,T.i,,,
2008-11-10,Live Your Life,T.i,,Animal People (2008.11-12) [18.9],
2008-11-17,Live Your Life,T.i,,,
2008-11-24,Live Your Life,T.i,,,
2008-12-01,Live Your Life,T.i,,,
2008-12-08,Single Ladies (Put A Ring On It),Beyonce,,,
2008-12-15,Live Your Life,T.i,,,
2008-12-22,Single Ladies (Put A Ring On It),Beyonce,,,
2008-12-29,Single Ladies (Put A Ring On It),Beyonce,,141 Good Habits for Young People; 2009-07_cosmopolitan..; Aging and the Indian Diaspora: Cosmopolitan Families in India and Abroad; Are you fascinated? : the four people you need to succeed; BPL people and urban poverty alleviation (16-Jul-2009),
2009-01-05,Single Ladies (Put A Ring On It),Beyonce,,,
2009-01-12,Just Dance,Lady Gaga,,,
2009-01-19,Just Dance,Lady Gaga,,,
2009-01-26,Just Dance,Lady Gaga,,,
2009-02-02,My Life Would Suck Without You,Kelly Clarkson,,,
2009-02-09,My Life Would Suck Without You,Kelly Clarkson,,,
2009-02-16,Crack A Bottle,"Eminem, Dr. Dre",,,
2009-02-23,Right Round,Flo Rida,,,
2009-03-02,Right Round,Flo Rida,,,
2009-03-09,Right Round,Flo Rida,,,
2009-03-16,Right Round,Flo Rida,,,
2009-03-23,Right Round,Flo Rida,,,
2009-03-30,Right Round,Flo Rida,,,
2009-04-06,Poker Face,Lady Gaga,,,
2009-04-13,Boom Boom Pow,The Black Eyed Peas,,,
2009-04-20,Boom Boom Pow,The Black Eyed Peas,,,
2009-04-27,Boom Boom Pow,The Black Eyed Peas,,,
2009-05-04,Boom Boom Pow,The Black Eyed Peas,,,
2009-05-11,Boom Boom Pow,The Black Eyed Peas,,,
2009-05-18,Boom Boom Pow,The Black Eyed Peas,,,
2009-05-25,Boom Boom Pow,The Black Eyed Peas,,,
2009-06-01,Boom Boom Pow,The Black Eyed Peas,,,
2009-06-08,Boom Boom Pow,The Black Eyed Peas,,,
2009-06-15,Boom Boom Pow,The Black Eyed Peas,,,
2009-06-22,Boom Boom Pow,The Black Eyed Peas,,,
2009-06-29,Boom Boom Pow,The Black Eyed Peas,,,
2009-07-06,I Gotta Feeling,The Black Eyed Peas,,,
2009-07-13,I Gotta Feeling,The Black Eyed Peas,,,
2009-07-20,I Gotta Feeling,The Black Eyed Peas,,,
2009-07-27,I Gotta Feeling,The Black Eyed Peas,,,
2009-08-03,I Gotta Feeling,The Black Eyed Peas,,,
2009-08-10,I Gotta Feeling,The Black Eyed Peas,,,
2009-08-17,I Gotta Feeling,The Black Eyed Peas,,,
2009-08-24,I Gotta Feeling,The Black Eyed Peas,,,
2009-08-31,I Gotta Feeling,The Black Eyed Peas,,,
2009-09-07,I Gotta Feeling,The Black Eyed Peas,,,
2009-09-14,I Gotta Feeling,The Black Eyed Peas,,,
2009-09-21,I Gotta Feeling,The Black Eyed Peas,,,
2009-09-28,I Gotta Feeling,The Black Eyed Peas,,,
2009-10-05,I Gotta Feeling,The Black Eyed Peas,,,
2009-10-12,Down,Jay Sean,,,
2009-10-19,3,Britney Spears,,,
2009-10-26,Down,Jay Sean,,,
2009-11-02,Fireflies,Owl City,,,
2009-11-09,Whatcha Say,Jason Derulo,,,
2009-11-16,Fireflies,Owl City,,,
2009-11-23,Empire State Of Mind,Jay-z + Alicia Keys,,,
2009-11-30,Empire State Of Mind,Jay-z + Alicia Keys,,,
2009-12-07,Empire State Of Mind,Jay-z + Alicia Keys,,,
2009-12-14,Empire State Of Mind,Jay-z + Alicia Keys,,,
2009-12-21,Empire State Of Mind,Jay-z + Alicia Keys,,,
2009-12-28,TiK ToK,Ke$ha,,17 - jubilat - seventeen; 2010.01 cosmopolitan incredibox; Barriers to medication counselling for people with mental health disorders: a six country study.; Belize and its people : life in a multicultural society; COSMOPOLITAN (UK) December 2010 (Katy Perry),
2010-01-04,TiK ToK,Ke$ha,,,
2010-01-11,TiK ToK,Ke$ha,,,
2010-01-18,TiK ToK,Ke$ha,,,
2010-01-25,TiK ToK,Ke$ha,,,
2010-02-01,TiK ToK,Ke$ha,,,
2010-02-08,TiK ToK,Ke$ha,,,
2010-02-15,TiK ToK,Ke$ha,,,
2010-02-22,TiK ToK,Ke$ha,,,
2010-03-01,Imma Be,The Black Eyed Peas,,,
2010-03-08,Imma Be,The Black Eyed Peas,,,
2010-03-15,Break Your Heart,Taio Cruz,,,
2010-03-22,Rude Boy,Rihanna,,,
2010-03-29,Rude Boy,Rihanna,,,
2010-04-05,Rude Boy,Rihanna,,,
2010-04-12,Rude Boy,Rihanna,,,
2010-04-19,Rude Boy,Rihanna,,,
2010-04-26,Nothin' On You,B.o.b,,,
2010-05-03,Nothin' On You,B.o.b,,,
2010-05-10,OMG,Usher,,,
2010-05-17,Not Afraid,Eminem,,,
2010-05-24,OMG,Usher,,,
2010-05-31,OMG,Usher,,,
2010-06-07,OMG,Usher,,,
2010-06-14,California Gurls,Katy Perry,,,
2010-06-21,California Gurls,Katy Perry,,,
2010-06-28,California Gurls,Katy Perry,,,
2010-07-05,California Gurls,Katy Perry,,,
2010-07-12,California Gurls,Katy Perry,,,
2010-07-19,California Gurls,Katy Perry,,,
2010-07-26,Love The Way You Lie,Eminem,,,
2010-08-02,Love The Way You Lie,Eminem,,,
2010-08-09,Love The Way You Lie,Eminem,,,
2010-08-16,Love The Way You Lie,Eminem,,,
2010-08-23,Love The Way You Lie,Eminem,,,
2010-08-30,Love The Way You Lie,Eminem,,,
2010-09-06,Love The Way You Lie,Eminem,,,
2010-09-13,Teenage Dream,Katy Perry,,,
2010-09-20,Teenage Dream,Katy Perry,,,
2010-09-27,Just The Way You Are,Bruno Mars,,,
2010-10-04,Just The Way You Are,Bruno Mars,,,
2010-10-11,Just The Way You Are,Bruno Mars,,,
2010-10-18,Just The Way You Are,Bruno Mars,,,
2010-10-25,Like A G6,Far*east Movement,,,
2010-11-01,Like A G6,Far*east Movement,,,
2010-11-08,We R Who We R,Ke$ha,,,
2010-11-15,What's My Name?,Rihanna,,,
2010-11-22,Like A G6,Far*east Movement,,,
2010-11-29,Only Girl (In The World),Rihanna,,,
2010-12-06,Raise Your Glass,P!nk,,,
2010-12-13,Firework,Katy Perry,,,
2010-12-20,Firework,Katy Perry,,,
2010-12-27,Firework,Katy Perry,,"A Dictionary of Faith: For Open-Hearted, Open-Minded People; All male or female persons seventeen years of age or over listed in the City of Everett as of January 1, 2011; America For The People Pac; Animals, Man and Treescapes: The Interactions Between Grazing Animals, People and Wooded Landscapes; Billboard",
2011-01-03,Grenade,Bruno Mars,,,
2011-01-10,Firework,Katy Perry,,,
2011-01-17,Grenade,Bruno Mars,,,
2011-01-24,Hold It Against Me,Britney Spears,,,
2011-01-31,Grenade,Bruno Mars,,,
2011-02-07,Grenade,Bruno Mars,,,
2011-02-14,Black And Yellow,Wiz Khalifa,,,
2011-02-21,Born This Way,Lady Gaga,,,
2011-02-28,Born This Way,Lady Gaga,,,
2011-03-07,Born This Way,Lady Gaga,,,
2011-03-14,Born This Way,Lady Gaga,,,
2011-03-21,Born This Way,Lady Gaga,,,
2011-03-28,Born This Way,Lady Gaga,,Cosmopolitan (UK) April 2011 (Beyonce),
2011-04-04,E.T.,Katy Perry,,,
2011-04-11,E.T.,Katy Perry,,,
2011-04-18,E.T.,Katy Perry,,,
2011-04-25,sssS&M,Rihanna,,,
2011-05-02,E.T.,Katy Perry,,,
2011-05-09,E.T.,Katy Perry,,,
2011-05-16,Rolling In The Deep,Adele,,,
2011-05-23,Rolling In The Deep,Adele,,,
2011-05-30,Rolling In The Deep,Adele,,,
2011-06-06,Rolling In The Deep,Adele,,,
2011-06-13,Rolling In The Deep,Adele,,,
2011-06-20,Rolling In The Deep,Adele,,,
2011-06-27,Rolling In The Deep,Adele,,,
2011-07-04,Give Me Everything,Pitbull,,,
2011-07-11,Party Rock Anthem,Lmfao,,,
2011-07-18,Party Rock Anthem,Lmfao,,,
2011-07-25,Party Rock Anthem,Lmfao,,,
2011-08-01,Party Rock Anthem,Lmfao,,,
2011-08-08,Party Rock Anthem,Lmfao,,,
2011-08-15,Party Rock Anthem,Lmfao,,,
2011-08-22,Last Friday Night (T.G.I.F.),Katy Perry,,,
2011-08-29,Last Friday Night (T.G.I.F.),Katy Perry,,,
2011-09-05,Moves Like Jagger,Maroon 5,,,
2011-09-12,Someone Like You,Adele,,,
2011-09-19,Moves Like Jagger,Maroon 5,,,
2011-09-26,Moves Like Jagger,Maroon 5,,,
2011-10-03,Moves Like Jagger,Maroon 5,,,
2011-10-10,Someone Like You,Adele,,,
2011-10-17,Someone Like You,Adele,,,
2011-10-24,Someone Like You,Adele,,,
2011-10-31,Someone Like You,Adele,,Cosmopolitan November 2011,
2011-11-07,We Found Love,Rihanna,,,
2011-11-14,We Found Love,Rihanna,,,
2011-11-21,We Found Love,Rihanna,,,
2011-11-28,We Found Love,Rihanna,,,
2011-12-05,We Found Love,Rihanna,,,
2011-12-12,We Found Love,Rihanna,,,
2011-12-19,We Found Love,Rihanna,,,
2011-12-26,We Found Love,Rihanna,,". INCLUSION OF PEOPLE IN THE BPL LIST (15-Mar-2012); 21 speeches that shaped our world : the people and ideas that changed the way we think; All male or female persons seventeen years of age or over listed in the City of Everett as of January 1, 2012; An investigation of factors associated with the health and well-being of HIV-infected or HIV-affected older people in rural South Africa.; Beyonders in Gyminge : The Twith Logue Chronicles: Adventures with the Little People",
2012-01-02,Sexy And I Know It,Lmfao,,,
2012-01-09,Sexy And I Know It,Lmfao,,,
2012-01-16,We Found Love,Rihanna,,,
2012-01-23,We Found Love,Rihanna,,,
2012-01-30,Set Fire To The Rain,Adele,,,
2012-02-06,Set Fire To The Rain,Adele,,,
2012-02-13,Stronger (What Doesn't Kill You),Kelly Clarkson,,,
2012-02-20,Stronger (What Doesn't Kill You),Kelly Clarkson,,,
2012-02-27,Part Of Me,Katy Perry,,,
2012-03-05,Stronger (What Doesn't Kill You),Kelly Clarkson,,,
2012-03-12,We Are Young,Fun,,,
2012-03-19,We Are Young,Fun,,,
2012-03-26,We Are Young,Fun,,,
2012-04-02,We Are Young,Fun,,,
2012-04-09,We Are Young,Fun,,,
2012-04-16,We Are Young,Fun,,,
2012-04-23,Somebody That I Used To Know,Gotye,,,
2012-04-30,Somebody That I Used To Know,Gotye,,,
2012-05-07,Somebody That I Used To Know,Gotye,,,
2012-05-14,Somebody That I Used To Know,Gotye,,,
2012-05-21,Somebody That I Used To Know,Gotye,,,
2012-05-28,Somebody That I Used To Know,Gotye,,,
2012-06-04,Somebody That I Used To Know,Gotye,,,
2012-06-11,Somebody That I Used To Know,Gotye,,,
2012-06-18,Call Me Maybe,Carly Rae Jepsen,,,
2012-06-25,Call Me Maybe,Carly Rae Jepsen,,,
2012-07-02,Call Me Maybe,Carly Rae Jepsen,,,
2012-07-09,Call Me Maybe,Carly Rae Jepsen,,,
2012-07-16,Call Me Maybe,Carly Rae Jepsen,,,
2012-07-23,Call Me Maybe,Carly Rae Jepsen,,,
2012-07-30,Call Me Maybe,Carly Rae Jepsen,,,
2012-08-06,Call Me Maybe,Carly Rae Jepsen,,,
2012-08-13,Call Me Maybe,Carly Rae Jepsen,,,
2012-08-20,Whistle,Flo Rida,,,
2012-08-27,We Are Never Ever Getting Back Together,Taylor Swift,,,
2012-09-03,We Are Never Ever Getting Back Together,Taylor Swift,,,
2012-09-10,Whistle,Flo Rida,,,
2012-09-17,We Are Never Ever Getting Back Together,Taylor Swift,,,
2012-09-24,One More Night,Maroon 5,,,
2012-10-01,One More Night,Maroon 5,,,
2012-10-08,One More Night,Maroon 5,,,
2012-10-15,One More Night,Maroon 5,,,
2012-10-22,One More Night,Maroon 5,,,
2012-10-29,One More Night,Maroon 5,,,
2012-11-05,One More Night,Maroon 5,,,
2012-11-12,One More Night,Maroon 5,,,
2012-11-19,One More Night,Maroon 5,,,
2012-11-26,Diamonds,Rihanna,,,
2012-12-03,Diamonds,Rihanna,,,
2012-12-10,Diamonds,Rihanna,,,
2012-12-17,Locked Out Of Heaven,Bruno Mars,,,
2012-12-24,Locked Out Of Heaven,Bruno Mars,,,
2012-12-31,Locked Out Of Heaven,Bruno Mars,,"5:2 vegetarian : easy fast diet meals for busy people; A field guide to Gettysburg : experiencing the battlefield through its history, places, & people; Addressing the U.S. government's healthy people breastfeeding goals using a theory-based program for expecting parents; African world histories : cosmopolitan Africa, c.1700-1875; All male or female persons seventeen years of age or over listed in the City of Everett as of January 1, 2013",
2013-01-07,Locked Out Of Heaven,Bruno Mars,,,
2013-01-14,Locked Out Of Heaven,Bruno Mars,,,
2013-01-21,Locked Out Of Heaven,Bruno Mars,,,
2013-01-28,Thrift Shop,Macklemore,,,
2013-02-04,Thrift Shop,Macklemore,,,
2013-02-11,Thrift Shop,Macklemore,,,
2013-02-18,Thrift Shop,Macklemore,,,
2013-02-25,Harlem Shake,Baauer,,,
2013-03-04,Harlem Shake,Baauer,,,
2013-03-11,Harlem Shake,Baauer,,,
2013-03-18,Harlem Shake,Baauer,,,
2013-03-25,Harlem Shake,Baauer,,,
2013-04-01,Thrift Shop,Macklemore,,,
2013-04-08,Thrift Shop,Macklemore,,,
2013-04-15,When I Was Your Man,Bruno Mars,,,
2013-04-22,Just Give Me A Reason,P!nk,,,
2013-04-29,Just Give Me A Reason,P!nk,,,
2013-05-06,Just Give Me A Reason,P!nk,,,
2013-05-13,Can't Hold Us,Macklemore,,,
2013-05-20,Can't Hold Us,Macklemore,,,
2013-05-27,Can't Hold Us,Macklemore,,,
2013-06-03,Can't Hold Us,Macklemore,,,
2013-06-10,Can't Hold Us,Macklemore,,,
2013-06-17,Blurred Lines,Robin Thicke,,,
2013-06-24,Blurred Lines,Robin Thicke,,,
2013-07-01,Blurred Lines,Robin Thicke,,,
2013-07-08,Blurred Lines,Robin Thicke,,,
2013-07-15,Blurred Lines,Robin Thicke,,,
2013-07-22,Blurred Lines,Robin Thicke,,,
2013-07-29,Blurred Lines,Robin Thicke,,,
2013-08-05,Blurred Lines,Robin Thicke,,,
2013-08-12,Blurred Lines,Robin Thicke,,,
2013-08-19,Blurred Lines,Robin Thicke,,,
2013-08-26,Blurred Lines,Robin Thicke,,,
2013-09-02,Blurred Lines,Robin Thicke,,,
2013-09-09,Roar,Katy Perry,,,
2013-09-16,Roar,Katy Perry,,,
2013-09-23,Wrecking Ball,Miley Cyrus,,,
2013-09-30,Wrecking Ball,Miley Cyrus,,,
2013-10-07,Royals,Lorde,,,
2013-10-14,Royals,Lorde,,,
2013-10-21,Royals,Lorde,,,
2013-10-28,Royals,Lorde,,,
2013-11-04,Royals,Lorde,,,
2013-11-11,Royals,Lorde,,,
2013-11-18,Royals,Lorde,,,
2013-11-25,Royals,Lorde,,,
2013-12-02,Royals,Lorde,,,
2013-12-09,Wrecking Ball,Miley Cyrus,,,
2013-12-16,The Monster,Eminem,,,
2013-12-23,The Monster,Eminem,,,
2013-12-30,The Monster,Eminem,,A Population-Based Intervention for the Prevention of Falls and Fractures in Home Dwelling People 65 Years and Older in South Germany: Protocol.; A Seventeen-Year Epidemiological Surveillance Study of Borrelia burgdorferi Infections in Two Provinces of Northern Spain.; A principled and cosmopolitan neuroethics: considerations for international relevance.; A review and redescription of the cosmopolitan pseudoscorpion Chelifer cancroides (Pseudoscorpiones: Cheliferidae); Achievers: Ordinary People Who Do Extraordinary Things,
2014-01-06,The Monster,Eminem,,,
2014-01-13,Timber,Pitbull,,,
2014-01-20,Timber,Pitbull,,,
2014-01-27,Timber,Pitbull,,,
2014-02-03,Dark Horse,Katy Perry,,,
2014-02-10,Dark Horse,Katy Perry,,,
2014-02-17,Dark Horse,Katy Perry,,,
2014-02-24,Dark Horse,Katy Perry,,,
2014-03-03,Happy,Pharrell Williams,,"TV Guide Canada TV Listings March 6, 2014",
2014-03-10,Happy,Pharrell Williams,,,
2014-03-17,Happy,Pharrell Williams,,"TV Guide Canada TV Listings March 20, 2014",
2014-03-24,Happy,Pharrell Williams,,,
2014-03-31,Happy,Pharrell Williams,,,
2014-04-07,Happy,Pharrell Williams,,,
2014-04-14,Happy,Pharrell Williams,,,
2014-04-21,Happy,Pharrell Williams,,,
2014-04-28,Happy,Pharrell Williams,,,
2014-05-05,Happy,Pharrell Williams,,,
2014-05-12,All Of Me,John Legend,,,
2014-05-19,All Of Me,John Legend,,,
2014-05-26,All Of Me,John Legend,,,
2014-06-02,Fancy,Iggy Azalea,,,
2014-06-09,Fancy,Iggy Azalea,,,
2014-06-16,Fancy,Iggy Azalea,,,
2014-06-23,Fancy,Iggy Azalea,,,
2014-06-30,Fancy,Iggy Azalea,,,
2014-07-07,Fancy,Iggy Azalea,,,
2014-07-14,Fancy,Iggy Azalea,,,
2014-07-21,Rude,Magic!,,,
2014-07-28,Rude,Magic!,,,
2014-08-04,Rude,Magic!,,,
2014-08-11,Rude,Magic!,,,
2014-08-18,Rude,Magic!,,,
2014-08-25,Rude,Magic!,,,
2014-09-01,Shake It Off,Taylor Swift,,,
2014-09-08,Shake It Off,Taylor Swift,,,
2014-09-15,All About That Bass,Meghan Trainor,,,
2014-09-22,All About That Bass,Meghan Trainor,,,
2014-09-29,All About That Bass,Meghan Trainor,,,
2014-10-06,All About That Bass,Meghan Trainor,,,
2014-10-13,All About That Bass,Meghan Trainor,,,
2014-10-20,All About That Bass,Meghan Trainor,,,
2014-10-27,All About That Bass,Meghan Trainor,,,
2014-11-03,All About That Bass,Meghan Trainor,,,
2014-11-10,Shake It Off,Taylor Swift,,,
2014-11-17,Shake It Off,Taylor Swift,,,
2014-11-24,Blank Space,Taylor Swift,,,
2014-12-01,Blank Space,Taylor Swift,,Rolling Stone December 4 2014 USA,
2014-12-08,Blank Space,Taylor Swift,,,
2014-12-15,Blank Space,Taylor Swift,,,
2014-12-22,Blank Space,Taylor Swift,,,
2014-12-29,Blank Space,Taylor Swift,,"A Cosmopolitan City : Muslims, Christians, and Jews in Old Cairo; A History Of The English People In 1815 Book-ii; All male or female persons seventeen years of age or over listed in the City of Everett as of January 1, 2015; Berea Bible Handbook Part Seventeen; Carbide tipped pens : seventeen tales of hard science fiction",
2015-01-05,Blank Space,Taylor Swift,,,
2015-01-12,Uptown Funk!,Mark Ronson,,,
2015-01-19,Uptown Funk!,Mark Ronson,,,
2015-01-26,Uptown Funk!,Mark Ronson,,,
2015-02-02,Uptown Funk!,Mark Ronson,,,
2015-02-09,Uptown Funk!,Mark Ronson,,"Billboard Magazine February 14, 2015 USA; Entertainment Weekly February 13, 2015; Rolling Stone February 12, 2015",
2015-02-16,Uptown Funk!,Mark Ronson,,"Billboard Magazine February 21, 2015 USA; Entertainment Weekly February 20, 2015",
2015-02-23,Uptown Funk!,Mark Ronson,,"Cosmopolitan March 2015 USA; Entertainment Weekly February 27, 2015; Rolling Stone February 26, 2015 USA; Rolling Stone March 2015 IN; Seventeen March 2015 USA",
2015-03-02,Uptown Funk!,Mark Ronson,,"Entertainment Weekly March 6, 2015",
2015-03-09,Uptown Funk!,Mark Ronson,,"Entertainment Weekly March 13, 2015; Rolling Stone March 12, 2015 USA; TV Guide Magazine March 9, 2015 USA",
2015-03-16,Uptown Funk!,Mark Ronson,,"Billboard Magazine March 21, 2015; Entertainment Weekly March 20, 2015 USA",
2015-03-23,Uptown Funk!,Mark Ronson,,"Rolling Stone March 26, 2015 USA",
2015-03-30,Uptown Funk!,Mark Ronson,,"Billboard Magazine April 4, 2015 USA; Cosmopolitan April 2015 PH; Cosmopolitan April 2015 UK; Cosmopolitan April 2015 USA; Seventeen April 2015 USA",
2015-04-06,Uptown Funk!,Mark Ronson,,"Billboard Magazine April 11, 2015 USA; Entertainment Weekly April 10, 2015 USA; New York Magazine April 6, 2015; Rolling Stone April 9, 2015 USA",
2015-04-13,Uptown Funk!,Mark Ronson,,"Billboard Magazine April 18, 2015 USA; Entertainment Weekly April 17, 2015 USA",
2015-04-20,See You Again,Wiz Khalifa,,"New York Magazine April 20, 2015; Rolling Stone April 23, 2015 USA; TV Guide April 20, 2015 USA",
2015-04-27,See You Again,Wiz Khalifa,,Cosmopolitan May 2015 UK; Cosmopolitan May 2015 USA; Seventeen May 2015 USA,
2015-05-04,See You Again,Wiz Khalifa,,,
2015-05-11,See You Again,Wiz Khalifa,,,
2015-05-18,See You Again,Wiz Khalifa,,,
2015-05-25,See You Again,Wiz Khalifa,,,
2015-06-01,Bad Blood,Taylor Swift,,Rolling Stone June 2015 IN,
2015-06-08,See You Again,Wiz Khalifa,,"Billboard Magazine June 13, 2015; New York Magazine June 8, 2015",
2015-06-15,See You Again,Wiz Khalifa,,"Entertainment Weekly June 19, 2015",
2015-06-22,See You Again,Wiz Khalifa,,"Billboard Magazine June 27, 2015; Entertainment Weekly June 26, 2015",
2015-06-29,See You Again,Wiz Khalifa,,"Billboard Magazine July 4, 2015; Cosmopolitan July 2015 PH; Entertainment Weekly July 3, 2015; Rolling Stone July 2, 2015",
2015-07-06,See You Again,Wiz Khalifa,,"Entertainment Weekly July 10, 2015",
2015-07-13,See You Again,Wiz Khalifa,,"New York Magazine July 13, 2015",
2015-07-20,Cheerleader,Omi,,,
2015-07-27,Cheerleader,Omi,,"Billboard Magazine August 1, 2015 USA; Cosmopolitan August 2015 AU; Cosmopolitan August 2015 UK; Cosmopolitan August 2015 USA; Entertainment Weekly July 27, 2015",
2015-08-03,Cheerleader,Omi,,"Entertainment Weekly August 4, 2015 USA; New York Magazine August 9, 2015 USA",
2015-08-10,Cheerleader,Omi,,"Entertainment Weekly August 14, 2015 USA; Rolling Stone August 13, 2015 USA; TV Guide Magazine August 10, 2015 USA",
2015-08-17,Can't Feel My Face,The Weeknd,,"Billboard Magazine August 22, 2015; Entertainment Weekly August 21, 2015",
2015-08-24,Cheerleader,Omi,,"Billboard Magazine August 29, 2015; New York Magazine August 24, 2015; Rolling Stone August 27, 2015",
2015-08-31,Cheerleader,Omi,,"Billboard Magazine September 5, 2015; Cosmopolitan September 2015 AU; Cosmopolitan September 2015 PH; Cosmopolitan September 2015 UK; Cosmopolitan September 2015 USA",
2015-09-07,Can't Feel My Face,The Weeknd,,"Rolling Stone September 10, 2015",
2015-09-14,What Do You Mean?,Justin Bieber,,"Billboard Magazine September 19, 2015; Entertainment Weekly September 18, 2015; New York Magazine September 20, 2015",
2015-09-21,Can't Feel My Face,The Weeknd,,"New York Magazine September 21, 2015; Rolling Stone September 24, 2015",
2015-09-28,The Hills,The Weeknd,,"Billboard Magazine October 3, 2015; Cosmopolitan October 2015 UK; Entertainment Weekly October 2, 2015; Rolling Stone October 2015 AU; Seventeen October 2015",
2015-10-05,The Hills,The Weeknd,,"Entertainment Weekly October 9, 2015",
2015-10-12,The Hills,The Weeknd,,"Billboard Magazine October 17, 2015",
2015-10-19,The Hills,The Weeknd,,"Billboard Magazine October 24, 2015; New York Magazine October 19, 2015; Rolling Stone October 22, 2015",
2015-10-26,The Hills,The Weeknd,,"Cosmopolitan November 2015 AU; Cosmopolitan November 2015 UK; Cosmopolitan November 2015 USA; Entertainment Weekly October 30, 2015; Rolling Stone November 2015",
2015-11-02,The Hills,The Weeknd,,"Billboard Magazine November 7, 2015; Entertainment Weekly November 6, 2015; Rolling Stone November 5, 2015",
2015-11-09,Hello,Adele,,"Entertainment Weekly November 13, 2015; New York Magazine November 9, 2015",
2015-11-16,Hello,Adele,,"Entertainment Weekly November 20, 2015; New York Magazine November 16, 2015; Rolling Stone November 19, 2015",
2015-11-23,Hello,Adele,,"New York Magazine November 23, 2015",
2015-11-30,Hello,Adele,,"Cosmopolitan December 2015 UK; Cosmopolitan December 2015 USA; Entertainment Weekly 31 December 2015; Entertainment Weekly December 4, 2015; New York Magazine November 30, 2015",
2015-12-07,Hello,Adele,,"Billboard Magazine December 12, 2015",
2015-12-14,Hello,Adele,,"Entertainment Weekly December 18, 2015; New York Magazine December 14, 2015; Rolling Stone December 17, 2015",
2015-12-21,Hello,Adele,,,
2015-12-28,Hello,Adele,,"5 things to pray for the people you love; AQA GCSE history Migration, empires and the people; Aanvraag omgevingsvergunning voor het bouwen van een verplaatsbare reclame billboard, Laan van de Helende Meesters 114, Amstelveen - Zaaknummer Z-2016/029849; All male or female persons seventeen years of age or over listed in the City of Everett as of January 1, 2016; An Abolitionist Abroad : Sarah Parker Remond in Cosmopolitan Europe",
2016-01-04,Hello,Adele,,,
2016-01-11,Hello,Adele,,,
2016-01-18,Sorry,Justin Bieber,,"Billboard January 23 2016 vk com stopthepress; TV Guide Magazine January 18 2016; TV Guide Magazine January 18, 2016",
2016-01-25,Sorry,Justin Bieber,,"Entertainment Weekly January 29, 2016; Rolling Stone January 28, 2016",
2016-02-01,Sorry,Justin Bieber,,"Chris Carter Reopens The X Files [Entertainment Weekly 19.26 February 2016]; Cosmopolitan Australia February 2016; Cosmopolitan USA February 2016; TV Guide Magazine February 1 2016; TV Guide Magazine February 1, 2016",
2016-02-08,Love Yourself,Justin Bieber,,"Entertainment Weekly February 12, 2016; Rolling Stone February 11 2016 vk com stopthepress",
2016-02-15,Pillowtalk,Zayn,,"Billboard Magazine February 20, 2016; Entertainment Weekly February 19, 2016",
2016-02-22,Love Yourself,Justin Bieber,,"Rolling Stone February 25, 2016",
2016-02-29,Work,Rihanna,,"Cosmopolitan Philippines March 2016; Entertainment Weekly 4 March 2016; Entertainment Weekly March 4, 2016; How to Make a Secret Movie [watermarked and color obfuscated scripts] [Entertainment Weekly 4 March 2016 No. 1405]; Rolling Stone March 2016",
2016-03-07,Work,Rihanna,,"Rolling Stone March 10, 2016; TV Guide Magazine March 7, 2016",
2016-03-14,Work,Rihanna,,,
2016-03-21,Work,Rihanna,,,
2016-03-28,Work,Rihanna,,Cosmopolitan UK April 2016; Kindle book sharing ad [Entertainment Weekly 22.29 April 2016 Nos.1411 2]; Rolling Stone April 2016; Rolling Stone Australia April 2016,
2016-04-04,Work,Rihanna,,,
2016-04-11,Work,Rihanna,,,
2016-04-18,Work,Rihanna,,,
2016-04-25,Work,Rihanna,,Rolling Stone USA 16 May 2016,
2016-05-02,Panda,Desiigner,,Billboard Magazine May 7 2016 vk com stopthepress,
2016-05-09,Panda,Desiigner,,,
2016-05-16,One Dance,Drake,,,
2016-05-23,Can't Stop The Feeling!,Justin Timberlake,,Entertainment Weekly May 27 2016 vk com stopthepress,
2016-05-30,One Dance,Drake,,Rolling Stone USA 16 June 2016; Rolling Stone USA 2 June 2016,
2016-06-06,One Dance,Drake,,,
2016-06-13,One Dance,Drake,,,
2016-06-20,One Dance,Drake,,,
2016-06-27,One Dance,Drake,,,
2016-07-04,One Dance,Drake,,,
2016-07-11,One Dance,Drake,,,
2016-07-18,One Dance,Drake,,,
2016-07-25,One Dance,Drake,,,
2016-08-01,Cheap Thrills,Sia,,Rolling Stone India - August 2016,
2016-08-08,Cheap Thrills,Sia,,,
2016-08-15,Cheap Thrills,Sia,,,
2016-08-22,Cheap Thrills,Sia,,,
2016-08-29,Closer,The Chainsmokers,,,
2016-09-05,Closer,The Chainsmokers,,,
2016-09-12,Closer,The Chainsmokers,,,
2016-09-19,Closer,The Chainsmokers,,,
2016-09-26,Closer,The Chainsmokers,,,
2016-10-03,Closer,The Chainsmokers,,,
2016-10-10,Closer,The Chainsmokers,,,
2016-10-17,Closer,The Chainsmokers,,,
2016-10-24,Closer,The Chainsmokers,,2016.10.27 - The Word of God to the Russian people and to the Orthodox churches in the world,
2016-10-31,Closer,The Chainsmokers,,,
2016-11-07,Closer,The Chainsmokers,,,
2016-11-14,Closer,The Chainsmokers,,,
2016-11-21,Black Beatles,Rae Sremmurd,,,
2016-11-28,Black Beatles,Rae Sremmurd,,,
2016-12-05,Black Beatles,Rae Sremmurd,,,
2016-12-12,Black Beatles,Rae Sremmurd,,,
2016-12-19,Black Beatles,Rae Sremmurd,,,
2016-12-26,Black Beatles,Rae Sremmurd,,Billboard Brasil Hot 100 20170102; Billboard Brasil Hot 100 20170116; Billboard Brasil Hot 100 20170123; Billboard Brasil Hot 100 20170130; Billboard Brasil Hot 100 20170227,
2017-01-02,Starboy,The Weeknd,,,
2017-01-09,Black Beatles,Rae Sremmurd,,,
2017-01-16,Bad And Boujee,Migos,,,
2017-01-23,Shape Of You,Ed Sheeran,,,
2017-01-30,Bad And Boujee,Migos,,,
2017-02-06,Bad And Boujee,Migos,,,
2017-02-13,Shape Of You,Ed Sheeran,,,
2017-02-20,Shape Of You,Ed Sheeran,,,
2017-02-27,Shape Of You,Ed Sheeran,,,
2017-03-06,Shape Of You,Ed Sheeran,,,
2017-03-13,Shape Of You,Ed Sheeran,,,
2017-03-20,Shape Of You,Ed Sheeran,,,
2017-03-27,Shape Of You,Ed Sheeran,,,
2017-04-03,Shape Of You,Ed Sheeran,,,
2017-04-10,Shape Of You,Ed Sheeran,,,
2017-04-17,Shape Of You,Ed Sheeran,,,
2017-04-24,Shape Of You,Ed Sheeran,,,
2017-05-01,Humble.,Kendrick Lamar,,,
2017-05-08,That's What I Like,Bruno Mars,,,
2017-05-15,I'm The One,Dj Khaled,,,
2017-05-22,Despacito,Luis Fonsi,,,
2017-05-29,Despacito,Luis Fonsi,,,
2017-06-05,Despacito,Luis Fonsi,,,
2017-06-12,Despacito,Luis Fonsi,,,
2017-06-19,Despacito,Luis Fonsi,,,
2017-06-26,Despacito,Luis Fonsi,,,
2017-07-03,Despacito,Luis Fonsi,,,
2017-07-10,Despacito,Luis Fonsi,,,
2017-07-17,Despacito,Luis Fonsi,,,
2017-07-24,Despacito,Luis Fonsi,,,
2017-07-31,Despacito,Luis Fonsi,,Rolling Stone Germany August 2017 Downmagaz.com,
2017-08-07,Despacito,Luis Fonsi,,,
2017-08-14,Despacito,Luis Fonsi,,,
2017-08-21,Despacito,Luis Fonsi,,,
2017-08-28,Despacito,Luis Fonsi,,,
2017-09-04,Despacito,Luis Fonsi,,,
2017-09-11,Look What You Made Me Do,Taylor Swift,,,
2017-09-18,Look What You Made Me Do,Taylor Swift,,,
2017-09-25,Look What You Made Me Do,Taylor Swift,,,
2017-10-02,Bodak Yellow (Money Moves),Cardi B,,,
2017-10-09,Bodak Yellow (Money Moves),Cardi B,,,
2017-10-16,Bodak Yellow (Money Moves),Cardi B,,,
2017-10-23,Rockstar,Post Malone,,,
2017-10-30,Rockstar,Post Malone,,,
2017-11-06,Rockstar,Post Malone,,,
2017-11-13,Rockstar,Post Malone,,,
2017-11-20,Rockstar,Post Malone,,,
2017-11-27,Rockstar,Post Malone,,,
2017-12-04,Rockstar,Post Malone,,,
2017-12-11,Rockstar,Post Malone,,,
2017-12-18,Perfect,Ed Sheeran,,,
2017-12-25,Perfect,Ed Sheeran,,,
2018-01-01,Perfect,Ed Sheeran,,"All male or female persons seventeen years of age or over listed in the City of Everett as of January 1, 2018; Billboard Brasil Hot 100 20180528; Billboard Brasil Hot 100 20180604; Black fungus gnats (Diptera: Sciaridae) found in association with cultivated plants and mushrooms in Australia, with notes on cosmopolitan pest species and biosecurity interceptions; Chapter 9 Afghanistan’s Cosmopolitan Trading Networks - A View from Yiwu, China",
2018-01-08,Perfect,Ed Sheeran,,,
2018-01-15,Perfect,Ed Sheeran,,,
2018-01-22,Havana,Camila Cabello,,,
2018-01-29,God's Plan,Drake,,,
2018-02-05,God's Plan,Drake,,,
2018-02-12,God's Plan,Drake,,,
2018-02-19,God's Plan,Drake,,,
2018-02-26,God's Plan,Drake,,,
2018-03-05,God's Plan,Drake,,,
2018-03-12,God's Plan,Drake,,,
2018-03-19,God's Plan,Drake,,,
2018-03-26,God's Plan,Drake,,"2018.04.01 - The Word of God for the people of old Israel; Cosmopolitan USA April 2018; Entertainment Weekly March 30, 2018; People Australia 02 April 2018",
2018-04-02,God's Plan,Drake,,,
2018-04-09,God's Plan,Drake,,,
2018-04-16,Nice For What,Drake,,,
2018-04-23,Nice For What,Drake,,,
2018-04-30,Nice For What,Drake,,,
2018-05-07,Nice For What,Drake,,"Entertainment Weekly May 11, 2018 ( Ryan Reynolds On Deadpool 2)",
2018-05-14,This Is America,Childish Gambino,,,
2018-05-21,This Is America,Childish Gambino,,,
2018-05-28,Nice For What,Drake,,,
2018-06-04,Nice For What,Drake,,,
2018-06-11,Psycho,Post Malone,,,
2018-06-18,Nice For What,Drake,,,
2018-06-25,Sad!,Xxxtentacion,,,
2018-07-02,I Like It,"Cardi B, Bad Bunny",,,
2018-07-09,Nice For What,Drake,,,
2018-07-16,In My Feelings,Drake,,,
2018-07-23,In My Feelings,Drake,,,
2018-07-30,In My Feelings,Drake,,,
2018-08-06,In My Feelings,Drake,,,
2018-08-13,In My Feelings,Drake,,,
2018-08-20,In My Feelings,Drake,,,
2018-08-27,In My Feelings,Drake,,,
2018-09-03,In My Feelings,Drake,,,
2018-09-10,In My Feelings,Drake,,,
2018-09-17,In My Feelings,Drake,,,
2018-09-24,Girls Like You,Maroon 5,,,
2018-10-01,Girls Like You,Maroon 5,,,
2018-10-08,Girls Like You,Maroon 5,,,
2018-10-15,Girls Like You,Maroon 5,,,
2018-10-22,Girls Like You,Maroon 5,,,
2018-10-29,Girls Like You,Maroon 5,,,
2018-11-05,Girls Like You,Maroon 5,,,
2018-11-12,"Thank U, Next",Ariana Grande,,,
2018-11-19,"Thank U, Next",Ariana Grande,,,
2018-11-26,"Thank U, Next",Ariana Grande,,,
2018-12-03,Sicko Mode,Travis Scott,,,
2018-12-10,"Thank U, Next",Ariana Grande,,,
2018-12-17,"Thank U, Next",Ariana Grande,,,
2018-12-24,"Thank U, Next",Ariana Grande,,,
2018-12-31,"Thank U, Next",Ariana Grande,,"All male or female persons seventeen years of age or over listed in the City of Everett as of January 1, 2019; Billboard Awards Contest Affidavit of Eligiblity Release of Liability Adult; Closing the educational achievement gap of young black males eleven to seventeen who live in single parent households; Cosmopolitan Türkiye (Ağustos 2019); ERIC ED592751: EFL Programs for People with Special Needs in Different National Settings",
2019-01-07,Without Me,Halsey,,,
2019-01-14,Sunflower (Spider-Man: Into The Spider-Verse),Post Malone,,"Struggle | La Lucha (2019.01.17) Missing, murdered Indigenous women, girls & two-spirit people",
2019-01-21,Without Me,Halsey,,,
2019-01-28,7 Rings,Ariana Grande,,,
2019-02-04,7 Rings,Ariana Grande,,,
2019-02-11,7 Rings,Ariana Grande,,,
2019-02-18,7 Rings,Ariana Grande,,,
2019-02-25,7 Rings,Ariana Grande,,,
2019-03-04,Shallow,Lady Gaga,,,
2019-03-11,Sucker,Jonas Brothers,,8Ball TV Guide & Radio (2019.03.11-23),
2019-03-18,7 Rings,Ariana Grande,,,
2019-03-25,7 Rings,Ariana Grande,,,
2019-04-01,7 Rings,Ariana Grande,,,
2019-04-08,Old Town Road,Lil Nas X,,,
2019-04-15,Old Town Road,Lil Nas X,,,
2019-04-22,Old Town Road,Lil Nas X,,,
2019-04-29,Old Town Road,Lil Nas X,,,
2019-05-06,Old Town Road,Lil Nas X,,,
2019-05-13,Old Town Road,Lil Nas X,,,
2019-05-20,Old Town Road,Lil Nas X,,,
2019-05-27,Old Town Road,Lil Nas X,,,
2019-06-03,Old Town Road,Lil Nas X,,,
2019-06-10,Old Town Road,Lil Nas X,,,
2019-06-17,Old Town Road,Lil Nas X,,,
2019-06-24,Old Town Road,Lil Nas X,,,
2019-07-01,Old Town Road,Lil Nas X,,,
2019-07-08,Old Town Road,Lil Nas X,,,
2019-07-15,Old Town Road,Lil Nas X,,,
2019-07-22,Old Town Road,Lil Nas X,,,
2019-07-29,Old Town Road,Lil Nas X,,,
2019-08-05,Old Town Road,Lil Nas X,,,
2019-08-12,Old Town Road,Lil Nas X,,,
2019-08-19,Bad Guy,Billie Eilish,,,
2019-08-26,Senorita,Shawn Mendes,,,
2019-09-02,Truth Hurts,Lizzo,,,
2019-09-09,Truth Hurts,Lizzo,,,
2019-09-16,Truth Hurts,Lizzo,,,
2019-09-23,Truth Hurts,Lizzo,,,
2019-09-30,Truth Hurts,Lizzo,,,
2019-10-07,Truth Hurts,Lizzo,,,
2019-10-14,HIGHEST IN THE ROOM,Travis Scott,,,
2019-10-21,Truth Hurts,Lizzo,,,
2019-10-28,Someone You Loved,Lewis Capaldi,,,
2019-11-04,Lose You To Love Me,Selena Gomez,,,
2019-11-11,Someone You Loved,Lewis Capaldi,,,
2019-11-18,Someone You Loved,Lewis Capaldi,,,
2019-11-25,Circles,Post Malone,,,
2019-12-02,Circles,Post Malone,,,
2019-12-09,Heartless,The Weeknd,,,
2019-12-16,All I Want For Christmas Is You,Mariah Carey,,,
2019-12-23,All I Want For Christmas Is You,Mariah Carey,,,
2019-12-30,All I Want For Christmas Is You,Mariah Carey,,"28 People At Saskatoon Care Home Test Positive For COVID 19 The Star Phoenix; A rolling stone is worth two in the bush; Climate Glossary For Young People; Cosmopolitan Yuppie Zionist Cult; ERIC ED608791: 2020 Brick & Click: An Academic Conference (20th, Maryville, Missouri, November 6, 2020) Seventeen scholarly papers and twelve abstracts comprise the content of the twentieth annual Brick & Click Libraries Conference, held annually at Northwest Missouri State University in Maryville, Missouri. The twentieth Brick & Click Libraries Conference was held virtually. The proceedings, authored by academic librarians and presented at the conference, portray the contemporary and future face of librarianship. The 2020 paper and abstract titles include: (1) From the Wild West to Teamwork: Faculty Driven Acquisitions (Randyn Heisserer-Miller, Stephanie Hallam, and Brad Reel); (2) Student Engagement: Exploring Primary Sources in the Library of Congress in an Online Course (Peggy Ridlen); (3) Object Oriented vs Functional Programming - Library Instruction in a Bite-Sized Functional Model (Billy Moore); (4) When People Count: Leveraging Internal Resources to Develop a Program for Tracking Building Usage (Terra Feick); (5) Interactive Introductions for International Students: Reworking How We Teach Information Literacy Skills (Kelly Hovinga); (6) Fostering Success for New Faculty Librarians (Karen Bleier); (7) We Did It, You Can Do It, Too: In-House Digital Preservation (Samantha Henning); (8) Stacking it Up: A Textbooks on Reserve Program (Katharine Baldwin and Jenise Overmier); (9) Teaching into the Gray Areas: Designing Learning Activities That Encourage Higher Order Thinking and Research Skills (Virginia L. Cairns); (10) Building a Teaching Strategy Toolkit to Engage Learners (Courtney Mlinar); (11) Cracking the Code: Building an Assessment Plan with Student Discussion Boards (Anthony Rodgers and Courtney Strimel); (12) Making the Most of LibApps (Kayla Reed); (13) Neither Rain, Nor Sleet, Nor Gloom of Night: Maintaining Library Services During a Medical State of Emergency (Rob Withers); (14) Psychological Safety and Building Effective Teams (Kara Whatley, Deborah Caesar, Amanda Watson, and Molly Nystrom); (15) Summer in the Stacks: A Weeding Experience Between Faculty and Library (Kayla Reed and Hong Li); (16) Puppies and Kitties Oh My!: Partnering with a Local PETPALS Organization (Leila June Rod-Welch and Jordan A. Newburg); (17) Unlocking Online Escape Rooms for Library Instruction (Sean Cordes); (18) Spectral Tales: Lessons Learned from Being Ghosted by Faculty (Tammi M. Owens, Meghan Salsbury, and Heidi Blackburn); (19) The Librarian's Guide to Zines for Classroom and Community (Claire Du Laney, Monica Maher, and Amy C. Schindler); (20) Professionalizing Student Employment: The Library Associates Program at Hendrix College (Janice Weddle); (21) Making It Easy to Read Harder: Implementing a Reading Challenge at Community College (Amy Fortner, Anthony Rodgers, and Gwen Wolfe); (22) Beyond the Humanities: Archives Instruction for Science and Medicine (Laurinda Weisse); (23) Library Collaboration with the Smithsonian: World War I Lessons and Legacies Exhibit (Leila June Rod-Welch and Julie Ann Beddow); (24) The Genesis of a Conduct Policy in a Medium-Sized Academic Library (John Baken); (25) Universal Design and Accessibility: A Checklist for LibGuides and Online Tutorials (Courtney Mlinar); (26) Anti-vaxxers, Sasquatch DNA and Other ""Scientific"" Findings: Actively Engaging Distance Students in Media Literacy (Joanna Nemeth); (27) All Good Things Must Come to an End: When Library Staff Pass Away (Rob Withers); (28) If ""They"" Build it, ""They"" Will Come (Martha Allen); and (29) Save the Earth - Earth Day Game Drive: Small Steps, Big Impact (Leila June Rod-Welch). [For the 2019 proceedings, see ED600185.]",
2020-01-06,Circles,Post Malone,,,
2020-01-13,The Box,Roddy Ricch,,,
2020-01-20,The Box,Roddy Ricch,,,
2020-01-27,The Box,Roddy Ricch,,,
2020-02-03,The Box,Roddy Ricch,,,
2020-02-10,The Box,Roddy Ricch,,,
2020-02-17,The Box,Roddy Ricch,,,
2020-02-24,The Box,Roddy Ricch,,,
2020-03-02,The Box,Roddy Ricch,,,
2020-03-09,The Box,Roddy Ricch,,,
2020-03-16,The Box,Roddy Ricch,,,
2020-03-23,The Box,Roddy Ricch,,,
2020-03-30,Blinding Lights,The Weeknd,,,
2020-04-06,Blinding Lights,The Weeknd,,,
2020-04-13,Toosie Slide,Drake,,,
2020-04-20,Blinding Lights,The Weeknd,,,
2020-04-27,Blinding Lights,The Weeknd,,,
2020-05-04,The Scotts,"The Scotts, Travis Scott",,,
2020-05-11,Say So,Doja Cat,,,
2020-05-18,Stuck With U,Ariana Grande,,,
2020-05-25,Savage,Megan Thee Stallion,,,
2020-06-01,Rain On Me,Lady Gaga,,,
2020-06-08,Rockstar,Dababy,,,
2020-06-15,Rockstar,Dababy,,,
2020-06-22,Trollz,6ix9ine,,,
2020-06-29,Rockstar,Dababy,,,
2020-07-06,Rockstar,Dababy,,,
2020-07-13,Rockstar,Dababy,,,
2020-07-20,Rockstar,Dababy,,,
2020-07-27,Rockstar,Dababy,,,
2020-08-03,Cardigan,Taylor Swift,,,
2020-08-10,Watermelon Sugar,Harry Styles,,,
2020-08-17,WAP,Cardi B,,,
2020-08-24,WAP,Cardi B,,,
2020-08-31,Dynamite,Bts,,,
2020-09-07,Dynamite,Bts,,,
2020-09-14,WAP,Cardi B,,,
2020-09-21,WAP,Cardi B,,,
2020-09-28,Dynamite,Bts,,,
2020-10-05,Franchise,Travis Scott,,,
2020-10-12,Savage Love (Laxed - Siren Beat),Jawsh 685 X Jason Derulo,,,
2020-10-19,Mood,24kgoldn,,,
2020-10-26,Mood,24kgoldn,,,
2020-11-02,Positions,Ariana Grande,,,
2020-11-09,Mood,24kgoldn,,,
2020-11-16,Mood,24kgoldn,,,
2020-11-23,Mood,24kgoldn,,,
2020-11-30,Life Goes On,Bts,,Rolling Stone - December 2020; Rolling Stone USA – December 2020,
2020-12-07,Mood,24kgoldn,,,
2020-12-14,All I Want For Christmas Is You,Mariah Carey,,,
2020-12-21,Willow,Taylor Swift,,,
2020-12-28,All I Want For Christmas Is You,Mariah Carey,,"13 Things Mentally Strong People Don't Do Take Back Your Power, Embrace Change, Face Your Fears, And Train Your Brain For Happiness And Success ( PDFDrive ); A STUDY TO ASSESS THE KNOWLEDGE REGARDING FAMILY VALUES AMONG PEOPLE RESIDING IN SUB URBAN COMMUNITY AT MEERUT; Belonging Beyond Borders - Cosmopolitan Affiliations in Contemporary Spanish American Literature; Cosmopolitan Italia (Ottobre 2021); ERIC ED611250: Dual Enrollment for Students from Special Populations: Improving College Transitions for English Learners, Students with Disabilities, Foster Youth, and Young People Experiencing Homelessness. Executive Summary",
2021-01-04,Mood,24kgoldn,,,
2021-01-11,Mood,24kgoldn,,,
2021-01-18,Drivers License,Olivia Rodrigo,,,
2021-01-25,Drivers License,Olivia Rodrigo,,,
2021-02-01,Drivers License,Olivia Rodrigo,,Rolling Stone - February 2021; Rolling Stone USA – February 2021,
2021-02-08,Drivers License,Olivia Rodrigo,,,
2021-02-15,Drivers License,Olivia Rodrigo,,,
2021-02-22,Drivers License,Olivia Rodrigo,,,
2021-03-01,Drivers License,Olivia Rodrigo,,Rolling Stone - March 2021,
2021-03-08,Drivers License,Olivia Rodrigo,,,
2021-03-15,What's Next,Drake,,,
2021-03-22,Up,Cardi B,,,
2021-03-29,Peaches,Justin Bieber,,Rolling Stone - April 2021,
2021-04-05,Montero (Call Me By Your Name),Lil Nas X,,,
2021-04-12,Leave The Door Open,Silk Sonic,,,
2021-04-19,Rapstar,Polo G,,,
2021-04-26,Rapstar,Polo G,,Rolling Stone - May 2021,
2021-05-03,Save Your Tears,The Weeknd,,,
2021-05-10,Save Your Tears,The Weeknd,,,
2021-05-17,Leave The Door Open,Silk Sonic,,,
2021-05-24,Good 4 U,Olivia Rodrigo,,,
2021-05-31,Butter,Bts,,Rolling Stone - June 2021,
2021-06-07,Butter,Bts,,,
2021-06-14,Butter,Bts,,,
2021-06-21,Butter,Bts,,,
2021-06-28,Butter,Bts,,Rolling Stone - July 2021,
2021-07-05,Butter,Bts,,,
2021-07-12,Butter,Bts,,,
2021-07-19,Permission To Dance,Bts,,,
2021-07-26,Butter,Bts,,,
2021-08-02,Butter,Bts,,,
2021-08-09,Stay,The Kid Laroi,,,
2021-08-16,Stay,The Kid Laroi,,,
2021-08-23,Stay,The Kid Laroi,,,
2021-08-30,Stay,The Kid Laroi,,Entertainment Weekly - September 2021,
2021-09-06,Butter,Bts,,,
2021-09-13,Way 2 Sexy,Drake,,,
2021-09-20,Stay,The Kid Laroi,,,
2021-09-27,Stay,The Kid Laroi,,,
2021-10-04,My Universe,Coldplay X Bts,,,
2021-10-11,Stay,The Kid Laroi,,,
2021-10-18,Industry Baby,Lil Nas X,,,
2021-10-25,Easy On Me,Adele,,,
2021-11-01,Easy On Me,Adele,,,
2021-11-08,Easy On Me,Adele,,,
2021-11-15,Easy On Me,Adele,,,
2021-11-22,All Too Well (Taylor's Version),Taylor Swift,,,
2021-11-29,Easy On Me,Adele,,,
2021-12-06,Easy On Me,Adele,,,
2021-12-13,Easy On Me,Adele,,,
2021-12-20,All I Want For Christmas Is You,Mariah Carey,,,
2021-12-27,All I Want For Christmas Is You,Mariah Carey,,"Berea Bible Handbook Part Seventeen; Contesting Cosmopolitan Europe - Euroscepticism, Crisis and Borders; Cosmopolitan Italia (Ottobre 2022); Development smart eyeglasses for visually impaired people based on you only look once; ERIC ED619283: Leading the World in Discovery and Innovation, STEM Talent Development and the Delivery of Benefits from Research. NSF Strategic Plan for Fiscal Years 2022-2026 NSF's new Strategic Plan for Fiscal Years 2022-2026 was released on March 28, 2022. To achieve NSF's vision of ""A nation that leads the world in science and engineering research and innovation, to the benefit of all, without barriers to participation,"" the Plan lays out four strategic goals. The first, ""Empower STEM talent to fully participate in science and engineering,"" aims to accelerate the advancement of discovery and learning and, in a world in which work is increasingly reliant upon scientific and technological skills, ensure that all citizens share in the benefits that flow from research. NSF will promote inclusion in the research community and STEM workforce, access to STEM learning and training, and widespread STEM literacy. The second strategic goal, ""Create new knowledge about our universe, our world and ourselves,"" aims to advance knowledge through investments in ideas, people, and infrastructure, and to advance the practice of research. The third strategic goal, ""Benefit society by translating knowledge into solutions,"" focuses on delivering benefits from research by advancing discovery and accelerating innovation that address societal challenges, as well as cultivating a global S&E community based on shared values and strategic cooperation. The fourth goal, ""Excel at NSF operations and management,"" includes strategies to attract, retain, and empower a talented and diverse workforce and continually to improve agency operations. NSF's new Strategic Plan lays out a vision for accelerating research and innovation. The Plan includes examples of discoveries that NSF-supported researchers have made, and the impacts these have had on the Nation's economy and well-being. It also includes examples of exciting new opportunities for research at the frontiers of science and engineering. With the support of the American people, NSF-funded researchers will continue to transform the world with their ingenuity and creativity, providing new knowledge and innovations that will propel our economy and enhance our lives. [Cover title varies: ""U.S. National Science Foundation 2022-2026 Strategic Plan."" For ""Building the Future: Investing in Discovery and Innovation--NSF Strategic Plan for Fiscal Years (FY) 2018-2022,"" see ED594467.]",
2022-01-03,All I Want For Christmas Is You,Mariah Carey,,,
2022-01-10,Easy On Me,Adele,,,
2022-01-17,Easy On Me,Adele,,,
2022-01-24,Easy On Me,Adele,,,
2022-01-31,We Don't Talk About Bruno,"Carolina Gaitan, Mauro Castillo, Adassa, Rhenzy Feliz, Diane Guerrero, Stephanie Beatriz",,,
2022-02-07,We Don't Talk About Bruno,"Carolina Gaitan, Mauro Castillo, Adassa, Rhenzy Feliz, Diane Guerrero, Stephanie Beatriz",,,
2022-02-14,We Don't Talk About Bruno,"Carolina Gaitan, Mauro Castillo, Adassa, Rhenzy Feliz, Diane Guerrero, Stephanie Beatriz",,,
2022-02-21,We Don't Talk About Bruno,"Carolina Gaitan, Mauro Castillo, Adassa, Rhenzy Feliz, Diane Guerrero, Stephanie Beatriz",,,
2022-02-28,We Don't Talk About Bruno,"Carolina Gaitan, Mauro Castillo, Adassa, Rhenzy Feliz, Diane Guerrero, Stephanie Beatriz",,,
2022-03-07,Heat Waves,Glass Animals,,,
2022-03-14,Heat Waves,Glass Animals,,,
2022-03-21,Heat Waves,Glass Animals,,,
2022-03-28,Heat Waves,Glass Animals,,,
2022-04-04,Heat Waves,Glass Animals,,,
2022-04-11,As It Was,Harry Styles,,,
2022-04-18,First Class,Jack Harlow,,,
2022-04-25,As It Was,Harry Styles,,,
2022-05-02,As It Was,Harry Styles,,,
2022-05-09,Wait For U,Future,,,
2022-05-16,First Class,Jack Harlow,,,
2022-05-23,First Class,Jack Harlow,,,
2022-05-30,As It Was,Harry Styles,,Rolling Stone - June 2022,
2022-06-06,As It Was,Harry Styles,,,
2022-06-13,As It Was,Harry Styles,,,
2022-06-20,As It Was,Harry Styles,,,
2022-06-27,Jimmy Cooks,Drake,,,
2022-07-04,As It Was,Harry Styles,,,
2022-07-11,As It Was,Harry Styles,,,
2022-07-18,As It Was,Harry Styles,,,
2022-07-25,About Damn Time,Lizzo,,,
2022-08-01,About Damn Time,Lizzo,,Rolling Stone - July August 2022,
2022-08-08,Break My Soul,Beyonce,,,
2022-08-15,Break My Soul,Beyonce,,,
2022-08-22,Super Freaky Girl,Nicki Minaj,,,
2022-08-29,As It Was,Harry Styles,,,
2022-09-05,As It Was,Harry Styles,,,
2022-09-12,As It Was,Harry Styles,,,
2022-09-19,As It Was,Harry Styles,,,
2022-09-26,As It Was,Harry Styles,,,
2022-10-03,Bad Habit,Steve Lacy,,,
2022-10-10,Bad Habit,Steve Lacy,,,
2022-10-17,Bad Habit,Steve Lacy,,,
2022-10-24,Unholy,Sam Smith,,,
2022-10-31,Anti-Hero,Taylor Swift,,,
2022-11-07,Anti-Hero,Taylor Swift,,,
2022-11-14,Anti-Hero,Taylor Swift,,,
2022-11-21,Anti-Hero,Taylor Swift,,,
2022-11-28,Anti-Hero,Taylor Swift,,,
2022-12-05,Anti-Hero,Taylor Swift,,,
2022-12-12,All I Want For Christmas Is You,Mariah Carey,,,
2022-12-19,All I Want For Christmas Is You,Mariah Carey,,,
2022-12-26,All I Want For Christmas Is You,Mariah Carey,,"A Policy Roadmap To Support The People Of Hong Kong; Cosmopolitan Love - Utopian Vision in D. H. Lawrence and Eileen Chang; Hybridity and Blurred Boundaries- Studying the Cosmopolitan Spirit in Individuals in the Three Texts of The Woman Warrior, My Beautiful Laundrette and The In-Between World of Vikram Lall; Loving Two People; MAD Magazine #29 (2023)",
2023-01-02,All I Want For Christmas Is You,Mariah Carey,,,
2023-01-09,Anti-Hero,Taylor Swift,,,
2023-01-16,Anti-Hero,Taylor Swift,,,
2023-01-23,Flowers,Miley Cyrus,,,
2023-01-30,Flowers,Miley Cyrus,,Experimental study on combustion characteristics of billboard materials,
2023-02-06,Flowers,Miley Cyrus,,,
2023-02-13,Flowers,Miley Cyrus,,,
2023-02-20,Flowers,Miley Cyrus,,,
2023-02-27,Flowers,Miley Cyrus,,,
2023-03-06,Die For You,The Weeknd,,,
2023-03-13,Last Night,Morgan Wallen,,,
2023-03-20,Flowers,Miley Cyrus,,,
2023-03-27,Flowers,Miley Cyrus,,,
2023-04-03,Like Crazy,Jimin,,,
2023-04-10,Last Night,Morgan Wallen,,,
2023-04-17,Last Night,Morgan Wallen,,,
2023-04-24,Kill Bill,Sza,,,
2023-05-01,Last Night,Morgan Wallen,,,
2023-05-08,Last Night,Morgan Wallen,,,
2023-05-15,Last Night,Morgan Wallen,,,
2023-05-22,Last Night,Morgan Wallen,,,
2023-05-29,Last Night,Morgan Wallen,,,
2023-06-05,Last Night,Morgan Wallen,,,
2023-06-12,Last Night,Morgan Wallen,,,
2023-06-19,Last Night,Morgan Wallen,,,
2023-06-26,Last Night,Morgan Wallen,,,
2023-07-03,Last Night,Morgan Wallen,,,
2023-07-10,Vampire,Olivia Rodrigo,,,
2023-07-17,Last Night,Morgan Wallen,,,
2023-07-24,Seven,Jung Kook,,,
2023-07-31,Try That In A Small Town,Jason Aldean,,,
2023-08-07,Last Night,Morgan Wallen,,,
2023-08-14,Last Night,Morgan Wallen,,,
2023-08-21,Rich Men North Of Richmond,Oliver Anthony Music,,,
2023-08-28,Rich Men North Of Richmond,Oliver Anthony Music,,,
2023-09-04,I Remember Everything,Zach Bryan,,,
2023-09-11,Paint The Town Red,Doja Cat,,,
2023-09-18,Vampire,Olivia Rodrigo,,,
2023-09-25,Slime You Out,Drake,,,
2023-10-02,Paint The Town Red,Doja Cat,,,
2023-10-09,Paint The Town Red,Doja Cat,,,
2023-10-16,First Person Shooter,Drake,,,
2023-10-23,Cruel Summer,Taylor Swift,,,
2023-10-30,Cruel Summer,Taylor Swift,,,
2023-11-06,Is It Over Now? (Taylor's Version) [From The Vault],Taylor Swift,,,
2023-11-13,Cruel Summer,Taylor Swift,,,
2023-11-20,Cruel Summer,Taylor Swift,,,
2023-11-27,Lovin On Me,Jack Harlow,,,
2023-12-04,Rockin' Around The Christmas Tree,Brenda Lee,,,
2023-12-11,Rockin' Around The Christmas Tree,Brenda Lee,,,
2023-12-18,All I Want For Christmas Is You,Mariah Carey,,,
2023-12-25,All I Want For Christmas Is You,Mariah Carey,,,
2024-01-01,Rockin' Around The Christmas Tree,Brenda Lee,,"""The Story Of The Ghost In The Machine Written For Rolling Stone Magazine""; Cosmopolitan Italia (Marzo 2024); Cosmopolitan Norms and European Values - Ethical Perspectives on Europe's Refugee Policy; Cosmopolitan UK – June/July 2024; Cosmopolitan USA - Summer 2024",
2024-01-08,Lovin On Me,Jack Harlow,,,
2024-01-15,Lovin On Me,Jack Harlow,,,
2024-01-22,"Yes, And?",Ariana Grande,,,
2024-01-29,Lovin On Me,Jack Harlow,,KISS Rolling Stone Germany Feb 2024,
2024-02-05,Hiss,Megan Thee Stallion,,,
2024-02-12,Lovin On Me,Jack Harlow,,,
2024-02-19,Lovin On Me,Jack Harlow,,,
2024-02-26,Texas Hold 'Em,Beyonce,,,
2024-03-04,Texas Hold 'Em,Beyonce,,,
2024-03-11,Carnival,¥$: Ye,,,
2024-03-18,We Can't Be Friends (Wait For Your Love),Ariana Grande,,,
2024-03-25,Lose Control,Teddy Swims,,,
2024-04-01,Like That,"Future, Metro Boomin",,,
2024-04-08,Like That,"Future, Metro Boomin",,,
2024-04-15,Like That,"Future, Metro Boomin",,,
2024-04-22,Too Sweet,Hozier,,,
2024-04-29,Fortnight,Taylor Swift,,,
2024-05-06,Fortnight,Taylor Swift,,,
2024-05-13,Not Like Us,Kendrick Lamar,,,
2024-05-20,I Had Some Help,Post Malone,,,
2024-05-27,I Had Some Help,Post Malone,,,
2024-06-03,I Had Some Help,Post Malone,,,
2024-06-10,I Had Some Help,Post Malone,,,
2024-06-17,I Had Some Help,Post Malone,,,
2024-06-24,Please Please Please,Sabrina Carpenter,,,
2024-07-01,I Had Some Help,Post Malone,,,
2024-07-08,A Bar Song (Tipsy),Shaboozey,,,
2024-07-15,Not Like Us,Kendrick Lamar,,,
2024-07-22,A Bar Song (Tipsy),Shaboozey,,,
2024-07-29,A Bar Song (Tipsy),Shaboozey,,,
2024-08-05,A Bar Song (Tipsy),Shaboozey,,,
2024-08-12,A Bar Song (Tipsy),Shaboozey,,,
2024-08-19,A Bar Song (Tipsy),Shaboozey,,,
2024-08-26,A Bar Song (Tipsy),Shaboozey,,,
2024-09-02,A Bar Song (Tipsy),Shaboozey,,,
2024-09-09,A Bar Song (Tipsy),Shaboozey,,,
2024-09-16,A Bar Song (Tipsy),Shaboozey,,,
2024-09-23,A Bar Song (Tipsy),Shaboozey,,,
2024-09-30,A Bar Song (Tipsy),Shaboozey,,,
2024-10-07,A Bar Song (Tipsy),Shaboozey,,,
2024-10-14,A Bar Song (Tipsy),Shaboozey,,,
2024-10-21,A Bar Song (Tipsy),Shaboozey,,,
2024-10-28,Love Somebody,Morgan Wallen,,,
2024-11-04,A Bar Song (Tipsy),Shaboozey,,,
2024-11-11,A Bar Song (Tipsy),Shaboozey,,,
2024-11-18,A Bar Song (Tipsy),Shaboozey,,,
2024-11-25,A Bar Song (Tipsy),Shaboozey,,,
2024-12-02,Squabble Up,Kendrick Lamar,,,
2024-12-09,All I Want For Christmas Is You,Mariah Carey,,,
2024-12-16,All I Want For Christmas Is You,Mariah Carey,,,
2024-12-23,All I Want For Christmas Is You,Mariah Carey,,,
2024-12-30,All I Want For Christmas Is You,Mariah Carey,,"A Study on Green Economy of Bihar Government and Its Impact on the People; A Stylistic Analysis of Selected Speeches of The Indigenous People of Biafra (IPOB); A cosmopolitan invader – Choreutis sexfasciella (Lepidoptera, Choreutidae) – in Cyprus: first record, molecular characterization, and a reared parasitoid; Billboard 1974 05 18; Billboard 1974 09 07",
2025-01-06,Die With A Smile,Lady Gaga,,,
2025-01-13,Die With A Smile,Lady Gaga,,,
2025-01-20,Die With A Smile,Lady Gaga,,,
2025-01-27,Die With A Smile,Lady Gaga,,,
2025-02-03,4X4,Travis Scott,,,
2025-02-10,Die With A Smile,Lady Gaga,,,
2025-02-17,Not Like Us,Kendrick Lamar,,,
2025-02-24,Luther,Kendrick Lamar,,,
2025-03-03,Luther,Kendrick Lamar,,,
2025-03-10,Luther,Kendrick Lamar,,,
2025-03-17,Luther,Kendrick Lamar,,,
2025-03-24,Luther,Kendrick Lamar,,,
2025-03-31,Luther,Kendrick Lamar,,,
2025-04-07,Luther,Kendrick Lamar,,,
2025-04-14,Luther,Kendrick Lamar,,,
2025-04-21,Luther,Kendrick Lamar,,,
2025-04-28,Luther,Kendrick Lamar,,,
2025-05-05,Luther,Kendrick Lamar,,,
2025-05-12,Luther,Kendrick Lamar,,,
2025-05-19,Luther,Kendrick Lamar,,,
2025-05-26,What I Want,Morgan Wallen,,,
2025-06-02,Ordinary,Alex Warren,,,
2025-06-09,Ordinary,Alex Warren,,,
2025-06-16,Manchild,Sabrina Carpenter,,,
2025-06-23,Ordinary,Alex Warren,,,
2025-06-30,Ordinary,Alex Warren,,,
2025-07-07,Ordinary,Alex Warren,,,
2025-07-14,Ordinary,Alex Warren,,,
2025-07-21,Ordinary,Alex Warren,,,
2025-07-28,Ordinary,Alex Warren,,,
2025-08-04,Ordinary,Alex Warren,,,
2025-08-11,Golden,"Huntr/x: Ejae, Audrey Nuna",,,
2025-08-18,Ordinary,Alex Warren,,,
2025-08-25,Golden,"Huntr/x: Ejae, Audrey Nuna",,,
2025-09-01,Golden,"Huntr/x: Ejae, Audrey Nuna",,,
2025-09-08,Golden,"Huntr/x: Ejae, Audrey Nuna",,,
2025-09-15,Golden,"Huntr/x: Ejae, Audrey Nuna",,,
2025-09-22,Golden,"Huntr/x: Ejae, Audrey Nuna",,,
2025-09-29,Golden,"Huntr/x: Ejae, Audrey Nuna",,,
2025-10-06,Golden,"Huntr/x: Ejae, Audrey Nuna",,,
2025-10-13,The Fate Of Ophelia,Taylor Swift,,,
2025-10-20,The Fate Of Ophelia,Taylor Swift,,,
2025-10-27,The Fate Of Ophelia,Taylor Swift,,,
2025-11-03,The Fate Of Ophelia,Taylor Swift,,,
2025-11-10,The Fate Of Ophelia,Taylor Swift,,,
2025-11-17,The Fate Of Ophelia,Taylor Swift,,,
2025-11-24,The Fate Of Ophelia,Taylor Swift,,,
2025-12-01,The Fate Of Ophelia,Taylor Swift,,,
2025-12-08,All I Want For Christmas Is You,Mariah Carey,,,
2025-12-15,All I Want For Christmas Is You,Mariah Carey,,,
