date,rank,artist,album,length,track_length
1978-01-07,1,"Fleetwood Mac",Rumours,58,
1978-01-07,2,"Rod Stewart","Foot Loose + Fancy Free",8,334894.75
1978-01-07,3,"Earth, Wind & Fire","All 'n' All",11,212600.818181818
1978-01-07,4,"Electric Light Orchestra","Out Of The Blue",17,250202.705882353
1978-01-07,5,"Linda Ronstadt","Simple Dreams",10,198135.6
1978-01-07,6,"Debby Boone","You Light Up My Life",12,198186.25
1978-01-07,7,KISS,"Alive Ii",20,223676.55
1978-01-07,8,"Shaun Cassidy","Born Late",10,192200.9
1978-01-07,9,Queen,"News Of The World",16,222138.0
1978-01-07,10,"Neil Diamond","I'm Glad Your Here With Me Tonight",,
1978-01-07,11,Commodores,"Commodores Live!",12,364219.666666667
1978-01-07,12,"Boz Scaggs","Down Two Then Left",10,257314.4
1978-01-07,13,"Bob Welch","French Kiss",12,181677.5
1978-01-07,14,"Olivia Newton-John","Olivia Newton-John's Greatest Hits",,
1978-01-07,15,"Billy Joel","The Stranger",21,296449.238095238
1978-01-07,16,"Lynyrd Skynyrd","Street Survivors",23,260330.043478261
1978-01-07,17,"Steely Dan",Aja,7,343028.142857143
1978-01-07,18,Styx,"The Grand Illusion",8,312237.875
1978-01-07,19,"Randy Newman","Little Criminals",12,192984.166666667
1978-01-07,20,Aerosmith,"Draw The Line",9,237785.0
1978-01-07,21,Kansas,"Point Of Know Return",12,252448.583333333
1978-01-07,22,Soundtrack,"Saturday Night Fever",21,224416.142857143
1978-01-07,23,LTD,"Something To Love",9,261106.333333333
1978-01-07,24,"Diana Ross","Baby It's Me",10,213145.2
1978-01-07,25,"George Duke","Reach For It",11,292194.727272727
1978-01-07,26,Foreigner,Foreigner,12,240737.833333333
1978-01-07,27,"Donna Summer","Once Upon A Time",16,256053.625
1978-01-07,28,"High Inergy","Turnin' On",,
1978-01-07,29,"Dolly Parton","Here You Come Again",10,178703.6
1978-01-07,30,"Paul Simon","Greatest Hits, Ect.",11,
1978-01-07,31,"Jackson Browne","Running On Empty",10,260547.7
1978-01-07,32,Santana,Moonflower,16,294902.1875
1978-01-07,33,War,Galaxy,5,383439.6
1978-01-07,34,"The Babys","Broken Heart",10,225057.0
1978-01-07,35,"The Steve Miller Band","Book Of Dreams",,
1978-01-07,36,"James Taylor",JT,12,189260.75
1978-01-07,37,"Eric Clapton",Slowhand,27,280855.407407407
1978-01-07,38,"Millie Jackson","Feelin Bitchy",11,287607.0
1978-01-07,39,"Gino Vannelli","A Pauper In Paridise",,
1978-01-07,40,"Emerson, Lake & Palmer","Works Volume II",,
1978-01-07,41,"Joni Mitchell","Don Juan's Reckless Daughter",10,358365.0
1978-01-07,42,"Santa Esmeralda","Don't Let Me Be Misunderstood",7,483053.428571429
1978-01-07,43,"Neil Young",Decade,35,266146.423076923
1978-01-07,44,"Steve Martin","Lets Get Small",10,228936.9
1978-01-07,45,"Crystal Gayle","We Must Believe In Magic",10,179463.7
1978-01-07,46,"John Denver","I Want To Live",11,235995.909090909
1978-01-07,47,"Natalie Cole",Thankful,8,266833.0
1978-01-07,48,"Rita Coolidge",Anytime...anywhere,,
1978-01-07,49,"Bill Withers",Menagerie,9,256205.555555556
1978-01-07,50,"Rose Royce","Rose Royce II/In Full Bloom",,
1978-01-07,51,"Shaun Cassidy","Shaun Cassidy",10,181727.2
1978-01-07,52,Parliament,"Funkentelechy Vs. The Placebo Syndrome",6,443361.666666667
1978-01-07,53,"The Salsoul Orchestra","Christmas Jollies",9,316703.444444444
1978-01-07,54,"Chuck Mangione","Feels So Good",6,394279.5
1978-01-07,55,ConFunkShun,Secrets,,
1978-01-07,56,Player,Player,1,249608.0
1978-01-07,57,"Stevie Wonder","Looking Back",,
1978-01-07,58,"Robin Trower","In City Dreams",9,272704.777777778
1978-01-07,59,"The Blackbyrds",Action,7,288761.714285714
1978-01-07,60,Barkays,"Flying High On Your Love",,
1978-01-07,61,"The Beatles","Love Songs",12,222003.583333333
1978-01-07,62,"Joan Armatrading","Show Some Emotion",10,218408.4
1978-01-07,63,Carpenters,Passage,8,297269.875
1978-01-07,64,"Elton John","Elton John's Greatest Hits, Volume II",17,
1978-01-07,65,"Stevie Wonder","Songs In The Key Of Life",21,300142.428571429
1978-01-07,66,"Deniece Williams",Songbird,,
1978-01-07,67,Soundtrack,"Star Wars",28,257901.928571429
1978-01-07,68,Genesis,"Seconds Out",12,477688.583333333
1978-01-07,69,"Linda Ronstadt","Greatest Hits",17,195693.294117647
1978-01-07,70,"Boz Scaggs","Silk Degrees",13,239546.461538462
1978-01-07,71,"Bob James",Heads,24,184667.041666667
1978-01-07,72,"The Ramones","Rocket To Russia",77,
1978-01-07,73,"Lou Rawls","When You Hear Lou, You've Heard It All",10,225796.666666667
1978-01-07,74,"Barry Manilow","Barry Manilow Live",23,269442.47826087
1978-01-07,75,"Electric Light Orchestra","A New World Record",9,243371.555555556
1978-01-07,76,Boston,Boston,8,273423.0
1978-01-07,77,"Bay City Rollers","Greatest Hits",16,194151.1875
1978-01-07,78,Odyssey,Odyssey,12,258818.0
1978-01-07,79,"Gato Barbieri","Ruby, Ruby",8,329736.375
1978-01-07,80,Soundtrack,"Close Encounters Of A Third Kind",,
1978-01-07,81,"Captain & Tennille","Captain & Tennille's Greatest Hits",12,210838.5
1978-01-07,82,"Bette Midler","Broken Blossom",11,214648.090909091
1978-01-07,83,Nazareth,"Expect No Mercy",10,212346.3
1978-01-07,84,Soundtrack,"The Story Of Star Wars",,
1978-01-07,85,"Johnny Guitar Watson","Funk Beyond The Call Of Duty",,
1978-01-07,86,"Elvis Costello","My Aim Is True",13,173642.769230769
1978-01-07,87,"Bee Gees","Here At Last...Bee Gees...Live",18,281001.333333333
1978-01-07,88,Foghat,"Foghat Live",6,425860.5
1978-01-07,89,"Tom Petty And The Heartbreakers","Tom Petty + The Heartbreakers",10,224259.7
1978-01-07,90,"The Spinners","Spinners 8",9,267935.888888889
1978-01-07,91,"Leif Garrett","Leif Garrett",12,193593.0
1978-01-07,92,Chic,Chic,40,272391.575
1978-01-07,93,"Grover Washington, Jr.","Live At The Bijou",8,569455.875
1978-01-07,94,"Barry White","Barry White Sings For Someone You Love",7,349437.857142857
1978-01-07,95,"Dan Hill","Longer Fuse",10,239394.8
1978-01-07,96,"Dan Fogelberg","Nether Lands",11,263122.181818182
1978-01-07,97,"The Trammps","Trammps Iii",8,324613.125
1978-01-07,98,"Ashford & Simpson","Send It",8,272839.5
1978-01-07,99,"James Taylor","Greatest Hits",12,207276.75
1978-01-07,100,Heatwave,"Too Hot To Handle",9,257460.444444444
1978-01-07,101,Brick,Brick,34,240830.235294118
1978-01-07,102,"The Alan Parsons Project","I Robot",24,251897.375
1978-01-07,103,"Neil Diamond","Neil Diamond/His 12 Greatest Hits",,
1978-01-07,104,Heart,"Little Queen",10,234695.7
1978-01-07,105,"Bing Crosby","Bing Crosby's Greatest Hits",,
1978-01-07,106,"The Rolling Stones","Love You Live",18,286640.444444444
1978-01-07,107,"ZZ Top","The Best Of ZZ Top",38,245646.3
1978-01-07,108,"Sex Pistols","Never Mind The Bollocks Here's The Sex Pistols",12,194667.583333333
1978-01-07,109,Commodores,Commodores,9,261407.0
1978-01-07,110,Meco,"Star Wars & Other Galactic Funk",4,592023.0
1978-01-07,111,"The Salsoul Orchestra",Cuchi-Cuchi,13,266288.615384615
1978-01-07,112,"Meat Loaf","Bat Out Of Hell",7,408818.857142857
1978-01-07,113,"The Temptations","Hear To Tempt You",9,269759.888888889
1978-01-07,114,"Judy Collins","So Early In The Spring - The First 15 Years",,
1978-01-07,115,"The Emotions",Sunshine,14,220868.214285714
1978-01-07,116,"Roberta Flack","Blue Lights In The Basement",10,247782.3
1978-01-07,117,"Gary Wright","Touch And Gone",9,236558.111111111
1978-01-07,118,Slave,"The Hardness Of The World",8,291153.0
1978-01-07,119,"Talking Heads","Talking Heads: 77",16,213942.0625
1978-01-07,120,"Little River Band","Diamantina Cocktail",11,233588.727272727
1978-01-07,121,"Joan Baez","Best Of Joan Baez",9,199973.111111111
1978-01-07,122,"Ramsey Lewis","Tequila Mockingbird",8,300567.875
1978-01-07,123,"Ohio Players","Mr. Mean",7,342384.428571429
1978-01-07,124,"Joe Cocker","Joe Cocker's Greatest Hits",12,249967.583333333
1978-01-07,125,Soundtrack,"You Light Up My Life",,
1978-01-07,126,Pockets,"Come Go With Us",8,267023.125
1978-01-07,127,"Thelma Houston","The Devil In Me",9,269253.222222222
1978-01-07,128,"Crosby, Stills & Nash",Csn,14,243770.214285714
1978-01-07,129,America,America/Live,6,241066.333333333
1978-01-07,130,"Ray Charles","True To Life",,
1978-01-07,131,"Saint Tropez","Je Taime",,
1978-01-07,132,"Ozark Mountain Daredevils","Don't Look Down",14,204665.285714286
1978-01-07,133,"Patti Austin","Havana Candy",8,278647.875
1978-01-07,134,"Alice Cooper","The Alice Cooper Show",11,222845.818181818
1978-01-07,135,"Al Green","The Belle Album",8,295279.75
1978-01-07,136,"Elvis Presley","Elvis In Concert",32,134791.28125
1978-01-07,137,"El Coco",Cocomotion,,
1978-01-07,138,"Dave Mason","Let It Flow",10,225497.5
1978-01-07,139,"Rick Wakeman","Rick Wakeman's Criminal Record",6,394804.0
1978-01-07,140,"Ted Nugent","Cat Scratch Fever",12,232808.666666667
1978-01-07,141,"Phoebe Snow","Never Letting Go",9,212365.555555556
1978-01-07,142,"The Sylvers","New Horizons",,
1978-01-07,143,Chicago,"Chicago XI",13,240022.230769231
1978-01-07,144,"Brass Construction","Brass Construction Iii",8,287014.625
1978-01-07,145,"Donna Summer","I Remember Yesterday",8,277908.0
1978-01-07,146,"Isaac Hayes","New Horizon",5,596135.6
1978-01-07,147,"Blue Oyster Cult",Spectres,10,243823.8
1978-01-07,148,10cc,"Live + Let Live",15,357449.733333333
1978-01-07,149,"Rick Danko","Rick Danko",19,281394.105263158
1978-01-07,150,"The O'Jays","The O'Jays: Collectors' Items",10,
1978-01-07,151,Mandrill,"We Are One",7,330658.857142857
1978-01-07,152,"David Bromberg","Reckless Abandon",19,231623.894736842
1978-01-07,153,"Pablo Cruise","A Place In The Sun",9,266058.888888889
1978-01-07,154,Soundtrack,"Looking For Mr. Goodbar",,
1978-01-07,155,"The Controllers","In Control",7,313033.857142857
1978-01-07,156,"Engelbert Humperdinck","Christmas Tyme",,
1978-01-07,157,"Andy Gibb","Flowing Rivers",10,230314.2
1978-01-07,158,"Jethro Tull","Repeat-The Best Of Jethro Tull, Vol. II",10,
1978-01-07,159,Soundtrack,"Pete's Dragon",,
1978-01-07,160,"Jean Michel Jarre",Oxygene,6,363490.833333333
1978-01-07,161,"Village People","Village People",6,286110.5
1978-01-07,162,"Eddie Money","Eddie Money",10,205046.3
1978-01-07,163,Eagles,"Hotel California",9,340131.666666667
1978-01-07,164,"Grace Jones",Portfolio,7,317011.285714286
1978-01-07,165,"The New Birth","Behold The Mighty Army",8,312648.0
1978-01-07,166,"Jon Stewart","Fire In The Wind",,
1978-01-07,167,"The Doobie Brothers","Livin' On The Fault Line",10,220710.2
1978-01-07,168,"The Jacksons","Goin' Places",9,255566.888888889
1978-01-07,169,"The Charlie Daniels Band","Midnight Wind",,
1978-01-07,170,"Pat Travers","Putting It Straight",8,277643.0
1978-01-07,171,"Fleetwood Mac","Fleetwood Mac",11,227002.090909091
1978-01-07,172,Rush,"A Farewell To Kings",6,403928.666666667
1978-01-07,173,"Daryl Hall John Oates","Beauty On A Back Street",9,241481.111111111
1978-01-07,174,"Lynyrd Skynyrd","One More For The Road",,
1978-01-07,175,"Karla Bonoff","Karla Bonoff",10,216730.5
1978-01-07,176,"The Pointer Sisters","Having A Party",7,308180.571428571
1978-01-07,177,"Elvis Presley","Golden Records Vol. 3",12,147984.083333333
1978-01-07,178,"Patti LaBelle","Patti La Belle",,
1978-01-07,179,"Various Artists","Disco Boogie",14,207222.0
1978-01-07,180,"KC And The Sunshine Band","Part 3",16,244078.875
1978-01-07,181,"Side Effect","Goin' Bananas",,
1978-01-07,182,"Elvis Presley","Moody Blue",10,184551.7
1978-01-07,183,"Jean Luc Ponty","Enigmatic Ocean",11,220948.636363636
1978-01-07,184,"Grinder Switch",Redwing,,
1978-01-07,185,"Donny & Marie Osmond","Winng Combination",,
1978-01-07,186,Eagles,"Their Greatest Hits 1971-1975",10,259820.4
1978-01-07,187,"Glen Campbell","Live At The Royal Festival Hall",21,231692.523809524
1978-01-07,188,"Anne Haslem","Annie In Wonderland",,
1978-01-07,189,"Elvis Presley","Elvis' Golden Records",14,146733.071428571
1978-01-07,190,Firefall,"Luna Sea",10,242356.375
1978-01-07,191,"Bob Seger","Night Moves",9,263074.444444444
1978-01-07,192,"Paul McCartney And Wings","Wings Over America",,
1978-01-07,193,"Leo Sayer","Thunder In My Heart",7,277803.571428571
1978-01-07,194,"Peter Frampton","I'm In You",9,271913.555555556
1978-01-07,195,"The Steve Miller Band","Fly Like An Eagle",2,213553.0
1978-01-07,196,"Pink Floyd","The Dark Side Of The Moon",10,257363.2
1978-01-07,197,"David Crosby/Graham Nash","Crosby/Nash - Live",,
1978-01-07,198,"The Emotions",Rejoice,9,259467.777777778
1978-01-07,199,"Maynard Ferguson","New Vintage",6,355099.666666667
1978-01-07,200,"David Bowie",Heroes,10,227982.5
1978-01-14,1,"Fleetwood Mac",Rumours,58,
1978-01-14,2,"Rod Stewart","Foot Loose + Fancy Free",8,334894.75
1978-01-14,3,"Earth, Wind & Fire","All 'n' All",11,212600.818181818
1978-01-14,4,"Electric Light Orchestra","Out Of The Blue",17,250202.705882353
1978-01-14,5,"Linda Ronstadt","Simple Dreams",10,198135.6
1978-01-14,6,"Shaun Cassidy","Born Late",10,192200.9
1978-01-14,7,KISS,"Alive Ii",20,223676.55
1978-01-14,8,Queen,"News Of The World",16,222138.0
1978-01-14,9,"Neil Diamond","I'm Glad Your Here With Me Tonight",,
1978-01-14,10,Soundtrack,"Saturday Night Fever",21,224416.142857143
1978-01-14,11,"Boz Scaggs","Down Two Then Left",10,257314.4
1978-01-14,12,"Bob Welch","French Kiss",12,181677.5
1978-01-14,13,"Olivia Newton-John","Olivia Newton-John's Greatest Hits",,
1978-01-14,14,"Billy Joel","The Stranger",21,296449.238095238
1978-01-14,15,Styx,"The Grand Illusion",8,312237.875
1978-01-14,16,Aerosmith,"Draw The Line",9,237785.0
1978-01-14,17,"Debby Boone","You Light Up My Life",12,198186.25
1978-01-14,18,Kansas,"Point Of Know Return",12,252448.583333333
1978-01-14,19,"Randy Newman","Little Criminals",12,192984.166666667
1978-01-14,20,Commodores,"Commodores Live!",12,364219.666666667
1978-01-14,21,LTD,"Something To Love",9,261106.333333333
1978-01-14,22,"Dolly Parton","Here You Come Again",10,178703.6
1978-01-14,23,"Paul Simon","Greatest Hits, Ect.",11,
1978-01-14,24,Foreigner,Foreigner,12,240737.833333333
1978-01-14,25,"George Duke","Reach For It",11,292194.727272727
1978-01-14,26,"Donna Summer","Once Upon A Time",16,256053.625
1978-01-14,27,"Jackson Browne","Running On Empty",10,260547.7
1978-01-14,28,"High Inergy","Turnin' On",,
1978-01-14,29,"Steely Dan",Aja,7,343028.142857143
1978-01-14,30,War,Galaxy,5,383439.6
1978-01-14,31,"Joni Mitchell","Don Juan's Reckless Daughter",10,358365.0
1978-01-14,32,"Eric Clapton",Slowhand,27,280855.407407407
1978-01-14,33,"The Steve Miller Band","Book Of Dreams",,
1978-01-14,34,"Lynyrd Skynyrd","Street Survivors",23,260330.043478261
1978-01-14,35,"Millie Jackson","Feelin Bitchy",11,287607.0
1978-01-14,36,"James Taylor",JT,12,189260.75
1978-01-14,37,"Gino Vannelli","A Pauper In Paridise",,
1978-01-14,38,"Emerson, Lake & Palmer","Works Volume II",,
1978-01-14,39,"Diana Ross","Baby It's Me",10,213145.2
1978-01-14,40,"Santa Esmeralda","Don't Let Me Be Misunderstood",7,483053.428571429
1978-01-14,41,"Shaun Cassidy","Shaun Cassidy",10,181727.2
1978-01-14,42,Parliament,"Funkentelechy Vs. The Placebo Syndrome",6,443361.666666667
1978-01-14,43,"Natalie Cole",Thankful,8,266833.0
1978-01-14,44,"Rita Coolidge",Anytime...anywhere,,
1978-01-14,45,"John Denver","I Want To Live",11,235995.909090909
1978-01-14,46,Player,Player,1,249608.0
1978-01-14,47,"Stevie Wonder","Looking Back",,
1978-01-14,48,"The Salsoul Orchestra","Christmas Jollies",9,316703.444444444
1978-01-14,49,"Bill Withers",Menagerie,9,256205.555555556
1978-01-14,50,Barkays,"Flying High On Your Love",,
1978-01-14,51,Soundtrack,"Close Encounters Of A Third Kind",,
1978-01-14,52,Soundtrack,"Star Wars",28,257901.928571429
1978-01-14,53,"Rose Royce","Rose Royce II/In Full Bloom",,
1978-01-14,54,Soundtrack,"The Story Of Star Wars",,
1978-01-14,55,ConFunkShun,Secrets,,
1978-01-14,56,"Lou Rawls","When You Hear Lou, You've Heard It All",10,225796.666666667
1978-01-14,57,"Grover Washington, Jr.","Live At The Bijou",8,569455.875
1978-01-14,58,"The Blackbyrds",Action,7,288761.714285714
1978-01-14,59,Santana,Moonflower,16,294902.1875
1978-01-14,60,"The Ramones","Rocket To Russia",77,
1978-01-14,61,"The Beatles","Love Songs",12,222003.583333333
1978-01-14,62,"The Babys","Broken Heart",10,225057.0
1978-01-14,63,Chic,Chic,40,272391.575
1978-01-14,64,"Leif Garrett","Leif Garrett",12,193593.0
1978-01-14,65,"Stevie Wonder","Songs In The Key Of Life",21,300142.428571429
1978-01-14,66,"Crystal Gayle","We Must Believe In Magic",10,179463.7
1978-01-14,67,Boston,Boston,8,273423.0
1978-01-14,68,Genesis,"Seconds Out",12,477688.583333333
1978-01-14,69,"Linda Ronstadt","Greatest Hits",17,195693.294117647
1978-01-14,70,"Boz Scaggs","Silk Degrees",13,239546.461538462
1978-01-14,71,"Captain & Tennille","Captain & Tennille's Greatest Hits",12,210838.5
1978-01-14,72,"Bette Midler","Broken Blossom",11,214648.090909091
1978-01-14,73,"Barry Manilow","Barry Manilow Live",23,269442.47826087
1978-01-14,74,"Chuck Mangione","Feels So Good",6,394279.5
1978-01-14,75,"Electric Light Orchestra","A New World Record",9,243371.555555556
1978-01-14,76,"Bob James",Heads,24,184667.041666667
1978-01-14,77,"Bee Gees","Here At Last...Bee Gees...Live",18,281001.333333333
1978-01-14,78,"Gato Barbieri","Ruby, Ruby",8,329736.375
1978-01-14,79,"Steve Martin","Lets Get Small",10,228936.9
1978-01-14,80,"The Spinners","Spinners 8",9,267935.888888889
1978-01-14,81,Odyssey,Odyssey,12,258818.0
1978-01-14,82,Nazareth,"Expect No Mercy",10,212346.3
1978-01-14,83,Carpenters,Passage,8,297269.875
1978-01-14,84,"Johnny Guitar Watson","Funk Beyond The Call Of Duty",,
1978-01-14,85,"Dan Hill","Longer Fuse",10,239394.8
1978-01-14,86,"Elvis Costello","My Aim Is True",13,173642.769230769
1978-01-14,87,"The Trammps","Trammps Iii",8,324613.125
1978-01-14,88,"Tom Petty And The Heartbreakers","Tom Petty + The Heartbreakers",10,224259.7
1978-01-14,89,"James Taylor","Greatest Hits",12,207276.75
1978-01-14,90,Foghat,"Foghat Live",6,425860.5
1978-01-14,91,"Neil Young",Decade,35,266146.423076923
1978-01-14,92,"Joan Armatrading","Show Some Emotion",10,218408.4
1978-01-14,93,"Neil Diamond","Neil Diamond/His 12 Greatest Hits",,
1978-01-14,94,"ZZ Top","The Best Of ZZ Top",38,245646.3
1978-01-14,95,"The Alan Parsons Project","I Robot",24,251897.375
1978-01-14,96,Brick,Brick,34,240830.235294118
1978-01-14,97,"Robin Trower","In City Dreams",9,272704.777777778
1978-01-14,98,"Bing Crosby","Bing Crosby's Greatest Hits",,
1978-01-14,99,"Roberta Flack","Blue Lights In The Basement",10,247782.3
1978-01-14,100,"Bay City Rollers","Greatest Hits",16,194151.1875
1978-01-14,101,"Ohio Players","Mr. Mean",7,342384.428571429
1978-01-14,102,"Little River Band","Diamantina Cocktail",11,233588.727272727
1978-01-14,103,Slave,"The Hardness Of The World",8,291153.0
1978-01-14,104,Heart,"Little Queen",10,234695.7
1978-01-14,105,"The Emotions",Sunshine,14,220868.214285714
1978-01-14,106,"Elton John","Elton John's Greatest Hits, Volume II",17,
1978-01-14,107,Commodores,Commodores,9,261407.0
1978-01-14,108,"Sex Pistols","Never Mind The Bollocks Here's The Sex Pistols",12,194667.583333333
1978-01-14,109,Heatwave,"Too Hot To Handle",9,257460.444444444
1978-01-14,110,"Deniece Williams",Songbird,,
1978-01-14,111,"The Salsoul Orchestra",Cuchi-Cuchi,13,266288.615384615
1978-01-14,112,"Barry White","Barry White Sings For Someone You Love",7,349437.857142857
1978-01-14,113,"Dan Fogelberg","Nether Lands",11,263122.181818182
1978-01-14,114,Pockets,"Come Go With Us",8,267023.125
1978-01-14,115,Meco,"Star Wars & Other Galactic Funk",4,592023.0
1978-01-14,116,"Ramsey Lewis","Tequila Mockingbird",8,300567.875
1978-01-14,117,"Gary Wright","Touch And Gone",9,236558.111111111
1978-01-14,118,"Talking Heads","Talking Heads: 77",16,213942.0625
1978-01-14,119,"Ashford & Simpson","Send It",8,272839.5
1978-01-14,120,Meco,"Encounters Of Every Kind",,
1978-01-14,121,"Joan Baez","Best Of Joan Baez",9,199973.111111111
1978-01-14,122,"Isaac Hayes","New Horizon",5,596135.6
1978-01-14,123,"Patti Austin","Havana Candy",8,278647.875
1978-01-14,124,"Andy Gibb","Flowing Rivers",10,230314.2
1978-01-14,125,"Al Green","The Belle Album",8,295279.75
1978-01-14,126,"The Rolling Stones","Love You Live",18,286640.444444444
1978-01-14,127,"Ray Charles","True To Life",,
1978-01-14,128,"Crosby, Stills & Nash",Csn,14,243770.214285714
1978-01-14,129,America,America/Live,6,241066.333333333
1978-01-14,130,"Meat Loaf","Bat Out Of Hell",7,408818.857142857
1978-01-14,131,"Alice Cooper","The Alice Cooper Show",11,222845.818181818
1978-01-14,132,"El Coco",Cocomotion,,
1978-01-14,133,"The Temptations","Hear To Tempt You",9,269759.888888889
1978-01-14,134,"Dave Mason","Let It Flow",10,225497.5
1978-01-14,135,"Rick Wakeman","Rick Wakeman's Criminal Record",6,394804.0
1978-01-14,136,"Elvis Presley","Elvis In Concert",32,134791.28125
1978-01-14,137,"Thelma Houston","The Devil In Me",9,269253.222222222
1978-01-14,138,"Rick Danko","Rick Danko",19,281394.105263158
1978-01-14,139,"Ted Nugent","Cat Scratch Fever",12,232808.666666667
1978-01-14,140,"The O'Jays","The O'Jays: Collectors' Items",10,
1978-01-14,141,"The Sylvers","New Horizons",,
1978-01-14,142,"Judy Collins","So Early In The Spring - The First 15 Years",,
1978-01-14,143,Chicago,"Chicago XI",13,240022.230769231
1978-01-14,144,"Joe Cocker","Joe Cocker's Greatest Hits",12,249967.583333333
1978-01-14,145,"Donna Summer","I Remember Yesterday",8,277908.0
1978-01-14,146,"The Controllers","In Control",7,313033.857142857
1978-01-14,147,10cc,"Live + Let Live",15,357449.733333333
1978-01-14,148,"Phoebe Snow","Never Letting Go",9,212365.555555556
1978-01-14,149,Soundtrack,"Pete's Dragon",,
1978-01-14,150,"Ozark Mountain Daredevils","Don't Look Down",14,204665.285714286
1978-01-14,151,"Village People","Village People",6,286110.5
1978-01-14,152,"Eddie Money","Eddie Money",10,205046.3
1978-01-14,153,"Saint Tropez","Je Taime",,
1978-01-14,154,"Grace Jones",Portfolio,7,317011.285714286
1978-01-14,155,"Jean Michel Jarre",Oxygene,6,363490.833333333
1978-01-14,156,"Brass Construction","Brass Construction Iii",8,287014.625
1978-01-14,157,"Side Effect","Goin' Bananas",,
1978-01-14,158,Soundtrack,"You Light Up My Life",,
1978-01-14,159,"Pat Travers","Putting It Straight",8,277643.0
1978-01-14,160,"Peter Brown","Fantasy Love Affair",8,280169.625
1978-01-14,161,"Fleetwood Mac","Fleetwood Mac",11,227002.090909091
1978-01-14,162,"The Charlie Daniels Band","Midnight Wind",,
1978-01-14,163,Eagles,"Hotel California",9,340131.666666667
1978-01-14,164,"The New Birth","Behold The Mighty Army",8,312648.0
1978-01-14,165,"KC And The Sunshine Band","Part 3",16,244078.875
1978-01-14,166,"Jon Stewart","Fire In The Wind",,
1978-01-14,167,"Blue Oyster Cult",Spectres,10,243823.8
1978-01-14,168,"Various Artists","Disco Boogie",14,207222.0
1978-01-14,169,"Elvis Presley","Golden Records Vol. 3",12,147984.083333333
1978-01-14,170,"Karla Bonoff","Karla Bonoff",10,216730.5
1978-01-14,171,"Donny & Marie Osmond","Winng Combination",,
1978-01-14,172,"Levon Helm","Levon Helm & The RCO All-Stars",11,
1978-01-14,173,"Elvis Presley","Moody Blue",10,184551.7
1978-01-14,174,"Lynyrd Skynyrd","One More For The Road",,
1978-01-14,175,Styx,Equinox,8,258771.375
1978-01-14,176,"Glen Campbell","Live At The Royal Festival Hall",21,231692.523809524
1978-01-14,177,Soundtrack,"Looking For Mr. Goodbar",,
1978-01-14,178,Detective,"It Takes One To Know One",9,284387.888888889
1978-01-14,179,Mandrill,"We Are One",7,330658.857142857
1978-01-14,180,"Johnny Rivers","Outside Help",,
1978-01-14,181,"Elvis Presley","Elvis' Golden Records",14,146733.071428571
1978-01-14,182,Rush,"A Farewell To Kings",6,403928.666666667
1978-01-14,183,"Jean Luc Ponty","Enigmatic Ocean",11,220948.636363636
1978-01-14,184,Eagles,"Their Greatest Hits 1971-1975",10,259820.4
1978-01-14,185,"Pablo Cruise","A Place In The Sun",9,266058.888888889
1978-01-14,186,"Anne Haslem","Annie In Wonderland",,
1978-01-14,187,"The Doobie Brothers","Livin' On The Fault Line",10,220710.2
1978-01-14,188,Firefall,"Luna Sea",10,242356.375
1978-01-14,189,"The Emotions",Rejoice,9,259467.777777778
1978-01-14,190,"The Steve Miller Band","Fly Like An Eagle",2,213553.0
1978-01-14,191,"Leo Sayer","Thunder In My Heart",7,277803.571428571
1978-01-14,192,"Maynard Ferguson","New Vintage",6,355099.666666667
1978-01-14,193,"David Bowie",Heroes,10,227982.5
1978-01-14,194,"Peter Frampton","I'm In You",9,271913.555555556
1978-01-14,195,"David Bromberg","Reckless Abandon",19,231623.894736842
1978-01-14,196,"Pink Floyd","The Dark Side Of The Moon",10,257363.2
1978-01-14,197,"The Osmonds","The Osmonds Greatest Hits",12,166749.75
1978-01-14,198,"Bob Seger","Night Moves",9,263074.444444444
1978-01-14,199,"Paul McCartney And Wings","Wings Over America",,
1978-01-14,200,"Engelbert Humperdinck","Christmas Tyme",,
1978-01-21,1,Soundtrack,"Saturday Night Fever",21,224416.142857143
1978-01-21,2,"Rod Stewart","Foot Loose + Fancy Free",8,334894.75
1978-01-21,3,"Earth, Wind & Fire","All 'n' All",11,212600.818181818
1978-01-21,4,"Electric Light Orchestra","Out Of The Blue",17,250202.705882353
1978-01-21,5,"Fleetwood Mac",Rumours,58,
1978-01-21,6,"Shaun Cassidy","Born Late",10,192200.9
1978-01-21,7,Queen,"News Of The World",16,222138.0
1978-01-21,8,"Neil Diamond","I'm Glad Your Here With Me Tonight",,
1978-01-21,9,Styx,"The Grand Illusion",8,312237.875
1978-01-21,10,"Billy Joel","The Stranger",21,296449.238095238
1978-01-21,11,"Boz Scaggs","Down Two Then Left",10,257314.4
1978-01-21,12,"Bob Welch","French Kiss",12,181677.5
1978-01-21,13,"Olivia Newton-John","Olivia Newton-John's Greatest Hits",,
1978-01-21,14,Aerosmith,"Draw The Line",9,237785.0
1978-01-21,15,"Linda Ronstadt","Simple Dreams",10,198135.6
1978-01-21,16,KISS,"Alive Ii",20,223676.55
1978-01-21,17,Kansas,"Point Of Know Return",12,252448.583333333
1978-01-21,18,"Randy Newman","Little Criminals",12,192984.166666667
1978-01-21,19,"Jackson Browne","Running On Empty",10,260547.7
1978-01-21,20,"Dolly Parton","Here You Come Again",10,178703.6
1978-01-21,21,LTD,"Something To Love",9,261106.333333333
1978-01-21,22,"Paul Simon","Greatest Hits, Ect.",11,
1978-01-21,23,Foreigner,Foreigner,12,240737.833333333
1978-01-21,24,War,Galaxy,5,383439.6
1978-01-21,25,Commodores,"Commodores Live!",12,364219.666666667
1978-01-21,26,"Donna Summer","Once Upon A Time",16,256053.625
1978-01-21,27,"Steely Dan",Aja,7,343028.142857143
1978-01-21,28,"High Inergy","Turnin' On",,
1978-01-21,29,"Joni Mitchell","Don Juan's Reckless Daughter",10,358365.0
1978-01-21,30,"Eric Clapton",Slowhand,27,280855.407407407
1978-01-21,31,"The Steve Miller Band","Book Of Dreams",,
1978-01-21,32,Soundtrack,"Close Encounters Of A Third Kind",,
1978-01-21,33,"Gino Vannelli","A Pauper In Paridise",,
1978-01-21,34,"George Duke","Reach For It",11,292194.727272727
1978-01-21,35,"Millie Jackson","Feelin Bitchy",11,287607.0
1978-01-21,36,Soundtrack,"The Story Of Star Wars",,
1978-01-21,37,"Emerson, Lake & Palmer","Works Volume II",,
1978-01-21,38,"Santa Esmeralda","Don't Let Me Be Misunderstood",7,483053.428571429
1978-01-21,39,"Shaun Cassidy","Shaun Cassidy",10,181727.2
1978-01-21,40,Parliament,"Funkentelechy Vs. The Placebo Syndrome",6,443361.666666667
1978-01-21,41,"Natalie Cole",Thankful,8,266833.0
1978-01-21,42,"Rita Coolidge",Anytime...anywhere,,
1978-01-21,43,Player,Player,1,249608.0
1978-01-21,44,"Stevie Wonder","Looking Back",,
1978-01-21,45,"Lynyrd Skynyrd","Street Survivors",23,260330.043478261
1978-01-21,46,"Debby Boone","You Light Up My Life",12,198186.25
1978-01-21,47,Barkays,"Flying High On Your Love",,
1978-01-21,48,"Bill Withers",Menagerie,9,256205.555555556
1978-01-21,49,Soundtrack,"Star Wars",28,257901.928571429
1978-01-21,50,"Leif Garrett","Leif Garrett",12,193593.0
1978-01-21,51,"James Taylor",JT,12,189260.75
1978-01-21,52,"Lou Rawls","When You Hear Lou, You've Heard It All",10,225796.666666667
1978-01-21,53,"Grover Washington, Jr.","Live At The Bijou",8,569455.875
1978-01-21,54,"John Denver","I Want To Live",11,235995.909090909
1978-01-21,55,Chic,Chic,40,272391.575
1978-01-21,56,"The Ramones","Rocket To Russia",77,
1978-01-21,57,Genesis,"Seconds Out",12,477688.583333333
1978-01-21,58,"The Blackbyrds",Action,7,288761.714285714
1978-01-21,59,"The Babys","Broken Heart",10,225057.0
1978-01-21,60,"The Beatles","Love Songs",12,222003.583333333
1978-01-21,61,Santana,Moonflower,16,294902.1875
1978-01-21,62,"Rose Royce","Rose Royce II/In Full Bloom",,
1978-01-21,63,Boston,Boston,8,273423.0
1978-01-21,64,"Stevie Wonder","Songs In The Key Of Life",21,300142.428571429
1978-01-21,65,"Captain & Tennille","Captain & Tennille's Greatest Hits",12,210838.5
1978-01-21,66,"Bette Midler","Broken Blossom",11,214648.090909091
1978-01-21,67,"Bob James",Heads,24,184667.041666667
1978-01-21,68,"Diana Ross","Baby It's Me",10,213145.2
1978-01-21,69,"Linda Ronstadt","Greatest Hits",17,195693.294117647
1978-01-21,70,"Boz Scaggs","Silk Degrees",13,239546.461538462
1978-01-21,71,"Chuck Mangione","Feels So Good",6,394279.5
1978-01-21,72,"Bee Gees","Here At Last...Bee Gees...Live",18,281001.333333333
1978-01-21,73,"Electric Light Orchestra","A New World Record",9,243371.555555556
1978-01-21,74,"Barry Manilow","Barry Manilow Live",23,269442.47826087
1978-01-21,75,"The Spinners","Spinners 8",9,267935.888888889
1978-01-21,76,Odyssey,Odyssey,12,258818.0
1978-01-21,77,"Gato Barbieri","Ruby, Ruby",8,329736.375
1978-01-21,78,"Dan Hill","Longer Fuse",10,239394.8
1978-01-21,79,"Steve Martin","Lets Get Small",10,228936.9
1978-01-21,80,"Elvis Costello","My Aim Is True",13,173642.769230769
1978-01-21,81,"Tom Petty And The Heartbreakers","Tom Petty + The Heartbreakers",10,224259.7
1978-01-21,82,"Roberta Flack","Blue Lights In The Basement",10,247782.3
1978-01-21,83,ConFunkShun,Secrets,,
1978-01-21,84,Brick,Brick,34,240830.235294118
1978-01-21,85,"The Trammps","Trammps Iii",8,324613.125
1978-01-21,86,"The Salsoul Orchestra","Christmas Jollies",9,316703.444444444
1978-01-21,87,"James Taylor","Greatest Hits",12,207276.75
1978-01-21,88,Meco,"Encounters Of Every Kind",,
1978-01-21,89,"Neil Diamond","Neil Diamond/His 12 Greatest Hits",,
1978-01-21,90,"Ohio Players","Mr. Mean",7,342384.428571429
1978-01-21,91,"Neil Young",Decade,35,266146.423076923
1978-01-21,92,"Little River Band","Diamantina Cocktail",11,233588.727272727
1978-01-21,93,Slave,"The Hardness Of The World",8,291153.0
1978-01-21,94,"ZZ Top","The Best Of ZZ Top",38,245646.3
1978-01-21,95,"The Alan Parsons Project","I Robot",24,251897.375
1978-01-21,96,"Robin Trower","In City Dreams",9,272704.777777778
1978-01-21,97,"Bay City Rollers","Greatest Hits",16,194151.1875
1978-01-21,98,"Bing Crosby","Bing Crosby's Greatest Hits",,
1978-01-21,99,Heatwave,"Too Hot To Handle",9,257460.444444444
1978-01-21,100,"The Emotions",Sunshine,14,220868.214285714
1978-01-21,101,"Joan Armatrading","Show Some Emotion",10,218408.4
1978-01-21,102,"Elton John","Elton John's Greatest Hits, Volume II",17,
1978-01-21,103,Commodores,Commodores,9,261407.0
1978-01-21,104,Pockets,"Come Go With Us",8,267023.125
1978-01-21,105,Heart,"Little Queen",10,234695.7
1978-01-21,106,"Sex Pistols","Never Mind The Bollocks Here's The Sex Pistols",12,194667.583333333
1978-01-21,107,"Crystal Gayle","We Must Believe In Magic",10,179463.7
1978-01-21,108,Carpenters,Passage,8,297269.875
1978-01-21,109,Foghat,"Foghat Live",6,425860.5
1978-01-21,110,"Deniece Williams",Songbird,,
1978-01-21,111,"The Salsoul Orchestra",Cuchi-Cuchi,13,266288.615384615
1978-01-21,112,"Isaac Hayes","New Horizon",5,596135.6
1978-01-21,113,"Andy Gibb","Flowing Rivers",10,230314.2
1978-01-21,114,"Ramsey Lewis","Tequila Mockingbird",8,300567.875
1978-01-21,115,"Al Green","The Belle Album",8,295279.75
1978-01-21,116,"Johnny Guitar Watson","Funk Beyond The Call Of Duty",,
1978-01-21,117,"Talking Heads","Talking Heads: 77",16,213942.0625
1978-01-21,118,"Dan Fogelberg","Nether Lands",11,263122.181818182
1978-01-21,119,"Ashford & Simpson","Send It",8,272839.5
1978-01-21,120,"Patti Austin","Havana Candy",8,278647.875
1978-01-21,121,Nazareth,"Expect No Mercy",10,212346.3
1978-01-21,122,"El Coco",Cocomotion,,
1978-01-21,123,"Ray Charles","True To Life",,
1978-01-21,124,"Barry White","Barry White Sings For Someone You Love",7,349437.857142857
1978-01-21,125,"Peter Brown","Fantasy Love Affair",8,280169.625
1978-01-21,126,"Elvis Presley","Elvis In Concert",32,134791.28125
1978-01-21,127,"Rick Danko","Rick Danko",19,281394.105263158
1978-01-21,128,"Meat Loaf","Bat Out Of Hell",7,408818.857142857
1978-01-21,129,"Joan Baez","Best Of Joan Baez",9,199973.111111111
1978-01-21,130,"Dave Mason","Let It Flow",10,225497.5
1978-01-21,131,"Rick Wakeman","Rick Wakeman's Criminal Record",6,394804.0
1978-01-21,132,Meco,"Star Wars & Other Galactic Funk",4,592023.0
1978-01-21,133,Chicago,"Chicago XI",13,240022.230769231
1978-01-21,134,"Dan Hill","Hold On",10,204157.2
1978-01-21,135,"Village People","Village People",6,286110.5
1978-01-21,136,"The O'Jays","The O'Jays: Collectors' Items",10,
1978-01-21,137,"Crosby, Stills & Nash",Csn,14,243770.214285714
1978-01-21,138,Soundtrack,"Pete's Dragon",,
1978-01-21,139,"The Sylvers","New Horizons",,
1978-01-21,140,"Fleetwood Mac","Fleetwood Mac",11,227002.090909091
1978-01-21,141,"The Rolling Stones","Love You Live",18,286640.444444444
1978-01-21,142,"Judy Collins","So Early In The Spring - The First 15 Years",,
1978-01-21,143,"Donna Summer","I Remember Yesterday",8,277908.0
1978-01-21,144,"Grace Jones",Portfolio,7,317011.285714286
1978-01-21,145,"Gary Wright","Touch And Gone",9,236558.111111111
1978-01-21,146,10cc,"Live + Let Live",15,357449.733333333
1978-01-21,147,"Phoebe Snow","Never Letting Go",9,212365.555555556
1978-01-21,148,"Eddie Money","Eddie Money",10,205046.3
1978-01-21,149,"Pat Travers","Putting It Straight",8,277643.0
1978-01-21,150,Seawind,"Window Of A Child",,
1978-01-21,151,"KC And The Sunshine Band","Part 3",16,244078.875
1978-01-21,152,"Saint Tropez","Je Taime",,
1978-01-21,153,"Wet Willie",Manorisms,,
1978-01-21,154,"Side Effect","Goin' Bananas",,
1978-01-21,155,"Various Artists","Disco Boogie",14,207222.0
1978-01-21,156,"Brass Construction","Brass Construction Iii",8,287014.625
1978-01-21,157,"Thelma Houston","The Devil In Me",9,269253.222222222
1978-01-21,158,Soundtrack,"You Light Up My Life",,
1978-01-21,159,"Elvis Presley","Golden Records Vol. 3",12,147984.083333333
1978-01-21,160,"Donny & Marie Osmond","Winng Combination",,
1978-01-21,161,Eagles,"Hotel California",9,340131.666666667
1978-01-21,162,"Levon Helm","Levon Helm & The RCO All-Stars",11,
1978-01-21,163,"The Temptations","Hear To Tempt You",9,269759.888888889
1978-01-21,164,"Blue Oyster Cult",Spectres,10,243823.8
1978-01-21,165,"Karla Bonoff","Karla Bonoff",10,216730.5
1978-01-21,166,"Elvis Presley","Moody Blue",10,184551.7
1978-01-21,167,Styx,Equinox,8,258771.375
1978-01-21,168,Detective,"It Takes One To Know One",9,284387.888888889
1978-01-21,169,Enchantment,"Once Upon A Dream",11,253853.181818182
1978-01-21,170,"Johnny Rivers","Outside Help",,
1978-01-21,171,"Glen Campbell","Live At The Royal Festival Hall",21,231692.523809524
1978-01-21,172,"Elvis Presley","Elvis' Golden Records",14,146733.071428571
1978-01-21,173,America,America/Live,6,241066.333333333
1978-01-21,174,Soundtrack,"The Muppet Show",,
1978-01-21,175,"Ted Nugent","Cat Scratch Fever",12,232808.666666667
1978-01-21,176,"Jean Michel Jarre",Oxygene,6,363490.833333333
1978-01-21,177,"Joe Cocker","Joe Cocker's Greatest Hits",12,249967.583333333
1978-01-21,178,T-Connection,"On Fire",8,342763.375
1978-01-21,179,"Alice Cooper","The Alice Cooper Show",11,222845.818181818
1978-01-21,180,Eagles,"Their Greatest Hits 1971-1975",10,259820.4
1978-01-21,181,"The Emotions",Rejoice,9,259467.777777778
1978-01-21,182,"Anne Haslem","Annie In Wonderland",,
1978-01-21,183,Cerrone,"Cerrone 3 - Supernature",,
1978-01-21,184,"Sammy Hagar","Musical Chairs",10,208002.3
1978-01-21,185,"Paul Davis","Singer Of Songs, Teller Of Tales",10,182175.7
1978-01-21,186,Firefall,"Luna Sea",10,242356.375
1978-01-21,187,"The Steve Miller Band","Fly Like An Eagle",2,213553.0
1978-01-21,188,"David Bowie",Heroes,10,227982.5
1978-01-21,189,"Leo Sayer","Thunder In My Heart",7,277803.571428571
1978-01-21,190,"Le Pamplemousse","Le Spank",,
1978-01-21,191,"Peter Frampton","I'm In You",9,271913.555555556
1978-01-21,192,"Pink Floyd","The Dark Side Of The Moon",10,257363.2
1978-01-21,193,"The Charlie Daniels Band","Midnight Wind",,
1978-01-21,194,"Lynyrd Skynyrd","One More For The Road",,
1978-01-21,195,"The Osmonds","The Osmonds Greatest Hits",12,166749.75
1978-01-21,196,"Bob Seger","Night Moves",9,263074.444444444
1978-01-21,197,"The Doobie Brothers","Livin' On The Fault Line",10,220710.2
1978-01-21,198,"Paul McCartney And Wings","Wings Over America",,
1978-01-21,199,"The Controllers","In Control",7,313033.857142857
1978-01-21,200,"Ozark Mountain Daredevils","Don't Look Down",14,204665.285714286
1978-01-28,1,Soundtrack,"Saturday Night Fever",21,224416.142857143
1978-01-28,2,"Rod Stewart","Foot Loose + Fancy Free",8,334894.75
1978-01-28,3,"Earth, Wind & Fire","All 'n' All",11,212600.818181818
1978-01-28,4,"Electric Light Orchestra","Out Of The Blue",17,250202.705882353
1978-01-28,5,Queen,"News Of The World",16,222138.0
1978-01-28,6,"Shaun Cassidy","Born Late",10,192200.9
1978-01-28,7,"Fleetwood Mac",Rumours,58,
1978-01-28,8,"Neil Diamond","I'm Glad Your Here With Me Tonight",,
1978-01-28,9,Styx,"The Grand Illusion",8,312237.875
1978-01-28,10,"Billy Joel","The Stranger",21,296449.238095238
1978-01-28,11,Aerosmith,"Draw The Line",9,237785.0
1978-01-28,12,"Jackson Browne","Running On Empty",10,260547.7
1978-01-28,13,"Boz Scaggs","Down Two Then Left",10,257314.4
1978-01-28,14,"Linda Ronstadt","Simple Dreams",10,198135.6
1978-01-28,15,Kansas,"Point Of Know Return",12,252448.583333333
1978-01-28,16,"Randy Newman","Little Criminals",12,192984.166666667
1978-01-28,17,"Bob Welch","French Kiss",12,181677.5
1978-01-28,18,"Olivia Newton-John","Olivia Newton-John's Greatest Hits",,
1978-01-28,19,"Paul Simon","Greatest Hits, Ect.",11,
1978-01-28,20,"Dolly Parton","Here You Come Again",10,178703.6
1978-01-28,21,War,Galaxy,5,383439.6
1978-01-28,22,"Steely Dan",Aja,7,343028.142857143
1978-01-28,23,Foreigner,Foreigner,12,240737.833333333
1978-01-28,24,KISS,"Alive Ii",20,223676.55
1978-01-28,25,"Joni Mitchell","Don Juan's Reckless Daughter",10,358365.0
1978-01-28,26,Commodores,"Commodores Live!",12,364219.666666667
1978-01-28,27,"Eric Clapton",Slowhand,27,280855.407407407
1978-01-28,28,LTD,"Something To Love",9,261106.333333333
1978-01-28,29,Soundtrack,"Close Encounters Of A Third Kind",,
1978-01-28,30,"Donna Summer","Once Upon A Time",16,256053.625
1978-01-28,31,"The Steve Miller Band","Book Of Dreams",,
1978-01-28,32,Parliament,"Funkentelechy Vs. The Placebo Syndrome",6,443361.666666667
1978-01-28,33,"Gino Vannelli","A Pauper In Paridise",,
1978-01-28,34,"Millie Jackson","Feelin Bitchy",11,287607.0
1978-01-28,35,"Santa Esmeralda","Don't Let Me Be Misunderstood",7,483053.428571429
1978-01-28,36,Soundtrack,"The Story Of Star Wars",,
1978-01-28,37,"Shaun Cassidy","Shaun Cassidy",10,181727.2
1978-01-28,38,"Natalie Cole",Thankful,8,266833.0
1978-01-28,39,"George Duke","Reach For It",11,292194.727272727
1978-01-28,40,Player,Player,1,249608.0
1978-01-28,41,"Stevie Wonder","Looking Back",,
1978-01-28,42,"Rita Coolidge",Anytime...anywhere,,
1978-01-28,43,"Leif Garrett","Leif Garrett",12,193593.0
1978-01-28,44,"Bill Withers",Menagerie,9,256205.555555556
1978-01-28,45,Soundtrack,"Star Wars",28,257901.928571429
1978-01-28,46,"High Inergy","Turnin' On",,
1978-01-28,47,Barkays,"Flying High On Your Love",,
1978-01-28,48,"Lou Rawls","When You Hear Lou, You've Heard It All",10,225796.666666667
1978-01-28,49,"Grover Washington, Jr.","Live At The Bijou",8,569455.875
1978-01-28,50,Chic,Chic,40,272391.575
1978-01-28,51,"Emerson, Lake & Palmer","Works Volume II",,
1978-01-28,52,"The Ramones","Rocket To Russia",77,
1978-01-28,53,Genesis,"Seconds Out",12,477688.583333333
1978-01-28,54,"Lynyrd Skynyrd","Street Survivors",23,260330.043478261
1978-01-28,55,"Debby Boone","You Light Up My Life",12,198186.25
1978-01-28,56,"The Babys","Broken Heart",10,225057.0
1978-01-28,57,"James Taylor",JT,12,189260.75
1978-01-28,58,"The Blackbyrds",Action,7,288761.714285714
1978-01-28,59,"John Denver","I Want To Live",11,235995.909090909
1978-01-28,60,"Captain & Tennille","Captain & Tennille's Greatest Hits",12,210838.5
1978-01-28,61,"Bette Midler","Broken Blossom",11,214648.090909091
1978-01-28,62,"Bob James",Heads,24,184667.041666667
1978-01-28,63,Santana,Moonflower,16,294902.1875
1978-01-28,64,"Chuck Mangione","Feels So Good",6,394279.5
1978-01-28,65,"Stevie Wonder","Songs In The Key Of Life",21,300142.428571429
1978-01-28,66,"The Beatles","Love Songs",12,222003.583333333
1978-01-28,67,"Bee Gees","Here At Last...Bee Gees...Live",18,281001.333333333
1978-01-28,68,"Elvis Costello","My Aim Is True",13,173642.769230769
1978-01-28,69,"Dan Hill","Longer Fuse",10,239394.8
1978-01-28,70,"The Spinners","Spinners 8",9,267935.888888889
1978-01-28,71,Odyssey,Odyssey,12,258818.0
1978-01-28,72,"Tom Petty And The Heartbreakers","Tom Petty + The Heartbreakers",10,224259.7
1978-01-28,73,"Roberta Flack","Blue Lights In The Basement",10,247782.3
1978-01-28,74,"Linda Ronstadt","Greatest Hits",17,195693.294117647
1978-01-28,75,"Rose Royce","Rose Royce II/In Full Bloom",,
1978-01-28,76,Brick,Brick,34,240830.235294118
1978-01-28,77,"Boz Scaggs","Silk Degrees",13,239546.461538462
1978-01-28,78,Boston,Boston,8,273423.0
1978-01-28,79,Meco,"Encounters Of Every Kind",,
1978-01-28,80,"Electric Light Orchestra","A New World Record",9,243371.555555556
1978-01-28,81,ConFunkShun,Secrets,,
1978-01-28,82,"Ohio Players","Mr. Mean",7,342384.428571429
1978-01-28,83,"Steve Martin","Lets Get Small",10,228936.9
1978-01-28,84,"Little River Band","Diamantina Cocktail",11,233588.727272727
1978-01-28,85,Slave,"The Hardness Of The World",8,291153.0
1978-01-28,86,"The Trammps","Trammps Iii",8,324613.125
1978-01-28,87,"James Taylor","Greatest Hits",12,207276.75
1978-01-28,88,Heatwave,"Too Hot To Handle",9,257460.444444444
1978-01-28,89,"Neil Diamond","Neil Diamond/His 12 Greatest Hits",,
1978-01-28,90,"Diana Ross","Baby It's Me",10,213145.2
1978-01-28,91,"Neil Young",Decade,35,266146.423076923
1978-01-28,92,"Barry Manilow","Barry Manilow Live",23,269442.47826087
1978-01-28,93,"Gato Barbieri","Ruby, Ruby",8,329736.375
1978-01-28,94,Pockets,"Come Go With Us",8,267023.125
1978-01-28,95,"ZZ Top","The Best Of ZZ Top",38,245646.3
1978-01-28,96,"Bay City Rollers","Greatest Hits",16,194151.1875
1978-01-28,97,"The Alan Parsons Project","I Robot",24,251897.375
1978-01-28,98,"Robin Trower","In City Dreams",9,272704.777777778
1978-01-28,99,"The Emotions",Sunshine,14,220868.214285714
1978-01-28,100,"Elton John","Elton John's Greatest Hits, Volume II",17,
1978-01-28,101,Commodores,Commodores,9,261407.0
1978-01-28,102,"Isaac Hayes","New Horizon",5,596135.6
1978-01-28,103,"Andy Gibb","Flowing Rivers",10,230314.2
1978-01-28,104,"The Salsoul Orchestra","Christmas Jollies",9,316703.444444444
1978-01-28,105,"Al Green","The Belle Album",8,295279.75
1978-01-28,106,"Sex Pistols","Never Mind The Bollocks Here's The Sex Pistols",12,194667.583333333
1978-01-28,107,"Joan Armatrading","Show Some Emotion",10,218408.4
1978-01-28,108,"Bing Crosby","Bing Crosby's Greatest Hits",,
1978-01-28,109,"Deniece Williams",Songbird,,
1978-01-28,110,"The Salsoul Orchestra",Cuchi-Cuchi,13,266288.615384615
1978-01-28,111,"Ramsey Lewis","Tequila Mockingbird",8,300567.875
1978-01-28,112,"El Coco",Cocomotion,,
1978-01-28,113,Heart,"Little Queen",10,234695.7
1978-01-28,114,"Talking Heads","Talking Heads: 77",16,213942.0625
1978-01-28,115,"Peter Brown","Fantasy Love Affair",8,280169.625
1978-01-28,116,"Elvis Presley","Elvis In Concert",32,134791.28125
1978-01-28,117,Carpenters,Passage,8,297269.875
1978-01-28,118,"Dan Fogelberg","Nether Lands",11,263122.181818182
1978-01-28,119,"Ashford & Simpson","Send It",8,272839.5
1978-01-28,120,"Patti Austin","Havana Candy",8,278647.875
1978-01-28,121,"Ray Charles","True To Life",,
1978-01-28,122,"Dave Mason","Let It Flow",10,225497.5
1978-01-28,123,"Dan Hill","Hold On",10,204157.2
1978-01-28,124,"Barry White","Barry White Sings For Someone You Love",7,349437.857142857
1978-01-28,125,"Village People","Village People",6,286110.5
1978-01-28,126,"Meat Loaf","Bat Out Of Hell",7,408818.857142857
1978-01-28,127,"Rick Danko","Rick Danko",19,281394.105263158
1978-01-28,128,"Rick Wakeman","Rick Wakeman's Criminal Record",6,394804.0
1978-01-28,129,"Joan Baez","Best Of Joan Baez",9,199973.111111111
1978-01-28,130,"Fleetwood Mac","Fleetwood Mac",11,227002.090909091
1978-01-28,131,"Crystal Gayle","We Must Believe In Magic",10,179463.7
1978-01-28,132,Foghat,"Foghat Live",6,425860.5
1978-01-28,133,Chicago,"Chicago XI",13,240022.230769231
1978-01-28,134,"Johnny Guitar Watson","Funk Beyond The Call Of Duty",,
1978-01-28,135,Soundtrack,"Pete's Dragon",,
1978-01-28,136,"The O'Jays","The O'Jays: Collectors' Items",10,
1978-01-28,137,"The Sylvers","New Horizons",,
1978-01-28,138,"Grace Jones",Portfolio,7,317011.285714286
1978-01-28,139,"Pat Travers","Putting It Straight",8,277643.0
1978-01-28,140,Seawind,"Window Of A Child",,
1978-01-28,141,"KC And The Sunshine Band","Part 3",16,244078.875
1978-01-28,142,Nazareth,"Expect No Mercy",10,212346.3
1978-01-28,143,"Wet Willie",Manorisms,,
1978-01-28,144,Meco,"Star Wars & Other Galactic Funk",4,592023.0
1978-01-28,145,"Various Artists","Disco Boogie",14,207222.0
1978-01-28,146,"Judy Collins","So Early In The Spring - The First 15 Years",,
1978-01-28,147,"Donna Summer","I Remember Yesterday",8,277908.0
1978-01-28,148,"Eddie Money","Eddie Money",10,205046.3
1978-01-28,149,"Elvis Presley","Golden Records Vol. 3",12,147984.083333333
1978-01-28,150,"Donny & Marie Osmond","Winng Combination",,
1978-01-28,151,"Saint Tropez","Je Taime",,
1978-01-28,152,"Levon Helm","Levon Helm & The RCO All-Stars",11,
1978-01-28,153,"Side Effect","Goin' Bananas",,
1978-01-28,154,"Brass Construction","Brass Construction Iii",8,287014.625
1978-01-28,155,Enchantment,"Once Upon A Dream",11,253853.181818182
1978-01-28,156,"Phoebe Snow","Never Letting Go",9,212365.555555556
1978-01-28,157,Styx,Equinox,8,258771.375
1978-01-28,158,Detective,"It Takes One To Know One",9,284387.888888889
1978-01-28,159,Eagles,"Hotel California",9,340131.666666667
1978-01-28,160,"Johnny Rivers","Outside Help",,
1978-01-28,161,"Elvis Presley","Moody Blue",10,184551.7
1978-01-28,162,"Karla Bonoff","Karla Bonoff",10,216730.5
1978-01-28,163,"Blue Oyster Cult",Spectres,10,243823.8
1978-01-28,164,Soundtrack,"The Muppet Show",,
1978-01-28,165,"The Rolling Stones","Love You Live",18,286640.444444444
1978-01-28,166,"Gary Wright","Touch And Gone",9,236558.111111111
1978-01-28,167,"Elvis Presley","Elvis' Golden Records",14,146733.071428571
1978-01-28,168,T-Connection,"On Fire",8,342763.375
1978-01-28,169,"Crosby, Stills & Nash",Csn,14,243770.214285714
1978-01-28,170,10cc,"Live + Let Live",15,357449.733333333
1978-01-28,171,"Glen Campbell","Live At The Royal Festival Hall",21,231692.523809524
1978-01-28,172,Soundtrack,"You Light Up My Life",,
1978-01-28,173,Cerrone,"Cerrone 3 - Supernature",,
1978-01-28,174,"Sammy Hagar","Musical Chairs",10,208002.3
1978-01-28,175,"Paul Davis","Singer Of Songs, Teller Of Tales",10,182175.7
1978-01-28,176,"Jean Michel Jarre",Oxygene,6,363490.833333333
1978-01-28,177,"The Emotions",Rejoice,9,259467.777777778
1978-01-28,178,"Kool & The Gang","The Force",11,259958.454545455
1978-01-28,179,"Billy Paul","Only The Strong Survive",8,278688.0
1978-01-28,180,"Le Pamplemousse","Le Spank",,
1978-01-28,181,"David Bowie",Heroes,10,227982.5
1978-01-28,182,"Anne Haslem","Annie In Wonderland",,
1978-01-28,183,Eagles,"Their Greatest Hits 1971-1975",10,259820.4
1978-01-28,184,Firefall,"Luna Sea",10,242356.375
1978-01-28,185,"The Steve Miller Band","Fly Like An Eagle",2,213553.0
1978-01-28,186,"Lenny Williams","Choosing You",12,285490.75
1978-01-28,187,"McCoy Tyner","Inner Voices",5,481266.4
1978-01-28,188,"Leo Sayer","Thunder In My Heart",7,277803.571428571
1978-01-28,189,"Joe Cocker","Joe Cocker's Greatest Hits",12,249967.583333333
1978-01-28,190,"Bionic Boogie","Bionic Boogie",10,354134.4
1978-01-28,191,"Pink Floyd","The Dark Side Of The Moon",10,257363.2
1978-01-28,192,"The Osmonds","The Osmonds Greatest Hits",12,166749.75
1978-01-28,193,"Peter Frampton","I'm In You",9,271913.555555556
1978-01-28,194,"The Temptations","Hear To Tempt You",9,269759.888888889
1978-01-28,195,"Ted Nugent","Cat Scratch Fever",12,232808.666666667
1978-01-28,196,"Bob Seger","Night Moves",9,263074.444444444
1978-01-28,197,"Paul McCartney And Wings","Wings Over America",,
1978-01-28,198,America,America/Live,6,241066.333333333
1978-01-28,199,"The Doobie Brothers","Livin' On The Fault Line",10,220710.2
1978-01-28,200,"Lynyrd Skynyrd","One More For The Road",,
1978-02-04,1,Soundtrack,"Saturday Night Fever",21,224416.142857143
1978-02-04,2,"Rod Stewart","Foot Loose + Fancy Free",8,334894.75
1978-02-04,3,"Earth, Wind & Fire","All 'n' All",11,212600.818181818
1978-02-04,4,Queen,"News Of The World",16,222138.0
1978-02-04,5,"Electric Light Orchestra","Out Of The Blue",17,250202.705882353
1978-02-04,6,"Fleetwood Mac",Rumours,58,
1978-02-04,7,"Neil Diamond","I'm Glad Your Here With Me Tonight",,
1978-02-04,8,Styx,"The Grand Illusion",8,312237.875
1978-02-04,9,"Billy Joel","The Stranger",21,296449.238095238
1978-02-04,10,"Jackson Browne","Running On Empty",10,260547.7
1978-02-04,11,Aerosmith,"Draw The Line",9,237785.0
1978-02-04,12,"Randy Newman","Little Criminals",12,192984.166666667
1978-02-04,13,"Linda Ronstadt","Simple Dreams",10,198135.6
1978-02-04,14,"Boz Scaggs","Down Two Then Left",10,257314.4
1978-02-04,15,Kansas,"Point Of Know Return",12,252448.583333333
1978-02-04,16,"Shaun Cassidy","Born Late",10,192200.9
1978-02-04,17,"Bob Welch","French Kiss",12,181677.5
1978-02-04,18,"Paul Simon","Greatest Hits, Ect.",11,
1978-02-04,19,War,Galaxy,5,383439.6
1978-02-04,20,"Steely Dan",Aja,7,343028.142857143
1978-02-04,21,"Eric Clapton",Slowhand,27,280855.407407407
1978-02-04,22,Foreigner,Foreigner,12,240737.833333333
1978-02-04,23,KISS,"Alive Ii",20,223676.55
1978-02-04,24,Soundtrack,"Close Encounters Of A Third Kind",,
1978-02-04,25,"Joni Mitchell","Don Juan's Reckless Daughter",10,358365.0
1978-02-04,26,Commodores,"Commodores Live!",12,364219.666666667
1978-02-04,27,"Dolly Parton","Here You Come Again",10,178703.6
1978-02-04,28,Parliament,"Funkentelechy Vs. The Placebo Syndrome",6,443361.666666667
1978-02-04,29,"Donna Summer","Once Upon A Time",16,256053.625
1978-02-04,30,"Grover Washington, Jr.","Live At The Bijou",8,569455.875
1978-02-04,31,"Santa Esmeralda","Don't Let Me Be Misunderstood",7,483053.428571429
1978-02-04,32,"Natalie Cole",Thankful,8,266833.0
1978-02-04,33,"Shaun Cassidy","Shaun Cassidy",10,181727.2
1978-02-04,34,"Olivia Newton-John","Olivia Newton-John's Greatest Hits",,
1978-02-04,35,Player,Player,1,249608.0
1978-02-04,36,"The Steve Miller Band","Book Of Dreams",,
1978-02-04,37,"Stevie Wonder","Looking Back",,
1978-02-04,38,Chic,Chic,40,272391.575
1978-02-04,39,"Leif Garrett","Leif Garrett",12,193593.0
1978-02-04,40,"Bill Withers",Menagerie,9,256205.555555556
1978-02-04,41,"Art Garfunkel",Watermark,12,201676.333333333
1978-02-04,42,"Rita Coolidge",Anytime...anywhere,,
1978-02-04,43,"Lynyrd Skynyrd","Street Survivors",23,260330.043478261
1978-02-04,44,"Lou Rawls","When You Hear Lou, You've Heard It All",10,225796.666666667
1978-02-04,45,Soundtrack,"Star Wars",28,257901.928571429
1978-02-04,46,"Gordon Lightfoot","Endless Wire",10,231317.1
1978-02-04,47,LTD,"Something To Love",9,261106.333333333
1978-02-04,48,"Dan Hill","Longer Fuse",10,239394.8
1978-02-04,49,Soundtrack,"The Story Of Star Wars",,
1978-02-04,50,"Chuck Mangione","Feels So Good",6,394279.5
1978-02-04,51,"Bob James",Heads,24,184667.041666667
1978-02-04,52,"The Ramones","Rocket To Russia",77,
1978-02-04,53,Genesis,"Seconds Out",12,477688.583333333
1978-02-04,54,"The Babys","Broken Heart",10,225057.0
1978-02-04,55,"Captain & Tennille","Captain & Tennille's Greatest Hits",12,210838.5
1978-02-04,56,"Bette Midler","Broken Blossom",11,214648.090909091
1978-02-04,57,"Bee Gees","Here At Last...Bee Gees...Live",18,281001.333333333
1978-02-04,58,"James Taylor",JT,12,189260.75
1978-02-04,59,"John Denver","I Want To Live",11,235995.909090909
1978-02-04,60,"Elvis Costello","My Aim Is True",13,173642.769230769
1978-02-04,61,"The Spinners","Spinners 8",9,267935.888888889
1978-02-04,62,Odyssey,Odyssey,12,258818.0
1978-02-04,63,"Tom Petty And The Heartbreakers","Tom Petty + The Heartbreakers",10,224259.7
1978-02-04,64,"Roberta Flack","Blue Lights In The Basement",10,247782.3
1978-02-04,65,Brick,Brick,34,240830.235294118
1978-02-04,66,"Waylon & Willie","Waylon + Willie",11,220698.181818182
1978-02-04,67,"Gino Vannelli","A Pauper In Paridise",,
1978-02-04,68,"Millie Jackson","Feelin Bitchy",11,287607.0
1978-02-04,69,Meco,"Encounters Of Every Kind",,
1978-02-04,70,"Sea Level","Cats On The Coast",8,282299.75
1978-02-04,71,"Ohio Players","Mr. Mean",7,342384.428571429
1978-02-04,72,"George Duke","Reach For It",11,292194.727272727
1978-02-04,73,"Rose Royce","Rose Royce II/In Full Bloom",,
1978-02-04,74,"Little River Band","Diamantina Cocktail",11,233588.727272727
1978-02-04,75,Slave,"The Hardness Of The World",8,291153.0
1978-02-04,76,ConFunkShun,Secrets,,
1978-02-04,77,"Boz Scaggs","Silk Degrees",13,239546.461538462
1978-02-04,78,Heatwave,"Too Hot To Handle",9,257460.444444444
1978-02-04,79,"High Inergy","Turnin' On",,
1978-02-04,80,Santana,Moonflower,16,294902.1875
1978-02-04,81,"Andy Gibb","Flowing Rivers",10,230314.2
1978-02-04,82,Barkays,"Flying High On Your Love",,
1978-02-04,83,"Steve Martin","Lets Get Small",10,228936.9
1978-02-04,84,Pockets,"Come Go With Us",8,267023.125
1978-02-04,85,"Debby Boone","You Light Up My Life",12,198186.25
1978-02-04,86,"The Beatles","Love Songs",12,222003.583333333
1978-02-04,87,"Emerson, Lake & Palmer","Works Volume II",,
1978-02-04,88,"Barry Manilow","Barry Manilow Live",23,269442.47826087
1978-02-04,89,"Emmylou Harris","Quarter Moon In A Ten Cent Town",12,213896.333333333
1978-02-04,90,"Isaac Hayes","New Horizon",5,596135.6
1978-02-04,91,"Neil Young",Decade,35,266146.423076923
1978-02-04,92,"Stevie Wonder","Songs In The Key Of Life",21,300142.428571429
1978-02-04,93,"The Emotions",Sunshine,14,220868.214285714
1978-02-04,94,"Elton John","Elton John's Greatest Hits, Volume II",17,
1978-02-04,95,"Maze Featuring Frankie Beverly","Golden Time Of Day",7,348787.285714286
1978-02-04,96,Enchantment,"Once Upon A Dream",11,253853.181818182
1978-02-04,97,"The Alan Parsons Project","I Robot",24,251897.375
1978-02-04,98,Commodores,Commodores,9,261407.0
1978-02-04,99,Angel,"White Hot",10,226933.0
1978-02-04,100,"Dan Hill","Hold On",10,204157.2
1978-02-04,101,Heart,"Little Queen",10,234695.7
1978-02-04,102,"El Coco",Cocomotion,,
1978-02-04,103,"Al Green","The Belle Album",8,295279.75
1978-02-04,104,"Deniece Williams",Songbird,,
1978-02-04,105,"Peter Brown","Fantasy Love Affair",8,280169.625
1978-02-04,106,"Joan Armatrading","Show Some Emotion",10,218408.4
1978-02-04,107,"Village People","Village People",6,286110.5
1978-02-04,108,"The Salsoul Orchestra",Cuchi-Cuchi,13,266288.615384615
1978-02-04,109,"The Blackbyrds",Action,7,288761.714285714
1978-02-04,110,Boston,Boston,8,273423.0
1978-02-04,111,"Ramsey Lewis","Tequila Mockingbird",8,300567.875
1978-02-04,112,"Talking Heads","Talking Heads: 77",16,213942.0625
1978-02-04,113,"Linda Ronstadt","Greatest Hits",17,195693.294117647
1978-02-04,114,"Elvis Presley","Elvis In Concert",32,134791.28125
1978-02-04,115,"Sex Pistols","Never Mind The Bollocks Here's The Sex Pistols",12,194667.583333333
1978-02-04,116,"Patti Austin","Havana Candy",8,278647.875
1978-02-04,117,"Ashford & Simpson","Send It",8,272839.5
1978-02-04,118,"Dan Fogelberg","Nether Lands",11,263122.181818182
1978-02-04,119,"Rick Danko","Rick Danko",19,281394.105263158
1978-02-04,120,"Dave Mason","Let It Flow",10,225497.5
1978-02-04,121,"Fleetwood Mac","Fleetwood Mac",11,227002.090909091
1978-02-04,122,"KC And The Sunshine Band","Part 3",16,244078.875
1978-02-04,123,"Neil Diamond","Neil Diamond/His 12 Greatest Hits",,
1978-02-04,124,"Meat Loaf","Bat Out Of Hell",7,408818.857142857
1978-02-04,125,"Crystal Gayle","We Must Believe In Magic",10,179463.7
1978-02-04,126,"Electric Light Orchestra","A New World Record",9,243371.555555556
1978-02-04,127,"James Taylor","Greatest Hits",12,207276.75
1978-02-04,128,"Pat Travers","Putting It Straight",8,277643.0
1978-02-04,129,Seawind,"Window Of A Child",,
1978-02-04,130,"The Trammps","Trammps Iii",8,324613.125
1978-02-04,131,"Wet Willie",Manorisms,,
1978-02-04,132,"The O'Jays","The O'Jays: Collectors' Items",10,
1978-02-04,133,"Various Artists","Disco Boogie",14,207222.0
1978-02-04,134,"The Sylvers","New Horizons",,
1978-02-04,135,Soundtrack,"Pete's Dragon",,
1978-02-04,136,Foghat,"Foghat Live",6,425860.5
1978-02-04,137,"Grace Jones",Portfolio,7,317011.285714286
1978-02-04,138,"Eddie Money","Eddie Money",10,205046.3
1978-02-04,139,"Donny & Marie Osmond","Winng Combination",,
1978-02-04,140,Nazareth,"Expect No Mercy",10,212346.3
1978-02-04,141,Styx,Equinox,8,258771.375
1978-02-04,142,"Diana Ross","Baby It's Me",10,213145.2
1978-02-04,143,"Gato Barbieri","Ruby, Ruby",8,329736.375
1978-02-04,144,Meco,"Star Wars & Other Galactic Funk",4,592023.0
1978-02-04,145,"Kenny Rogers","Ten Years Of Gold",10,207223.6
1978-02-04,146,Detective,"It Takes One To Know One",9,284387.888888889
1978-02-04,147,"Donna Summer","I Remember Yesterday",8,277908.0
1978-02-04,148,"Levon Helm","Levon Helm & The RCO All-Stars",11,
1978-02-04,149,"Elvis Presley","Golden Records Vol. 3",12,147984.083333333
1978-02-04,150,"Johnny Rivers","Outside Help",,
1978-02-04,151,"Side Effect","Goin' Bananas",,
1978-02-04,152,"Bay City Rollers","Greatest Hits",16,194151.1875
1978-02-04,153,Soundtrack,"The Muppet Show",,
1978-02-04,154,"Brass Construction","Brass Construction Iii",8,287014.625
1978-02-04,155,Cerrone,"Cerrone 3 - Supernature",,
1978-02-04,156,T-Connection,"On Fire",8,342763.375
1978-02-04,157,Eagles,"Hotel California",9,340131.666666667
1978-02-04,158,"Billy Paul","Only The Strong Survive",8,278688.0
1978-02-04,159,"ZZ Top","The Best Of ZZ Top",38,245646.3
1978-02-04,160,"Elvis Presley","Moody Blue",10,184551.7
1978-02-04,161,"Karla Bonoff","Karla Bonoff",10,216730.5
1978-02-04,162,"Blue Oyster Cult",Spectres,10,243823.8
1978-02-04,163,"Sammy Hagar","Musical Chairs",10,208002.3
1978-02-04,164,"The Salsoul Orchestra","Christmas Jollies",9,316703.444444444
1978-02-04,165,"Paul Davis","Singer Of Songs, Teller Of Tales",10,182175.7
1978-02-04,166,"Steve Khan",Tightrope,7,319710.285714286
1978-02-04,167,"Eloise Laws",Eloise,10,273153.4
1978-02-04,168,"Kool & The Gang","The Force",11,259958.454545455
1978-02-04,169,"Elvis Presley","Elvis' Golden Records",14,146733.071428571
1978-02-04,170,"Le Pamplemousse","Le Spank",,
1978-02-04,171,"Glen Campbell","Live At The Royal Festival Hall",21,231692.523809524
1978-02-04,172,Soundtrack,"You Light Up My Life",,
1978-02-04,173,"Gary Wright","Touch And Gone",9,236558.111111111
1978-02-04,174,"Jean Michel Jarre",Oxygene,6,363490.833333333
1978-02-04,175,"Judy Collins","So Early In The Spring - The First 15 Years",,
1978-02-04,176,"Lenny Williams","Choosing You",12,285490.75
1978-02-04,177,"McCoy Tyner","Inner Voices",5,481266.4
1978-02-04,178,"David Bowie",Heroes,10,227982.5
1978-02-04,179,Firefall,"Luna Sea",10,242356.375
1978-02-04,180,"Bionic Boogie","Bionic Boogie",10,354134.4
1978-02-04,181,"Anne Haslem","Annie In Wonderland",,
1978-02-04,182,"The Steve Miller Band","Fly Like An Eagle",2,213553.0
1978-02-04,183,Eagles,"Their Greatest Hits 1971-1975",10,259820.4
1978-02-04,184,"Robin Trower","In City Dreams",9,272704.777777778
1978-02-04,185,"Ray Charles","True To Life",,
1978-02-04,186,"Barry White","Barry White Sings For Someone You Love",7,349437.857142857
1978-02-04,187,"Bob Seger","Night Moves",9,263074.444444444
1978-02-04,188,"Bing Crosby","Bing Crosby's Greatest Hits",,
1978-02-04,189,"The Emotions",Rejoice,9,259467.777777778
1978-02-04,190,"T.H.P. Orchestra","Two Hot For Love",,
1978-02-04,191,"Pink Floyd","The Dark Side Of The Moon",10,257363.2
1978-02-04,192,Carpenters,Passage,8,297269.875
1978-02-04,193,"The Temptations","Hear To Tempt You",9,269759.888888889
1978-02-04,194,"Rick Wakeman","Rick Wakeman's Criminal Record",6,394804.0
1978-02-04,195,"Ted Nugent","Cat Scratch Fever",12,232808.666666667
1978-02-04,196,"Paul McCartney And Wings","Wings Over America",,
1978-02-04,197,"Joan Baez","Best Of Joan Baez",9,199973.111111111
1978-02-04,198,Chicago,"Chicago XI",13,240022.230769231
1978-02-04,199,"Johnny Guitar Watson","Funk Beyond The Call Of Duty",,
1978-02-04,200,"Crosby, Stills & Nash",Csn,14,243770.214285714
1978-02-11,1,Soundtrack,"Saturday Night Fever",21,224416.142857143
1978-02-11,2,"Rod Stewart","Foot Loose + Fancy Free",8,334894.75
1978-02-11,3,"Earth, Wind & Fire","All 'n' All",11,212600.818181818
1978-02-11,4,Queen,"News Of The World",16,222138.0
1978-02-11,5,"Billy Joel","The Stranger",21,296449.238095238
1978-02-11,6,"Neil Diamond","I'm Glad Your Here With Me Tonight",,
1978-02-11,7,"Fleetwood Mac",Rumours,58,
1978-02-11,8,Styx,"The Grand Illusion",8,312237.875
1978-02-11,9,"Jackson Browne","Running On Empty",10,260547.7
1978-02-11,10,"Randy Newman","Little Criminals",12,192984.166666667
1978-02-11,11,Aerosmith,"Draw The Line",9,237785.0
1978-02-11,12,"Electric Light Orchestra","Out Of The Blue",17,250202.705882353
1978-02-11,13,"Boz Scaggs","Down Two Then Left",10,257314.4
1978-02-11,14,Kansas,"Point Of Know Return",12,252448.583333333
1978-02-11,15,"Steely Dan",Aja,7,343028.142857143
1978-02-11,16,"Eric Clapton",Slowhand,27,280855.407407407
1978-02-11,17,War,Galaxy,5,383439.6
1978-02-11,18,"Bob Welch","French Kiss",12,181677.5
1978-02-11,19,"Linda Ronstadt","Simple Dreams",10,198135.6
1978-02-11,20,Soundtrack,"Close Encounters Of A Third Kind",,
1978-02-11,21,Foreigner,Foreigner,12,240737.833333333
1978-02-11,22,"Grover Washington, Jr.","Live At The Bijou",8,569455.875
1978-02-11,23,KISS,"Alive Ii",20,223676.55
1978-02-11,24,Commodores,"Commodores Live!",12,364219.666666667
1978-02-11,25,"Paul Simon","Greatest Hits, Ect.",11,
1978-02-11,26,Parliament,"Funkentelechy Vs. The Placebo Syndrome",6,443361.666666667
1978-02-11,27,"Dolly Parton","Here You Come Again",10,178703.6
1978-02-11,28,"Shaun Cassidy","Born Late",10,192200.9
1978-02-11,29,"Santa Esmeralda","Don't Let Me Be Misunderstood",7,483053.428571429
1978-02-11,30,"Natalie Cole",Thankful,8,266833.0
1978-02-11,31,Player,Player,1,249608.0
1978-02-11,32,"Lynyrd Skynyrd","Street Survivors",23,260330.043478261
1978-02-11,33,"Shaun Cassidy","Shaun Cassidy",10,181727.2
1978-02-11,34,Chic,Chic,40,272391.575
1978-02-11,35,"Stevie Wonder","Looking Back",,
1978-02-11,36,"Art Garfunkel",Watermark,12,201676.333333333
1978-02-11,37,"Leif Garrett","Leif Garrett",12,193593.0
1978-02-11,38,"Dan Hill","Longer Fuse",10,239394.8
1978-02-11,39,"Bill Withers",Menagerie,9,256205.555555556
1978-02-11,40,"Gordon Lightfoot","Endless Wire",10,231317.1
1978-02-11,41,"Joni Mitchell","Don Juan's Reckless Daughter",10,358365.0
1978-02-11,42,"The Steve Miller Band","Book Of Dreams",,
1978-02-11,43,"Donna Summer","Once Upon A Time",16,256053.625
1978-02-11,44,"Lou Rawls","When You Hear Lou, You've Heard It All",10,225796.666666667
1978-02-11,45,"Chuck Mangione","Feels So Good",6,394279.5
1978-02-11,46,"Waylon & Willie","Waylon + Willie",11,220698.181818182
1978-02-11,47,LTD,"Something To Love",9,261106.333333333
1978-02-11,48,"Bob James",Heads,24,184667.041666667
1978-02-11,49,"Bee Gees","Here At Last...Bee Gees...Live",18,281001.333333333
1978-02-11,50,"George Benson","Weekend In L.a.",11,451363.727272727
1978-02-11,51,"The Ramones","Rocket To Russia",77,
1978-02-11,52,"The Babys","Broken Heart",10,225057.0
1978-02-11,53,"Emmylou Harris","Quarter Moon In A Ten Cent Town",12,213896.333333333
1978-02-11,54,"Olivia Newton-John","Olivia Newton-John's Greatest Hits",,
1978-02-11,55,"Bette Midler","Broken Blossom",11,214648.090909091
1978-02-11,56,"Elvis Costello","My Aim Is True",13,173642.769230769
1978-02-11,57,Odyssey,Odyssey,12,258818.0
1978-02-11,58,"Roberta Flack","Blue Lights In The Basement",10,247782.3
1978-02-11,59,"The Spinners","Spinners 8",9,267935.888888889
1978-02-11,60,"Tom Petty And The Heartbreakers","Tom Petty + The Heartbreakers",10,224259.7
1978-02-11,61,Brick,Brick,34,240830.235294118
1978-02-11,62,Heatwave,"Too Hot To Handle",9,257460.444444444
1978-02-11,63,"Sea Level","Cats On The Coast",8,282299.75
1978-02-11,64,Meco,"Encounters Of Every Kind",,
1978-02-11,65,Soundtrack,"Star Wars",28,257901.928571429
1978-02-11,66,ConFunkShun,Secrets,,
1978-02-11,67,"James Taylor",JT,12,189260.75
1978-02-11,68,"Ohio Players","Mr. Mean",7,342384.428571429
1978-02-11,69,Enchantment,"Once Upon A Dream",11,253853.181818182
1978-02-11,70,Slave,"The Hardness Of The World",8,291153.0
1978-02-11,71,"Andy Gibb","Flowing Rivers",10,230314.2
1978-02-11,72,"George Duke","Reach For It",11,292194.727272727
1978-02-11,73,"Rose Royce","Rose Royce II/In Full Bloom",,
1978-02-11,74,"Little River Band","Diamantina Cocktail",11,233588.727272727
1978-02-11,75,"Maze Featuring Frankie Beverly","Golden Time Of Day",7,348787.285714286
1978-02-11,76,Pockets,"Come Go With Us",8,267023.125
1978-02-11,77,"Rita Coolidge",Anytime...anywhere,,
1978-02-11,78,"Dr. Buzzard's Original Savannah Band","Dr. Buzzards Original Savannah Band Meets King Pen",,
1978-02-11,79,"Dan Hill","Hold On",10,204157.2
1978-02-11,80,Barkays,"Flying High On Your Love",,
1978-02-11,81,"Isaac Hayes","New Horizon",5,596135.6
1978-02-11,82,"Millie Jackson","Feelin Bitchy",11,287607.0
1978-02-11,83,Soundtrack,"The Story Of Star Wars",,
1978-02-11,84,Genesis,"Seconds Out",12,477688.583333333
1978-02-11,85,"John Denver","I Want To Live",11,235995.909090909
1978-02-11,86,"Barry Manilow","Barry Manilow Live",23,269442.47826087
1978-02-11,87,"Kenny Rogers","Ten Years Of Gold",10,207223.6
1978-02-11,88,Angel,"White Hot",10,226933.0
1978-02-11,89,"Elton John","Elton John's Greatest Hits, Volume II",17,
1978-02-11,90,"The Emotions",Sunshine,14,220868.214285714
1978-02-11,91,"Neil Young",Decade,35,266146.423076923
1978-02-11,92,"Stevie Wonder","Songs In The Key Of Life",21,300142.428571429
1978-02-11,93,Journey,Infinity,10,218869.0
1978-02-11,94,"El Coco",Cocomotion,,
1978-02-11,95,"Peter Brown","Fantasy Love Affair",8,280169.625
1978-02-11,96,"Village People","Village People",6,286110.5
1978-02-11,97,"Gino Vannelli","A Pauper In Paridise",,
1978-02-11,98,"Deniece Williams",Songbird,,
1978-02-11,99,"Ted Nugent","Double Live, Gonzo",11,462268.818181818
1978-02-11,100,"Rufus And Chaka Khan","Street Player",10,243778.4
1978-02-11,101,Heart,"Little Queen",10,234695.7
1978-02-11,102,"Joan Armatrading","Show Some Emotion",10,218408.4
1978-02-11,103,"Al Green","The Belle Album",8,295279.75
1978-02-11,104,"The Salsoul Orchestra",Cuchi-Cuchi,13,266288.615384615
1978-02-11,105,Boston,Boston,8,273423.0
1978-02-11,106,"Captain & Tennille","Captain & Tennille's Greatest Hits",12,210838.5
1978-02-11,107,Santana,Moonflower,16,294902.1875
1978-02-11,108,Raydio,Raydio,8,255396.25
1978-02-11,109,"Linda Ronstadt","Greatest Hits",17,195693.294117647
1978-02-11,110,"Talking Heads","Talking Heads: 77",16,213942.0625
1978-02-11,111,"KC And The Sunshine Band","Part 3",16,244078.875
1978-02-11,112,"Elvis Presley","Elvis In Concert",32,134791.28125
1978-02-11,113,"Fleetwood Mac","Fleetwood Mac",11,227002.090909091
1978-02-11,114,"The Beatles","Love Songs",12,222003.583333333
1978-02-11,115,"Sex Pistols","Never Mind The Bollocks Here's The Sex Pistols",12,194667.583333333
1978-02-11,116,"Patti Austin","Havana Candy",8,278647.875
1978-02-11,117,"Ashford & Simpson","Send It",8,272839.5
1978-02-11,118,"Dan Fogelberg","Nether Lands",11,263122.181818182
1978-02-11,119,"Pat Travers","Putting It Straight",8,277643.0
1978-02-11,120,"Dave Mason","Let It Flow",10,225497.5
1978-02-11,121,"Crystal Gayle","We Must Believe In Magic",10,179463.7
1978-02-11,122,Seawind,"Window Of A Child",,
1978-02-11,123,"Wet Willie",Manorisms,,
1978-02-11,124,"Meat Loaf","Bat Out Of Hell",7,408818.857142857
1978-02-11,125,"Various Artists","Disco Boogie",14,207222.0
1978-02-11,126,"Herb Alpert And Hugh Masekela","Herb Albert + Hugh Masak",,
1978-02-11,127,"Eddie Money","Eddie Money",10,205046.3
1978-02-11,128,"Donny & Marie Osmond","Winng Combination",,
1978-02-11,129,"The Sanford/Townsend Band",Duo-Glide,,
1978-02-11,130,"Bob Weir","Heaven Help The Fool",,
1978-02-11,131,Soundtrack,"Pete's Dragon",,
1978-02-11,132,"Emerson, Lake & Palmer","Works Volume II",,
1978-02-11,133,Detective,"It Takes One To Know One",9,284387.888888889
1978-02-11,134,"The Sylvers","New Horizons",,
1978-02-11,135,"Grace Jones",Portfolio,7,317011.285714286
1978-02-11,136,Styx,Equinox,8,258771.375
1978-02-11,137,"Steve Martin","Lets Get Small",10,228936.9
1978-02-11,138,"Debby Boone","You Light Up My Life",12,198186.25
1978-02-11,139,"Ronnie Montrose","Open Fire",9,237907.777777778
1978-02-11,140,Nazareth,"Expect No Mercy",10,212346.3
1978-02-11,141,"Boz Scaggs","Silk Degrees",13,239546.461538462
1978-02-11,142,"High Inergy","Turnin' On",,
1978-02-11,143,"Gato Barbieri","Ruby, Ruby",8,329736.375
1978-02-11,144,Cerrone,"Cerrone 3 - Supernature",,
1978-02-11,145,"Johnny Rivers","Outside Help",,
1978-02-11,146,"Levon Helm","Levon Helm & The RCO All-Stars",11,
1978-02-11,147,"Donna Summer","I Remember Yesterday",8,277908.0
1978-02-11,148,T-Connection,"On Fire",8,342763.375
1978-02-11,149,"Side Effect","Goin' Bananas",,
1978-02-11,150,"Sammy Hagar","Musical Chairs",10,208002.3
1978-02-11,151,"Karla Bonoff","Karla Bonoff",10,216730.5
1978-02-11,152,"Billy Paul","Only The Strong Survive",8,278688.0
1978-02-11,153,Soundtrack,"The Muppet Show",,
1978-02-11,154,"Brass Construction","Brass Construction Iii",8,287014.625
1978-02-11,155,"Paul Davis","Singer Of Songs, Teller Of Tales",10,182175.7
1978-02-11,156,"Elvis Presley","Moody Blue",10,184551.7
1978-02-11,157,Eagles,"Hotel California",9,340131.666666667
1978-02-11,158,"Kool & The Gang","The Force",11,259958.454545455
1978-02-11,159,"Le Pamplemousse","Le Spank",,
1978-02-11,160,"Steve Khan",Tightrope,7,319710.285714286
1978-02-11,161,"Vicki Sue Robinson","Half And Half",13,342309.461538462
1978-02-11,162,"Eloise Laws",Eloise,10,273153.4
1978-02-11,163,Starz,"Attention Shoppers",,
1978-02-11,164,"Rick Danko","Rick Danko",19,281394.105263158
1978-02-11,165,"Lenny Williams","Choosing You",12,285490.75
1978-02-11,166,"The Alan Parsons Project","I Robot",24,251897.375
1978-02-11,167,Commodores,Commodores,9,261407.0
1978-02-11,168,"The Blackbyrds",Action,7,288761.714285714
1978-02-11,169,"Elvis Presley","Elvis' Golden Records",14,146733.071428571
1978-02-11,170,"Bionic Boogie","Bionic Boogie",10,354134.4
1978-02-11,171,"Electric Light Orchestra","A New World Record",9,243371.555555556
1978-02-11,172,"Jean Michel Jarre",Oxygene,6,363490.833333333
1978-02-11,173,"McCoy Tyner","Inner Voices",5,481266.4
1978-02-11,174,"The O'Jays","The O'Jays: Collectors' Items",10,
1978-02-11,175,Firefall,"Luna Sea",10,242356.375
1978-02-11,176,"Neil Diamond","Neil Diamond/His 12 Greatest Hits",,
1978-02-11,177,"T.H.P. Orchestra","Two Hot For Love",,
1978-02-11,178,"David Bowie",Heroes,10,227982.5
1978-02-11,179,Eagles,"Their Greatest Hits 1971-1975",10,259820.4
1978-02-11,180,"Anne Haslem","Annie In Wonderland",,
1978-02-11,181,"Ray Charles","True To Life",,
1978-02-11,182,"The Steve Miller Band","Fly Like An Eagle",2,213553.0
1978-02-11,183,"Ramsey Lewis","Tequila Mockingbird",8,300567.875
1978-02-11,184,"Pink Floyd","The Dark Side Of The Moon",10,257363.2
1978-02-11,185,"James Taylor","Greatest Hits",12,207276.75
1978-02-11,186,"Barry White","Barry White Sings For Someone You Love",7,349437.857142857
1978-02-11,187,Carpenters,Passage,8,297269.875
1978-02-11,188,"The Trammps","Trammps Iii",8,324613.125
1978-02-11,189,Foghat,"Foghat Live",6,425860.5
1978-02-11,190,"Diana Ross","Baby It's Me",10,213145.2
1978-02-11,191,"The Temptations","Hear To Tempt You",9,269759.888888889
1978-02-11,192,Meco,"Star Wars & Other Galactic Funk",4,592023.0
1978-02-11,193,"Paul McCartney And Wings","Wings Over America",,
1978-02-11,194,"Johnny Guitar Watson","Funk Beyond The Call Of Duty",,
1978-02-11,195,"Ted Nugent","Cat Scratch Fever",12,232808.666666667
1978-02-11,196,"Elvis Presley","Golden Records Vol. 3",12,147984.083333333
1978-02-11,197,"Crosby, Stills & Nash",Csn,14,243770.214285714
1978-02-11,198,Chicago,"Chicago XI",13,240022.230769231
1978-02-11,199,"Blue Oyster Cult",Spectres,10,243823.8
1978-02-11,200,"Bay City Rollers","Greatest Hits",16,194151.1875
1978-02-18,1,Soundtrack,"Saturday Night Fever",21,224416.142857143
1978-02-18,2,"Billy Joel","The Stranger",21,296449.238095238
1978-02-18,3,Queen,"News Of The World",16,222138.0
1978-02-18,4,"Earth, Wind & Fire","All 'n' All",11,212600.818181818
1978-02-18,5,"Rod Stewart","Foot Loose + Fancy Free",8,334894.75
1978-02-18,6,"Neil Diamond","I'm Glad Your Here With Me Tonight",,
1978-02-18,7,Styx,"The Grand Illusion",8,312237.875
1978-02-18,8,"Jackson Browne","Running On Empty",10,260547.7
1978-02-18,9,"Randy Newman","Little Criminals",12,192984.166666667
1978-02-18,10,"Fleetwood Mac",Rumours,58,
1978-02-18,11,"Steely Dan",Aja,7,343028.142857143
1978-02-18,12,"Electric Light Orchestra","Out Of The Blue",17,250202.705882353
1978-02-18,13,"Eric Clapton",Slowhand,27,280855.407407407
1978-02-18,14,"Boz Scaggs","Down Two Then Left",10,257314.4
1978-02-18,15,War,Galaxy,5,383439.6
1978-02-18,16,Kansas,"Point Of Know Return",12,252448.583333333
1978-02-18,17,Soundtrack,"Close Encounters Of A Third Kind",,
1978-02-18,18,Aerosmith,"Draw The Line",9,237785.0
1978-02-18,19,"Grover Washington, Jr.","Live At The Bijou",8,569455.875
1978-02-18,20,Foreigner,Foreigner,12,240737.833333333
1978-02-18,21,Parliament,"Funkentelechy Vs. The Placebo Syndrome",6,443361.666666667
1978-02-18,22,Commodores,"Commodores Live!",12,364219.666666667
1978-02-18,23,"Bob Welch","French Kiss",12,181677.5
1978-02-18,24,"Lynyrd Skynyrd","Street Survivors",23,260330.043478261
1978-02-18,25,"Santa Esmeralda","Don't Let Me Be Misunderstood",7,483053.428571429
1978-02-18,26,"Natalie Cole",Thankful,8,266833.0
1978-02-18,27,Player,Player,1,249608.0
1978-02-18,28,KISS,"Alive Ii",20,223676.55
1978-02-18,29,"George Benson","Weekend In L.a.",11,451363.727272727
1978-02-18,30,Chic,Chic,40,272391.575
1978-02-18,31,"Dan Hill","Longer Fuse",10,239394.8
1978-02-18,32,"Art Garfunkel",Watermark,12,201676.333333333
1978-02-18,33,"Shaun Cassidy","Shaun Cassidy",10,181727.2
1978-02-18,34,"Stevie Wonder","Looking Back",,
1978-02-18,35,"Waylon & Willie","Waylon + Willie",11,220698.181818182
1978-02-18,36,"Gordon Lightfoot","Endless Wire",10,231317.1
1978-02-18,37,"Leif Garrett","Leif Garrett",12,193593.0
1978-02-18,38,"Roberta Flack","Blue Lights In The Basement",10,247782.3
1978-02-18,39,"Linda Ronstadt","Simple Dreams",10,198135.6
1978-02-18,40,"Chuck Mangione","Feels So Good",6,394279.5
1978-02-18,41,"Ted Nugent","Double Live, Gonzo",11,462268.818181818
1978-02-18,42,"The Steve Miller Band","Book Of Dreams",,
1978-02-18,43,"Bee Gees","Here At Last...Bee Gees...Live",18,281001.333333333
1978-02-18,44,"Emmylou Harris","Quarter Moon In A Ten Cent Town",12,213896.333333333
1978-02-18,45,LTD,"Something To Love",9,261106.333333333
1978-02-18,46,"Elvis Costello","My Aim Is True",13,173642.769230769
1978-02-18,47,Odyssey,Odyssey,12,258818.0
1978-02-18,48,"Bob James",Heads,24,184667.041666667
1978-02-18,49,"The Ramones","Rocket To Russia",77,
1978-02-18,50,"The Babys","Broken Heart",10,225057.0
1978-02-18,51,"Bette Midler","Broken Blossom",11,214648.090909091
1978-02-18,52,"Rufus And Chaka Khan","Street Player",10,243778.4
1978-02-18,53,"Sea Level","Cats On The Coast",8,282299.75
1978-02-18,54,Brick,Brick,34,240830.235294118
1978-02-18,55,Heatwave,"Too Hot To Handle",9,257460.444444444
1978-02-18,56,"Andy Gibb","Flowing Rivers",10,230314.2
1978-02-18,57,ConFunkShun,Secrets,,
1978-02-18,58,"The Spinners","Spinners 8",9,267935.888888889
1978-02-18,59,Enchantment,"Once Upon A Dream",11,253853.181818182
1978-02-18,60,"Tom Petty And The Heartbreakers","Tom Petty + The Heartbreakers",10,224259.7
1978-02-18,61,"Maze Featuring Frankie Beverly","Golden Time Of Day",7,348787.285714286
1978-02-18,62,Meco,"Encounters Of Every Kind",,
1978-02-18,63,"Dr. Buzzard's Original Savannah Band","Dr. Buzzards Original Savannah Band Meets King Pen",,
1978-02-18,64,"Shaun Cassidy","Born Late",10,192200.9
1978-02-18,65,Soundtrack,"Star Wars",28,257901.928571429
1978-02-18,66,Pockets,"Come Go With Us",8,267023.125
1978-02-18,67,"Kenny Rogers","Ten Years Of Gold",10,207223.6
1978-02-18,68,Slave,"The Hardness Of The World",8,291153.0
1978-02-18,69,"Paul Simon","Greatest Hits, Ect.",11,
1978-02-18,70,"Little River Band","Diamantina Cocktail",11,233588.727272727
1978-02-18,71,"Dolly Parton","Here You Come Again",10,178703.6
1978-02-18,72,Journey,Infinity,10,218869.0
1978-02-18,73,"Rita Coolidge",Anytime...anywhere,,
1978-02-18,74,"Bill Withers",Menagerie,9,256205.555555556
1978-02-18,75,"Barry Manilow","Barry Manilow Live",23,269442.47826087
1978-02-18,76,Barkays,"Flying High On Your Love",,
1978-02-18,77,Angel,"White Hot",10,226933.0
1978-02-18,78,"Isaac Hayes","New Horizon",5,596135.6
1978-02-18,79,"Dan Hill","Hold On",10,204157.2
1978-02-18,80,ABBA,"The Album",10,267333.1
1978-02-18,81,"Joni Mitchell","Don Juan's Reckless Daughter",10,358365.0
1978-02-18,82,"Millie Jackson","Feelin Bitchy",11,287607.0
1978-02-18,83,"Peter Brown","Fantasy Love Affair",8,280169.625
1978-02-18,84,"El Coco",Cocomotion,,
1978-02-18,85,"John Denver","I Want To Live",11,235995.909090909
1978-02-18,86,"Village People","Village People",6,286110.5
1978-02-18,87,Raydio,Raydio,8,255396.25
1978-02-18,88,"Deniece Williams",Songbird,,
1978-02-18,89,"Donna Summer","Once Upon A Time",16,256053.625
1978-02-18,90,"Neil Young",Decade,35,266146.423076923
1978-02-18,91,"Lou Rawls","When You Hear Lou, You've Heard It All",10,225796.666666667
1978-02-18,92,"James Taylor",JT,12,189260.75
1978-02-18,93,"Olivia Newton-John","Olivia Newton-John's Greatest Hits",,
1978-02-18,94,"Ohio Players","Mr. Mean",7,342384.428571429
1978-02-18,95,"George Duke","Reach For It",11,292194.727272727
1978-02-18,96,"Rose Royce","Rose Royce II/In Full Bloom",,
1978-02-18,97,"Elton John","Elton John's Greatest Hits, Volume II",17,
1978-02-18,98,"The Emotions",Sunshine,14,220868.214285714
1978-02-18,99,Boston,Boston,8,273423.0
1978-02-18,100,"The Salsoul Orchestra",Cuchi-Cuchi,13,266288.615384615
1978-02-18,101,"KC And The Sunshine Band","Part 3",16,244078.875
1978-02-18,102,"Stevie Wonder","Songs In The Key Of Life",21,300142.428571429
1978-02-18,103,"Talking Heads","Talking Heads: 77",16,213942.0625
1978-02-18,104,Genesis,"Seconds Out",12,477688.583333333
1978-02-18,105,"Linda Ronstadt","Greatest Hits",17,195693.294117647
1978-02-18,106,"Bob Weir","Heaven Help The Fool",,
1978-02-18,107,"Dave Mason","Let It Flow",10,225497.5
1978-02-18,108,"Pat Travers","Putting It Straight",8,277643.0
1978-02-18,109,"Joan Armatrading","Show Some Emotion",10,218408.4
1978-02-18,110,"Herb Alpert And Hugh Masekela","Herb Albert + Hugh Masak",,
1978-02-18,111,"Al Green","The Belle Album",8,295279.75
1978-02-18,112,"Elvis Presley","Elvis In Concert",32,134791.28125
1978-02-18,113,"Meat Loaf","Bat Out Of Hell",7,408818.857142857
1978-02-18,114,"Crystal Gayle","We Must Believe In Magic",10,179463.7
1978-02-18,115,"Various Artists","Disco Boogie",14,207222.0
1978-02-18,116,"Patti Austin","Havana Candy",8,278647.875
1978-02-18,117,"Ashford & Simpson","Send It",8,272839.5
1978-02-18,118,"Donny & Marie Osmond","Winng Combination",,
1978-02-18,119,"The Sanford/Townsend Band",Duo-Glide,,
1978-02-18,120,"Dan Fogelberg","Nether Lands",11,263122.181818182
1978-02-18,121,"Eddie Money","Eddie Money",10,205046.3
1978-02-18,122,Seawind,"Window Of A Child",,
1978-02-18,123,"Wet Willie",Manorisms,,
1978-02-18,124,Detective,"It Takes One To Know One",9,284387.888888889
1978-02-18,125,Santana,Moonflower,16,294902.1875
1978-02-18,126,Soundtrack,"The Story Of Star Wars",,
1978-02-18,127,"Ronnie Montrose","Open Fire",9,237907.777777778
1978-02-18,128,"The Beatles","Love Songs",12,222003.583333333
1978-02-18,129,Cerrone,"Cerrone 3 - Supernature",,
1978-02-18,130,Styx,Equinox,8,258771.375
1978-02-18,131,Soundtrack,"Pete's Dragon",,
1978-02-18,132,"Emerson, Lake & Palmer","Works Volume II",,
1978-02-18,133,"Grace Jones",Portfolio,7,317011.285714286
1978-02-18,134,"Boz Scaggs","Silk Degrees",13,239546.461538462
1978-02-18,135,"High Inergy","Turnin' On",,
1978-02-18,136,"Karla Bonoff","Karla Bonoff",10,216730.5
1978-02-18,137,"Steve Martin","Lets Get Small",10,228936.9
1978-02-18,138,"Debby Boone","You Light Up My Life",12,198186.25
1978-02-18,139,"Sammy Hagar","Musical Chairs",10,208002.3
1978-02-18,140,Nazareth,"Expect No Mercy",10,212346.3
1978-02-18,141,"Gato Barbieri","Ruby, Ruby",8,329736.375
1978-02-18,142,"Johnny Rivers","Outside Help",,
1978-02-18,143,T-Connection,"On Fire",8,342763.375
1978-02-18,144,"Levon Helm","Levon Helm & The RCO All-Stars",11,
1978-02-18,145,"Paul Davis","Singer Of Songs, Teller Of Tales",10,182175.7
1978-02-18,146,"Vicki Sue Robinson","Half And Half",13,342309.461538462
1978-02-18,147,"Side Effect","Goin' Bananas",,
1978-02-18,148,"Kool & The Gang","The Force",11,259958.454545455
1978-02-18,149,"Le Pamplemousse","Le Spank",,
1978-02-18,150,"Donna Summer","I Remember Yesterday",8,277908.0
1978-02-18,151,"Fleetwood Mac","Fleetwood Mac",11,227002.090909091
1978-02-18,152,"Captain & Tennille","Captain & Tennille's Greatest Hits",12,210838.5
1978-02-18,153,Starz,"Attention Shoppers",,
1978-02-18,154,"T.H.P. Orchestra","Two Hot For Love",,
1978-02-18,155,"The Alan Parsons Project","I Robot",24,251897.375
1978-02-18,156,"Eloise Laws",Eloise,10,273153.4
1978-02-18,157,"Bionic Boogie","Bionic Boogie",10,354134.4
1978-02-18,158,"Steve Khan",Tightrope,7,319710.285714286
1978-02-18,159,Commodores,Commodores,9,261407.0
1978-02-18,160,"Gino Vannelli","A Pauper In Paridise",,
1978-02-18,161,"Johnny Paycheck","Take This Job And Shove It",10,171726.9
1978-02-18,162,Sweet,"Level Headed",16,249570.0
1978-02-18,163,Tomita,Kosmos,8,396576.375
1978-02-18,164,"The Sylvers","New Horizons",,
1978-02-18,165,"Lenny Williams","Choosing You",12,285490.75
1978-02-18,166,Heart,"Little Queen",10,234695.7
1978-02-18,167,"The Manhattan Transfer",Pastiche,,
1978-02-18,168,"The Blackbyrds",Action,7,288761.714285714
1978-02-18,169,"Sex Pistols","Never Mind The Bollocks Here's The Sex Pistols",12,194667.583333333
1978-02-18,170,Cameo,"We All Know Who We Are",7,318527.285714286
1978-02-18,171,"Elvis Presley","Elvis' Golden Records",14,146733.071428571
1978-02-18,172,"Jean Michel Jarre",Oxygene,6,363490.833333333
1978-02-18,173,"McCoy Tyner","Inner Voices",5,481266.4
1978-02-18,174,"The Oak Ridge Boys","Y'all Come Back Saloon",10,185538.4
1978-02-18,175,Firefall,"Luna Sea",10,242356.375
1978-02-18,176,"Anne Haslem","Annie In Wonderland",,
1978-02-18,177,Eagles,"Their Greatest Hits 1971-1975",10,259820.4
1978-02-18,178,"David Bowie",Heroes,10,227982.5
1978-02-18,179,"Ray Charles","True To Life",,
1978-02-18,180,"The Steve Miller Band","Fly Like An Eagle",2,213553.0
1978-02-18,181,"Pink Floyd","The Dark Side Of The Moon",10,257363.2
1978-02-18,182,"The Trammps","Trammps Iii",8,324613.125
1978-02-18,183,"Ramsey Lewis","Tequila Mockingbird",8,300567.875
1978-02-18,184,Carpenters,Passage,8,297269.875
1978-02-18,185,"James Taylor","Greatest Hits",12,207276.75
1978-02-18,186,"Johnny Guitar Watson","Funk Beyond The Call Of Duty",,
1978-02-18,187,Foghat,"Foghat Live",6,425860.5
1978-02-18,188,"Wild Cherry","I Love My Music",,
1978-02-18,189,"The Temptations","Hear To Tempt You",9,269759.888888889
1978-02-18,190,"Tuxedo Junction","Tuxedo Junction",11,208694.272727273
1978-02-18,191,"Ted Nugent","Cat Scratch Fever",12,232808.666666667
1978-02-18,192,"Electric Light Orchestra","A New World Record",9,243371.555555556
1978-02-18,193,"Paul McCartney And Wings","Wings Over America",,
1978-02-18,194,"Barry White","Barry White Sings For Someone You Love",7,349437.857142857
1978-02-18,195,"Brass Construction","Brass Construction Iii",8,287014.625
1978-02-18,196,"Billy Paul","Only The Strong Survive",8,278688.0
1978-02-18,197,"Crosby, Stills & Nash",Csn,14,243770.214285714
1978-02-18,198,Eagles,"Hotel California",9,340131.666666667
1978-02-18,199,"Elvis Presley","Moody Blue",10,184551.7
1978-02-18,200,Soundtrack,"The Muppet Show",,
1978-02-25,1,Soundtrack,"Saturday Night Fever",21,224416.142857143
1978-02-25,2,"Billy Joel","The Stranger",21,296449.238095238
1978-02-25,3,Queen,"News Of The World",16,222138.0
1978-02-25,4,"Earth, Wind & Fire","All 'n' All",11,212600.818181818
1978-02-25,5,"Rod Stewart","Foot Loose + Fancy Free",8,334894.75
1978-02-25,6,Styx,"The Grand Illusion",8,312237.875
1978-02-25,7,"Jackson Browne","Running On Empty",10,260547.7
1978-02-25,8,"Eric Clapton",Slowhand,27,280855.407407407
1978-02-25,9,"Randy Newman","Little Criminals",12,192984.166666667
1978-02-25,10,"Steely Dan",Aja,7,343028.142857143
1978-02-25,11,"Neil Diamond","I'm Glad Your Here With Me Tonight",,
1978-02-25,12,"Fleetwood Mac",Rumours,58,
1978-02-25,13,"Electric Light Orchestra","Out Of The Blue",17,250202.705882353
1978-02-25,14,"George Benson","Weekend In L.a.",11,451363.727272727
1978-02-25,15,War,Galaxy,5,383439.6
1978-02-25,16,Kansas,"Point Of Know Return",12,252448.583333333
1978-02-25,17,Soundtrack,"Close Encounters Of A Third Kind",,
1978-02-25,18,"Grover Washington, Jr.","Live At The Bijou",8,569455.875
1978-02-25,19,Parliament,"Funkentelechy Vs. The Placebo Syndrome",6,443361.666666667
1978-02-25,20,Foreigner,Foreigner,12,240737.833333333
1978-02-25,21,"Lynyrd Skynyrd","Street Survivors",23,260330.043478261
1978-02-25,22,Commodores,"Commodores Live!",12,364219.666666667
1978-02-25,23,"Boz Scaggs","Down Two Then Left",10,257314.4
1978-02-25,24,"Natalie Cole",Thankful,8,266833.0
1978-02-25,25,"Santa Esmeralda","Don't Let Me Be Misunderstood",7,483053.428571429
1978-02-25,26,Player,Player,1,249608.0
1978-02-25,27,"Art Garfunkel",Watermark,12,201676.333333333
1978-02-25,28,Chic,Chic,40,272391.575
1978-02-25,29,"Dan Hill","Longer Fuse",10,239394.8
1978-02-25,30,"Waylon & Willie","Waylon + Willie",11,220698.181818182
1978-02-25,31,"Ted Nugent","Double Live, Gonzo",11,462268.818181818
1978-02-25,32,"Gordon Lightfoot","Endless Wire",10,231317.1
1978-02-25,33,"Bob Welch","French Kiss",12,181677.5
1978-02-25,34,"Roberta Flack","Blue Lights In The Basement",10,247782.3
1978-02-25,35,"Bee Gees","Here At Last...Bee Gees...Live",18,281001.333333333
1978-02-25,36,"Chuck Mangione","Feels So Good",6,394279.5
1978-02-25,37,Aerosmith,"Draw The Line",9,237785.0
1978-02-25,38,KISS,"Alive Ii",20,223676.55
1978-02-25,39,"Emmylou Harris","Quarter Moon In A Ten Cent Town",12,213896.333333333
1978-02-25,40,"Rufus And Chaka Khan","Street Player",10,243778.4
1978-02-25,41,"Sea Level","Cats On The Coast",8,282299.75
1978-02-25,42,"Elvis Costello","My Aim Is True",13,173642.769230769
1978-02-25,43,"Maze Featuring Frankie Beverly","Golden Time Of Day",7,348787.285714286
1978-02-25,44,Heatwave,"Too Hot To Handle",9,257460.444444444
1978-02-25,45,Odyssey,Odyssey,12,258818.0
1978-02-25,46,"Andy Gibb","Flowing Rivers",10,230314.2
1978-02-25,47,"Bob James",Heads,24,184667.041666667
1978-02-25,48,"The Babys","Broken Heart",10,225057.0
1978-02-25,49,"The Ramones","Rocket To Russia",77,
1978-02-25,50,Brick,Brick,34,240830.235294118
1978-02-25,51,"Bette Midler","Broken Blossom",11,214648.090909091
1978-02-25,52,Enchantment,"Once Upon A Dream",11,253853.181818182
1978-02-25,53,"Dr. Buzzard's Original Savannah Band","Dr. Buzzards Original Savannah Band Meets King Pen",,
1978-02-25,54,"Shaun Cassidy","Shaun Cassidy",10,181727.2
1978-02-25,55,"Stevie Wonder","Looking Back",,
1978-02-25,56,ConFunkShun,Secrets,,
1978-02-25,57,"The Spinners","Spinners 8",9,267935.888888889
1978-02-25,58,"Kenny Rogers","Ten Years Of Gold",10,207223.6
1978-02-25,59,"Barry Manilow","Even Now",14,220591.428571429
1978-02-25,60,"Tom Petty And The Heartbreakers","Tom Petty + The Heartbreakers",10,224259.7
1978-02-25,61,Journey,Infinity,10,218869.0
1978-02-25,62,Meco,"Encounters Of Every Kind",,
1978-02-25,63,"Linda Ronstadt","Simple Dreams",10,198135.6
1978-02-25,64,ABBA,"The Album",10,267333.1
1978-02-25,65,"Barry Manilow","Barry Manilow Live",23,269442.47826087
1978-02-25,66,Pockets,"Come Go With Us",8,267023.125
1978-02-25,67,Slave,"The Hardness Of The World",8,291153.0
1978-02-25,68,Angel,"White Hot",10,226933.0
1978-02-25,69,"Paul Simon","Greatest Hits, Ect.",11,
1978-02-25,70,"Little River Band","Diamantina Cocktail",11,233588.727272727
1978-02-25,71,"Dolly Parton","Here You Come Again",10,178703.6
1978-02-25,72,"Rita Coolidge",Anytime...anywhere,,
1978-02-25,73,"Bill Withers",Menagerie,9,256205.555555556
1978-02-25,74,Barkays,"Flying High On Your Love",,
1978-02-25,75,"Peter Brown","Fantasy Love Affair",8,280169.625
1978-02-25,76,Raydio,Raydio,8,255396.25
1978-02-25,77,"Leif Garrett","Leif Garrett",12,193593.0
1978-02-25,78,"Deniece Williams",Songbird,,
1978-02-25,79,"Dan Hill","Hold On",10,204157.2
1978-02-25,80,"Santa Esmeralda","The House Of The Rising Sun",6,488090.833333333
1978-02-25,81,"Joni Mitchell","Don Juan's Reckless Daughter",10,358365.0
1978-02-25,82,"El Coco",Cocomotion,,
1978-02-25,83,"The Steve Miller Band","Book Of Dreams",,
1978-02-25,84,LTD,"Something To Love",9,261106.333333333
1978-02-25,85,"Shaun Cassidy","Born Late",10,192200.9
1978-02-25,86,"Village People","Village People",6,286110.5
1978-02-25,87,"Lou Rawls","When You Hear Lou, You've Heard It All",10,225796.666666667
1978-02-25,88,"The Emotions",Sunshine,14,220868.214285714
1978-02-25,89,"Warren Zevon","Excitable Boy",13,192266.384615385
1978-02-25,90,"Neil Young",Decade,35,266146.423076923
1978-02-25,91,"KC And The Sunshine Band","Part 3",16,244078.875
1978-02-25,92,"James Taylor",JT,12,189260.75
1978-02-25,93,"Karla Bonoff","Karla Bonoff",10,216730.5
1978-02-25,94,"Herb Alpert And Hugh Masekela","Herb Albert + Hugh Masak",,
1978-02-25,95,Boston,Boston,8,273423.0
1978-02-25,96,"Bob Weir","Heaven Help The Fool",,
1978-02-25,97,"Dave Mason","Let It Flow",10,225497.5
1978-02-25,98,"Pat Travers","Putting It Straight",8,277643.0
1978-02-25,99,"Talking Heads","Talking Heads: 77",16,213942.0625
1978-02-25,100,"The Salsoul Orchestra",Cuchi-Cuchi,13,266288.615384615
1978-02-25,101,"Linda Ronstadt","Greatest Hits",17,195693.294117647
1978-02-25,102,"Bootsy's Rubber Band","Bootsy? Player Of The Year",,
1978-02-25,103,"Meat Loaf","Bat Out Of Hell",7,408818.857142857
1978-02-25,104,Genesis,"Seconds Out",12,477688.583333333
1978-02-25,105,Soundtrack,"Star Wars",28,257901.928571429
1978-02-25,106,"Eddie Money","Eddie Money",10,205046.3
1978-02-25,107,"Donny & Marie Osmond","Winng Combination",,
1978-02-25,108,"The Sanford/Townsend Band",Duo-Glide,,
1978-02-25,109,"Joan Armatrading","Show Some Emotion",10,218408.4
1978-02-25,110,"Olivia Newton-John","Olivia Newton-John's Greatest Hits",,
1978-02-25,111,"Crystal Gayle","We Must Believe In Magic",10,179463.7
1978-02-25,112,"Ashford & Simpson","Send It",8,272839.5
1978-02-25,113,Detective,"It Takes One To Know One",9,284387.888888889
1978-02-25,114,"Isaac Hayes","New Horizon",5,596135.6
1978-02-25,115,"Various Artists","Disco Boogie",14,207222.0
1978-02-25,116,"Al Green","The Belle Album",8,295279.75
1978-02-25,117,"Ronnie Montrose","Open Fire",9,237907.777777778
1978-02-25,118,"Andrew Gold","All This And Heaven Too",15,240712.666666667
1978-02-25,119,"B.T. Express",Shout!,9,281184.777777778
1978-02-25,120,"Rose Royce","Rose Royce II/In Full Bloom",,
1978-02-25,121,"Wet Willie",Manorisms,,
1978-02-25,122,"George Duke","Reach For It",11,292194.727272727
1978-02-25,123,"The Manhattan Transfer",Pastiche,,
1978-02-25,124,"Sammy Hagar","Musical Chairs",10,208002.3
1978-02-25,125,Santana,Moonflower,16,294902.1875
1978-02-25,126,"High Inergy","Turnin' On",,
1978-02-25,127,Styx,Equinox,8,258771.375
1978-02-25,128,"The Beatles","Love Songs",12,222003.583333333
1978-02-25,129,Cerrone,"Cerrone 3 - Supernature",,
1978-02-25,130,"Donna Summer","Once Upon A Time",16,256053.625
1978-02-25,131,"Grace Jones",Portfolio,7,317011.285714286
1978-02-25,132,"Emerson, Lake & Palmer","Works Volume II",,
1978-02-25,133,"Side Effect","Goin' Bananas",,
1978-02-25,134,"Paul Davis","Singer Of Songs, Teller Of Tales",10,182175.7
1978-02-25,135,"Vicki Sue Robinson","Half And Half",13,342309.461538462
1978-02-25,136,"Stevie Wonder","Songs In The Key Of Life",21,300142.428571429
1978-02-25,137,"Le Pamplemousse","Le Spank",,
1978-02-25,138,"Debby Boone","You Light Up My Life",12,198186.25
1978-02-25,139,T-Connection,"On Fire",8,342763.375
1978-02-25,140,Starz,"Attention Shoppers",,
1978-02-25,141,"Gato Barbieri","Ruby, Ruby",8,329736.375
1978-02-25,142,"Johnny Rivers","Outside Help",,
1978-02-25,143,"Johnny Paycheck","Take This Job And Shove It",10,171726.9
1978-02-25,144,"T.H.P. Orchestra","Two Hot For Love",,
1978-02-25,145,"The Alan Parsons Project","I Robot",24,251897.375
1978-02-25,146,"Kool & The Gang","The Force",11,259958.454545455
1978-02-25,147,"Bionic Boogie","Bionic Boogie",10,354134.4
1978-02-25,148,"Steve Martin","Lets Get Small",10,228936.9
1978-02-25,149,Sweet,"Level Headed",16,249570.0
1978-02-25,150,"Millie Jackson","Feelin Bitchy",11,287607.0
1978-02-25,151,"Donna Summer","I Remember Yesterday",8,277908.0
1978-02-25,152,"Fleetwood Mac","Fleetwood Mac",11,227002.090909091
1978-02-25,153,Tomita,Kosmos,8,396576.375
1978-02-25,154,Commodores,Commodores,9,261407.0
1978-02-25,155,"The Blackbyrds",Action,7,288761.714285714
1978-02-25,156,Cameo,"We All Know Who We Are",7,318527.285714286
1978-02-25,157,"Steve Khan",Tightrope,7,319710.285714286
1978-02-25,158,"Wild Cherry","I Love My Music",,
1978-02-25,159,Heart,"Little Queen",10,234695.7
1978-02-25,160,"Gino Vannelli","A Pauper In Paridise",,
1978-02-25,161,"John Denver","I Want To Live",11,235995.909090909
1978-02-25,162,Horslips,Aliens,14,213504.428571429
1978-02-25,163,"The Oak Ridge Boys","Y'all Come Back Saloon",10,185538.4
1978-02-25,164,"Joe Sample","Rainbow Seeker",8,316418.0
1978-02-25,165,"Bunny Sigler","Let Me Party With You",7,513683.285714286
1978-02-25,166,"Boz Scaggs","Silk Degrees",13,239546.461538462
1978-02-25,167,"Tuxedo Junction","Tuxedo Junction",11,208694.272727273
1978-02-25,168,Eagles,"Their Greatest Hits 1971-1975",10,259820.4
1978-02-25,169,"Patti Austin","Havana Candy",8,278647.875
1978-02-25,170,"Ray Charles","True To Life",,
1978-02-25,171,"McCoy Tyner","Inner Voices",5,481266.4
1978-02-25,172,"Anne Haslem","Annie In Wonderland",,
1978-02-25,173,"Sex Pistols","Never Mind The Bollocks Here's The Sex Pistols",12,194667.583333333
1978-02-25,174,"David Bowie",Heroes,10,227982.5
1978-02-25,175,"Elton John","Elton John's Greatest Hits, Volume II",17,
1978-02-25,176,"The Steve Miller Band","Fly Like An Eagle",2,213553.0
1978-02-25,177,"Pink Floyd","The Dark Side Of The Moon",10,257363.2
1978-02-25,178,Blondie,"Plastic Letters",17,169032.588235294
1978-02-25,179,"James Taylor","Greatest Hits",12,207276.75
1978-02-25,180,"Johnny Guitar Watson","Funk Beyond The Call Of Duty",,
1978-02-25,181,"Captain & Tennille","Captain & Tennille's Greatest Hits",12,210838.5
1978-02-25,182,"The Trammps","Trammps Iii",8,324613.125
1978-02-25,183,"Muddy Waters","I'm Ready",12,201601.833333333
1978-02-25,184,"The Trammps","Disco Inferno",6,427010.833333333
1978-02-25,185,Foghat,"Foghat Live",6,425860.5
1978-02-25,186,"Barry White","Barry White Sings For Someone You Love",7,349437.857142857
1978-02-25,187,"The Temptations","Hear To Tempt You",9,269759.888888889
1978-02-25,188,"Ted Nugent","Cat Scratch Fever",12,232808.666666667
1978-02-25,189,"Lonnie Jordan","Different Moods Of Me",,
1978-02-25,190,"Claudja Barry",Cladja,,
1978-02-25,191,"Elvis Presley","Elvis In Concert",32,134791.28125
1978-02-25,192,Seawind,"Window Of A Child",,
1978-02-25,193,"Paul McCartney And Wings","Wings Over America",,
1978-02-25,194,Eagles,"Hotel California",9,340131.666666667
1978-02-25,195,Nazareth,"Expect No Mercy",10,212346.3
1978-02-25,196,"Ohio Players","Mr. Mean",7,342384.428571429
1978-02-25,197,Firefall,"Luna Sea",10,242356.375
1978-02-25,198,"Eloise Laws",Eloise,10,273153.4
1978-02-25,199,Soundtrack,"Pete's Dragon",,
1978-02-25,200,"Dan Fogelberg","Nether Lands",11,263122.181818182
1978-03-04,1,Soundtrack,"Saturday Night Fever",21,224416.142857143
1978-03-04,2,"Billy Joel","The Stranger",21,296449.238095238
1978-03-04,3,"Jackson Browne","Running On Empty",10,260547.7
1978-03-04,4,Queen,"News Of The World",16,222138.0
1978-03-04,5,"Eric Clapton",Slowhand,27,280855.407407407
1978-03-04,6,Styx,"The Grand Illusion",8,312237.875
1978-03-04,7,"Earth, Wind & Fire","All 'n' All",11,212600.818181818
1978-03-04,8,"Steely Dan",Aja,7,343028.142857143
1978-03-04,9,"Rod Stewart","Foot Loose + Fancy Free",8,334894.75
1978-03-04,10,"George Benson","Weekend In L.a.",11,451363.727272727
1978-03-04,11,"Randy Newman","Little Criminals",12,192984.166666667
1978-03-04,12,"Fleetwood Mac",Rumours,58,
1978-03-04,13,"Electric Light Orchestra","Out Of The Blue",17,250202.705882353
1978-03-04,14,"Grover Washington, Jr.","Live At The Bijou",8,569455.875
1978-03-04,15,Parliament,"Funkentelechy Vs. The Placebo Syndrome",6,443361.666666667
1978-03-04,16,"Lynyrd Skynyrd","Street Survivors",23,260330.043478261
1978-03-04,17,Kansas,"Point Of Know Return",12,252448.583333333
1978-03-04,18,"Neil Diamond","I'm Glad Your Here With Me Tonight",,
1978-03-04,19,Soundtrack,"Close Encounters Of A Third Kind",,
1978-03-04,20,War,Galaxy,5,383439.6
1978-03-04,21,"Natalie Cole",Thankful,8,266833.0
1978-03-04,22,"Barry Manilow","Even Now",14,220591.428571429
1978-03-04,23,"Art Garfunkel",Watermark,12,201676.333333333
1978-03-04,24,"Dan Hill","Longer Fuse",10,239394.8
1978-03-04,25,"Waylon & Willie","Waylon + Willie",11,220698.181818182
1978-03-04,26,Player,Player,1,249608.0
1978-03-04,27,Chic,Chic,40,272391.575
1978-03-04,28,"Ted Nugent","Double Live, Gonzo",11,462268.818181818
1978-03-04,29,"Gordon Lightfoot","Endless Wire",10,231317.1
1978-03-04,30,"Roberta Flack","Blue Lights In The Basement",10,247782.3
1978-03-04,31,"Bee Gees","Here At Last...Bee Gees...Live",18,281001.333333333
1978-03-04,32,"Boz Scaggs","Down Two Then Left",10,257314.4
1978-03-04,33,"Chuck Mangione","Feels So Good",6,394279.5
1978-03-04,34,"Rufus And Chaka Khan","Street Player",10,243778.4
1978-03-04,35,"Emmylou Harris","Quarter Moon In A Ten Cent Town",12,213896.333333333
1978-03-04,36,"Bob Welch","French Kiss",12,181677.5
1978-03-04,37,"Sea Level","Cats On The Coast",8,282299.75
1978-03-04,38,"Elvis Costello","My Aim Is True",13,173642.769230769
1978-03-04,39,"Maze Featuring Frankie Beverly","Golden Time Of Day",7,348787.285714286
1978-03-04,40,"Santa Esmeralda","Don't Let Me Be Misunderstood",7,483053.428571429
1978-03-04,41,Commodores,"Commodores Live!",12,364219.666666667
1978-03-04,42,"Andy Gibb","Flowing Rivers",10,230314.2
1978-03-04,43,Heatwave,"Too Hot To Handle",9,257460.444444444
1978-03-04,44,Foreigner,Foreigner,12,240737.833333333
1978-03-04,45,KISS,"Alive Ii",20,223676.55
1978-03-04,46,Enchantment,"Once Upon A Dream",11,253853.181818182
1978-03-04,47,"Dr. Buzzard's Original Savannah Band","Dr. Buzzards Original Savannah Band Meets King Pen",,
1978-03-04,48,"The Babys","Broken Heart",10,225057.0
1978-03-04,49,"The Ramones","Rocket To Russia",77,
1978-03-04,50,"Bootsy's Rubber Band","Bootsy? Player Of The Year",,
1978-03-04,51,Aerosmith,"Draw The Line",9,237785.0
1978-03-04,52,"Kenny Rogers","Ten Years Of Gold",10,207223.6
1978-03-04,53,Raydio,Raydio,8,255396.25
1978-03-04,54,Journey,Infinity,10,218869.0
1978-03-04,55,"Tom Petty And The Heartbreakers","Tom Petty + The Heartbreakers",10,224259.7
1978-03-04,56,ABBA,"The Album",10,267333.1
1978-03-04,57,"Bob James",Heads,24,184667.041666667
1978-03-04,58,"Barry Manilow","Barry Manilow Live",23,269442.47826087
1978-03-04,59,Brick,Brick,34,240830.235294118
1978-03-04,60,"Bette Midler","Broken Blossom",11,214648.090909091
1978-03-04,61,Angel,"White Hot",10,226933.0
1978-03-04,62,"Shaun Cassidy","Shaun Cassidy",10,181727.2
1978-03-04,63,"Linda Ronstadt","Simple Dreams",10,198135.6
1978-03-04,64,ConFunkShun,Secrets,,
1978-03-04,65,"The Spinners","Spinners 8",9,267935.888888889
1978-03-04,66,Odyssey,Odyssey,12,258818.0
1978-03-04,67,Meco,"Encounters Of Every Kind",,
1978-03-04,68,"Peter Brown","Fantasy Love Affair",8,280169.625
1978-03-04,69,Barkays,"Flying High On Your Love",,
1978-03-04,70,"Bill Withers",Menagerie,9,256205.555555556
1978-03-04,71,"Deniece Williams",Songbird,,
1978-03-04,72,"Santa Esmeralda","The House Of The Rising Sun",6,488090.833333333
1978-03-04,73,"Dolly Parton","Here You Come Again",10,178703.6
1978-03-04,74,Slave,"The Hardness Of The World",8,291153.0
1978-03-04,75,"Paul Simon","Greatest Hits, Ect.",11,
1978-03-04,76,Pockets,"Come Go With Us",8,267023.125
1978-03-04,77,"Leif Garrett","Leif Garrett",12,193593.0
1978-03-04,78,"Rita Coolidge",Anytime...anywhere,,
1978-03-04,79,"Little River Band","Diamantina Cocktail",11,233588.727272727
1978-03-04,80,"Lou Rawls","When You Hear Lou, You've Heard It All",10,225796.666666667
1978-03-04,81,"Dan Hill","Hold On",10,204157.2
1978-03-04,82,"Warren Zevon","Excitable Boy",13,192266.384615385
1978-03-04,83,"Karla Bonoff","Karla Bonoff",10,216730.5
1978-03-04,84,"KC And The Sunshine Band","Part 3",16,244078.875
1978-03-04,85,"Bob Weir","Heaven Help The Fool",,
1978-03-04,86,"Joni Mitchell","Don Juan's Reckless Daughter",10,358365.0
1978-03-04,87,"Herb Alpert And Hugh Masekela","Herb Albert + Hugh Masak",,
1978-03-04,88,"The Emotions",Sunshine,14,220868.214285714
1978-03-04,89,"Dave Mason","Let It Flow",10,225497.5
1978-03-04,90,"Pat Travers","Putting It Straight",8,277643.0
1978-03-04,91,"Eddie Money","Eddie Money",10,205046.3
1978-03-04,92,"The Steve Miller Band","Book Of Dreams",,
1978-03-04,93,"Meat Loaf","Bat Out Of Hell",7,408818.857142857
1978-03-04,94,LTD,"Something To Love",9,261106.333333333
1978-03-04,95,"B.T. Express",Shout!,9,281184.777777778
1978-03-04,96,"Shaun Cassidy","Born Late",10,192200.9
1978-03-04,97,"Talking Heads","Talking Heads: 77",16,213942.0625
1978-03-04,98,"Ashford & Simpson","Send It",8,272839.5
1978-03-04,99,"Donny & Marie Osmond","Winng Combination",,
1978-03-04,100,"The Sanford/Townsend Band",Duo-Glide,,
1978-03-04,101,"Neil Young",Decade,35,266146.423076923
1978-03-04,102,"The Manhattan Transfer",Pastiche,,
1978-03-04,103,Detective,"It Takes One To Know One",9,284387.888888889
1978-03-04,104,"James Taylor",JT,12,189260.75
1978-03-04,105,Boston,Boston,8,273423.0
1978-03-04,106,"Linda Ronstadt","Greatest Hits",17,195693.294117647
1978-03-04,107,"Ronnie Montrose","Open Fire",9,237907.777777778
1978-03-04,108,"Andrew Gold","All This And Heaven Too",15,240712.666666667
1978-03-04,109,"El Coco",Cocomotion,,
1978-03-04,110,Genesis,"Seconds Out",12,477688.583333333
1978-03-04,111,"Crystal Gayle","We Must Believe In Magic",10,179463.7
1978-03-04,112,"Village People","Village People",6,286110.5
1978-03-04,113,"Olivia Newton-John","Olivia Newton-John's Greatest Hits",,
1978-03-04,114,"Sammy Hagar","Musical Chairs",10,208002.3
1978-03-04,115,"High Inergy","Turnin' On",,
1978-03-04,116,"Stevie Wonder","Looking Back",,
1978-03-04,117,"The Salsoul Orchestra",Cuchi-Cuchi,13,266288.615384615
1978-03-04,118,"Wet Willie",Manorisms,,
1978-03-04,119,"Joe Sample","Rainbow Seeker",8,316418.0
1978-03-04,120,"The Manhattans","There's No Good In Goodbye",17,235464.705882353
1978-03-04,121,Cameo,"We All Know Who We Are",7,318527.285714286
1978-03-04,122,Styx,Equinox,8,258771.375
1978-03-04,123,"Side Effect","Goin' Bananas",,
1978-03-04,124,"Paul Davis","Singer Of Songs, Teller Of Tales",10,182175.7
1978-03-04,125,"Vicki Sue Robinson","Half And Half",13,342309.461538462
1978-03-04,126,"Joan Armatrading","Show Some Emotion",10,218408.4
1978-03-04,127,"Le Pamplemousse","Le Spank",,
1978-03-04,128,Starz,"Attention Shoppers",,
1978-03-04,129,"Rose Royce","Rose Royce II/In Full Bloom",,
1978-03-04,130,"Donna Summer","Once Upon A Time",16,256053.625
1978-03-04,131,"Wild Cherry","I Love My Music",,
1978-03-04,132,Santana,Moonflower,16,294902.1875
1978-03-04,133,"Johnny Paycheck","Take This Job And Shove It",10,171726.9
1978-03-04,134,"T.H.P. Orchestra","Two Hot For Love",,
1978-03-04,135,"The Alan Parsons Project","I Robot",24,251897.375
1978-03-04,136,"Al Green","The Belle Album",8,295279.75
1978-03-04,137,"Bionic Boogie","Bionic Boogie",10,354134.4
1978-03-04,138,Cerrone,"Cerrone 3 - Supernature",,
1978-03-04,139,Sweet,"Level Headed",16,249570.0
1978-03-04,140,"Emerson, Lake & Palmer","Works Volume II",,
1978-03-04,141,"Gato Barbieri","Ruby, Ruby",8,329736.375
1978-03-04,142,"Kool & The Gang","The Force",11,259958.454545455
1978-03-04,143,Tomita,Kosmos,8,396576.375
1978-03-04,144,"Stevie Wonder","Songs In The Key Of Life",21,300142.428571429
1978-03-04,145,"The Blackbyrds",Action,7,288761.714285714
1978-03-04,146,Commodores,Commodores,9,261407.0
1978-03-04,147,"Zubin Mehta","Star Wars And Close Encounters Of The Third Kind",,
1978-03-04,148,Soundtrack,"Star Wars",28,257901.928571429
1978-03-04,149,"Ralph MacDonald","The Path",,
1978-03-04,150,"Steve Martin","Lets Get Small",10,228936.9
1978-03-04,151,"The Oak Ridge Boys","Y'all Come Back Saloon",10,185538.4
1978-03-04,152,Horslips,Aliens,14,213504.428571429
1978-03-04,153,Blondie,"Plastic Letters",17,169032.588235294
1978-03-04,154,"Fleetwood Mac","Fleetwood Mac",11,227002.090909091
1978-03-04,155,"Bunny Sigler","Let Me Party With You",7,513683.285714286
1978-03-04,156,Faze-O,"Riding High",7,274148.428571429
1978-03-04,157,"Tuxedo Junction","Tuxedo Junction",11,208694.272727273
1978-03-04,158,"Millie Jackson","Feelin Bitchy",11,287607.0
1978-03-04,159,Heart,"Little Queen",10,234695.7
1978-03-04,160,"Donna Summer","I Remember Yesterday",8,277908.0
1978-03-04,161,Eagles,"Their Greatest Hits 1971-1975",10,259820.4
1978-03-04,162,"Debby Boone","You Light Up My Life",12,198186.25
1978-03-04,163,"The Beatles","Love Songs",12,222003.583333333
1978-03-04,164,"Ray Charles","True To Life",,
1978-03-04,165,T-Connection,"On Fire",8,342763.375
1978-03-04,166,"Boz Scaggs","Silk Degrees",13,239546.461538462
1978-03-04,167,"Steve Khan",Tightrope,7,319710.285714286
1978-03-04,168,Stargard,Stargard,10,252991.5
1978-03-04,169,"David Bowie",Heroes,10,227982.5
1978-03-04,170,"Johnny Guitar Watson","Funk Beyond The Call Of Duty",,
1978-03-04,171,"Pink Floyd","The Dark Side Of The Moon",10,257363.2
1978-03-04,172,"Anne Haslem","Annie In Wonderland",,
1978-03-04,173,"Muddy Waters","I'm Ready",12,201601.833333333
1978-03-04,174,"The Trammps","Disco Inferno",6,427010.833333333
1978-03-04,175,Kayak,"Starlight Dancer",,
1978-03-04,176,"James Taylor","Greatest Hits",12,207276.75
1978-03-04,177,"The Trammps","Trammps Iii",8,324613.125
1978-03-04,178,"The Steve Miller Band","Fly Like An Eagle",2,213553.0
1978-03-04,179,"Lonnie Jordan","Different Moods Of Me",,
1978-03-04,180,"Claudja Barry",Cladja,,
1978-03-04,181,"Anne Murray","Let's Keep It That Way",10,197442.3
1978-03-04,182,"Barry White","Barry White Sings For Someone You Love",7,349437.857142857
1978-03-04,183,Foghat,"Foghat Live",6,425860.5
1978-03-04,184,Supertramp,Supertramp,22,291046.136363636
1978-03-04,185,"McCoy Tyner","Inner Voices",5,481266.4
1978-03-04,186,"Ted Nugent","Cat Scratch Fever",12,232808.666666667
1978-03-04,187,"The Temptations","Hear To Tempt You",9,269759.888888889
1978-03-04,188,"George Duke","Reach For It",11,292194.727272727
1978-03-04,189,"John Denver","I Want To Live",11,235995.909090909
1978-03-04,190,"Grace Jones",Portfolio,7,317011.285714286
1978-03-04,191,Eagles,"Hotel California",9,340131.666666667
1978-03-04,192,"Various Artists","Disco Boogie",14,207222.0
1978-03-04,193,"Gino Vannelli","A Pauper In Paridise",,
1978-03-04,194,"Johnny Rivers","Outside Help",,
1978-03-04,195,"Isaac Hayes","New Horizon",5,596135.6
1978-03-04,196,"Elton John","Elton John's Greatest Hits, Volume II",17,
1978-03-04,197,Seawind,"Window Of A Child",,
1978-03-04,198,"Paul McCartney And Wings","Wings Over America",,
1978-03-04,199,Nazareth,"Expect No Mercy",10,212346.3
1978-03-04,200,"Eloise Laws",Eloise,10,273153.4
1978-03-11,1,Soundtrack,"Saturday Night Fever",21,224416.142857143
1978-03-11,2,"Billy Joel","The Stranger",21,296449.238095238
1978-03-11,3,"Jackson Browne","Running On Empty",10,260547.7
1978-03-11,4,"Eric Clapton",Slowhand,27,280855.407407407
1978-03-11,5,Queen,"News Of The World",16,222138.0
1978-03-11,6,"Steely Dan",Aja,7,343028.142857143
1978-03-11,7,"Earth, Wind & Fire","All 'n' All",11,212600.818181818
1978-03-11,8,"George Benson","Weekend In L.a.",11,451363.727272727
1978-03-11,9,"Rod Stewart","Foot Loose + Fancy Free",8,334894.75
1978-03-11,10,Styx,"The Grand Illusion",8,312237.875
1978-03-11,11,"Barry Manilow","Even Now",14,220591.428571429
1978-03-11,12,"Randy Newman","Little Criminals",12,192984.166666667
1978-03-11,13,"Grover Washington, Jr.","Live At The Bijou",8,569455.875
1978-03-11,14,Parliament,"Funkentelechy Vs. The Placebo Syndrome",6,443361.666666667
1978-03-11,15,"Fleetwood Mac",Rumours,58,
1978-03-11,16,"Lynyrd Skynyrd","Street Survivors",23,260330.043478261
1978-03-11,17,Kansas,"Point Of Know Return",12,252448.583333333
1978-03-11,18,"Waylon & Willie","Waylon + Willie",11,220698.181818182
1978-03-11,19,"Natalie Cole",Thankful,8,266833.0
1978-03-11,20,"Art Garfunkel",Watermark,12,201676.333333333
1978-03-11,21,"Dan Hill","Longer Fuse",10,239394.8
1978-03-11,22,"Ted Nugent","Double Live, Gonzo",11,462268.818181818
1978-03-11,23,"Electric Light Orchestra","Out Of The Blue",17,250202.705882353
1978-03-11,24,"Gordon Lightfoot","Endless Wire",10,231317.1
1978-03-11,25,"Roberta Flack","Blue Lights In The Basement",10,247782.3
1978-03-11,26,"Rufus And Chaka Khan","Street Player",10,243778.4
1978-03-11,27,"Neil Diamond","I'm Glad Your Here With Me Tonight",,
1978-03-11,28,"Bee Gees","Here At Last...Bee Gees...Live",18,281001.333333333
1978-03-11,29,"Chuck Mangione","Feels So Good",6,394279.5
1978-03-11,30,"Emmylou Harris","Quarter Moon In A Ten Cent Town",12,213896.333333333
1978-03-11,31,Soundtrack,"Close Encounters Of A Third Kind",,
1978-03-11,32,"Sea Level","Cats On The Coast",8,282299.75
1978-03-11,33,"Elvis Costello","My Aim Is True",13,173642.769230769
1978-03-11,34,"Maze Featuring Frankie Beverly","Golden Time Of Day",7,348787.285714286
1978-03-11,35,"Bootsy's Rubber Band","Bootsy? Player Of The Year",,
1978-03-11,36,"Bob Welch","French Kiss",12,181677.5
1978-03-11,37,"Andy Gibb","Flowing Rivers",10,230314.2
1978-03-11,38,"Boz Scaggs","Down Two Then Left",10,257314.4
1978-03-11,39,Chic,Chic,40,272391.575
1978-03-11,40,"Dr. Buzzard's Original Savannah Band","Dr. Buzzards Original Savannah Band Meets King Pen",,
1978-03-11,41,Commodores,"Commodores Live!",12,364219.666666667
1978-03-11,42,War,Galaxy,5,383439.6
1978-03-11,43,Player,Player,1,249608.0
1978-03-11,44,Foreigner,Foreigner,12,240737.833333333
1978-03-11,45,"Kenny Rogers","Ten Years Of Gold",10,207223.6
1978-03-11,46,Enchantment,"Once Upon A Dream",11,253853.181818182
1978-03-11,47,Raydio,Raydio,8,255396.25
1978-03-11,48,Journey,Infinity,10,218869.0
1978-03-11,49,ABBA,"The Album",10,267333.1
1978-03-11,50,KISS,"Alive Ii",20,223676.55
1978-03-11,51,"Barry Manilow","Barry Manilow Live",23,269442.47826087
1978-03-11,52,"The Ramones","Rocket To Russia",77,
1978-03-11,53,"Little Feat","Waiting For Columbus",27,277210.37037037
1978-03-11,54,Heatwave,"Too Hot To Handle",9,257460.444444444
1978-03-11,55,"Santa Esmeralda","Don't Let Me Be Misunderstood",7,483053.428571429
1978-03-11,56,Stargard,Stargard,10,252991.5
1978-03-11,57,"Linda Ronstadt","Simple Dreams",10,198135.6
1978-03-11,58,Angel,"White Hot",10,226933.0
1978-03-11,59,"Bob James",Heads,24,184667.041666667
1978-03-11,60,"The Babys","Broken Heart",10,225057.0
1978-03-11,61,"Peter Brown","Fantasy Love Affair",8,280169.625
1978-03-11,62,Aerosmith,"Draw The Line",9,237785.0
1978-03-11,63,"Tom Petty And The Heartbreakers","Tom Petty + The Heartbreakers",10,224259.7
1978-03-11,64,Brick,Brick,34,240830.235294118
1978-03-11,65,"Santa Esmeralda","The House Of The Rising Sun",6,488090.833333333
1978-03-11,66,Odyssey,Odyssey,12,258818.0
1978-03-11,67,Meco,"Encounters Of Every Kind",,
1978-03-11,68,"Bill Withers",Menagerie,9,256205.555555556
1978-03-11,69,Barkays,"Flying High On Your Love",,
1978-03-11,70,"Paul Simon","Greatest Hits, Ect.",11,
1978-03-11,71,"Deniece Williams",Songbird,,
1978-03-11,72,"Lou Rawls","When You Hear Lou, You've Heard It All",10,225796.666666667
1978-03-11,73,"Leif Garrett","Leif Garrett",12,193593.0
1978-03-11,74,"Warren Zevon","Excitable Boy",13,192266.384615385
1978-03-11,75,"Karla Bonoff","Karla Bonoff",10,216730.5
1978-03-11,76,"Bob Weir","Heaven Help The Fool",,
1978-03-11,77,"KC And The Sunshine Band","Part 3",16,244078.875
1978-03-11,78,"Dolly Parton","Here You Come Again",10,178703.6
1978-03-11,79,"Herb Alpert And Hugh Masekela","Herb Albert + Hugh Masak",,
1978-03-11,80,"Shaun Cassidy","Shaun Cassidy",10,181727.2
1978-03-11,81,"Eddie Money","Eddie Money",10,205046.3
1978-03-11,82,"Pat Travers","Putting It Straight",8,277643.0
1978-03-11,83,"Rita Coolidge",Anytime...anywhere,,
1978-03-11,84,ConFunkShun,Secrets,,
1978-03-11,85,"Dan Hill","Hold On",10,204157.2
1978-03-11,86,"Dave Mason","Let It Flow",10,225497.5
1978-03-11,87,"B.T. Express",Shout!,9,281184.777777778
1978-03-11,88,"Joni Mitchell","Don Juan's Reckless Daughter",10,358365.0
1978-03-11,89,"Meat Loaf","Bat Out Of Hell",7,408818.857142857
1978-03-11,90,"Ashford & Simpson","Send It",8,272839.5
1978-03-11,91,Pockets,"Come Go With Us",8,267023.125
1978-03-11,92,"The Sanford/Townsend Band",Duo-Glide,,
1978-03-11,93,"The Steve Miller Band","Book Of Dreams",,
1978-03-11,94,"The Manhattan Transfer",Pastiche,,
1978-03-11,95,"Little River Band","Diamantina Cocktail",11,233588.727272727
1978-03-11,96,"Shaun Cassidy","Born Late",10,192200.9
1978-03-11,97,"Talking Heads","Talking Heads: 77",16,213942.0625
1978-03-11,98,"Ronnie Montrose","Open Fire",9,237907.777777778
1978-03-11,99,"Donny & Marie Osmond","Winng Combination",,
1978-03-11,100,"Andrew Gold","All This And Heaven Too",15,240712.666666667
1978-03-11,101,LTD,"Something To Love",9,261106.333333333
1978-03-11,102,"Joe Sample","Rainbow Seeker",8,316418.0
1978-03-11,103,Detective,"It Takes One To Know One",9,284387.888888889
1978-03-11,104,"James Taylor",JT,12,189260.75
1978-03-11,105,"Sammy Hagar","Musical Chairs",10,208002.3
1978-03-11,106,"Linda Ronstadt","Greatest Hits",17,195693.294117647
1978-03-11,107,Boston,Boston,8,273423.0
1978-03-11,108,"Manfred Mann's Earth Band",Watch,11,297358.454545455
1978-03-11,109,"Neil Young",Decade,35,266146.423076923
1978-03-11,110,"The Manhattans","There's No Good In Goodbye",17,235464.705882353
1978-03-11,111,Cameo,"We All Know Who We Are",7,318527.285714286
1978-03-11,112,"High Inergy","Turnin' On",,
1978-03-11,113,"Side Effect","Goin' Bananas",,
1978-03-11,114,"Paul Davis","Singer Of Songs, Teller Of Tales",10,182175.7
1978-03-11,115,"Vicki Sue Robinson","Half And Half",13,342309.461538462
1978-03-11,116,Styx,Equinox,8,258771.375
1978-03-11,117,"Le Pamplemousse","Le Spank",,
1978-03-11,118,Starz,"Attention Shoppers",,
1978-03-11,119,"Crystal Gayle","We Must Believe In Magic",10,179463.7
1978-03-11,120,"Village People","Village People",6,286110.5
1978-03-11,121,"Wild Cherry","I Love My Music",,
1978-03-11,122,"Bette Midler","Broken Blossom",11,214648.090909091
1978-03-11,123,"Johnny Paycheck","Take This Job And Shove It",10,171726.9
1978-03-11,124,"T.H.P. Orchestra","Two Hot For Love",,
1978-03-11,125,"The Alan Parsons Project","I Robot",24,251897.375
1978-03-11,126,"Donna Summer","Once Upon A Time",16,256053.625
1978-03-11,127,"Bionic Boogie","Bionic Boogie",10,354134.4
1978-03-11,128,Slave,"The Hardness Of The World",8,291153.0
1978-03-11,129,Sweet,"Level Headed",16,249570.0
1978-03-11,130,"The Emotions",Sunshine,14,220868.214285714
1978-03-11,131,"Ralph MacDonald","The Path",,
1978-03-11,132,Santana,Moonflower,16,294902.1875
1978-03-11,133,Tomita,Kosmos,8,396576.375
1978-03-11,134,"Rose Royce","Rose Royce II/In Full Bloom",,
1978-03-11,135,"The Blackbyrds",Action,7,288761.714285714
1978-03-11,136,"The Spinners","Spinners 8",9,267935.888888889
1978-03-11,137,"Zubin Mehta","Star Wars And Close Encounters Of The Third Kind",,
1978-03-11,138,"Head East","Head East",9,290040.111111111
1978-03-11,139,"Peabo Bryson","Reaching For The Sky",8,289850.375
1978-03-11,140,Blondie,"Plastic Letters",17,169032.588235294
1978-03-11,141,"The Oak Ridge Boys","Y'all Come Back Saloon",10,185538.4
1978-03-11,142,Horslips,Aliens,14,213504.428571429
1978-03-11,143,Commodores,Commodores,9,261407.0
1978-03-11,144,"Gato Barbieri","Ruby, Ruby",8,329736.375
1978-03-11,145,"Bunny Sigler","Let Me Party With You",7,513683.285714286
1978-03-11,146,Faze-O,"Riding High",7,274148.428571429
1978-03-11,147,"Tuxedo Junction","Tuxedo Junction",11,208694.272727273
1978-03-11,148,Soundtrack,"Star Wars",28,257901.928571429
1978-03-11,149,"Van Halen","Van Halen",11,214083.545454545
1978-03-11,150,"Steve Martin","Lets Get Small",10,228936.9
1978-03-11,151,"The Tubes","What Do You Want From Live",17,295408.294117647
1978-03-11,152,"Olivia Newton-John","Olivia Newton-John's Greatest Hits",,
1978-03-11,153,"Yvonne Elliman","Night Flight",,
1978-03-11,154,"Fleetwood Mac","Fleetwood Mac",11,227002.090909091
1978-03-11,155,Kayak,"Starlight Dancer",,
1978-03-11,156,Eagles,"Their Greatest Hits 1971-1975",10,259820.4
1978-03-11,157,"Crack The Sky","Safety In Numbers",7,306005.714285714
1978-03-11,158,"Millie Jackson","Feelin Bitchy",11,287607.0
1978-03-11,159,"Stevie Wonder","Songs In The Key Of Life",21,300142.428571429
1978-03-11,160,"Johnny Guitar Watson","Funk Beyond The Call Of Duty",,
1978-03-11,161,"Roy Ayers Ubiquity","Let's Do It",,
1978-03-11,162,"Debby Boone","You Light Up My Life",12,198186.25
1978-03-11,163,"Muddy Waters","I'm Ready",12,201601.833333333
1978-03-11,164,"The Trammps","Disco Inferno",6,427010.833333333
1978-03-11,165,T-Connection,"On Fire",8,342763.375
1978-03-11,166,"Be Bop Deluxe","Drastic Plastic",11,230705.181818182
1978-03-11,167,"Anne Haslem","Annie In Wonderland",,
1978-03-11,168,"Ray Charles","True To Life",,
1978-03-11,169,"Lonnie Jordan","Different Moods Of Me",,
1978-03-11,170,"Claudja Barry",Cladja,,
1978-03-11,171,"Anne Murray","Let's Keep It That Way",10,197442.3
1978-03-11,172,"Boz Scaggs","Silk Degrees",13,239546.461538462
1978-03-11,173,"Pink Floyd","The Dark Side Of The Moon",10,257363.2
1978-03-11,174,Supertramp,Supertramp,22,291046.136363636
1978-03-11,175,"David Bowie",Heroes,10,227982.5
1978-03-11,176,"James Taylor","Greatest Hits",12,207276.75
1978-03-11,177,"Chick Corea","Mad Hatter",9,333441.222222222
1978-03-11,178,"Barry White","Barry White Sings For Someone You Love",7,349437.857142857
1978-03-11,179,"The Steve Miller Band","Fly Like An Eagle",2,213553.0
1978-03-11,180,Foghat,"Foghat Live",6,425860.5
1978-03-11,181,"Samantha Sang",Emotion,10,221710.4
1978-03-11,182,"McCoy Tyner","Inner Voices",5,481266.4
1978-03-11,183,"Ted Nugent","Cat Scratch Fever",12,232808.666666667
1978-03-11,184,"Stevie Wonder","Looking Back",,
1978-03-11,185,"Mahogany Rush","Frank Marino & Mahogany Rush Live",14,265376.857142857
1978-03-11,186,"El Coco",Cocomotion,,
1978-03-11,187,Genesis,"Seconds Out",12,477688.583333333
1978-03-11,188,Eagles,"Hotel California",9,340131.666666667
1978-03-11,189,"George Duke","Reach For It",11,292194.727272727
1978-03-11,190,"John Denver","I Want To Live",11,235995.909090909
1978-03-11,191,"Wet Willie",Manorisms,,
1978-03-11,192,"Joan Armatrading","Show Some Emotion",10,218408.4
1978-03-11,193,"Al Green","The Belle Album",8,295279.75
1978-03-11,194,Cerrone,"Cerrone 3 - Supernature",,
1978-03-11,195,"Emerson, Lake & Palmer","Works Volume II",,
1978-03-11,196,"Mary Travers","It's In Everyone Of Us",,
1978-03-11,197,"Kool & The Gang","The Force",11,259958.454545455
1978-03-11,198,"The Beatles","Love Songs",12,222003.583333333
1978-03-11,199,"The Trammps","Trammps Iii",8,324613.125
1978-03-11,200,"Paul McCartney And Wings","Wings Over America",,
1978-03-18,1,Soundtrack,"Saturday Night Fever",21,224416.142857143
1978-03-18,2,"Billy Joel","The Stranger",21,296449.238095238
1978-03-18,3,"Eric Clapton",Slowhand,27,280855.407407407
1978-03-18,4,"Jackson Browne","Running On Empty",10,260547.7
1978-03-18,5,"Steely Dan",Aja,7,343028.142857143
1978-03-18,6,Queen,"News Of The World",16,222138.0
1978-03-18,7,"George Benson","Weekend In L.a.",11,451363.727272727
1978-03-18,8,"Barry Manilow","Even Now",14,220591.428571429
1978-03-18,9,Styx,"The Grand Illusion",8,312237.875
1978-03-18,10,"Earth, Wind & Fire","All 'n' All",11,212600.818181818
1978-03-18,11,"Grover Washington, Jr.","Live At The Bijou",8,569455.875
1978-03-18,12,Kansas,"Point Of Know Return",12,252448.583333333
1978-03-18,13,Parliament,"Funkentelechy Vs. The Placebo Syndrome",6,443361.666666667
1978-03-18,14,"Fleetwood Mac",Rumours,58,
1978-03-18,15,"Rod Stewart","Foot Loose + Fancy Free",8,334894.75
1978-03-18,16,"Waylon & Willie","Waylon + Willie",11,220698.181818182
1978-03-18,17,"Natalie Cole",Thankful,8,266833.0
1978-03-18,18,"Roberta Flack","Blue Lights In The Basement",10,247782.3
1978-03-18,19,"Art Garfunkel",Watermark,12,201676.333333333
1978-03-18,20,"Ted Nugent","Double Live, Gonzo",11,462268.818181818
1978-03-18,21,"Dan Hill","Longer Fuse",10,239394.8
1978-03-18,22,"Gordon Lightfoot","Endless Wire",10,231317.1
1978-03-18,23,"Electric Light Orchestra","Out Of The Blue",17,250202.705882353
1978-03-18,24,"Rufus And Chaka Khan","Street Player",10,243778.4
1978-03-18,25,"Lynyrd Skynyrd","Street Survivors",23,260330.043478261
1978-03-18,26,"Bee Gees","Here At Last...Bee Gees...Live",18,281001.333333333
1978-03-18,27,"Chuck Mangione","Feels So Good",6,394279.5
1978-03-18,28,"Bob Welch","French Kiss",12,181677.5
1978-03-18,29,"Emmylou Harris","Quarter Moon In A Ten Cent Town",12,213896.333333333
1978-03-18,30,"Maze Featuring Frankie Beverly","Golden Time Of Day",7,348787.285714286
1978-03-18,31,"Sea Level","Cats On The Coast",8,282299.75
1978-03-18,32,"Elvis Costello","My Aim Is True",13,173642.769230769
1978-03-18,33,"Bootsy's Rubber Band","Bootsy? Player Of The Year",,
1978-03-18,34,"Andy Gibb","Flowing Rivers",10,230314.2
1978-03-18,35,"Jefferson Starship",Earth,9,293372.777777778
1978-03-18,36,"Dr. Buzzard's Original Savannah Band","Dr. Buzzards Original Savannah Band Meets King Pen",,
1978-03-18,37,"Randy Newman","Little Criminals",12,192984.166666667
1978-03-18,38,Stargard,Stargard,10,252991.5
1978-03-18,39,Raydio,Raydio,8,255396.25
1978-03-18,40,"Kenny Rogers","Ten Years Of Gold",10,207223.6
1978-03-18,41,"Little Feat","Waiting For Columbus",27,277210.37037037
1978-03-18,42,Player,Player,1,249608.0
1978-03-18,43,Chic,Chic,40,272391.575
1978-03-18,44,Journey,Infinity,10,218869.0
1978-03-18,45,ABBA,"The Album",10,267333.1
1978-03-18,46,"Barry Manilow","Barry Manilow Live",23,269442.47826087
1978-03-18,47,Commodores,"Commodores Live!",12,364219.666666667
1978-03-18,48,"Warren Zevon","Excitable Boy",13,192266.384615385
1978-03-18,49,"Neil Diamond","I'm Glad Your Here With Me Tonight",,
1978-03-18,50,Soundtrack,"Close Encounters Of A Third Kind",,
1978-03-18,51,"Peter Brown","Fantasy Love Affair",8,280169.625
1978-03-18,52,"Boz Scaggs","Down Two Then Left",10,257314.4
1978-03-18,53,"Linda Ronstadt","Simple Dreams",10,198135.6
1978-03-18,54,"Santa Esmeralda","The House Of The Rising Sun",6,488090.833333333
1978-03-18,55,Enchantment,"Once Upon A Dream",11,253853.181818182
1978-03-18,56,Foreigner,Foreigner,12,240737.833333333
1978-03-18,57,KISS,"Alive Ii",20,223676.55
1978-03-18,58,Heatwave,"Too Hot To Handle",9,257460.444444444
1978-03-18,59,"Santa Esmeralda","Don't Let Me Be Misunderstood",7,483053.428571429
1978-03-18,60,"Lou Rawls","When You Hear Lou, You've Heard It All",10,225796.666666667
1978-03-18,61,Aerosmith,"Draw The Line",9,237785.0
1978-03-18,62,War,Galaxy,5,383439.6
1978-03-18,63,Barkays,"Flying High On Your Love",,
1978-03-18,64,"Bob James",Heads,24,184667.041666667
1978-03-18,65,"Paul Simon","Greatest Hits, Ect.",11,
1978-03-18,66,"Bill Withers",Menagerie,9,256205.555555556
1978-03-18,67,"Herb Alpert And Hugh Masekela","Herb Albert + Hugh Masak",,
1978-03-18,68,Angel,"White Hot",10,226933.0
1978-03-18,69,"Eddie Money","Eddie Money",10,205046.3
1978-03-18,70,"Karla Bonoff","Karla Bonoff",10,216730.5
1978-03-18,71,"Leif Garrett","Leif Garrett",12,193593.0
1978-03-18,72,"Pat Travers","Putting It Straight",8,277643.0
1978-03-18,73,"Bob Weir","Heaven Help The Fool",,
1978-03-18,74,"Tom Petty And The Heartbreakers","Tom Petty + The Heartbreakers",10,224259.7
1978-03-18,75,"KC And The Sunshine Band","Part 3",16,244078.875
1978-03-18,76,Odyssey,Odyssey,12,258818.0
1978-03-18,77,"B.T. Express",Shout!,9,281184.777777778
1978-03-18,78,"Dolly Parton","Here You Come Again",10,178703.6
1978-03-18,79,"Ashford & Simpson","Send It",8,272839.5
1978-03-18,80,"The Babys","Broken Heart",10,225057.0
1978-03-18,81,"Dave Mason","Let It Flow",10,225497.5
1978-03-18,82,"The Ramones","Rocket To Russia",77,
1978-03-18,83,"Meat Loaf","Bat Out Of Hell",7,408818.857142857
1978-03-18,84,"The Manhattan Transfer",Pastiche,,
1978-03-18,85,"Shaun Cassidy","Born Late",10,192200.9
1978-03-18,86,"Joe Sample","Rainbow Seeker",8,316418.0
1978-03-18,87,Brick,Brick,34,240830.235294118
1978-03-18,88,"Van Halen","Van Halen",11,214083.545454545
1978-03-18,89,"The Steve Miller Band","Book Of Dreams",,
1978-03-18,90,"Andrew Gold","All This And Heaven Too",15,240712.666666667
1978-03-18,91,"Little River Band","Diamantina Cocktail",11,233588.727272727
1978-03-18,92,"The Sanford/Townsend Band",Duo-Glide,,
1978-03-18,93,"Yvonne Elliman","Night Flight",,
1978-03-18,94,"Samantha Sang",Emotion,10,221710.4
1978-03-18,95,"Roy Ayers Ubiquity","Let's Do It",,
1978-03-18,96,"Paul Davis","Singer Of Songs, Teller Of Tales",10,182175.7
1978-03-18,97,"Manfred Mann's Earth Band",Watch,11,297358.454545455
1978-03-18,98,"Ronnie Montrose","Open Fire",9,237907.777777778
1978-03-18,99,Cameo,"We All Know Who We Are",7,318527.285714286
1978-03-18,100,"The Manhattans","There's No Good In Goodbye",17,235464.705882353
1978-03-18,101,LTD,"Something To Love",9,261106.333333333
1978-03-18,102,"Sammy Hagar","Musical Chairs",10,208002.3
1978-03-18,103,"Side Effect","Goin' Bananas",,
1978-03-18,104,"James Taylor",JT,12,189260.75
1978-03-18,105,"Shaun Cassidy","Shaun Cassidy",10,181727.2
1978-03-18,106,"Linda Ronstadt","Greatest Hits",17,195693.294117647
1978-03-18,107,"Johnny Paycheck","Take This Job And Shove It",10,171726.9
1978-03-18,108,Starz,"Attention Shoppers",,
1978-03-18,109,Boston,Boston,8,273423.0
1978-03-18,110,"High Inergy","Turnin' On",,
1978-03-18,111,"Wild Cherry","I Love My Music",,
1978-03-18,112,"Vicki Sue Robinson","Half And Half",13,342309.461538462
1978-03-18,113,Detective,"It Takes One To Know One",9,284387.888888889
1978-03-18,114,"Village People","Village People",6,286110.5
1978-03-18,115,"Crystal Gayle","We Must Believe In Magic",10,179463.7
1978-03-18,116,"Le Pamplemousse","Le Spank",,
1978-03-18,117,"Talking Heads","Talking Heads: 77",16,213942.0625
1978-03-18,118,"T.H.P. Orchestra","Two Hot For Love",,
1978-03-18,119,"Bionic Boogie","Bionic Boogie",10,354134.4
1978-03-18,120,"Donna Summer","Once Upon A Time",16,256053.625
1978-03-18,121,Sweet,"Level Headed",16,249570.0
1978-03-18,122,"Noel Pointer","Hold On",7,328565.142857143
1978-03-18,123,"The Alan Parsons Project","I Robot",24,251897.375
1978-03-18,124,"Ralph MacDonald","The Path",,
1978-03-18,125,Blondie,"Plastic Letters",17,169032.588235294
1978-03-18,126,Tomita,Kosmos,8,396576.375
1978-03-18,127,"Head East","Head East",9,290040.111111111
1978-03-18,128,Santana,Moonflower,16,294902.1875
1978-03-18,129,"Peabo Bryson","Reaching For The Sky",8,289850.375
1978-03-18,130,Horslips,Aliens,14,213504.428571429
1978-03-18,131,"Bunny Sigler","Let Me Party With You",7,513683.285714286
1978-03-18,132,"Zubin Mehta","Star Wars And Close Encounters Of The Third Kind",,
1978-03-18,133,"The Blackbyrds",Action,7,288761.714285714
1978-03-18,134,"Tuxedo Junction","Tuxedo Junction",11,208694.272727273
1978-03-18,135,"The Tubes","What Do You Want From Live",17,295408.294117647
1978-03-18,136,Faze-O,"Riding High",7,274148.428571429
1978-03-18,137,"Chick Corea","Mad Hatter",9,333441.222222222
1978-03-18,138,"The Oak Ridge Boys","Y'all Come Back Saloon",10,185538.4
1978-03-18,139,"Donny & Marie Osmond","Winng Combination",,
1978-03-18,140,Commodores,Commodores,9,261407.0
1978-03-18,141,Meco,"Encounters Of Every Kind",,
1978-03-18,142,"Deniece Williams",Songbird,,
1978-03-18,143,"Rita Coolidge",Anytime...anywhere,,
1978-03-18,144,"Bachman-Turner Overdrive","Street Action",,
1978-03-18,145,ConFunkShun,Secrets,,
1978-03-18,146,"Dan Hill","Hold On",10,204157.2
1978-03-18,147,"Joni Mitchell","Don Juan's Reckless Daughter",10,358365.0
1978-03-18,148,Pockets,"Come Go With Us",8,267023.125
1978-03-18,149,"Johnny Guitar Watson","Funk Beyond The Call Of Duty",,
1978-03-18,150,Kayak,"Starlight Dancer",,
1978-03-18,151,"Neil Young",Decade,35,266146.423076923
1978-03-18,152,Eagles,"Their Greatest Hits 1971-1975",10,259820.4
1978-03-18,153,"Crack The Sky","Safety In Numbers",7,306005.714285714
1978-03-18,154,"The Trammps","Disco Inferno",6,427010.833333333
1978-03-18,155,"Be Bop Deluxe","Drastic Plastic",11,230705.181818182
1978-03-18,156,Styx,Equinox,8,258771.375
1978-03-18,157,"Stanley Turrentine","Westside Highway",,
1978-03-18,158,"Lonnie Jordan","Different Moods Of Me",,
1978-03-18,159,"Claudja Barry",Cladja,,
1978-03-18,160,"Muddy Waters","I'm Ready",12,201601.833333333
1978-03-18,161,"Anne Murray","Let's Keep It That Way",10,197442.3
1978-03-18,162,"Bette Midler","Broken Blossom",11,214648.090909091
1978-03-18,163,"Rose Royce","Rose Royce II/In Full Bloom",,
1978-03-18,164,Supertramp,Supertramp,22,291046.136363636
1978-03-18,165,T-Connection,"On Fire",8,342763.375
1978-03-18,166,Slave,"The Hardness Of The World",8,291153.0
1978-03-18,167,"Boz Scaggs","Silk Degrees",13,239546.461538462
1978-03-18,168,"Ray Charles","True To Life",,
1978-03-18,169,"Steve Martin","Lets Get Small",10,228936.9
1978-03-18,170,"Pink Floyd","The Dark Side Of The Moon",10,257363.2
1978-03-18,171,"The Steve Miller Band","Fly Like An Eagle",2,213553.0
1978-03-18,172,"Robert Gordon","Fresh Fish Special",10,159002.4
1978-03-18,173,"Mahogany Rush","Frank Marino & Mahogany Rush Live",14,265376.857142857
1978-03-18,174,Foghat,"Foghat Live",6,425860.5
1978-03-18,175,"David Bowie",Heroes,10,227982.5
1978-03-18,176,"James Taylor","Greatest Hits",12,207276.75
1978-03-18,177,"Anne Haslem","Annie In Wonderland",,
1978-03-18,178,"Barry White","Barry White Sings For Someone You Love",7,349437.857142857
1978-03-18,179,Eagles,"Hotel California",9,340131.666666667
1978-03-18,180,"McCoy Tyner","Inner Voices",5,481266.4
1978-03-18,181,"The Spinners","Spinners 8",9,267935.888888889
1978-03-18,182,"Wet Willie","Greatest Hits",10,247668.9
1978-03-18,183,"Ted Nugent","Cat Scratch Fever",12,232808.666666667
1978-03-18,184,"Stevie Wonder","Looking Back",,
1978-03-18,185,"LeBlanc & Carr","Midnight Light",10,220068.9
1978-03-18,186,"El Coco",Cocomotion,,
1978-03-18,187,Genesis,"Seconds Out",12,477688.583333333
1978-03-18,188,"The Beatles","Love Songs",12,222003.583333333
1978-03-18,189,"George Duke","Reach For It",11,292194.727272727
1978-03-18,190,"Tuff Darts","Tuff Darts!",12,185239.583333333
1978-03-18,191,"John Denver","I Want To Live",11,235995.909090909
1978-03-18,192,"Olivia Newton-John","Olivia Newton-John's Greatest Hits",,
1978-03-18,193,"Fleetwood Mac","Fleetwood Mac",11,227002.090909091
1978-03-18,194,"Mary Travers","It's In Everyone Of Us",,
1978-03-18,195,Kongas,Africanism,,
1978-03-18,196,"Millie Jackson","Feelin Bitchy",11,287607.0
1978-03-18,197,"Stevie Wonder","Songs In The Key Of Life",21,300142.428571429
1978-03-18,198,Soundtrack,"Star Wars",28,257901.928571429
1978-03-18,199,"Debby Boone","You Light Up My Life",12,198186.25
1978-03-18,200,"Paul McCartney And Wings","Wings Over America",,
1978-03-25,1,Soundtrack,"Saturday Night Fever",21,224416.142857143
1978-03-25,2,"Billy Joel","The Stranger",21,296449.238095238
1978-03-25,3,"Eric Clapton",Slowhand,27,280855.407407407
1978-03-25,4,"Jackson Browne","Running On Empty",10,260547.7
1978-03-25,5,"Steely Dan",Aja,7,343028.142857143
1978-03-25,6,"Barry Manilow","Even Now",14,220591.428571429
1978-03-25,7,"George Benson","Weekend In L.a.",11,451363.727272727
1978-03-25,8,Queen,"News Of The World",16,222138.0
1978-03-25,9,Styx,"The Grand Illusion",8,312237.875
1978-03-25,10,Kansas,"Point Of Know Return",12,252448.583333333
1978-03-25,11,"Grover Washington, Jr.","Live At The Bijou",8,569455.875
1978-03-25,12,"Earth, Wind & Fire","All 'n' All",11,212600.818181818
1978-03-25,13,"Waylon & Willie","Waylon + Willie",11,220698.181818182
1978-03-25,14,"Fleetwood Mac",Rumours,58,
1978-03-25,15,"Rod Stewart","Foot Loose + Fancy Free",8,334894.75
1978-03-25,16,"Roberta Flack","Blue Lights In The Basement",10,247782.3
1978-03-25,17,"Natalie Cole",Thankful,8,266833.0
1978-03-25,18,"Ted Nugent","Double Live, Gonzo",11,462268.818181818
1978-03-25,19,"Jefferson Starship",Earth,9,293372.777777778
1978-03-25,20,"Rufus And Chaka Khan","Street Player",10,243778.4
1978-03-25,21,Parliament,"Funkentelechy Vs. The Placebo Syndrome",6,443361.666666667
1978-03-25,22,"Gordon Lightfoot","Endless Wire",10,231317.1
1978-03-25,23,"Bootsy's Rubber Band","Bootsy? Player Of The Year",,
1978-03-25,24,"Bee Gees","Here At Last...Bee Gees...Live",18,281001.333333333
1978-03-25,25,"Chuck Mangione","Feels So Good",6,394279.5
1978-03-25,26,"Bob Welch","French Kiss",12,181677.5
1978-03-25,27,"Art Garfunkel",Watermark,12,201676.333333333
1978-03-25,28,"Maze Featuring Frankie Beverly","Golden Time Of Day",7,348787.285714286
1978-03-25,29,"Dan Hill","Longer Fuse",10,239394.8
1978-03-25,30,"Andy Gibb","Flowing Rivers",10,230314.2
1978-03-25,31,"Little Feat","Waiting For Columbus",27,277210.37037037
1978-03-25,32,"Elvis Costello","My Aim Is True",13,173642.769230769
1978-03-25,33,Stargard,Stargard,10,252991.5
1978-03-25,34,Raydio,Raydio,8,255396.25
1978-03-25,35,"Kenny Rogers","Ten Years Of Gold",10,207223.6
1978-03-25,36,"Dr. Buzzard's Original Savannah Band","Dr. Buzzards Original Savannah Band Meets King Pen",,
1978-03-25,37,"Emmylou Harris","Quarter Moon In A Ten Cent Town",12,213896.333333333
1978-03-25,38,"Warren Zevon","Excitable Boy",13,192266.384615385
1978-03-25,39,Journey,Infinity,10,218869.0
1978-03-25,40,ABBA,"The Album",10,267333.1
1978-03-25,41,"Barry Manilow","Barry Manilow Live",23,269442.47826087
1978-03-25,42,"Electric Light Orchestra","Out Of The Blue",17,250202.705882353
1978-03-25,43,"Lynyrd Skynyrd","Street Survivors",23,260330.043478261
1978-03-25,44,"Sea Level","Cats On The Coast",8,282299.75
1978-03-25,45,"Peter Brown","Fantasy Love Affair",8,280169.625
1978-03-25,46,"Randy Newman","Little Criminals",12,192984.166666667
1978-03-25,47,Chic,Chic,40,272391.575
1978-03-25,48,"Santa Esmeralda","The House Of The Rising Sun",6,488090.833333333
1978-03-25,49,Player,Player,1,249608.0
1978-03-25,50,"Van Halen","Van Halen",11,214083.545454545
1978-03-25,51,"Linda Ronstadt","Simple Dreams",10,198135.6
1978-03-25,52,"Boz Scaggs","Down Two Then Left",10,257314.4
1978-03-25,53,"Lou Rawls","When You Hear Lou, You've Heard It All",10,225796.666666667
1978-03-25,54,"Neil Diamond","I'm Glad Your Here With Me Tonight",,
1978-03-25,55,Commodores,"Commodores Live!",12,364219.666666667
1978-03-25,56,Foreigner,Foreigner,12,240737.833333333
1978-03-25,57,Soundtrack,"Close Encounters Of A Third Kind",,
1978-03-25,58,Angel,"White Hot",10,226933.0
1978-03-25,59,"Eddie Money","Eddie Money",10,205046.3
1978-03-25,60,KISS,"Alive Ii",20,223676.55
1978-03-25,61,Enchantment,"Once Upon A Dream",11,253853.181818182
1978-03-25,62,Heatwave,"Too Hot To Handle",9,257460.444444444
1978-03-25,63,"Samantha Sang",Emotion,10,221710.4
1978-03-25,64,"Paul Simon","Greatest Hits, Ect.",11,
1978-03-25,65,"Herb Alpert And Hugh Masekela","Herb Albert + Hugh Masak",,
1978-03-25,66,"Bill Withers",Menagerie,9,256205.555555556
1978-03-25,67,"Leif Garrett","Leif Garrett",12,193593.0
1978-03-25,68,"Dolly Parton","Here You Come Again",10,178703.6
1978-03-25,69,"Karla Bonoff","Karla Bonoff",10,216730.5
1978-03-25,70,"Pat Travers","Putting It Straight",8,277643.0
1978-03-25,71,"B.T. Express",Shout!,9,281184.777777778
1978-03-25,72,"Ashford & Simpson","Send It",8,272839.5
1978-03-25,73,"Bob Weir","Heaven Help The Fool",,
1978-03-25,74,"Yvonne Elliman","Night Flight",,
1978-03-25,75,"Santa Esmeralda","Don't Let Me Be Misunderstood",7,483053.428571429
1978-03-25,76,War,Galaxy,5,383439.6
1978-03-25,77,"Shaun Cassidy","Born Late",10,192200.9
1978-03-25,78,"The Manhattan Transfer",Pastiche,,
1978-03-25,79,"Joe Sample","Rainbow Seeker",8,316418.0
1978-03-25,80,Barkays,"Flying High On Your Love",,
1978-03-25,81,"Roy Ayers Ubiquity","Let's Do It",,
1978-03-25,82,"Andrew Gold","All This And Heaven Too",15,240712.666666667
1978-03-25,83,"Meat Loaf","Bat Out Of Hell",7,408818.857142857
1978-03-25,84,Aerosmith,"Draw The Line",9,237785.0
1978-03-25,85,"The Steve Miller Band","Book Of Dreams",,
1978-03-25,86,"Paul Davis","Singer Of Songs, Teller Of Tales",10,182175.7
1978-03-25,87,"Manfred Mann's Earth Band",Watch,11,297358.454545455
1978-03-25,88,"Bob James",Heads,24,184667.041666667
1978-03-25,89,Cameo,"We All Know Who We Are",7,318527.285714286
1978-03-25,90,"The Manhattans","There's No Good In Goodbye",17,235464.705882353
1978-03-25,91,"Little River Band","Diamantina Cocktail",11,233588.727272727
1978-03-25,92,"Tom Petty And The Heartbreakers","Tom Petty + The Heartbreakers",10,224259.7
1978-03-25,93,"Side Effect","Goin' Bananas",,
1978-03-25,94,"KC And The Sunshine Band","Part 3",16,244078.875
1978-03-25,95,"The Tubes","What Do You Want From Live",17,295408.294117647
1978-03-25,96,"The Sanford/Townsend Band",Duo-Glide,,
1978-03-25,97,"Johnny Paycheck","Take This Job And Shove It",10,171726.9
1978-03-25,98,Blondie,"Plastic Letters",17,169032.588235294
1978-03-25,99,"Dave Mason","Let It Flow",10,225497.5
1978-03-25,100,"Sammy Hagar","Musical Chairs",10,208002.3
1978-03-25,101,"Wild Cherry","I Love My Music",,
1978-03-25,102,"Chick Corea","Mad Hatter",9,333441.222222222
1978-03-25,103,"Linda Ronstadt","Greatest Hits",17,195693.294117647
1978-03-25,104,"The Babys","Broken Heart",10,225057.0
1978-03-25,105,Starz,"Attention Shoppers",,
1978-03-25,106,"James Taylor",JT,12,189260.75
1978-03-25,107,"The Ramones","Rocket To Russia",77,
1978-03-25,108,"T.H.P. Orchestra","Two Hot For Love",,
1978-03-25,109,"Bionic Boogie","Bionic Boogie",10,354134.4
1978-03-25,110,"Vicki Sue Robinson","Half And Half",13,342309.461538462
1978-03-25,111,Sweet,"Level Headed",16,249570.0
1978-03-25,112,"Noel Pointer","Hold On",7,328565.142857143
1978-03-25,113,"Shaun Cassidy","Shaun Cassidy",10,181727.2
1978-03-25,114,"Ralph MacDonald","The Path",,
1978-03-25,115,"Donna Summer","Once Upon A Time",16,256053.625
1978-03-25,116,Tomita,Kosmos,8,396576.375
1978-03-25,117,"Head East","Head East",9,290040.111111111
1978-03-25,118,"Ronnie Montrose","Open Fire",9,237907.777777778
1978-03-25,119,"Peabo Bryson","Reaching For The Sky",8,289850.375
1978-03-25,120,Horslips,Aliens,14,213504.428571429
1978-03-25,121,"Bunny Sigler","Let Me Party With You",7,513683.285714286
1978-03-25,122,Brick,Brick,34,240830.235294118
1978-03-25,123,LTD,"Something To Love",9,261106.333333333
1978-03-25,124,"Tuxedo Junction","Tuxedo Junction",11,208694.272727273
1978-03-25,125,Odyssey,Odyssey,12,258818.0
1978-03-25,126,Faze-O,"Riding High",7,274148.428571429
1978-03-25,127,Santana,Moonflower,16,294902.1875
1978-03-25,128,"Be Bop Deluxe","Drastic Plastic",11,230705.181818182
1978-03-25,129,"High Inergy","Turnin' On",,
1978-03-25,130,"Zubin Mehta","Star Wars And Close Encounters Of The Third Kind",,
1978-03-25,131,"Le Pamplemousse","Le Spank",,
1978-03-25,132,"Village People","Village People",6,286110.5
1978-03-25,133,"Stanley Turrentine","Westside Highway",,
1978-03-25,134,"Bachman-Turner Overdrive","Street Action",,
1978-03-25,135,"Crystal Gayle","We Must Believe In Magic",10,179463.7
1978-03-25,136,"Talking Heads","Talking Heads: 77",16,213942.0625
1978-03-25,137,"The Alan Parsons Project","I Robot",24,251897.375
1978-03-25,138,Boston,Boston,8,273423.0
1978-03-25,139,"The Blackbyrds",Action,7,288761.714285714
1978-03-25,140,"The Oak Ridge Boys","Y'all Come Back Saloon",10,185538.4
1978-03-25,141,Kayak,"Starlight Dancer",,
1978-03-25,142,"The Outlaws","Bring It Back Alive",12,380749.666666667
1978-03-25,143,"Crack The Sky","Safety In Numbers",7,306005.714285714
1978-03-25,144,"The Trammps","Disco Inferno",6,427010.833333333
1978-03-25,145,Detective,"It Takes One To Know One",9,284387.888888889
1978-03-25,146,"Rita Coolidge",Anytime...anywhere,,
1978-03-25,147,ConFunkShun,Secrets,,
1978-03-25,148,Meco,"Encounters Of Every Kind",,
1978-03-25,149,"Johnny Guitar Watson","Funk Beyond The Call Of Duty",,
1978-03-25,150,"Claudja Barry",Cladja,,
1978-03-25,151,"Anne Murray","Let's Keep It That Way",10,197442.3
1978-03-25,152,Eagles,"Their Greatest Hits 1971-1975",10,259820.4
1978-03-25,153,"The Rutles","The Rutles",20,147284.55
1978-03-25,154,"Neil Young",Decade,35,266146.423076923
1978-03-25,155,"Robert Gordon","Fresh Fish Special",10,159002.4
1978-03-25,156,Styx,Equinox,8,258771.375
1978-03-25,157,"Muddy Waters","I'm Ready",12,201601.833333333
1978-03-25,158,"Lonnie Jordan","Different Moods Of Me",,
1978-03-25,159,"Alec R. Costandinos And The Synconic Orchestra","Romeo + Juliet",,
1978-03-25,160,Supertramp,Supertramp,22,291046.136363636
1978-03-25,161,Commodores,Commodores,9,261407.0
1978-03-25,162,"Dan Hill","Hold On",10,204157.2
1978-03-25,163,"Mahogany Rush","Frank Marino & Mahogany Rush Live",14,265376.857142857
1978-03-25,164,"Boz Scaggs","Silk Degrees",13,239546.461538462
1978-03-25,165,T-Connection,"On Fire",8,342763.375
1978-03-25,166,"Jay Ferguson","Thunder Island",10,240861.1
1978-03-25,167,"LeBlanc & Carr","Midnight Light",10,220068.9
1978-03-25,168,"Rose Royce","Rose Royce II/In Full Bloom",,
1978-03-25,169,Fotomaker,Fotomaker,10,225307.5
1978-03-25,170,"Steve Martin","Lets Get Small",10,228936.9
1978-03-25,171,"Deniece Williams",Songbird,,
1978-03-25,172,"Wet Willie","Greatest Hits",10,247668.9
1978-03-25,173,Pockets,"Come Go With Us",8,267023.125
1978-03-25,174,"Joni Mitchell","Don Juan's Reckless Daughter",10,358365.0
1978-03-25,175,Slave,"The Hardness Of The World",8,291153.0
1978-03-25,176,"Village People","Macho Man",2,316619.5
1978-03-25,177,"Ray Charles","True To Life",,
1978-03-25,178,"The Beatles","Love Songs",12,222003.583333333
1978-03-25,179,"The Steve Miller Band","Fly Like An Eagle",2,213553.0
1978-03-25,180,"Tuff Darts","Tuff Darts!",12,185239.583333333
1978-03-25,181,"Dan Hicks","It Happened In One Bite",,
1978-03-25,182,Eagles,"Hotel California",9,340131.666666667
1978-03-25,183,Doucette,"Mama Let Him Play",11,229770.090909091
1978-03-25,184,"Pink Floyd","The Dark Side Of The Moon",10,257363.2
1978-03-25,185,Kongas,Africanism,,
1978-03-25,186,Rubicon,Rubicon,10,284608.9
1978-03-25,187,"James Taylor","Greatest Hits",12,207276.75
1978-03-25,188,"The Salsoul Orchestra","Up The Yellow Brick Road",,
1978-03-25,189,Foghat,"Foghat Live",6,425860.5
1978-03-25,190,Renaissance,"Song For All Seasons",8,335018.125
1978-03-25,191,"Mary Travers","It's In Everyone Of Us",,
1978-03-25,192,"Barry White","Barry White Sings For Someone You Love",7,349437.857142857
1978-03-25,193,"Fleetwood Mac","Fleetwood Mac",11,227002.090909091
1978-03-25,194,"George Duke","Reach For It",11,292194.727272727
1978-03-25,195,"Debby Boone","You Light Up My Life",12,198186.25
1978-03-25,196,"Millie Jackson","Feelin Bitchy",11,287607.0
1978-03-25,197,"Stevie Wonder","Songs In The Key Of Life",21,300142.428571429
1978-03-25,198,Soundtrack,"Star Wars",28,257901.928571429
1978-03-25,199,"Steeleye Span","Storm Force Ten",8,
1978-03-25,200,"Donny & Marie Osmond","Winng Combination",,
1978-04-01,1,Soundtrack,"Saturday Night Fever",21,224416.142857143
1978-04-01,2,"Eric Clapton",Slowhand,27,280855.407407407
1978-04-01,3,"Billy Joel","The Stranger",21,296449.238095238
1978-04-01,4,"Barry Manilow","Even Now",14,220591.428571429
1978-04-01,5,"Steely Dan",Aja,7,343028.142857143
1978-04-01,6,"George Benson","Weekend In L.a.",11,451363.727272727
1978-04-01,7,"Jackson Browne","Running On Empty",10,260547.7
1978-04-01,8,Kansas,"Point Of Know Return",12,252448.583333333
1978-04-01,9,Queen,"News Of The World",16,222138.0
1978-04-01,10,Styx,"The Grand Illusion",8,312237.875
1978-04-01,11,"Jefferson Starship",Earth,9,293372.777777778
1978-04-01,12,"Waylon & Willie","Waylon + Willie",11,220698.181818182
1978-04-01,13,"Roberta Flack","Blue Lights In The Basement",10,247782.3
1978-04-01,14,"Rod Stewart","Foot Loose + Fancy Free",8,334894.75
1978-04-01,15,"Earth, Wind & Fire","All 'n' All",11,212600.818181818
1978-04-01,16,"Ted Nugent","Double Live, Gonzo",11,462268.818181818
1978-04-01,17,"Natalie Cole",Thankful,8,266833.0
1978-04-01,18,"Fleetwood Mac",Rumours,58,
1978-04-01,19,"Rufus And Chaka Khan","Street Player",10,243778.4
1978-04-01,20,"Bootsy's Rubber Band","Bootsy? Player Of The Year",,
1978-04-01,21,Parliament,"Funkentelechy Vs. The Placebo Syndrome",6,443361.666666667
1978-04-01,22,"Bee Gees","Here At Last...Bee Gees...Live",18,281001.333333333
1978-04-01,23,"Bob Welch","French Kiss",12,181677.5
1978-04-01,24,"Chuck Mangione","Feels So Good",6,394279.5
1978-04-01,25,"Andy Gibb","Flowing Rivers",10,230314.2
1978-04-01,26,"Art Garfunkel",Watermark,12,201676.333333333
1978-04-01,27,"Maze Featuring Frankie Beverly","Golden Time Of Day",7,348787.285714286
1978-04-01,28,"Little Feat","Waiting For Columbus",27,277210.37037037
1978-04-01,29,"Dan Hill","Longer Fuse",10,239394.8
1978-04-01,30,Stargard,Stargard,10,252991.5
1978-04-01,31,Raydio,Raydio,8,255396.25
1978-04-01,32,"Warren Zevon","Excitable Boy",13,192266.384615385
1978-04-01,33,"Kenny Rogers","Ten Years Of Gold",10,207223.6
1978-04-01,34,Journey,Infinity,10,218869.0
1978-04-01,35,"Grover Washington, Jr.","Live At The Bijou",8,569455.875
1978-04-01,36,"Elvis Costello","My Aim Is True",13,173642.769230769
1978-04-01,37,"Barry Manilow","Barry Manilow Live",23,269442.47826087
1978-04-01,38,ABBA,"The Album",10,267333.1
1978-04-01,39,"Linda Ronstadt","Simple Dreams",10,198135.6
1978-04-01,40,"Peter Brown","Fantasy Love Affair",8,280169.625
1978-04-01,41,"Electric Light Orchestra","Out Of The Blue",17,250202.705882353
1978-04-01,42,"Santa Esmeralda","The House Of The Rising Sun",6,488090.833333333
1978-04-01,43,Chic,Chic,40,272391.575
1978-04-01,44,"Sea Level","Cats On The Coast",8,282299.75
1978-04-01,45,Player,Player,1,249608.0
1978-04-01,46,"Van Halen","Van Halen",11,214083.545454545
1978-04-01,47,"The Outlaws","Bring It Back Alive",12,380749.666666667
1978-04-01,48,"Lou Rawls","When You Hear Lou, You've Heard It All",10,225796.666666667
1978-04-01,49,"Eddie Money","Eddie Money",10,205046.3
1978-04-01,50,"Boz Scaggs","Down Two Then Left",10,257314.4
1978-04-01,51,"Samantha Sang",Emotion,10,221710.4
1978-04-01,52,"Roy Ayers Ubiquity","Let's Do It",,
1978-04-01,53,"Gordon Lightfoot","Endless Wire",10,231317.1
1978-04-01,54,Foreigner,Foreigner,12,240737.833333333
1978-04-01,55,Angel,"White Hot",10,226933.0
1978-04-01,56,KISS,"Alive Ii",20,223676.55
1978-04-01,57,"Lynyrd Skynyrd","Street Survivors",23,260330.043478261
1978-04-01,58,"Dolly Parton","Here You Come Again",10,178703.6
1978-04-01,59,Enchantment,"Once Upon A Dream",11,253853.181818182
1978-04-01,60,"Paul Simon","Greatest Hits, Ect.",11,
1978-04-01,61,"Yvonne Elliman","Night Flight",,
1978-04-01,62,"Ashford & Simpson","Send It",8,272839.5
1978-04-01,63,"Average White Band","Warmer Communications",11,408466.272727273
1978-04-01,64,"Shaun Cassidy","Born Late",10,192200.9
1978-04-01,65,"Leif Garrett","Leif Garrett",12,193593.0
1978-04-01,66,"The Manhattan Transfer",Pastiche,,
1978-04-01,67,"B.T. Express",Shout!,9,281184.777777778
1978-04-01,68,"Emmylou Harris","Quarter Moon In A Ten Cent Town",12,213896.333333333
1978-04-01,69,Commodores,"Commodores Live!",12,364219.666666667
1978-04-01,70,"Bob Weir","Heaven Help The Fool",,
1978-04-01,71,"Joe Sample","Rainbow Seeker",8,316418.0
1978-04-01,72,"Robert Palmer","Double Fun",9,236155.222222222
1978-04-01,73,"The Atlanta Rhythm Section","Champagne Jam",8,257114.625
1978-04-01,74,War,Galaxy,5,383439.6
1978-04-01,75,"Santa Esmeralda","Don't Let Me Be Misunderstood",7,483053.428571429
1978-04-01,76,"Johnny Mathis","You Light Up My Life",10,206814.4
1978-04-01,77,"Jay Ferguson","Thunder Island",10,240861.1
1978-04-01,78,"Meat Loaf","Bat Out Of Hell",7,408818.857142857
1978-04-01,79,Cameo,"We All Know Who We Are",7,318527.285714286
1978-04-01,80,"The Manhattans","There's No Good In Goodbye",17,235464.705882353
1978-04-01,81,"Andrew Gold","All This And Heaven Too",15,240712.666666667
1978-04-01,82,"Paul Davis","Singer Of Songs, Teller Of Tales",10,182175.7
1978-04-01,83,"Manfred Mann's Earth Band",Watch,11,297358.454545455
1978-04-01,84,"The Tubes","What Do You Want From Live",17,295408.294117647
1978-04-01,85,"Bob James",Heads,24,184667.041666667
1978-04-01,86,"Johnny Paycheck","Take This Job And Shove It",10,171726.9
1978-04-01,87,Blondie,"Plastic Letters",17,169032.588235294
1978-04-01,88,"Side Effect","Goin' Bananas",,
1978-04-01,89,"Little River Band","Diamantina Cocktail",11,233588.727272727
1978-04-01,90,"Herb Alpert And Hugh Masekela","Herb Albert + Hugh Masak",,
1978-04-01,91,"Wild Cherry","I Love My Music",,
1978-04-01,92,"Chick Corea","Mad Hatter",9,333441.222222222
1978-04-01,93,"Karla Bonoff","Karla Bonoff",10,216730.5
1978-04-01,94,"Neil Diamond","I'm Glad Your Here With Me Tonight",,
1978-04-01,95,"Noel Pointer","Hold On",7,328565.142857143
1978-04-01,96,Aerosmith,"Draw The Line",9,237785.0
1978-04-01,97,"Bionic Boogie","Bionic Boogie",10,354134.4
1978-04-01,98,"T.H.P. Orchestra","Two Hot For Love",,
1978-04-01,99,"Linda Ronstadt","Greatest Hits",17,195693.294117647
1978-04-01,100,Soundtrack,"Close Encounters Of A Third Kind",,
1978-04-01,101,"Peabo Bryson","Reaching For The Sky",8,289850.375
1978-04-01,102,"Bunny Sigler","Let Me Party With You",7,513683.285714286
1978-04-01,103,"The Ramones","Rocket To Russia",77,
1978-04-01,104,"Ralph MacDonald","The Path",,
1978-04-01,105,Horslips,Aliens,14,213504.428571429
1978-04-01,106,Sweet,"Level Headed",16,249570.0
1978-04-01,107,"Head East","Head East",9,290040.111111111
1978-04-01,108,"Shaun Cassidy","Shaun Cassidy",10,181727.2
1978-04-01,109,"Randy Newman","Little Criminals",12,192984.166666667
1978-04-01,110,"Tom Petty And The Heartbreakers","Tom Petty + The Heartbreakers",10,224259.7
1978-04-01,111,"Donna Summer","Once Upon A Time",16,256053.625
1978-04-01,112,"Tuxedo Junction","Tuxedo Junction",11,208694.272727273
1978-04-01,113,"Carole King","Her Greatest Hits",14,218827.357142857
1978-04-01,114,"Kris Kristofferson","Easter Island",10,218929.1
1978-04-01,115,"Be Bop Deluxe","Drastic Plastic",11,230705.181818182
1978-04-01,116,Tomita,Kosmos,8,396576.375
1978-04-01,117,Faze-O,"Riding High",7,274148.428571429
1978-04-01,118,"Dr. Buzzard's Original Savannah Band","Dr. Buzzards Original Savannah Band Meets King Pen",,
1978-04-01,119,"Village People","Macho Man",2,316619.5
1978-04-01,120,"The Oak Ridge Boys","Y'all Come Back Saloon",10,185538.4
1978-04-01,121,"Village People","Village People",6,286110.5
1978-04-01,122,Brick,Brick,34,240830.235294118
1978-04-01,123,"Stanley Turrentine","Westside Highway",,
1978-04-01,124,Heatwave,"Too Hot To Handle",9,257460.444444444
1978-04-01,125,Renaissance,"Song For All Seasons",8,335018.125
1978-04-01,126,Odyssey,Odyssey,12,258818.0
1978-04-01,127,Santana,Moonflower,16,294902.1875
1978-04-01,128,"Dave Mason","Let It Flow",10,225497.5
1978-04-01,129,"The Steve Miller Band","Book Of Dreams",,
1978-04-01,130,"Bachman-Turner Overdrive","Street Action",,
1978-04-01,131,Kayak,"Starlight Dancer",,
1978-04-01,132,"Crack The Sky","Safety In Numbers",7,306005.714285714
1978-04-01,133,"Michael Martin Murphey",Lonewolf,10,249455.6
1978-04-01,134,"The Rutles","The Rutles",20,147284.55
1978-04-01,135,"Crystal Gayle","We Must Believe In Magic",10,179463.7
1978-04-01,136,"Talking Heads","Talking Heads: 77",16,213942.0625
1978-04-01,137,"The Alan Parsons Project","I Robot",24,251897.375
1978-04-01,138,Boston,Boston,8,273423.0
1978-04-01,139,"KC And The Sunshine Band","Part 3",16,244078.875
1978-04-01,140,"The Trammps","Disco Inferno",6,427010.833333333
1978-04-01,141,"Claudja Barry",Cladja,,
1978-04-01,142,"Anne Murray","Let's Keep It That Way",10,197442.3
1978-04-01,143,"Robert Gordon","Fresh Fish Special",10,159002.4
1978-04-01,144,Eruption,Eruption,3,241643.0
1978-04-01,145,Eagles,"Their Greatest Hits 1971-1975",10,259820.4
1978-04-01,146,"Rita Coolidge",Anytime...anywhere,,
1978-04-01,147,ConFunkShun,Secrets,,
1978-04-01,148,"Alec R. Costandinos And The Synconic Orchestra","Romeo + Juliet",,
1978-04-01,149,"Bill Withers",Menagerie,9,256205.555555556
1978-04-01,150,Kongas,Africanism,,
1978-04-01,151,"The Salsoul Orchestra","Up The Yellow Brick Road",,
1978-04-01,152,"Mahogany Rush","Frank Marino & Mahogany Rush Live",14,265376.857142857
1978-04-01,153,"Pat Travers","Putting It Straight",8,277643.0
1978-04-01,154,Barkays,"Flying High On Your Love",,
1978-04-01,155,"Le Pamplemousse","Le Spank",,
1978-04-01,156,"LeBlanc & Carr","Midnight Light",10,220068.9
1978-04-01,157,Fotomaker,Fotomaker,10,225307.5
1978-04-01,158,Supertramp,Supertramp,22,291046.136363636
1978-04-01,159,"Dexter Wansel",Voyager,7,334984.428571429
1978-04-01,160,"Wet Willie","Greatest Hits",10,247668.9
1978-04-01,161,"Steve Martin","Lets Get Small",10,228936.9
1978-04-01,162,"Boz Scaggs","Silk Degrees",13,239546.461538462
1978-04-01,163,Meco,"Encounters Of Every Kind",,
1978-04-01,164,"High Inergy","Turnin' On",,
1978-04-01,165,"Dan Hicks","It Happened In One Bite",,
1978-04-01,166,"Rose Royce","Rose Royce II/In Full Bloom",,
1978-04-01,167,LTD,"Something To Love",9,261106.333333333
1978-04-01,168,"Vicki Sue Robinson","Half And Half",13,342309.461538462
1978-04-01,169,"Tuff Darts","Tuff Darts!",12,185239.583333333
1978-04-01,170,"The Beatles","Love Songs",12,222003.583333333
1978-04-01,171,"Deniece Williams",Songbird,,
1978-04-01,172,"The Sanford/Townsend Band",Duo-Glide,,
1978-04-01,173,Eagles,"Hotel California",9,340131.666666667
1978-04-01,174,"Joni Mitchell","Don Juan's Reckless Daughter",10,358365.0
1978-04-01,175,"Pink Floyd","The Dark Side Of The Moon",10,257363.2
1978-04-01,176,Rubicon,Rubicon,10,284608.9
1978-04-01,177,Pockets,"Come Go With Us",8,267023.125
1978-04-01,178,"James Taylor",JT,12,189260.75
1978-04-01,179,Doucette,"Mama Let Him Play",11,229770.090909091
1978-04-01,180,"The Steve Miller Band","Fly Like An Eagle",2,213553.0
1978-04-01,181,Commodores,Commodores,9,261407.0
1978-04-01,182,"Zubin Mehta","Star Wars And Close Encounters Of The Third Kind",,
1978-04-01,183,"The Babys","Broken Heart",10,225057.0
1978-04-01,184,"Ronnie Montrose","Open Fire",9,237907.777777778
1978-04-01,185,Starz,"Attention Shoppers",,
1978-04-01,186,"Larry Gatlin & The Gatlin Brothers","Love Is Just A Game",2,224819.5
1978-04-01,187,"James Taylor","Greatest Hits",12,207276.75
1978-04-01,188,"Mary Travers","It's In Everyone Of Us",,
1978-04-01,189,"Muddy Waters","I'm Ready",12,201601.833333333
1978-04-01,190,"The Blackbyrds",Action,7,288761.714285714
1978-04-01,191,"Sammy Hagar","Musical Chairs",10,208002.3
1978-04-01,192,T-Connection,"On Fire",8,342763.375
1978-04-01,193,"George Duke","Reach For It",11,292194.727272727
1978-04-01,194,"Debby Boone","You Light Up My Life",12,198186.25
1978-04-01,195,"Stevie Wonder","Songs In The Key Of Life",21,300142.428571429
1978-04-01,196,Soundtrack,"Star Wars",28,257901.928571429
1978-04-01,197,"Steeleye Span","Storm Force Ten",8,
1978-04-01,198,"The Dillman Band","The Daisy Dillman Band",10,242805.0
1978-04-01,199,Detective,"It Takes One To Know One",9,284387.888888889
1978-04-01,200,"Dan Hill","Hold On",10,204157.2
1978-04-08,1,Soundtrack,"Saturday Night Fever",21,224416.142857143
1978-04-08,2,"Eric Clapton",Slowhand,27,280855.407407407
1978-04-08,3,"Barry Manilow","Even Now",14,220591.428571429
1978-04-08,4,"Billy Joel","The Stranger",21,296449.238095238
1978-04-08,5,"Steely Dan",Aja,7,343028.142857143
1978-04-08,6,"George Benson","Weekend In L.a.",11,451363.727272727
1978-04-08,7,Kansas,"Point Of Know Return",12,252448.583333333
1978-04-08,8,"Jackson Browne","Running On Empty",10,260547.7
1978-04-08,9,"Jefferson Starship",Earth,9,293372.777777778
1978-04-08,10,Styx,"The Grand Illusion",8,312237.875
1978-04-08,11,"Roberta Flack","Blue Lights In The Basement",10,247782.3
1978-04-08,12,Queen,"News Of The World",16,222138.0
1978-04-08,13,"Rod Stewart","Foot Loose + Fancy Free",8,334894.75
1978-04-08,14,"Ted Nugent","Double Live, Gonzo",11,462268.818181818
1978-04-08,15,"Rufus And Chaka Khan","Street Player",10,243778.4
1978-04-08,16,"Natalie Cole",Thankful,8,266833.0
1978-04-08,17,"Waylon & Willie","Waylon + Willie",11,220698.181818182
1978-04-08,18,"Bootsy's Rubber Band","Bootsy? Player Of The Year",,
1978-04-08,19,"Bee Gees","Here At Last...Bee Gees...Live",18,281001.333333333
1978-04-08,20,"Chuck Mangione","Feels So Good",6,394279.5
1978-04-08,21,"Fleetwood Mac",Rumours,58,
1978-04-08,22,"Bob Welch","French Kiss",12,181677.5
1978-04-08,23,"Andy Gibb","Flowing Rivers",10,230314.2
1978-04-08,24,"Little Feat","Waiting For Columbus",27,277210.37037037
1978-04-08,25,"Warren Zevon","Excitable Boy",13,192266.384615385
1978-04-08,26,Parliament,"Funkentelechy Vs. The Placebo Syndrome",6,443361.666666667
1978-04-08,27,"The Atlanta Rhythm Section","Champagne Jam",8,257114.625
1978-04-08,28,Stargard,Stargard,10,252991.5
1978-04-08,29,Raydio,Raydio,8,255396.25
1978-04-08,30,"Earth, Wind & Fire","All 'n' All",11,212600.818181818
1978-04-08,31,"Art Garfunkel",Watermark,12,201676.333333333
1978-04-08,32,Journey,Infinity,10,218869.0
1978-04-08,33,"Kenny Rogers","Ten Years Of Gold",10,207223.6
1978-04-08,34,"Samantha Sang",Emotion,10,221710.4
1978-04-08,35,"Peter Brown","Fantasy Love Affair",8,280169.625
1978-04-08,36,"Barry Manilow","Barry Manilow Live",23,269442.47826087
1978-04-08,37,ABBA,"The Album",10,267333.1
1978-04-08,38,"Linda Ronstadt","Simple Dreams",10,198135.6
1978-04-08,39,Chic,Chic,40,272391.575
1978-04-08,40,"Electric Light Orchestra","Out Of The Blue",17,250202.705882353
1978-04-08,41,"Santa Esmeralda","The House Of The Rising Sun",6,488090.833333333
1978-04-08,42,"The Outlaws","Bring It Back Alive",12,380749.666666667
1978-04-08,43,"Roy Ayers Ubiquity","Let's Do It",,
1978-04-08,44,"Van Halen","Van Halen",11,214083.545454545
1978-04-08,45,Player,Player,1,249608.0
1978-04-08,46,"Lou Rawls","When You Hear Lou, You've Heard It All",10,225796.666666667
1978-04-08,47,"Eddie Money","Eddie Money",10,205046.3
1978-04-08,48,"Dan Hill","Longer Fuse",10,239394.8
1978-04-08,49,"Maze Featuring Frankie Beverly","Golden Time Of Day",7,348787.285714286
1978-04-08,50,"Gordon Lightfoot","Endless Wire",10,231317.1
1978-04-08,51,"Dolly Parton","Here You Come Again",10,178703.6
1978-04-08,52,"Robert Palmer","Double Fun",9,236155.222222222
1978-04-08,53,"Average White Band","Warmer Communications",11,408466.272727273
1978-04-08,54,"Yvonne Elliman","Night Flight",,
1978-04-08,55,"Sea Level","Cats On The Coast",8,282299.75
1978-04-08,56,"Johnny Mathis","You Light Up My Life",10,206814.4
1978-04-08,57,"Shaun Cassidy","Born Late",10,192200.9
1978-04-08,58,"Jimmy Buffett","Son Of A Son Of A Sailor",9,234222.0
1978-04-08,59,KISS,"Alive Ii",20,223676.55
1978-04-08,60,"Ashford & Simpson","Send It",8,272839.5
1978-04-08,61,Angel,"White Hot",10,226933.0
1978-04-08,62,"Grover Washington, Jr.","Live At The Bijou",8,569455.875
1978-04-08,63,"Leif Garrett","Leif Garrett",12,193593.0
1978-04-08,64,"Emmylou Harris","Quarter Moon In A Ten Cent Town",12,213896.333333333
1978-04-08,65,"Joe Sample","Rainbow Seeker",8,316418.0
1978-04-08,66,"The Manhattan Transfer",Pastiche,,
1978-04-08,67,"B.T. Express",Shout!,9,281184.777777778
1978-04-08,68,"Elvis Costello","My Aim Is True",13,173642.769230769
1978-04-08,69,Cameo,"We All Know Who We Are",7,318527.285714286
1978-04-08,70,"Bob Weir","Heaven Help The Fool",,
1978-04-08,71,"Carole King","Her Greatest Hits",14,218827.357142857
1978-04-08,72,"Village People","Macho Man",2,316619.5
1978-04-08,73,"Meat Loaf","Bat Out Of Hell",7,408818.857142857
1978-04-08,74,"Boz Scaggs","Down Two Then Left",10,257314.4
1978-04-08,75,"Jay Ferguson","Thunder Island",10,240861.1
1978-04-08,76,"Johnny Paycheck","Take This Job And Shove It",10,171726.9
1978-04-08,77,Blondie,"Plastic Letters",17,169032.588235294
1978-04-08,78,Foreigner,Foreigner,12,240737.833333333
1978-04-08,79,"Village People","Village People",6,286110.5
1978-04-08,80,"The Manhattans","There's No Good In Goodbye",17,235464.705882353
1978-04-08,81,"Andrew Gold","All This And Heaven Too",15,240712.666666667
1978-04-08,82,"Paul Davis","Singer Of Songs, Teller Of Tales",10,182175.7
1978-04-08,83,"The Tubes","What Do You Want From Live",17,295408.294117647
1978-04-08,84,"Wild Cherry","I Love My Music",,
1978-04-08,85,"Bob James",Heads,24,184667.041666667
1978-04-08,86,"Side Effect","Goin' Bananas",,
1978-04-08,87,"Karla Bonoff","Karla Bonoff",10,216730.5
1978-04-08,88,"Little River Band","Diamantina Cocktail",11,233588.727272727
1978-04-08,89,"Chick Corea","Mad Hatter",9,333441.222222222
1978-04-08,90,"Herb Alpert And Hugh Masekela","Herb Albert + Hugh Masak",,
1978-04-08,91,"Peabo Bryson","Reaching For The Sky",8,289850.375
1978-04-08,92,"Neil Diamond","I'm Glad Your Here With Me Tonight",,
1978-04-08,93,"Bionic Boogie","Bionic Boogie",10,354134.4
1978-04-08,94,"T.H.P. Orchestra","Two Hot For Love",,
1978-04-08,95,"Noel Pointer","Hold On",7,328565.142857143
1978-04-08,96,"Bunny Sigler","Let Me Party With You",7,513683.285714286
1978-04-08,97,"Ralph MacDonald","The Path",,
1978-04-08,98,Horslips,Aliens,14,213504.428571429
1978-04-08,99,"Linda Ronstadt","Greatest Hits",17,195693.294117647
1978-04-08,100,Soundtrack,"Close Encounters Of A Third Kind",,
1978-04-08,101,"Head East","Head East",9,290040.111111111
1978-04-08,102,"Tuxedo Junction","Tuxedo Junction",11,208694.272727273
1978-04-08,103,"The Ramones","Rocket To Russia",77,
1978-04-08,104,Sweet,"Level Headed",16,249570.0
1978-04-08,105,"Randy Newman","Little Criminals",12,192984.166666667
1978-04-08,106,"Kris Kristofferson","Easter Island",10,218929.1
1978-04-08,107,"Be Bop Deluxe","Drastic Plastic",11,230705.181818182
1978-04-08,108,Faze-O,"Riding High",7,274148.428571429
1978-04-08,109,"Donna Summer","Once Upon A Time",16,256053.625
1978-04-08,110,"Tom Petty And The Heartbreakers","Tom Petty + The Heartbreakers",10,224259.7
1978-04-08,111,"England Dan & John Ford Coley","Some Things Don't Come Easy",11,205510.090909091
1978-04-08,112,"Lynyrd Skynyrd","Street Survivors",23,260330.043478261
1978-04-08,113,"The Rutles","The Rutles",20,147284.55
1978-04-08,114,Renaissance,"Song For All Seasons",8,335018.125
1978-04-08,115,Tomita,Kosmos,8,396576.375
1978-04-08,116,Aerosmith,"Draw The Line",9,237785.0
1978-04-08,117,Enchantment,"Once Upon A Dream",11,253853.181818182
1978-04-08,118,Soundtrack,"American Hot Wax",,
1978-04-08,119,"Stanley Turrentine","Westside Highway",,
1978-04-08,120,"The Oak Ridge Boys","Y'all Come Back Saloon",10,185538.4
1978-04-08,121,Brick,Brick,34,240830.235294118
1978-04-08,122,"Michael Martin Murphey",Lonewolf,10,249455.6
1978-04-08,123,"Michael Franks","Burchfield Nines",8,282132.875
1978-04-08,124,Heatwave,"Too Hot To Handle",9,257460.444444444
1978-04-08,125,Kayak,"Starlight Dancer",,
1978-04-08,126,"Crack The Sky","Safety In Numbers",7,306005.714285714
1978-04-08,127,Santana,Moonflower,16,294902.1875
1978-04-08,128,"Dave Mason","Let It Flow",10,225497.5
1978-04-08,129,"The Steve Miller Band","Book Of Dreams",,
1978-04-08,130,"Robert Gordon","Fresh Fish Special",10,159002.4
1978-04-08,131,"Crystal Gayle","We Must Believe In Magic",10,179463.7
1978-04-08,132,"Pat Travers","Putting It Straight",8,277643.0
1978-04-08,133,"Lou Reed","Street Hassle",8,321179.625
1978-04-08,134,Eruption,Eruption,3,241643.0
1978-04-08,135,"Paul Simon","Greatest Hits, Ect.",11,
1978-04-08,136,"The Trammps","Disco Inferno",6,427010.833333333
1978-04-08,137,Fotomaker,Fotomaker,10,225307.5
1978-04-08,138,"Alec R. Costandinos And The Synconic Orchestra","Romeo + Juliet",,
1978-04-08,139,Kongas,Africanism,,
1978-04-08,140,"The Salsoul Orchestra","Up The Yellow Brick Road",,
1978-04-08,141,"Claudja Barry",Cladja,,
1978-04-08,142,"Anne Murray","Let's Keep It That Way",10,197442.3
1978-04-08,143,"Mahogany Rush","Frank Marino & Mahogany Rush Live",14,265376.857142857
1978-04-08,144,"Hubert Laws","Say It With Silence",5,399045.2
1978-04-08,145,Commodores,"Commodores Live!",12,364219.666666667
1978-04-08,146,"LeBlanc & Carr","Midnight Light",10,220068.9
1978-04-08,147,ConFunkShun,Secrets,,
1978-04-08,148,Barkays,"Flying High On Your Love",,
1978-04-08,149,"Bill Withers",Menagerie,9,256205.555555556
1978-04-08,150,"Dexter Wansel",Voyager,7,334984.428571429
1978-04-08,151,"Maria Muldaur","Southern Winds",,
1978-04-08,152,War,Galaxy,5,383439.6
1978-04-08,153,"Santa Esmeralda","Don't Let Me Be Misunderstood",7,483053.428571429
1978-04-08,154,"Manfred Mann's Earth Band",Watch,11,297358.454545455
1978-04-08,155,"Shaun Cassidy","Shaun Cassidy",10,181727.2
1978-04-08,156,Ubiquity,"Star Booty",,
1978-04-08,157,Rubicon,Rubicon,10,284608.9
1978-04-08,158,"Tuff Darts","Tuff Darts!",12,185239.583333333
1978-04-08,159,"High Inergy","Turnin' On",,
1978-04-08,160,"Wet Willie","Greatest Hits",10,247668.9
1978-04-08,161,"Steve Martin","Lets Get Small",10,228936.9
1978-04-08,162,"Boz Scaggs","Silk Degrees",13,239546.461538462
1978-04-08,163,"Patti Smith",Easter,12,219943.0
1978-04-08,164,Eagles,"Hotel California",9,340131.666666667
1978-04-08,165,"Dan Hicks","It Happened In One Bite",,
1978-04-08,166,"Talking Heads","Talking Heads: 77",16,213942.0625
1978-04-08,167,"Rose Royce","Rose Royce II/In Full Bloom",,
1978-04-08,168,"Pink Floyd","The Dark Side Of The Moon",10,257363.2
1978-04-08,169,Doucette,"Mama Let Him Play",11,229770.090909091
1978-04-08,170,"The Beatles","Love Songs",12,222003.583333333
1978-04-08,171,"Bee Gees","Bee Gees Gold, Volume One",,
1978-04-08,172,"Dr. Buzzard's Original Savannah Band","Dr. Buzzards Original Savannah Band Meets King Pen",,
1978-04-08,173,"Bee Gees","Children Of The World",10,233478.4
1978-04-08,174,Odyssey,Odyssey,12,258818.0
1978-04-08,175,"Ronnie Montrose","Open Fire",9,237907.777777778
1978-04-08,176,"Bachman-Turner Overdrive","Street Action",,
1978-04-08,177,"The Alan Parsons Project","I Robot",24,251897.375
1978-04-08,178,"Vicki Sue Robinson","Half And Half",13,342309.461538462
1978-04-08,179,Boston,Boston,8,273423.0
1978-04-08,180,"Zubin Mehta","Star Wars And Close Encounters Of The Third Kind",,
1978-04-08,181,"KC And The Sunshine Band","Part 3",16,244078.875
1978-04-08,182,Eagles,"Their Greatest Hits 1971-1975",10,259820.4
1978-04-08,183,"Rita Coolidge",Anytime...anywhere,,
1978-04-08,184,"Larry Gatlin & The Gatlin Brothers","Love Is Just A Game",2,224819.5
1978-04-08,185,Starz,"Attention Shoppers",,
1978-04-08,186,"Mary Travers","It's In Everyone Of Us",,
1978-04-08,187,"Debby Boone","You Light Up My Life",12,198186.25
1978-04-08,188,"The Blackbyrds",Action,7,288761.714285714
1978-04-08,189,"Marlena Shaw","Acting Up",10,243995.7
1978-04-08,190,"Judas Priest","Stained Class",11,294868.727272727
1978-04-08,191,"Steeleye Span","Storm Force Ten",8,
1978-04-08,192,"USA-European Connection","Come Into My Heart",6,573759.666666667
1978-04-08,193,"George Duke","Reach For It",11,292194.727272727
1978-04-08,194,Soundtrack,"Star Wars",28,257901.928571429
1978-04-08,195,Voyage,Voyage,12,223758.25
1978-04-08,196,"Dan Hill","Hold On",10,204157.2
1978-04-08,197,Godz,Godz,10,209750.3
1978-04-08,198,"The Dillman Band","The Daisy Dillman Band",10,242805.0
1978-04-08,199,"Jan Akkerman","Jan Akkerman",8,433938.125
1978-04-08,200,Meco,"Encounters Of Every Kind",,
1978-04-15,1,Soundtrack,"Saturday Night Fever",21,224416.142857143
1978-04-15,2,"Eric Clapton",Slowhand,27,280855.407407407
1978-04-15,3,"Barry Manilow","Even Now",14,220591.428571429
1978-04-15,4,"Billy Joel","The Stranger",21,296449.238095238
1978-04-15,5,"George Benson","Weekend In L.a.",11,451363.727272727
1978-04-15,6,Kansas,"Point Of Know Return",12,252448.583333333
1978-04-15,7,"Jefferson Starship",Earth,9,293372.777777778
1978-04-15,8,"Steely Dan",Aja,7,343028.142857143
1978-04-15,9,"Jackson Browne","Running On Empty",10,260547.7
1978-04-15,10,"Roberta Flack","Blue Lights In The Basement",10,247782.3
1978-04-15,11,Styx,"The Grand Illusion",8,312237.875
1978-04-15,12,"Rod Stewart","Foot Loose + Fancy Free",8,334894.75
1978-04-15,13,"Ted Nugent","Double Live, Gonzo",11,462268.818181818
1978-04-15,14,"Rufus And Chaka Khan","Street Player",10,243778.4
1978-04-15,15,Queen,"News Of The World",16,222138.0
1978-04-15,16,"Bootsy's Rubber Band","Bootsy? Player Of The Year",,
1978-04-15,17,"Bee Gees","Here At Last...Bee Gees...Live",18,281001.333333333
1978-04-15,18,"Chuck Mangione","Feels So Good",6,394279.5
1978-04-15,19,"Bob Welch","French Kiss",12,181677.5
1978-04-15,20,Wings,"London Town",14,219551.071428571
1978-04-15,21,"Andy Gibb","Flowing Rivers",10,230314.2
1978-04-15,22,"Little Feat","Waiting For Columbus",27,277210.37037037
1978-04-15,23,"Warren Zevon","Excitable Boy",13,192266.384615385
1978-04-15,24,"The Atlanta Rhythm Section","Champagne Jam",8,257114.625
1978-04-15,25,Parliament,"Funkentelechy Vs. The Placebo Syndrome",6,443361.666666667
1978-04-15,26,"Fleetwood Mac",Rumours,58,
1978-04-15,27,Stargard,Stargard,10,252991.5
1978-04-15,28,Raydio,Raydio,8,255396.25
1978-04-15,29,Journey,Infinity,10,218869.0
1978-04-15,30,"Samantha Sang",Emotion,10,221710.4
1978-04-15,31,"Peter Brown","Fantasy Love Affair",8,280169.625
1978-04-15,32,"Jimmy Buffett","Son Of A Son Of A Sailor",9,234222.0
1978-04-15,33,"Natalie Cole",Thankful,8,266833.0
1978-04-15,34,"Van Halen","Van Halen",11,214083.545454545
1978-04-15,35,"The Outlaws","Bring It Back Alive",12,380749.666666667
1978-04-15,36,ABBA,"The Album",10,267333.1
1978-04-15,37,"Waylon & Willie","Waylon + Willie",11,220698.181818182
1978-04-15,38,"Roy Ayers Ubiquity","Let's Do It",,
1978-04-15,39,Chic,Chic,40,272391.575
1978-04-15,40,"Electric Light Orchestra","Out Of The Blue",17,250202.705882353
1978-04-15,41,"Santa Esmeralda","The House Of The Rising Sun",6,488090.833333333
1978-04-15,42,"Average White Band","Warmer Communications",11,408466.272727273
1978-04-15,43,"Eddie Money","Eddie Money",10,205046.3
1978-04-15,44,"Lou Rawls","When You Hear Lou, You've Heard It All",10,225796.666666667
1978-04-15,45,Player,Player,1,249608.0
1978-04-15,46,"Dolly Parton","Here You Come Again",10,178703.6
1978-04-15,47,"Robert Palmer","Double Fun",9,236155.222222222
1978-04-15,48,"Yvonne Elliman","Night Flight",,
1978-04-15,49,"Johnny Mathis","You Light Up My Life",10,206814.4
1978-04-15,50,"Dan Hill","Longer Fuse",10,239394.8
1978-04-15,51,Genesis,"And Then There Were Three",11,292278.363636364
1978-04-15,52,"Linda Ronstadt","Simple Dreams",10,198135.6
1978-04-15,53,"Earth, Wind & Fire","All 'n' All",11,212600.818181818
1978-04-15,54,"Art Garfunkel",Watermark,12,201676.333333333
1978-04-15,55,"Village People","Macho Man",2,316619.5
1978-04-15,56,"Ashford & Simpson","Send It",8,272839.5
1978-04-15,57,"Shaun Cassidy","Born Late",10,192200.9
1978-04-15,58,KISS,"Alive Ii",20,223676.55
1978-04-15,59,"Gordon Lightfoot","Endless Wire",10,231317.1
1978-04-15,60,Angel,"White Hot",10,226933.0
1978-04-15,61,"Leif Garrett","Leif Garrett",12,193593.0
1978-04-15,62,"Grover Washington, Jr.","Live At The Bijou",8,569455.875
1978-04-15,63,Cameo,"We All Know Who We Are",7,318527.285714286
1978-04-15,64,"Emmylou Harris","Quarter Moon In A Ten Cent Town",12,213896.333333333
1978-04-15,65,"Joe Sample","Rainbow Seeker",8,316418.0
1978-04-15,66,"Carole King","Her Greatest Hits",14,218827.357142857
1978-04-15,67,"Village People","Village People",6,286110.5
1978-04-15,68,"Elvis Costello","My Aim Is True",13,173642.769230769
1978-04-15,69,"Bob Weir","Heaven Help The Fool",,
1978-04-15,70,"Meat Loaf","Bat Out Of Hell",7,408818.857142857
1978-04-15,71,"Kenny Rogers","Ten Years Of Gold",10,207223.6
1978-04-15,72,Blondie,"Plastic Letters",17,169032.588235294
1978-04-15,73,"The Rutles","The Rutles",20,147284.55
1978-04-15,74,"Jay Ferguson","Thunder Island",10,240861.1
1978-04-15,75,"Barry Manilow","Barry Manilow Live",23,269442.47826087
1978-04-15,76,"Johnny Paycheck","Take This Job And Shove It",10,171726.9
1978-04-15,77,Soundtrack,"American Hot Wax",,
1978-04-15,78,"The Manhattans","There's No Good In Goodbye",17,235464.705882353
1978-04-15,79,"Chick Corea","Mad Hatter",9,333441.222222222
1978-04-15,80,"Peabo Bryson","Reaching For The Sky",8,289850.375
1978-04-15,81,"Andrew Gold","All This And Heaven Too",15,240712.666666667
1978-04-15,82,"The Tubes","What Do You Want From Live",17,295408.294117647
1978-04-15,83,"T.H.P. Orchestra","Two Hot For Love",,
1978-04-15,84,"Ralph MacDonald","The Path",,
1978-04-15,85,"Bob James",Heads,24,184667.041666667
1978-04-15,86,"Bunny Sigler","Let Me Party With You",7,513683.285714286
1978-04-15,87,"Karla Bonoff","Karla Bonoff",10,216730.5
1978-04-15,88,"England Dan & John Ford Coley","Some Things Don't Come Easy",11,205510.090909091
1978-04-15,89,"Head East","Head East",9,290040.111111111
1978-04-15,90,"Neil Diamond","I'm Glad Your Here With Me Tonight",,
1978-04-15,91,"Bionic Boogie","Bionic Boogie",10,354134.4
1978-04-15,92,"Maze Featuring Frankie Beverly","Golden Time Of Day",7,348787.285714286
1978-04-15,93,"Tuxedo Junction","Tuxedo Junction",11,208694.272727273
1978-04-15,94,Renaissance,"Song For All Seasons",8,335018.125
1978-04-15,95,"Frank Zappa","Zappa In New York",15,447057.4
1978-04-15,96,"Kris Kristofferson","Easter Island",10,218929.1
1978-04-15,97,"Be Bop Deluxe","Drastic Plastic",11,230705.181818182
1978-04-15,98,Horslips,Aliens,14,213504.428571429
1978-04-15,99,"Linda Ronstadt","Greatest Hits",17,195693.294117647
1978-04-15,100,"Elvis Costello","This Years Model",13,183699.230769231
1978-04-15,101,"Sea Level","Cats On The Coast",8,282299.75
1978-04-15,102,"Paul Davis","Singer Of Songs, Teller Of Tales",10,182175.7
1978-04-15,103,"B.T. Express",Shout!,9,281184.777777778
1978-04-15,104,Faze-O,"Riding High",7,274148.428571429
1978-04-15,105,"Randy Newman","Little Criminals",12,192984.166666667
1978-04-15,106,"Stanley Turrentine","Westside Highway",,
1978-04-15,107,"Donna Summer","Once Upon A Time",16,256053.625
1978-04-15,108,"The Manhattan Transfer",Pastiche,,
1978-04-15,109,"Michael Martin Murphey",Lonewolf,10,249455.6
1978-04-15,110,"Patti Smith",Easter,12,219943.0
1978-04-15,111,"Noel Pointer","Hold On",7,328565.142857143
1978-04-15,112,Aerosmith,"Draw The Line",9,237785.0
1978-04-15,113,"The Ramones","Rocket To Russia",77,
1978-04-15,114,"Michael Franks","Burchfield Nines",8,282132.875
1978-04-15,115,"Boz Scaggs","Down Two Then Left",10,257314.4
1978-04-15,116,"Lynyrd Skynyrd","Street Survivors",23,260330.043478261
1978-04-15,117,Enchantment,"Once Upon A Dream",11,253853.181818182
1978-04-15,118,"Alec R. Costandinos And The Synconic Orchestra","Romeo + Juliet",,
1978-04-15,119,"Pat Travers","Putting It Straight",8,277643.0
1978-04-15,120,"Herb Alpert And Hugh Masekela","Herb Albert + Hugh Masak",,
1978-04-15,121,Kayak,"Starlight Dancer",,
1978-04-15,122,Heatwave,"Too Hot To Handle",9,257460.444444444
1978-04-15,123,Charlie,Lines,12,222009.25
1978-04-15,124,"Crack The Sky","Safety In Numbers",7,306005.714285714
1978-04-15,125,"Lou Reed","Street Hassle",8,321179.625
1978-04-15,126,"Robert Gordon","Fresh Fish Special",10,159002.4
1978-04-15,127,"The Salsoul Orchestra","Up The Yellow Brick Road",,
1978-04-15,128,Fotomaker,Fotomaker,10,225307.5
1978-04-15,129,Kongas,Africanism,,
1978-04-15,130,"John Denver","I Want To Live",11,235995.909090909
1978-04-15,131,"Claudja Barry",Cladja,,
1978-04-15,132,"The Trammps","Disco Inferno",6,427010.833333333
1978-04-15,133,Eruption,Eruption,3,241643.0
1978-04-15,134,"Hubert Laws","Say It With Silence",5,399045.2
1978-04-15,135,"Mahogany Rush","Frank Marino & Mahogany Rush Live",14,265376.857142857
1978-04-15,136,"Crystal Gayle","We Must Believe In Magic",10,179463.7
1978-04-15,137,"Jerry Garcia","Cats Under The Stars",15,315111.133333333
1978-04-15,138,"Anne Murray","Let's Keep It That Way",10,197442.3
1978-04-15,139,"The Steve Miller Band","Book Of Dreams",,
1978-04-15,140,"Dexter Wansel",Voyager,7,334984.428571429
1978-04-15,141,Commodores,"Commodores Live!",12,364219.666666667
1978-04-15,142,Rush,Archives,,
1978-04-15,143,"Maria Muldaur","Southern Winds",,
1978-04-15,144,Barkays,"Flying High On Your Love",,
1978-04-15,145,"LeBlanc & Carr","Midnight Light",10,220068.9
1978-04-15,146,"Side Effect","Goin' Bananas",,
1978-04-15,147,ConFunkShun,Secrets,,
1978-04-15,148,Ubiquity,"Star Booty",,
1978-04-15,149,"Bill Withers",Menagerie,9,256205.555555556
1978-04-15,150,"Hot Tuna","Double Dose",15,325481.533333333
1978-04-15,151,Rubicon,Rubicon,10,284608.9
1978-04-15,152,War,Galaxy,5,383439.6
1978-04-15,153,Foreigner,Foreigner,12,240737.833333333
1978-04-15,154,"Bee Gees","Bee Gees Gold, Volume One",,
1978-04-15,155,"Little River Band","Diamantina Cocktail",11,233588.727272727
1978-04-15,156,"Tuff Darts","Tuff Darts!",12,185239.583333333
1978-04-15,157,Eagles,"Hotel California",9,340131.666666667
1978-04-15,158,"Wet Willie","Greatest Hits",10,247668.9
1978-04-15,159,"High Inergy","Turnin' On",,
1978-04-15,160,"Watsonian Institute","Master Funk",,
1978-04-15,161,"Steve Martin","Lets Get Small",10,228936.9
1978-04-15,162,"Boz Scaggs","Silk Degrees",13,239546.461538462
1978-04-15,163,"Bee Gees","Children Of The World",10,233478.4
1978-04-15,164,"Wild Cherry","I Love My Music",,
1978-04-15,165,Soundtrack,"The Rocky Horror Picture Show",16,201972.9375
1978-04-15,166,Doucette,"Mama Let Him Play",11,229770.090909091
1978-04-15,167,Soundtrack,"Close Encounters Of A Third Kind",,
1978-04-15,168,"Pink Floyd","The Dark Side Of The Moon",10,257363.2
1978-04-15,169,Sweet,"Level Headed",16,249570.0
1978-04-15,170,"The Beatles","Love Songs",12,222003.583333333
1978-04-15,171,"Tom Petty And The Heartbreakers","Tom Petty + The Heartbreakers",10,224259.7
1978-04-15,172,Tomita,Kosmos,8,396576.375
1978-04-15,173,"The Oak Ridge Boys","Y'all Come Back Saloon",10,185538.4
1978-04-15,174,Odyssey,Odyssey,12,258818.0
1978-04-15,175,"Ronnie Montrose","Open Fire",9,237907.777777778
1978-04-15,176,"Judas Priest","Stained Class",11,294868.727272727
1978-04-15,177,"Marlena Shaw","Acting Up",10,243995.7
1978-04-15,178,Eagles,"Their Greatest Hits 1971-1975",10,259820.4
1978-04-15,179,"Zubin Mehta","Star Wars And Close Encounters Of The Third Kind",,
1978-04-15,180,"Amazing Rhythm Aces","Burning The Ballroom Down",9,249131.555555556
1978-04-15,181,Soundtrack,"Star Wars",28,257901.928571429
1978-04-15,182,Voyage,Voyage,12,223758.25
1978-04-15,183,"USA-European Connection","Come Into My Heart",6,573759.666666667
1978-04-15,184,"The Blackbyrds",Action,7,288761.714285714
1978-04-15,185,"Garland Jeffreys","One Eyed Jack",10,235710.3
1978-04-15,186,"Talking Heads","Talking Heads: 77",16,213942.0625
1978-04-15,187,"Debby Boone","You Light Up My Life",12,198186.25
1978-04-15,188,"Smokey Robinson","Love Breeze",8,278439.625
1978-04-15,189,"Paul McCartney And Wings","Wings Over America",,
1978-04-15,190,"Walter Egan","Not Shy",10,212195.7
1978-04-15,191,"Dan Hill","Hold On",10,204157.2
1978-04-15,192,Godz,Godz,10,209750.3
1978-04-15,193,Brick,Brick,34,240830.235294118
1978-04-15,194,Santana,Moonflower,16,294902.1875
1978-04-15,195,"Dave Mason","Let It Flow",10,225497.5
1978-04-15,196,"Paul Simon","Greatest Hits, Ect.",11,
1978-04-15,197,"Santa Esmeralda","Don't Let Me Be Misunderstood",7,483053.428571429
1978-04-15,198,"Jan Akkerman","Jan Akkerman",8,433938.125
1978-04-15,199,"Manfred Mann's Earth Band",Watch,11,297358.454545455
1978-04-15,200,"Shaun Cassidy","Shaun Cassidy",10,181727.2
1978-04-22,1,Soundtrack,"Saturday Night Fever",21,224416.142857143
1978-04-22,2,"Eric Clapton",Slowhand,27,280855.407407407
1978-04-22,3,"Barry Manilow","Even Now",14,220591.428571429
1978-04-22,4,"Billy Joel","The Stranger",21,296449.238095238
1978-04-22,5,"George Benson","Weekend In L.a.",11,451363.727272727
1978-04-22,6,Kansas,"Point Of Know Return",12,252448.583333333
1978-04-22,7,"Jefferson Starship",Earth,9,293372.777777778
1978-04-22,8,Wings,"London Town",14,219551.071428571
1978-04-22,9,"Roberta Flack","Blue Lights In The Basement",10,247782.3
1978-04-22,10,"Steely Dan",Aja,7,343028.142857143
1978-04-22,11,Styx,"The Grand Illusion",8,312237.875
1978-04-22,12,"Jackson Browne","Running On Empty",10,260547.7
1978-04-22,13,"Warren Zevon","Excitable Boy",13,192266.384615385
1978-04-22,14,"Rufus And Chaka Khan","Street Player",10,243778.4
1978-04-22,15,"Chuck Mangione","Feels So Good",6,394279.5
1978-04-22,16,"Bootsy's Rubber Band","Bootsy? Player Of The Year",,
1978-04-22,17,"Bee Gees","Here At Last...Bee Gees...Live",18,281001.333333333
1978-04-22,18,"Bob Welch","French Kiss",12,181677.5
1978-04-22,19,"Andy Gibb","Flowing Rivers",10,230314.2
1978-04-22,20,"Little Feat","Waiting For Columbus",27,277210.37037037
1978-04-22,21,"The Atlanta Rhythm Section","Champagne Jam",8,257114.625
1978-04-22,22,"Jimmy Buffett","Son Of A Son Of A Sailor",9,234222.0
1978-04-22,23,"Rod Stewart","Foot Loose + Fancy Free",8,334894.75
1978-04-22,24,Parliament,"Funkentelechy Vs. The Placebo Syndrome",6,443361.666666667
1978-04-22,25,Journey,Infinity,10,218869.0
1978-04-22,26,Stargard,Stargard,10,252991.5
1978-04-22,27,Raydio,Raydio,8,255396.25
1978-04-22,28,"Peter Brown","Fantasy Love Affair",8,280169.625
1978-04-22,29,"Samantha Sang",Emotion,10,221710.4
1978-04-22,30,"Johnny Mathis","You Light Up My Life",10,206814.4
1978-04-22,31,"Van Halen","Van Halen",11,214083.545454545
1978-04-22,32,"Natalie Cole",Thankful,8,266833.0
1978-04-22,33,"The Outlaws","Bring It Back Alive",12,380749.666666667
1978-04-22,34,"Roy Ayers Ubiquity","Let's Do It",,
1978-04-22,35,Queen,"News Of The World",16,222138.0
1978-04-22,36,"Average White Band","Warmer Communications",11,408466.272727273
1978-04-22,37,"Eddie Money","Eddie Money",10,205046.3
1978-04-22,38,"Electric Light Orchestra","Out Of The Blue",17,250202.705882353
1978-04-22,39,Chic,Chic,40,272391.575
1978-04-22,40,"The Isley Brothers",Showdown,13,303314.692307692
1978-04-22,41,"Dolly Parton","Here You Come Again",10,178703.6
1978-04-22,42,"Lou Rawls","When You Hear Lou, You've Heard It All",10,225796.666666667
1978-04-22,43,"Yvonne Elliman","Night Flight",,
1978-04-22,44,Genesis,"And Then There Were Three",11,292278.363636364
1978-04-22,45,Player,Player,1,249608.0
1978-04-22,46,"Robert Palmer","Double Fun",9,236155.222222222
1978-04-22,47,ABBA,"The Album",10,267333.1
1978-04-22,48,"Ted Nugent","Double Live, Gonzo",11,462268.818181818
1978-04-22,49,"Village People","Macho Man",2,316619.5
1978-04-22,50,"Elvis Costello","This Years Model",13,183699.230769231
1978-04-22,51,Soundtrack,"American Hot Wax",,
1978-04-22,52,"Linda Ronstadt","Simple Dreams",10,198135.6
1978-04-22,53,"Earth, Wind & Fire","All 'n' All",11,212600.818181818
1978-04-22,54,"Fleetwood Mac",Rumours,58,
1978-04-22,55,"Meat Loaf","Bat Out Of Hell",7,408818.857142857
1978-04-22,56,"Carole King","Her Greatest Hits",14,218827.357142857
1978-04-22,57,"Village People","Village People",6,286110.5
1978-04-22,58,Cameo,"We All Know Who We Are",7,318527.285714286
1978-04-22,59,"Grover Washington, Jr.","Live At The Bijou",8,569455.875
1978-04-22,60,"Leif Garrett","Leif Garrett",12,193593.0
1978-04-22,61,"Waylon & Willie","Waylon + Willie",11,220698.181818182
1978-04-22,62,Heart,Magazine,8,294266.25
1978-04-22,63,"Joe Sample","Rainbow Seeker",8,316418.0
1978-04-22,64,"Barry Manilow","Barry Manilow Live",23,269442.47826087
1978-04-22,65,"Frank Zappa","Zappa In New York",15,447057.4
1978-04-22,66,"Kenny Rogers","Ten Years Of Gold",10,207223.6
1978-04-22,67,"The Rutles","The Rutles",20,147284.55
1978-04-22,68,"Chick Corea","Mad Hatter",9,333441.222222222
1978-04-22,69,"Peabo Bryson","Reaching For The Sky",8,289850.375
1978-04-22,70,"Dan Hill","Longer Fuse",10,239394.8
1978-04-22,71,KISS,"Alive Ii",20,223676.55
1978-04-22,72,"Jay Ferguson","Thunder Island",10,240861.1
1978-04-22,73,"T.H.P. Orchestra","Two Hot For Love",,
1978-04-22,74,"Johnny Paycheck","Take This Job And Shove It",10,171726.9
1978-04-22,75,"Ralph MacDonald","The Path",,
1978-04-22,76,"Stanley Turrentine","Westside Highway",,
1978-04-22,77,"Bunny Sigler","Let Me Party With You",7,513683.285714286
1978-04-22,78,"The Manhattans","There's No Good In Goodbye",17,235464.705882353
1978-04-22,79,"England Dan & John Ford Coley","Some Things Don't Come Easy",11,205510.090909091
1978-04-22,80,"Patti Smith",Easter,12,219943.0
1978-04-22,81,"Andrew Gold","All This And Heaven Too",15,240712.666666667
1978-04-22,82,"Head East","Head East",9,290040.111111111
1978-04-22,83,"Tuxedo Junction","Tuxedo Junction",11,208694.272727273
1978-04-22,84,Renaissance,"Song For All Seasons",8,335018.125
1978-04-22,85,"Art Garfunkel",Watermark,12,201676.333333333
1978-04-22,86,"Kris Kristofferson","Easter Island",10,218929.1
1978-04-22,87,"Maze Featuring Frankie Beverly","Golden Time Of Day",7,348787.285714286
1978-04-22,88,"Carly Simon","Boys In The Trees",11,197341.454545455
1978-04-22,89,"Neil Diamond","I'm Glad Your Here With Me Tonight",,
1978-04-22,90,"Bob James",Heads,24,184667.041666667
1978-04-22,91,"Bionic Boogie","Bionic Boogie",10,354134.4
1978-04-22,92,"The Tubes","What Do You Want From Live",17,295408.294117647
1978-04-22,93,"Santa Esmeralda","The House Of The Rising Sun",6,488090.833333333
1978-04-22,94,"Michael Franks","Burchfield Nines",8,282132.875
1978-04-22,95,"Be Bop Deluxe","Drastic Plastic",11,230705.181818182
1978-04-22,96,"Emmylou Harris","Quarter Moon In A Ten Cent Town",12,213896.333333333
1978-04-22,97,"Linda Ronstadt","Greatest Hits",17,195693.294117647
1978-04-22,98,"Gordon Lightfoot","Endless Wire",10,231317.1
1978-04-22,99,"Michael Martin Murphey",Lonewolf,10,249455.6
1978-04-22,100,Heatwave,"Central Heating",9,277429.333333333
1978-04-22,101,Faze-O,"Riding High",7,274148.428571429
1978-04-22,102,"Elvis Costello","My Aim Is True",13,173642.769230769
1978-04-22,103,"Randy Newman","Little Criminals",12,192984.166666667
1978-04-22,104,"Donna Summer","Once Upon A Time",16,256053.625
1978-04-22,105,"Ashford & Simpson","Send It",8,272839.5
1978-04-22,106,"Hubert Laws","Say It With Silence",5,399045.2
1978-04-22,107,"Lou Reed","Street Hassle",8,321179.625
1978-04-22,108,"Alec R. Costandinos And The Synconic Orchestra","Romeo + Juliet",,
1978-04-22,109,"Pat Travers","Putting It Straight",8,277643.0
1978-04-22,110,"Herb Alpert And Hugh Masekela","Herb Albert + Hugh Masak",,
1978-04-22,111,"Shaun Cassidy","Born Late",10,192200.9
1978-04-22,112,Aerosmith,"Draw The Line",9,237785.0
1978-04-22,113,Charlie,Lines,12,222009.25
1978-04-22,114,Fotomaker,Fotomaker,10,225307.5
1978-04-22,115,Enchantment,"Once Upon A Dream",11,253853.181818182
1978-04-22,116,"Lynyrd Skynyrd","Street Survivors",23,260330.043478261
1978-04-22,117,Kayak,"Starlight Dancer",,
1978-04-22,118,Heatwave,"Too Hot To Handle",9,257460.444444444
1978-04-22,119,"The Salsoul Orchestra","Up The Yellow Brick Road",,
1978-04-22,120,Kongas,Africanism,,
1978-04-22,121,"John Denver","I Want To Live",11,235995.909090909
1978-04-22,122,"Paul Davis","Singer Of Songs, Teller Of Tales",10,182175.7
1978-04-22,123,"Bob Marley And The Wailers",Kaya,11,228344.727272727
1978-04-22,124,"Robert Gordon","Fresh Fish Special",10,159002.4
1978-04-22,125,"Jerry Garcia","Cats Under The Stars",15,315111.133333333
1978-04-22,126,"Tower Of Power","We Came To Play",9,238916.777777778
1978-04-22,127,"Lonnie Liston Smith",Loveland,8,277390.375
1978-04-22,128,Voyage,Voyage,12,223758.25
1978-04-22,129,"Mahogany Rush","Frank Marino & Mahogany Rush Live",14,265376.857142857
1978-04-22,130,"The Trammps","Disco Inferno",6,427010.833333333
1978-04-22,131,"Claudja Barry",Cladja,,
1978-04-22,132,Soundtrack,"The Rocky Horror Picture Show",16,201972.9375
1978-04-22,133,"Sea Level","Cats On The Coast",8,282299.75
1978-04-22,134,Rush,Archives,,
1978-04-22,135,"The Steve Miller Band","Book Of Dreams",,
1978-04-22,136,"REO Speedwagon","You Can Tune A Piano But You Can't Tune A Fish",9,224461.777777778
1978-04-22,137,"Karla Bonoff","Karla Bonoff",10,216730.5
1978-04-22,138,"Crystal Gayle","We Must Believe In Magic",10,179463.7
1978-04-22,139,"Dexter Wansel",Voyager,7,334984.428571429
1978-04-22,140,Commodores,"Commodores Live!",12,364219.666666667
1978-04-22,141,"Hot Tuna","Double Dose",15,325481.533333333
1978-04-22,142,Blondie,"Plastic Letters",17,169032.588235294
1978-04-22,143,"Maria Muldaur","Southern Winds",,
1978-04-22,144,"B.T. Express",Shout!,9,281184.777777778
1978-04-22,145,"Bee Gees","Bee Gees Gold, Volume One",,
1978-04-22,146,Ubiquity,"Star Booty",,
1978-04-22,147,Rubicon,Rubicon,10,284608.9
1978-04-22,148,"LeBlanc & Carr","Midnight Light",10,220068.9
1978-04-22,149,War,Galaxy,5,383439.6
1978-04-22,150,Foreigner,Foreigner,12,240737.833333333
1978-04-22,151,"Bob Weir","Heaven Help The Fool",,
1978-04-22,152,"Little River Band","Diamantina Cocktail",11,233588.727272727
1978-04-22,153,"Bee Gees","Children Of The World",10,233478.4
1978-04-22,154,Eagles,"Hotel California",9,340131.666666667
1978-04-22,155,"Watsonian Institute","Master Funk",,
1978-04-22,156,"The Ramones","Rocket To Russia",77,
1978-04-22,157,Soundtrack,"Star Wars",28,257901.928571429
1978-04-22,158,"The Floaters",Magic,,
1978-04-22,159,"Garland Jeffreys","One Eyed Jack",10,235710.3
1978-04-22,160,Sweet,"Level Headed",16,249570.0
1978-04-22,161,"Steve Martin","Lets Get Small",10,228936.9
1978-04-22,162,"Boz Scaggs","Silk Degrees",13,239546.461538462
1978-04-22,163,"Pink Floyd","The Dark Side Of The Moon",10,257363.2
1978-04-22,164,Doucette,"Mama Let Him Play",11,229770.090909091
1978-04-22,165,"Amazing Rhythm Aces","Burning The Ballroom Down",9,249131.555555556
1978-04-22,166,"Paul McCartney And Wings","Wings Over America",,
1978-04-22,167,Soundtrack,"Close Encounters Of A Third Kind",,
1978-04-22,168,"Tuff Darts","Tuff Darts!",12,185239.583333333
1978-04-22,169,Eagles,"Their Greatest Hits 1971-1975",10,259820.4
1978-04-22,170,"USA-European Connection","Come Into My Heart",6,573759.666666667
1978-04-22,171,Angel,"White Hot",10,226933.0
1978-04-22,172,Tomita,Kosmos,8,396576.375
1978-04-22,173,"Judas Priest","Stained Class",11,294868.727272727
1978-04-22,174,Odyssey,Odyssey,12,258818.0
1978-04-22,175,"Marlena Shaw","Acting Up",10,243995.7
1978-04-22,176,"Smokey Robinson","Love Breeze",8,278439.625
1978-04-22,177,"Zubin Mehta","Star Wars And Close Encounters Of The Third Kind",,
1978-04-22,178,"The Michael Zager Band","Lets All Chant",6,372003.166666667
1978-04-22,179,"High Inergy","Turnin' On",,
1978-04-22,180,"The Blackbyrds",Action,7,288761.714285714
1978-04-22,181,"Debby Boone","You Light Up My Life",12,198186.25
1978-04-22,182,"Eddie Kendricks","Vintage 78'",10,252495.6
1978-04-22,183,Barkays,"Flying High On Your Love",,
1978-04-22,184,Eruption,Eruption,3,241643.0
1978-04-22,185,ConFunkShun,Secrets,,
1978-04-22,186,"Crack The Sky","Safety In Numbers",7,306005.714285714
1978-04-22,187,"Noel Pointer","Hold On",7,328565.142857143
1978-04-22,188,"Walter Egan","Not Shy",10,212195.7
1978-04-22,189,"Boz Scaggs","Down Two Then Left",10,257314.4
1978-04-22,190,"The Statler Brothers","The Best Of The Statler Brothers",11,155491.454545455
1978-04-22,191,"Dan Hill","Hold On",10,204157.2
1978-04-22,192,Godz,Godz,10,209750.3
1978-04-22,193,"Anne Murray","Let's Keep It That Way",10,197442.3
1978-04-22,194,"Paul Simon","Greatest Hits, Ect.",11,
1978-04-22,195,"Talking Heads","Talking Heads: 77",16,213942.0625
1978-04-22,196,"The Beatles","Love Songs",12,222003.583333333
1978-04-22,197,"Bill Withers",Menagerie,9,256205.555555556
1978-04-22,198,"The Manhattan Transfer",Pastiche,,
1978-04-22,199,Horslips,Aliens,14,213504.428571429
1978-04-22,200,"Wet Willie","Greatest Hits",10,247668.9
1978-04-29,1,Soundtrack,"Saturday Night Fever",21,224416.142857143
1978-04-29,2,"Eric Clapton",Slowhand,27,280855.407407407
1978-04-29,3,Wings,"London Town",14,219551.071428571
1978-04-29,4,"Billy Joel","The Stranger",21,296449.238095238
1978-04-29,5,"George Benson","Weekend In L.a.",11,451363.727272727
1978-04-29,6,Kansas,"Point Of Know Return",12,252448.583333333
1978-04-29,7,"Jefferson Starship",Earth,9,293372.777777778
1978-04-29,8,"Roberta Flack","Blue Lights In The Basement",10,247782.3
1978-04-29,9,"Barry Manilow","Even Now",14,220591.428571429
1978-04-29,10,"Jackson Browne","Running On Empty",10,260547.7
1978-04-29,11,"Steely Dan",Aja,7,343028.142857143
1978-04-29,12,"Warren Zevon","Excitable Boy",13,192266.384615385
1978-04-29,13,"Chuck Mangione","Feels So Good",6,394279.5
1978-04-29,14,Styx,"The Grand Illusion",8,312237.875
1978-04-29,15,"The Atlanta Rhythm Section","Champagne Jam",8,257114.625
1978-04-29,16,"Jimmy Buffett","Son Of A Son Of A Sailor",9,234222.0
1978-04-29,17,"Bob Welch","French Kiss",12,181677.5
1978-04-29,18,"Little Feat","Waiting For Columbus",27,277210.37037037
1978-04-29,19,"Andy Gibb","Flowing Rivers",10,230314.2
1978-04-29,20,"Johnny Mathis","You Light Up My Life",10,206814.4
1978-04-29,21,"The Isley Brothers",Showdown,13,303314.692307692
1978-04-29,22,Journey,Infinity,10,218869.0
1978-04-29,23,Parliament,"Funkentelechy Vs. The Placebo Syndrome",6,443361.666666667
1978-04-29,24,"Peter Brown","Fantasy Love Affair",8,280169.625
1978-04-29,25,"Bee Gees","Here At Last...Bee Gees...Live",18,281001.333333333
1978-04-29,26,Genesis,"And Then There Were Three",11,292278.363636364
1978-04-29,27,"Rufus And Chaka Khan","Street Player",10,243778.4
1978-04-29,28,Raydio,Raydio,8,255396.25
1978-04-29,29,"Van Halen","Van Halen",11,214083.545454545
1978-04-29,30,"Rod Stewart","Foot Loose + Fancy Free",8,334894.75
1978-04-29,31,"The Outlaws","Bring It Back Alive",12,380749.666666667
1978-04-29,32,"Natalie Cole",Thankful,8,266833.0
1978-04-29,33,"Roy Ayers Ubiquity","Let's Do It",,
1978-04-29,34,"Average White Band","Warmer Communications",11,408466.272727273
1978-04-29,35,"Bootsy's Rubber Band","Bootsy? Player Of The Year",,
1978-04-29,36,Heart,Magazine,8,294266.25
1978-04-29,37,"Eddie Money","Eddie Money",10,205046.3
1978-04-29,38,"Electric Light Orchestra","Out Of The Blue",17,250202.705882353
1978-04-29,39,"Dolly Parton","Here You Come Again",10,178703.6
1978-04-29,40,"Yvonne Elliman","Night Flight",,
1978-04-29,41,"Lou Rawls","When You Hear Lou, You've Heard It All",10,225796.666666667
1978-04-29,42,Soundtrack,"American Hot Wax",,
1978-04-29,43,"Elvis Costello","This Years Model",13,183699.230769231
1978-04-29,44,"Village People","Macho Man",2,316619.5
1978-04-29,45,"Robert Palmer","Double Fun",9,236155.222222222
1978-04-29,46,ABBA,"The Album",10,267333.1
1978-04-29,47,"Fleetwood Mac",Rumours,58,
1978-04-29,48,"Ted Nugent","Double Live, Gonzo",11,462268.818181818
1978-04-29,49,"Meat Loaf","Bat Out Of Hell",7,408818.857142857
1978-04-29,50,"Jethro Tull","Heavy Horses: New Shoes Edition",11,
1978-04-29,51,Player,Player,1,249608.0
1978-04-29,52,"Carole King","Her Greatest Hits",14,218827.357142857
1978-04-29,53,"Earth, Wind & Fire","All 'n' All",11,212600.818181818
1978-04-29,54,"Village People","Village People",6,286110.5
1978-04-29,55,"Peabo Bryson","Reaching For The Sky",8,289850.375
1978-04-29,56,Stargard,Stargard,10,252991.5
1978-04-29,57,"Grover Washington, Jr.","Live At The Bijou",8,569455.875
1978-04-29,58,Cameo,"We All Know Who We Are",7,318527.285714286
1978-04-29,59,"Frank Zappa","Zappa In New York",15,447057.4
1978-04-29,60,Heatwave,"Central Heating",9,277429.333333333
1978-04-29,61,"Chick Corea","Mad Hatter",9,333441.222222222
1978-04-29,62,"Joe Sample","Rainbow Seeker",8,316418.0
1978-04-29,63,"The Rutles","The Rutles",20,147284.55
1978-04-29,64,"Barry Manilow","Barry Manilow Live",23,269442.47826087
1978-04-29,65,"Kenny Rogers","Ten Years Of Gold",10,207223.6
1978-04-29,66,"Waylon & Willie","Waylon + Willie",11,220698.181818182
1978-04-29,67,"T.H.P. Orchestra","Two Hot For Love",,
1978-04-29,68,"Ralph MacDonald","The Path",,
1978-04-29,69,Queen,"News Of The World",16,222138.0
1978-04-29,70,"Samantha Sang",Emotion,10,221710.4
1978-04-29,71,"Stanley Turrentine","Westside Highway",,
1978-04-29,72,"Johnny Paycheck","Take This Job And Shove It",10,171726.9
1978-04-29,73,"England Dan & John Ford Coley","Some Things Don't Come Easy",11,205510.090909091
1978-04-29,74,"Patti Smith",Easter,12,219943.0
1978-04-29,75,Renaissance,"Song For All Seasons",8,335018.125
1978-04-29,76,"Tuxedo Junction","Tuxedo Junction",11,208694.272727273
1978-04-29,77,"Bunny Sigler","Let Me Party With You",7,513683.285714286
1978-04-29,78,"Head East","Head East",9,290040.111111111
1978-04-29,79,"Carly Simon","Boys In The Trees",11,197341.454545455
1978-04-29,80,"Leif Garrett","Leif Garrett",12,193593.0
1978-04-29,81,"Linda Ronstadt","Simple Dreams",10,198135.6
1978-04-29,82,Chic,Chic,40,272391.575
1978-04-29,83,"REO Speedwagon","You Can Tune A Piano But You Can't Tune A Fish",9,224461.777777778
1978-04-29,84,Soundtrack,"The Rocky Horror Picture Show",16,201972.9375
1978-04-29,85,"Maze Featuring Frankie Beverly","Golden Time Of Day",7,348787.285714286
1978-04-29,86,"Kris Kristofferson","Easter Island",10,218929.1
1978-04-29,87,"The O'Jays","So Full Of Love",8,271397.875
1978-04-29,88,"Bionic Boogie","Bionic Boogie",10,354134.4
1978-04-29,89,"Neil Diamond","I'm Glad Your Here With Me Tonight",,
1978-04-29,90,"Bob James",Heads,24,184667.041666667
1978-04-29,91,KISS,"Alive Ii",20,223676.55
1978-04-29,92,"Jay Ferguson","Thunder Island",10,240861.1
1978-04-29,93,"Michael Franks","Burchfield Nines",8,282132.875
1978-04-29,94,"Hubert Laws","Say It With Silence",5,399045.2
1978-04-29,95,"Be Bop Deluxe","Drastic Plastic",11,230705.181818182
1978-04-29,96,"Emmylou Harris","Quarter Moon In A Ten Cent Town",12,213896.333333333
1978-04-29,97,"Linda Ronstadt","Greatest Hits",17,195693.294117647
1978-04-29,98,Fotomaker,Fotomaker,10,225307.5
1978-04-29,99,"Michael Martin Murphey",Lonewolf,10,249455.6
1978-04-29,100,Faze-O,"Riding High",7,274148.428571429
1978-04-29,101,"Lou Reed","Street Hassle",8,321179.625
1978-04-29,102,"Alec R. Costandinos And The Synconic Orchestra","Romeo + Juliet",,
1978-04-29,103,"Herb Alpert And Hugh Masekela","Herb Albert + Hugh Masak",,
1978-04-29,104,"Donna Summer","Once Upon A Time",16,256053.625
1978-04-29,105,"Ashford & Simpson","Send It",8,272839.5
1978-04-29,106,Charlie,Lines,12,222009.25
1978-04-29,107,"Shaun Cassidy","Born Late",10,192200.9
1978-04-29,108,"Gordon Lightfoot","Endless Wire",10,231317.1
1978-04-29,109,"Pat Travers","Putting It Straight",8,277643.0
1978-04-29,110,"Santa Esmeralda","The House Of The Rising Sun",6,488090.833333333
1978-04-29,111,"Shaun Cassidy","Shaun Cassidy",10,181727.2
1978-04-29,112,"Bob Marley And The Wailers",Kaya,11,228344.727272727
1978-04-29,113,Enchantment,"Once Upon A Dream",11,253853.181818182
1978-04-29,114,"Lynyrd Skynyrd","Street Survivors",23,260330.043478261
1978-04-29,115,"John Denver","I Want To Live",11,235995.909090909
1978-04-29,116,Heatwave,"Too Hot To Handle",9,257460.444444444
1978-04-29,117,"The Salsoul Orchestra","Up The Yellow Brick Road",,
1978-04-29,118,"Jerry Garcia","Cats Under The Stars",15,315111.133333333
1978-04-29,119,"Tower Of Power","We Came To Play",9,238916.777777778
1978-04-29,120,Kongas,Africanism,,
1978-04-29,121,Voyage,Voyage,12,223758.25
1978-04-29,122,Aerosmith,"Draw The Line",9,237785.0
1978-04-29,123,"Art Garfunkel",Watermark,12,201676.333333333
1978-04-29,124,"Lonnie Liston Smith",Loveland,8,277390.375
1978-04-29,125,"Paul Davis","Singer Of Songs, Teller Of Tales",10,182175.7
1978-04-29,126,Rush,Archives,,
1978-04-29,127,"The Band","The Last Waltz (Soundtrack)",54,
1978-04-29,128,"Elvis Costello","My Aim Is True",13,173642.769230769
1978-04-29,129,"The Trammps","Disco Inferno",6,427010.833333333
1978-04-29,130,"Stanley Clarke","Modern Man",12,193784.25
1978-04-29,131,"Hot Tuna","Double Dose",15,325481.533333333
1978-04-29,132,"Garland Jeffreys","One Eyed Jack",10,235710.3
1978-04-29,133,"Sea Level","Cats On The Coast",8,282299.75
1978-04-29,134,"The Steve Miller Band","Book Of Dreams",,
1978-04-29,135,"Bee Gees","Bee Gees Gold, Volume One",,
1978-04-29,136,Commodores,"Commodores Live!",12,364219.666666667
1978-04-29,137,"Karla Bonoff","Karla Bonoff",10,216730.5
1978-04-29,138,Blondie,"Plastic Letters",17,169032.588235294
1978-04-29,139,"Randy Newman","Little Criminals",12,192984.166666667
1978-04-29,140,"Dexter Wansel",Voyager,7,334984.428571429
1978-04-29,141,"The Climax Blues Band","Shine On",,
1978-04-29,142,"Bee Gees","Children Of The World",10,233478.4
1978-04-29,143,"Maria Muldaur","Southern Winds",,
1978-04-29,144,War,Galaxy,5,383439.6
1978-04-29,145,"Dan Hill","Longer Fuse",10,239394.8
1978-04-29,146,Foreigner,Foreigner,12,240737.833333333
1978-04-29,147,Rubicon,Rubicon,10,284608.9
1978-04-29,148,Soundtrack,"Star Wars",28,257901.928571429
1978-04-29,149,Eagles,"Hotel California",9,340131.666666667
1978-04-29,150,"Little River Band","Diamantina Cocktail",11,233588.727272727
1978-04-29,151,"The Floaters",Magic,,
1978-04-29,152,"The Manhattans","There's No Good In Goodbye",17,235464.705882353
1978-04-29,153,"USA-European Connection","Come Into My Heart",6,573759.666666667
1978-04-29,154,"Watsonian Institute","Master Funk",,
1978-04-29,155,"British Lions","British Lions",17,177808.294117647
1978-04-29,156,"Amazing Rhythm Aces","Burning The Ballroom Down",9,249131.555555556
1978-04-29,157,Sweet,"Level Headed",16,249570.0
1978-04-29,158,"Pink Floyd","The Dark Side Of The Moon",10,257363.2
1978-04-29,159,Doucette,"Mama Let Him Play",11,229770.090909091
1978-04-29,160,"Steve Martin","Lets Get Small",10,228936.9
1978-04-29,161,"Bob Weir","Heaven Help The Fool",,
1978-04-29,162,"Boz Scaggs","Silk Degrees",13,239546.461538462
1978-04-29,163,"B.T. Express",Shout!,9,281184.777777778
1978-04-29,164,Angel,"White Hot",10,226933.0
1978-04-29,165,"Paul McCartney And Wings","Wings Over America",,
1978-04-29,166,Ubiquity,"Star Booty",,
1978-04-29,167,"Smokey Robinson","Love Breeze",8,278439.625
1978-04-29,168,"The Michael Zager Band","Lets All Chant",6,372003.166666667
1978-04-29,169,Eagles,"Their Greatest Hits 1971-1975",10,259820.4
1978-04-29,170,Odyssey,Odyssey,12,258818.0
1978-04-29,171,"Marlena Shaw","Acting Up",10,243995.7
1978-04-29,172,"Debby Boone","You Light Up My Life",12,198186.25
1978-04-29,173,"The Statler Brothers","The Best Of The Statler Brothers",11,155491.454545455
1978-04-29,174,Deodato,"Love Island",8,296962.875
1978-04-29,175,"LeBlanc & Carr","Midnight Light",10,220068.9
1978-04-29,176,"The Ramones","Rocket To Russia",77,
1978-04-29,177,Barkays,"Flying High On Your Love",,
1978-04-29,178,"The Blackbyrds",Action,7,288761.714285714
1978-04-29,179,Eruption,Eruption,3,241643.0
1978-04-29,180,"Eddie Kendricks","Vintage 78'",10,252495.6
1978-04-29,181,"Nick Lowe","Pure Pop For Now People",,
1978-04-29,182,"Crack The Sky","Safety In Numbers",7,306005.714285714
1978-04-29,183,"Al Di Meola Project",Casino,,
1978-04-29,184,"Vladimir Horowitz","Golden Jubilee Concert - Rachmaninoff Concerto No. 3",,
1978-04-29,185,"Andrew Gold","All This And Heaven Too",15,240712.666666667
1978-04-29,186,"Walter Egan","Not Shy",10,212195.7
1978-04-29,187,"Noel Pointer","Hold On",7,328565.142857143
1978-04-29,188,"The Dickey Betts Band","Atlanta's Burning Down",,
1978-04-29,189,"Boz Scaggs","Down Two Then Left",10,257314.4
1978-04-29,190,Shotgun,"Good Bad + Funky",,
1978-04-29,191,Godz,Godz,10,209750.3
1978-04-29,192,"Paul Simon","Greatest Hits, Ect.",11,
1978-04-29,193,"The Tubes","What Do You Want From Live",17,295408.294117647
1978-04-29,194,Kayak,"Starlight Dancer",,
1978-04-29,195,"Mahogany Rush","Frank Marino & Mahogany Rush Live",14,265376.857142857
1978-04-29,196,"Steve Hackett","Please Don't Touch",13,248966.769230769
1978-04-29,197,"Robert Gordon","Fresh Fish Special",10,159002.4
1978-04-29,198,"Stanky Brown Group","Stanky Brown",10,214206.2
1978-04-29,199,"Crystal Gayle","We Must Believe In Magic",10,179463.7
1978-04-29,200,"Claudja Barry",Cladja,,
1978-05-06,1,Soundtrack,"Saturday Night Fever",21,224416.142857143
1978-05-06,2,Wings,"London Town",14,219551.071428571
1978-05-06,3,"Eric Clapton",Slowhand,27,280855.407407407
1978-05-06,4,Kansas,"Point Of Know Return",12,252448.583333333
1978-05-06,5,"Jefferson Starship",Earth,9,293372.777777778
1978-05-06,6,"Billy Joel","The Stranger",21,296449.238095238
1978-05-06,7,"George Benson","Weekend In L.a.",11,451363.727272727
1978-05-06,8,"Jackson Browne","Running On Empty",10,260547.7
1978-05-06,9,"Chuck Mangione","Feels So Good",6,394279.5
1978-05-06,10,"Warren Zevon","Excitable Boy",13,192266.384615385
1978-05-06,11,"Barry Manilow","Even Now",14,220591.428571429
1978-05-06,12,"The Atlanta Rhythm Section","Champagne Jam",8,257114.625
1978-05-06,13,"Jimmy Buffett","Son Of A Son Of A Sailor",9,234222.0
1978-05-06,14,"Roberta Flack","Blue Lights In The Basement",10,247782.3
1978-05-06,15,"Steely Dan",Aja,7,343028.142857143
1978-05-06,16,"The Isley Brothers",Showdown,13,303314.692307692
1978-05-06,17,"Johnny Mathis","You Light Up My Life",10,206814.4
1978-05-06,18,"Little Feat","Waiting For Columbus",27,277210.37037037
1978-05-06,19,Styx,"The Grand Illusion",8,312237.875
1978-05-06,20,"Bob Welch","French Kiss",12,181677.5
1978-05-06,21,Journey,Infinity,10,218869.0
1978-05-06,22,"Peter Brown","Fantasy Love Affair",8,280169.625
1978-05-06,23,Genesis,"And Then There Were Three",11,292278.363636364
1978-05-06,24,Heatwave,"Central Heating",9,277429.333333333
1978-05-06,25,"Van Halen","Van Halen",11,214083.545454545
1978-05-06,26,Heart,Magazine,8,294266.25
1978-05-06,27,"Andy Gibb","Flowing Rivers",10,230314.2
1978-05-06,28,"Average White Band","Warmer Communications",11,408466.272727273
1978-05-06,29,"The Outlaws","Bring It Back Alive",12,380749.666666667
1978-05-06,30,"Rufus And Chaka Khan","Street Player",10,243778.4
1978-05-06,31,Parliament,"Funkentelechy Vs. The Placebo Syndrome",6,443361.666666667
1978-05-06,32,"Jethro Tull","Heavy Horses: New Shoes Edition",11,
1978-05-06,33,"Natalie Cole",Thankful,8,266833.0
1978-05-06,34,"Rod Stewart","Foot Loose + Fancy Free",8,334894.75
1978-05-06,35,"Bootsy's Rubber Band","Bootsy? Player Of The Year",,
1978-05-06,36,Raydio,Raydio,8,255396.25
1978-05-06,37,Soundtrack,"American Hot Wax",,
1978-05-06,38,"Elvis Costello","This Years Model",13,183699.230769231
1978-05-06,39,"Dolly Parton","Here You Come Again",10,178703.6
1978-05-06,40,"Yvonne Elliman","Night Flight",,
1978-05-06,41,"Carly Simon","Boys In The Trees",11,197341.454545455
1978-05-06,42,"Village People","Macho Man",2,316619.5
1978-05-06,43,"Meat Loaf","Bat Out Of Hell",7,408818.857142857
1978-05-06,44,"Fleetwood Mac",Rumours,58,
1978-05-06,45,"Robert Palmer","Double Fun",9,236155.222222222
1978-05-06,46,"Bee Gees","Here At Last...Bee Gees...Live",18,281001.333333333
1978-05-06,47,"Carole King","Her Greatest Hits",14,218827.357142857
1978-05-06,48,"Eddie Money","Eddie Money",10,205046.3
1978-05-06,49,"Peabo Bryson","Reaching For The Sky",8,289850.375
1978-05-06,50,"Earth, Wind & Fire","All 'n' All",11,212600.818181818
1978-05-06,51,ABBA,"The Album",10,267333.1
1978-05-06,52,"Electric Light Orchestra","Out Of The Blue",17,250202.705882353
1978-05-06,53,"Lou Rawls","When You Hear Lou, You've Heard It All",10,225796.666666667
1978-05-06,54,"Village People","Village People",6,286110.5
1978-05-06,55,"Roy Ayers Ubiquity","Let's Do It",,
1978-05-06,56,"Grover Washington, Jr.","Live At The Bijou",8,569455.875
1978-05-06,57,"Frank Zappa","Zappa In New York",15,447057.4
1978-05-06,58,"Ted Nugent","Double Live, Gonzo",11,462268.818181818
1978-05-06,59,"The Band","The Last Waltz (Soundtrack)",54,
1978-05-06,60,"Ralph MacDonald","The Path",,
1978-05-06,61,"Chick Corea","Mad Hatter",9,333441.222222222
1978-05-06,62,"Patti Smith",Easter,12,219943.0
1978-05-06,63,"The Rutles","The Rutles",20,147284.55
1978-05-06,64,"Joe Sample","Rainbow Seeker",8,316418.0
1978-05-06,65,"T.H.P. Orchestra","Two Hot For Love",,
1978-05-06,66,"Stanley Turrentine","Westside Highway",,
1978-05-06,67,"England Dan & John Ford Coley","Some Things Don't Come Easy",11,205510.090909091
1978-05-06,68,"Waylon & Willie","Waylon + Willie",11,220698.181818182
1978-05-06,69,Renaissance,"Song For All Seasons",8,335018.125
1978-05-06,70,"Tuxedo Junction","Tuxedo Junction",11,208694.272727273
1978-05-06,71,"The O'Jays","So Full Of Love",8,271397.875
1978-05-06,72,Queen,"News Of The World",16,222138.0
1978-05-06,73,"REO Speedwagon","You Can Tune A Piano But You Can't Tune A Fish",9,224461.777777778
1978-05-06,74,Soundtrack,"The Rocky Horror Picture Show",16,201972.9375
1978-05-06,75,Soundtrack,Fm,50,189786.94
1978-05-06,76,Stargard,Stargard,10,252991.5
1978-05-06,77,"Kenny Rogers","Ten Years Of Gold",10,207223.6
1978-05-06,78,"Bob Marley And The Wailers",Kaya,11,228344.727272727
1978-05-06,79,Cameo,"We All Know Who We Are",7,318527.285714286
1978-05-06,80,"Barry Manilow","Barry Manilow Live",23,269442.47826087
1978-05-06,81,"Linda Ronstadt","Simple Dreams",10,198135.6
1978-05-06,82,Chic,Chic,40,272391.575
1978-05-06,83,"Maze Featuring Frankie Beverly","Golden Time Of Day",7,348787.285714286
1978-05-06,84,"Hubert Laws","Say It With Silence",5,399045.2
1978-05-06,85,"Samantha Sang",Emotion,10,221710.4
1978-05-06,86,"Johnny Paycheck","Take This Job And Shove It",10,171726.9
1978-05-06,87,"Head East","Head East",9,290040.111111111
1978-05-06,88,Fotomaker,Fotomaker,10,225307.5
1978-05-06,89,"Bunny Sigler","Let Me Party With You",7,513683.285714286
1978-05-06,90,"Michael Franks","Burchfield Nines",8,282132.875
1978-05-06,91,"Lou Reed","Street Hassle",8,321179.625
1978-05-06,92,"Alec R. Costandinos And The Synconic Orchestra","Romeo + Juliet",,
1978-05-06,93,"Herb Alpert And Hugh Masekela","Herb Albert + Hugh Masak",,
1978-05-06,94,"Leif Garrett","Leif Garrett",12,193593.0
1978-05-06,95,"Jay Ferguson","Thunder Island",10,240861.1
1978-05-06,96,Charlie,Lines,12,222009.25
1978-05-06,97,"Stanley Clarke","Modern Man",12,193784.25
1978-05-06,98,Faze-O,"Riding High",7,274148.428571429
1978-05-06,99,"Donna Summer","Once Upon A Time",16,256053.625
1978-05-06,100,"Ashford & Simpson","Send It",8,272839.5
1978-05-06,101,"Shaun Cassidy","Shaun Cassidy",10,181727.2
1978-05-06,102,Player,Player,1,249608.0
1978-05-06,103,"Linda Ronstadt","Greatest Hits",17,195693.294117647
1978-05-06,104,"Al Di Meola Project",Casino,,
1978-05-06,105,"John Denver","I Want To Live",11,235995.909090909
1978-05-06,106,"Hot Tuna","Double Dose",15,325481.533333333
1978-05-06,107,"Shaun Cassidy","Born Late",10,192200.9
1978-05-06,108,KISS,"Alive Ii",20,223676.55
1978-05-06,109,"Tower Of Power","We Came To Play",9,238916.777777778
1978-05-06,110,"Lynyrd Skynyrd","Street Survivors",23,260330.043478261
1978-05-06,111,Voyage,Voyage,12,223758.25
1978-05-06,112,"Bionic Boogie","Bionic Boogie",10,354134.4
1978-05-06,113,"Emmylou Harris","Quarter Moon In A Ten Cent Town",12,213896.333333333
1978-05-06,114,"Jerry Garcia","Cats Under The Stars",15,315111.133333333
1978-05-06,115,"Bob James",Heads,24,184667.041666667
1978-05-06,116,"Gordon Lightfoot","Endless Wire",10,231317.1
1978-05-06,117,Enchantment,"Once Upon A Dream",11,253853.181818182
1978-05-06,118,Heatwave,"Too Hot To Handle",9,257460.444444444
1978-05-06,119,"Santa Esmeralda","The House Of The Rising Sun",6,488090.833333333
1978-05-06,120,"Lonnie Liston Smith",Loveland,8,277390.375
1978-05-06,121,Rush,Archives,,
1978-05-06,122,"Garland Jeffreys","One Eyed Jack",10,235710.3
1978-05-06,123,"The Salsoul Orchestra","Up The Yellow Brick Road",,
1978-05-06,124,"Kris Kristofferson","Easter Island",10,218929.1
1978-05-06,125,"Bee Gees","Bee Gees Gold, Volume One",,
1978-05-06,126,"Art Garfunkel",Watermark,12,201676.333333333
1978-05-06,127,"The Trammps","Disco Inferno",6,427010.833333333
1978-05-06,128,"Elvis Costello","My Aim Is True",13,173642.769230769
1978-05-06,129,"Pat Travers","Putting It Straight",8,277643.0
1978-05-06,130,Kongas,Africanism,,
1978-05-06,131,"The Climax Blues Band","Shine On",,
1978-05-06,132,"The Steve Miller Band","Book Of Dreams",,
1978-05-06,133,"Sea Level","Cats On The Coast",8,282299.75
1978-05-06,134,"Neil Diamond","I'm Glad Your Here With Me Tonight",,
1978-05-06,135,Blondie,"Plastic Letters",17,169032.588235294
1978-05-06,136,"Todd Rundgren","Hermit Of Mink Hollow",12,185213.0
1978-05-06,137,"USA-European Connection","Come Into My Heart",6,573759.666666667
1978-05-06,138,"Bee Gees","Children Of The World",10,233478.4
1978-05-06,139,"Karla Bonoff","Karla Bonoff",10,216730.5
1978-05-06,140,Soundtrack,"Star Wars",28,257901.928571429
1978-05-06,141,"The Floaters",Magic,,
1978-05-06,142,Foreigner,Foreigner,12,240737.833333333
1978-05-06,143,Commodores,"Commodores Live!",12,364219.666666667
1978-05-06,144,"Be Bop Deluxe","Drastic Plastic",11,230705.181818182
1978-05-06,145,"British Lions","British Lions",17,177808.294117647
1978-05-06,146,"Amazing Rhythm Aces","Burning The Ballroom Down",9,249131.555555556
1978-05-06,147,Sweet,"Level Headed",16,249570.0
1978-05-06,148,"Paul Davis","Singer Of Songs, Teller Of Tales",10,182175.7
1978-05-06,149,Eagles,"Hotel California",9,340131.666666667
1978-05-06,150,"Michael Martin Murphey",Lonewolf,10,249455.6
1978-05-06,151,"Dexter Wansel",Voyager,7,334984.428571429
1978-05-06,152,"Nick Lowe","Pure Pop For Now People",,
1978-05-06,153,"Les Dudek","Ghost Town Parade",9,267332.888888889
1978-05-06,154,"Dan Hill","Longer Fuse",10,239394.8
1978-05-06,155,"Little River Band","Diamantina Cocktail",11,233588.727272727
1978-05-06,156,Rainbow,"Long Live Rock + Roll",,
1978-05-06,157,"Smokey Robinson","Love Breeze",8,278439.625
1978-05-06,158,"The Michael Zager Band","Lets All Chant",6,372003.166666667
1978-05-06,159,"Steve Martin","Lets Get Small",10,228936.9
1978-05-06,160,"The Manhattans","There's No Good In Goodbye",17,235464.705882353
1978-05-06,161,"Bob Weir","Heaven Help The Fool",,
1978-05-06,162,"Debby Boone","You Light Up My Life",12,198186.25
1978-05-06,163,"The Statler Brothers","The Best Of The Statler Brothers",11,155491.454545455
1978-05-06,164,Deodato,"Love Island",8,296962.875
1978-05-06,165,"B.T. Express",Shout!,9,281184.777777778
1978-05-06,166,Eagles,"Their Greatest Hits 1971-1975",10,259820.4
1978-05-06,167,"Boz Scaggs","Silk Degrees",13,239546.461538462
1978-05-06,168,"Randy Newman","Little Criminals",12,192984.166666667
1978-05-06,169,"Pink Floyd","The Dark Side Of The Moon",10,257363.2
1978-05-06,170,Odyssey,Odyssey,12,258818.0
1978-05-06,171,"Gerry Rafferty","City To City",10,319864.9
1978-05-06,172,"Maria Muldaur","Southern Winds",,
1978-05-06,173,Barkays,"Flying High On Your Love",,
1978-05-06,174,"Vladimir Horowitz","Golden Jubilee Concert - Rachmaninoff Concerto No. 3",,
1978-05-06,175,Eruption,Eruption,3,241643.0
1978-05-06,176,"James Brown","Jam 1980's",5,499399.8
1978-05-06,177,"The Dickey Betts Band","Atlanta's Burning Down",,
1978-05-06,178,Aerosmith,"Draw The Line",9,237785.0
1978-05-06,179,Doucette,"Mama Let Him Play",11,229770.090909091
1978-05-06,180,Shotgun,"Good Bad + Funky",,
1978-05-06,181,"Dee Dee Bridgewater","Just Family",9,261812.888888889
1978-05-06,182,"David Bowie","David Bowie Narrates Prokofiev's ""Peter And The Wolf""",,
1978-05-06,183,"Noel Pointer","Hold On",7,328565.142857143
1978-05-06,184,War,Galaxy,5,383439.6
1978-05-06,185,"Andrew Gold","All This And Heaven Too",15,240712.666666667
1978-05-06,186,"Tim Weisberg",Rotations,,
1978-05-06,187,"The Sundays",Sunburn,,
1978-05-06,188,"Johnnie Taylor","Ever Ready",,
1978-05-06,189,"Ian Dury And The Blockheads","New Boots & Panties",,
1978-05-06,190,"Steve Hackett","Please Don't Touch",13,248966.769230769
1978-05-06,191,Godz,Godz,10,209750.3
1978-05-06,192,"Paul Simon","Greatest Hits, Ect.",11,
1978-05-06,193,"Watsonian Institute","Master Funk",,
1978-05-06,194,"Boz Scaggs","Down Two Then Left",10,257314.4
1978-05-06,195,"Stanky Brown Group","Stanky Brown",10,214206.2
1978-05-06,196,"The Ramones","Rocket To Russia",77,
1978-05-06,197,"Eddie Kendricks","Vintage 78'",10,252495.6
1978-05-06,198,Rubicon,Rubicon,10,284608.9
1978-05-06,199,"Paul McCartney And Wings","Wings Over America",,
1978-05-06,200,"Walter Egan","Not Shy",10,212195.7
1978-05-13,1,Soundtrack,"Saturday Night Fever",21,224416.142857143
1978-05-13,2,Wings,"London Town",14,219551.071428571
1978-05-13,3,"Eric Clapton",Slowhand,27,280855.407407407
1978-05-13,4,Kansas,"Point Of Know Return",12,252448.583333333
1978-05-13,5,"Jefferson Starship",Earth,9,293372.777777778
1978-05-13,6,"Jackson Browne","Running On Empty",10,260547.7
1978-05-13,7,"Chuck Mangione","Feels So Good",6,394279.5
1978-05-13,8,"Warren Zevon","Excitable Boy",13,192266.384615385
1978-05-13,9,"Billy Joel","The Stranger",21,296449.238095238
1978-05-13,10,"The Atlanta Rhythm Section","Champagne Jam",8,257114.625
1978-05-13,11,"Jimmy Buffett","Son Of A Son Of A Sailor",9,234222.0
1978-05-13,12,"George Benson","Weekend In L.a.",11,451363.727272727
1978-05-13,13,"The Isley Brothers",Showdown,13,303314.692307692
1978-05-13,14,"Barry Manilow","Even Now",14,220591.428571429
1978-05-13,15,"Johnny Mathis","You Light Up My Life",10,206814.4
1978-05-13,16,"Steely Dan",Aja,7,343028.142857143
1978-05-13,17,"Roberta Flack","Blue Lights In The Basement",10,247782.3
1978-05-13,18,Heatwave,"Central Heating",9,277429.333333333
1978-05-13,19,Styx,"The Grand Illusion",8,312237.875
1978-05-13,20,Genesis,"And Then There Were Three",11,292278.363636364
1978-05-13,21,"Van Halen","Van Halen",11,214083.545454545
1978-05-13,22,"Peter Brown","Fantasy Love Affair",8,280169.625
1978-05-13,23,Heart,Magazine,8,294266.25
1978-05-13,24,Soundtrack,Fm,50,189786.94
1978-05-13,25,Journey,Infinity,10,218869.0
1978-05-13,26,"Bob Welch","French Kiss",12,181677.5
1978-05-13,27,"Jethro Tull","Heavy Horses: New Shoes Edition",11,
1978-05-13,28,"Average White Band","Warmer Communications",11,408466.272727273
1978-05-13,29,"Little Feat","Waiting For Columbus",27,277210.37037037
1978-05-13,30,"Rufus And Chaka Khan","Street Player",10,243778.4
1978-05-13,31,Parliament,"Funkentelechy Vs. The Placebo Syndrome",6,443361.666666667
1978-05-13,32,Soundtrack,"American Hot Wax",,
1978-05-13,33,"Elvis Costello","This Years Model",13,183699.230769231
1978-05-13,34,"Rod Stewart","Foot Loose + Fancy Free",8,334894.75
1978-05-13,35,"Carly Simon","Boys In The Trees",11,197341.454545455
1978-05-13,36,"Natalie Cole",Thankful,8,266833.0
1978-05-13,37,"Meat Loaf","Bat Out Of Hell",7,408818.857142857
1978-05-13,38,"The O'Jays","So Full Of Love",8,271397.875
1978-05-13,39,Raydio,Raydio,8,255396.25
1978-05-13,40,"Bootsy's Rubber Band","Bootsy? Player Of The Year",,
1978-05-13,41,"The Outlaws","Bring It Back Alive",12,380749.666666667
1978-05-13,42,"Fleetwood Mac",Rumours,58,
1978-05-13,43,"Village People","Macho Man",2,316619.5
1978-05-13,44,"Eddie Money","Eddie Money",10,205046.3
1978-05-13,45,"Earth, Wind & Fire","All 'n' All",11,212600.818181818
1978-05-13,46,"The Band","The Last Waltz (Soundtrack)",54,
1978-05-13,47,"Carole King","Her Greatest Hits",14,218827.357142857
1978-05-13,48,ABBA,"The Album",10,267333.1
1978-05-13,49,"Peabo Bryson","Reaching For The Sky",8,289850.375
1978-05-13,50,"Patti Smith",Easter,12,219943.0
1978-05-13,51,"Robert Palmer","Double Fun",9,236155.222222222
1978-05-13,52,"Electric Light Orchestra","Out Of The Blue",17,250202.705882353
1978-05-13,53,"Dolly Parton","Here You Come Again",10,178703.6
1978-05-13,54,"Andy Gibb","Flowing Rivers",10,230314.2
1978-05-13,55,"Yvonne Elliman","Night Flight",,
1978-05-13,56,"Grover Washington, Jr.","Live At The Bijou",8,569455.875
1978-05-13,57,"Lou Rawls","When You Hear Lou, You've Heard It All",10,225796.666666667
1978-05-13,58,"Ted Nugent","Double Live, Gonzo",11,462268.818181818
1978-05-13,59,"Bee Gees","Here At Last...Bee Gees...Live",18,281001.333333333
1978-05-13,60,"Ralph MacDonald","The Path",,
1978-05-13,61,"England Dan & John Ford Coley","Some Things Don't Come Easy",11,205510.090909091
1978-05-13,62,"REO Speedwagon","You Can Tune A Piano But You Can't Tune A Fish",9,224461.777777778
1978-05-13,63,"Stanley Turrentine","Westside Highway",,
1978-05-13,64,Renaissance,"Song For All Seasons",8,335018.125
1978-05-13,65,"Tuxedo Junction","Tuxedo Junction",11,208694.272727273
1978-05-13,66,"Bob Marley And The Wailers",Kaya,11,228344.727272727
1978-05-13,67,"Waylon & Willie","Waylon + Willie",11,220698.181818182
1978-05-13,68,Soundtrack,"The Rocky Horror Picture Show",16,201972.9375
1978-05-13,69,"Joe Sample","Rainbow Seeker",8,316418.0
1978-05-13,70,"Village People","Village People",6,286110.5
1978-05-13,71,"Roy Ayers Ubiquity","Let's Do It",,
1978-05-13,72,Queen,"News Of The World",16,222138.0
1978-05-13,73,"Frank Zappa","Zappa In New York",15,447057.4
1978-05-13,74,Soundtrack,"Thank God It's Friday",,
1978-05-13,75,"T.H.P. Orchestra","Two Hot For Love",,
1978-05-13,76,"Hubert Laws","Say It With Silence",5,399045.2
1978-05-13,77,"Kenny Rogers","Ten Years Of Gold",10,207223.6
1978-05-13,78,Stargard,Stargard,10,252991.5
1978-05-13,79,Cameo,"We All Know Who We Are",7,318527.285714286
1978-05-13,80,Chic,Chic,40,272391.575
1978-05-13,81,"Linda Ronstadt","Simple Dreams",10,198135.6
1978-05-13,82,"The Rutles","The Rutles",20,147284.55
1978-05-13,83,"Maze Featuring Frankie Beverly","Golden Time Of Day",7,348787.285714286
1978-05-13,84,"Todd Rundgren","Hermit Of Mink Hollow",12,185213.0
1978-05-13,85,"Chick Corea","Mad Hatter",9,333441.222222222
1978-05-13,86,Charlie,Lines,12,222009.25
1978-05-13,87,"Stanley Clarke","Modern Man",12,193784.25
1978-05-13,88,Fotomaker,Fotomaker,10,225307.5
1978-05-13,89,"Lou Reed","Street Hassle",8,321179.625
1978-05-13,90,"Samantha Sang",Emotion,10,221710.4
1978-05-13,91,"Shaun Cassidy","Shaun Cassidy",10,181727.2
1978-05-13,92,"Alec R. Costandinos And The Synconic Orchestra","Romeo + Juliet",,
1978-05-13,93,"Herb Alpert And Hugh Masekela","Herb Albert + Hugh Masak",,
1978-05-13,94,"Al Di Meola Project",Casino,,
1978-05-13,95,"Barry Manilow","Barry Manilow Live",23,269442.47826087
1978-05-13,96,"Hot Tuna","Double Dose",15,325481.533333333
1978-05-13,97,"Donna Summer","Once Upon A Time",16,256053.625
1978-05-13,98,"Leif Garrett","Leif Garrett",12,193593.0
1978-05-13,99,"Tower Of Power","We Came To Play",9,238916.777777778
1978-05-13,100,Faze-O,"Riding High",7,274148.428571429
1978-05-13,101,Voyage,Voyage,12,223758.25
1978-05-13,102,"Michael Franks","Burchfield Nines",8,282132.875
1978-05-13,103,"Linda Ronstadt","Greatest Hits",17,195693.294117647
1978-05-13,104,"Jay Ferguson","Thunder Island",10,240861.1
1978-05-13,105,"John Denver","I Want To Live",11,235995.909090909
1978-05-13,106,"Shaun Cassidy","Born Late",10,192200.9
1978-05-13,107,"Head East","Head East",9,290040.111111111
1978-05-13,108,"Lynyrd Skynyrd","Street Survivors",23,260330.043478261
1978-05-13,109,"The Marshall Tucker Band","Together - Forever",8,326658.0
1978-05-13,110,KISS,"Alive Ii",20,223676.55
1978-05-13,111,Player,Player,1,249608.0
1978-05-13,112,"Garland Jeffreys","One Eyed Jack",10,235710.3
1978-05-13,113,"Emmylou Harris","Quarter Moon In A Ten Cent Town",12,213896.333333333
1978-05-13,114,"Aretha Franklin","Almighty Fire",,
1978-05-13,115,"Bunny Sigler","Let Me Party With You",7,513683.285714286
1978-05-13,116,"Gordon Lightfoot","Endless Wire",10,231317.1
1978-05-13,117,Enchantment,"Once Upon A Dream",11,253853.181818182
1978-05-13,118,Heatwave,"Too Hot To Handle",9,257460.444444444
1978-05-13,119,"Johnny Paycheck","Take This Job And Shove It",10,171726.9
1978-05-13,120,"Lonnie Liston Smith",Loveland,8,277390.375
1978-05-13,121,"The Climax Blues Band","Shine On",,
1978-05-13,122,"Ashford & Simpson","Send It",8,272839.5
1978-05-13,123,"Elvis Costello","My Aim Is True",13,173642.769230769
1978-05-13,124,"Gerry Rafferty","City To City",10,319864.9
1978-05-13,125,"Bee Gees","Bee Gees Gold, Volume One",,
1978-05-13,126,"The Trammps","Disco Inferno",6,427010.833333333
1978-05-13,127,"USA-European Connection","Come Into My Heart",6,573759.666666667
1978-05-13,128,"The Dramatics","Do What You Wanna Do",,
1978-05-13,129,"Santa Esmeralda","The House Of The Rising Sun",6,488090.833333333
1978-05-13,130,Blondie,"Plastic Letters",17,169032.588235294
1978-05-13,131,"The Floaters",Magic,,
1978-05-13,132,"Pure Prairie League","Just Fly",10,207779.7
1978-05-13,133,"Art Garfunkel",Watermark,12,201676.333333333
1978-05-13,134,"Sea Level","Cats On The Coast",8,282299.75
1978-05-13,135,"British Lions","British Lions",17,177808.294117647
1978-05-13,136,"Amazing Rhythm Aces","Burning The Ballroom Down",9,249131.555555556
1978-05-13,137,Sweet,"Level Headed",16,249570.0
1978-05-13,138,Tavares,"Future Bound",,
1978-05-13,139,Foreigner,Foreigner,12,240737.833333333
1978-05-13,140,Deodato,"Love Island",8,296962.875
1978-05-13,141,Soundtrack,"Star Wars",28,257901.928571429
1978-05-13,142,"Nick Lowe","Pure Pop For Now People",,
1978-05-13,143,"Les Dudek","Ghost Town Parade",9,267332.888888889
1978-05-13,144,"Willie Nelson",Stardust,10,219051.7
1978-05-13,145,"Karla Bonoff","Karla Bonoff",10,216730.5
1978-05-13,146,Rainbow,"Long Live Rock + Roll",,
1978-05-13,147,"Smokey Robinson","Love Breeze",8,278439.625
1978-05-13,148,"The Michael Zager Band","Lets All Chant",6,372003.166666667
1978-05-13,149,Eagles,"Hotel California",9,340131.666666667
1978-05-13,150,Rush,Archives,,
1978-05-13,151,"Seals & Crofts","Takin' It Easy",10,248845.1
1978-05-13,152,"Jerry Garcia","Cats Under The Stars",15,315111.133333333
1978-05-13,153,"The Statler Brothers","The Best Of The Statler Brothers",11,155491.454545455
1978-05-13,154,"Debby Boone","You Light Up My Life",12,198186.25
1978-05-13,155,"Paul Davis","Singer Of Songs, Teller Of Tales",10,182175.7
1978-05-13,156,"Steve Martin","Lets Get Small",10,228936.9
1978-05-13,157,"The Sundays",Sunburn,,
1978-05-13,158,"Bob Weir","Heaven Help The Fool",,
1978-05-13,159,"Elvis Presley","He Walks Beside Me (Favorite Songs Of Faith And Inspiration)",,
1978-05-13,160,"The Steve Miller Band","Book Of Dreams",,
1978-05-13,161,"Bob James",Heads,24,184667.041666667
1978-05-13,162,Commodores,"Commodores Live!",12,364219.666666667
1978-05-13,163,Eagles,"Their Greatest Hits 1971-1975",10,259820.4
1978-05-13,164,"Vladimir Horowitz","Golden Jubilee Concert - Rachmaninoff Concerto No. 3",,
1978-05-13,165,"The Manhattans","There's No Good In Goodbye",17,235464.705882353
1978-05-13,166,"James Brown","Jam 1980's",5,499399.8
1978-05-13,167,"The Dickey Betts Band","Atlanta's Burning Down",,
1978-05-13,168,"Boz Scaggs","Silk Degrees",13,239546.461538462
1978-05-13,169,"Bee Gees","Children Of The World",10,233478.4
1978-05-13,170,"Steve Hackett","Please Don't Touch",13,248966.769230769
1978-05-13,171,"Dee Dee Bridgewater","Just Family",9,261812.888888889
1978-05-13,172,"David Bowie","David Bowie Narrates Prokofiev's ""Peter And The Wolf""",,
1978-05-13,173,"Dan Hill","Longer Fuse",10,239394.8
1978-05-13,174,Eruption,Eruption,3,241643.0
1978-05-13,175,Shotgun,"Good Bad + Funky",,
1978-05-13,176,"Tim Weisberg",Rotations,,
1978-05-13,177,"Noel Pointer","Hold On",7,328565.142857143
1978-05-13,178,"Johnnie Taylor","Ever Ready",,
1978-05-13,179,"Ian Dury And The Blockheads","New Boots & Panties",,
1978-05-13,180,"Andrew Gold","All This And Heaven Too",15,240712.666666667
1978-05-13,181,"Bionic Boogie","Bionic Boogie",10,354134.4
1978-05-13,182,"Little River Band","Diamantina Cocktail",11,233588.727272727
1978-05-13,183,"Pat Travers","Putting It Straight",8,277643.0
1978-05-13,184,"Kris Kristofferson","Easter Island",10,218929.1
1978-05-13,185,Kraftwerk,"The Man-machine",6,362728.5
1978-05-13,186,"The Salsoul Orchestra","Up The Yellow Brick Road",,
1978-05-13,187,Pleasure,"Get To The Feeling",9,263891.555555556
1978-05-13,188,Odyssey,Odyssey,12,258818.0
1978-05-13,189,Doucette,"Mama Let Him Play",11,229770.090909091
1978-05-13,190,Barkays,"Flying High On Your Love",,
1978-05-13,191,"Mahogany Rush","Frank Marino & Mahogany Rush Live",14,265376.857142857
1978-05-13,192,"Neil Diamond","I'm Glad Your Here With Me Tonight",,
1978-05-13,193,"Stanky Brown Group","Stanky Brown",10,214206.2
1978-05-13,194,"Boz Scaggs","Down Two Then Left",10,257314.4
1978-05-13,195,"Walter Egan","Not Shy",10,212195.7
1978-05-13,196,"The Ramones","Rocket To Russia",77,
1978-05-13,197,"Pink Floyd","The Dark Side Of The Moon",10,257363.2
1978-05-13,198,"Paul McCartney And Wings","Wings Over America",,
1978-05-13,199,"Frankie Miller","Double Trouble",10,215709.5
1978-05-13,200,"Love And Kisses","How Much,how Much I Love You",,
1978-05-20,1,Soundtrack,"Saturday Night Fever",21,224416.142857143
1978-05-20,2,Wings,"London Town",14,219551.071428571
1978-05-20,3,"Eric Clapton",Slowhand,27,280855.407407407
1978-05-20,4,"Chuck Mangione","Feels So Good",6,394279.5
1978-05-20,5,"Jefferson Starship",Earth,9,293372.777777778
1978-05-20,6,"Jackson Browne","Running On Empty",10,260547.7
1978-05-20,7,Kansas,"Point Of Know Return",12,252448.583333333
1978-05-20,8,"Warren Zevon","Excitable Boy",13,192266.384615385
1978-05-20,9,"The Atlanta Rhythm Section","Champagne Jam",8,257114.625
1978-05-20,10,"Jimmy Buffett","Son Of A Son Of A Sailor",9,234222.0
1978-05-20,11,"The Isley Brothers",Showdown,13,303314.692307692
1978-05-20,12,"Billy Joel","The Stranger",21,296449.238095238
1978-05-20,13,"Johnny Mathis","You Light Up My Life",10,206814.4
1978-05-20,14,"George Benson","Weekend In L.a.",11,451363.727272727
1978-05-20,15,Heatwave,"Central Heating",9,277429.333333333
1978-05-20,16,"Barry Manilow","Even Now",14,220591.428571429
1978-05-20,17,Soundtrack,Fm,50,189786.94
1978-05-20,18,Genesis,"And Then There Were Three",11,292278.363636364
1978-05-20,19,"Van Halen","Van Halen",11,214083.545454545
1978-05-20,20,"Peter Brown","Fantasy Love Affair",8,280169.625
1978-05-20,21,Heart,Magazine,8,294266.25
1978-05-20,22,"Steely Dan",Aja,7,343028.142857143
1978-05-20,23,Styx,"The Grand Illusion",8,312237.875
1978-05-20,24,"Jethro Tull","Heavy Horses: New Shoes Edition",11,
1978-05-20,25,"Roberta Flack","Blue Lights In The Basement",10,247782.3
1978-05-20,26,Journey,Infinity,10,218869.0
1978-05-20,27,"Bob Welch","French Kiss",12,181677.5
1978-05-20,28,"Carly Simon","Boys In The Trees",11,197341.454545455
1978-05-20,29,"Little Feat","Waiting For Columbus",27,277210.37037037
1978-05-20,30,"Elvis Costello","This Years Model",13,183699.230769231
1978-05-20,31,Soundtrack,"American Hot Wax",,
1978-05-20,32,"The O'Jays","So Full Of Love",8,271397.875
1978-05-20,33,"Meat Loaf","Bat Out Of Hell",7,408818.857142857
1978-05-20,34,"Rufus And Chaka Khan","Street Player",10,243778.4
1978-05-20,35,"Rod Stewart","Foot Loose + Fancy Free",8,334894.75
1978-05-20,36,"Natalie Cole",Thankful,8,266833.0
1978-05-20,37,Parliament,"Funkentelechy Vs. The Placebo Syndrome",6,443361.666666667
1978-05-20,38,"Average White Band","Warmer Communications",11,408466.272727273
1978-05-20,39,"The Band","The Last Waltz (Soundtrack)",54,
1978-05-20,40,Soundtrack,"Thank God It's Friday",,
1978-05-20,41,"Bootsy's Rubber Band","Bootsy? Player Of The Year",,
1978-05-20,42,"Fleetwood Mac",Rumours,58,
1978-05-20,43,"Eddie Money","Eddie Money",10,205046.3
1978-05-20,44,"Patti Smith",Easter,12,219943.0
1978-05-20,45,ABBA,"The Album",10,267333.1
1978-05-20,46,Raydio,Raydio,8,255396.25
1978-05-20,47,"Earth, Wind & Fire","All 'n' All",11,212600.818181818
1978-05-20,48,"Village People","Macho Man",2,316619.5
1978-05-20,49,"The Outlaws","Bring It Back Alive",12,380749.666666667
1978-05-20,50,"Peabo Bryson","Reaching For The Sky",8,289850.375
1978-05-20,51,"Carole King","Her Greatest Hits",14,218827.357142857
1978-05-20,52,"Robert Palmer","Double Fun",9,236155.222222222
1978-05-20,53,Soundtrack,Grease,21,201416.80952381
1978-05-20,54,"The Marshall Tucker Band","Together - Forever",8,326658.0
1978-05-20,55,"Electric Light Orchestra","Out Of The Blue",17,250202.705882353
1978-05-20,56,"REO Speedwagon","You Can Tune A Piano But You Can't Tune A Fish",9,224461.777777778
1978-05-20,57,"Ralph MacDonald","The Path",,
1978-05-20,58,"Bob Marley And The Wailers",Kaya,11,228344.727272727
1978-05-20,59,Renaissance,"Song For All Seasons",8,335018.125
1978-05-20,60,"Tuxedo Junction","Tuxedo Junction",11,208694.272727273
1978-05-20,61,"England Dan & John Ford Coley","Some Things Don't Come Easy",11,205510.090909091
1978-05-20,62,"Dolly Parton","Here You Come Again",10,178703.6
1978-05-20,63,Soundtrack,"The Rocky Horror Picture Show",16,201972.9375
1978-05-20,64,"Waylon & Willie","Waylon + Willie",11,220698.181818182
1978-05-20,65,"Grover Washington, Jr.","Live At The Bijou",8,569455.875
1978-05-20,66,"Stanley Turrentine","Westside Highway",,
1978-05-20,67,"Lou Rawls","When You Hear Lou, You've Heard It All",10,225796.666666667
1978-05-20,68,"Bee Gees","Here At Last...Bee Gees...Live",18,281001.333333333
1978-05-20,69,"Joe Sample","Rainbow Seeker",8,316418.0
1978-05-20,70,"Yvonne Elliman","Night Flight",,
1978-05-20,71,"Andy Gibb","Flowing Rivers",10,230314.2
1978-05-20,72,"Ted Nugent","Double Live, Gonzo",11,462268.818181818
1978-05-20,73,"Hubert Laws","Say It With Silence",5,399045.2
1978-05-20,74,"Todd Rundgren","Hermit Of Mink Hollow",12,185213.0
1978-05-20,75,KISS,"Double Platinum",20,208864.0
1978-05-20,76,Queen,"News Of The World",16,222138.0
1978-05-20,77,"Stanley Clarke","Modern Man",12,193784.25
1978-05-20,78,"Linda Ronstadt","Simple Dreams",10,198135.6
1978-05-20,79,Charlie,Lines,12,222009.25
1978-05-20,80,"Kenny Rogers","Ten Years Of Gold",10,207223.6
1978-05-20,81,"Village People","Village People",6,286110.5
1978-05-20,82,Cameo,"We All Know Who We Are",7,318527.285714286
1978-05-20,83,"Roy Ayers Ubiquity","Let's Do It",,
1978-05-20,84,"Al Di Meola Project",Casino,,
1978-05-20,85,"Maze Featuring Frankie Beverly","Golden Time Of Day",7,348787.285714286
1978-05-20,86,Chic,Chic,40,272391.575
1978-05-20,87,"Shaun Cassidy","Shaun Cassidy",10,181727.2
1978-05-20,88,"T.H.P. Orchestra","Two Hot For Love",,
1978-05-20,89,"Tower Of Power","We Came To Play",9,238916.777777778
1978-05-20,90,"Gerry Rafferty","City To City",10,319864.9
1978-05-20,91,Voyage,Voyage,12,223758.25
1978-05-20,92,"Hot Tuna","Double Dose",15,325481.533333333
1978-05-20,93,"Lou Reed","Street Hassle",8,321179.625
1978-05-20,94,"Aretha Franklin","Almighty Fire",,
1978-05-20,95,"Donna Summer","Once Upon A Time",16,256053.625
1978-05-20,96,"The Dramatics","Do What You Wanna Do",,
1978-05-20,97,"Barry Manilow","Barry Manilow Live",23,269442.47826087
1978-05-20,98,Stargard,Stargard,10,252991.5
1978-05-20,99,"Herb Alpert And Hugh Masekela","Herb Albert + Hugh Masak",,
1978-05-20,100,Faze-O,"Riding High",7,274148.428571429
1978-05-20,101,"Samantha Sang",Emotion,10,221710.4
1978-05-20,102,"Garland Jeffreys","One Eyed Jack",10,235710.3
1978-05-20,103,"Frank Zappa","Zappa In New York",15,447057.4
1978-05-20,104,"Alec R. Costandinos And The Synconic Orchestra","Romeo + Juliet",,
1978-05-20,105,"Lynyrd Skynyrd","Street Survivors",23,260330.043478261
1978-05-20,106,"Shaun Cassidy","Born Late",10,192200.9
1978-05-20,107,"Chick Corea","Mad Hatter",9,333441.222222222
1978-05-20,108,"Willie Nelson",Stardust,10,219051.7
1978-05-20,109,"Leif Garrett","Leif Garrett",12,193593.0
1978-05-20,110,"Linda Ronstadt","Greatest Hits",17,195693.294117647
1978-05-20,111,"The Climax Blues Band","Shine On",,
1978-05-20,112,"Head East","Head East",9,290040.111111111
1978-05-20,113,KISS,"Alive Ii",20,223676.55
1978-05-20,114,"Jay Ferguson","Thunder Island",10,240861.1
1978-05-20,115,"John Denver","I Want To Live",11,235995.909090909
1978-05-20,116,"Ashford & Simpson","Send It",8,272839.5
1978-05-20,117,"USA-European Connection","Come Into My Heart",6,573759.666666667
1978-05-20,118,Uk,U.k.,5,162242.6
1978-05-20,119,"Elvis Costello","My Aim Is True",13,173642.769230769
1978-05-20,120,"The Sundays",Sunburn,,
1978-05-20,121,"Seals & Crofts","Takin' It Easy",10,248845.1
1978-05-20,122,"Pure Prairie League","Just Fly",10,207779.7
1978-05-20,123,"The Trammps","Disco Inferno",6,427010.833333333
1978-05-20,124,Blondie,"Plastic Letters",17,169032.588235294
1978-05-20,125,"British Lions","British Lions",17,177808.294117647
1978-05-20,126,"Amazing Rhythm Aces","Burning The Ballroom Down",9,249131.555555556
1978-05-20,127,Sweet,"Level Headed",16,249570.0
1978-05-20,128,Tavares,"Future Bound",,
1978-05-20,129,Player,Player,1,249608.0
1978-05-20,130,Deodato,"Love Island",8,296962.875
1978-05-20,131,"The Floaters",Magic,,
1978-05-20,132,"Nick Lowe","Pure Pop For Now People",,
1978-05-20,133,"Les Dudek","Ghost Town Parade",9,267332.888888889
1978-05-20,134,"Emmylou Harris","Quarter Moon In A Ten Cent Town",12,213896.333333333
1978-05-20,135,Foreigner,Foreigner,12,240737.833333333
1978-05-20,136,Rainbow,"Long Live Rock + Roll",,
1978-05-20,137,"Smokey Robinson","Love Breeze",8,278439.625
1978-05-20,138,"The Michael Zager Band","Lets All Chant",6,372003.166666667
1978-05-20,139,"Lonnie Liston Smith",Loveland,8,277390.375
1978-05-20,140,"Michael Franks","Burchfield Nines",8,282132.875
1978-05-20,141,Foghat,"Stone Blue",8,270518.0
1978-05-20,142,"Gordon Lightfoot","Endless Wire",10,231317.1
1978-05-20,143,"The Statler Brothers","The Best Of The Statler Brothers",11,155491.454545455
1978-05-20,144,Enchantment,"Once Upon A Dream",11,253853.181818182
1978-05-20,145,"Elvis Presley","He Walks Beside Me (Favorite Songs Of Faith And Inspiration)",,
1978-05-20,146,Fotomaker,Fotomaker,10,225307.5
1978-05-20,147,Heatwave,"Too Hot To Handle",9,257460.444444444
1978-05-20,148,"Santa Esmeralda","The House Of The Rising Sun",6,488090.833333333
1978-05-20,149,"Art Garfunkel",Watermark,12,201676.333333333
1978-05-20,150,"Johnny Paycheck","Take This Job And Shove It",10,171726.9
1978-05-20,151,"The Rutles","The Rutles",20,147284.55
1978-05-20,152,"Bob Weir","Heaven Help The Fool",,
1978-05-20,153,Eagles,"Hotel California",9,340131.666666667
1978-05-20,154,"Vladimir Horowitz","Golden Jubilee Concert - Rachmaninoff Concerto No. 3",,
1978-05-20,155,"Steve Martin","Lets Get Small",10,228936.9
1978-05-20,156,"James Brown","Jam 1980's",5,499399.8
1978-05-20,157,"The Dickey Betts Band","Atlanta's Burning Down",,
1978-05-20,158,"Karla Bonoff","Karla Bonoff",10,216730.5
1978-05-20,159,"Ringo Starr","Bad Boy",12,202087.583333333
1978-05-20,160,"Steve Hackett","Please Don't Touch",13,248966.769230769
1978-05-20,161,"Sea Level","Cats On The Coast",8,282299.75
1978-05-20,162,"David Bowie","David Bowie Narrates Prokofiev's ""Peter And The Wolf""",,
1978-05-20,163,Rush,Archives,,
1978-05-20,164,"Roy Buchanan","You're Not Alone",7,343319.714285714
1978-05-20,165,"The Spinners","Best Of Spinners",15,236664.866666667
1978-05-20,166,"Tim Weisberg",Rotations,,
1978-05-20,167,"Bob James",Heads,24,184667.041666667
1978-05-20,168,"Johnnie Taylor","Ever Ready",,
1978-05-20,169,"Ian Dury And The Blockheads","New Boots & Panties",,
1978-05-20,170,"Dee Dee Bridgewater","Just Family",9,261812.888888889
1978-05-20,171,Eagles,"Their Greatest Hits 1971-1975",10,259820.4
1978-05-20,172,Shotgun,"Good Bad + Funky",,
1978-05-20,173,Soundtrack,"Star Wars",28,257901.928571429
1978-05-20,174,Eruption,Eruption,3,241643.0
1978-05-20,175,Kraftwerk,"The Man-machine",6,362728.5
1978-05-20,176,"Noel Pointer","Hold On",7,328565.142857143
1978-05-20,177,Pleasure,"Get To The Feeling",9,263891.555555556
1978-05-20,178,"Debby Boone","You Light Up My Life",12,198186.25
1978-05-20,179,"Love And Kisses","How Much,how Much I Love You",,
1978-05-20,180,"Andrew Gold","All This And Heaven Too",15,240712.666666667
1978-05-20,181,"Boz Scaggs","Silk Degrees",13,239546.461538462
1978-05-20,182,"The Manhattans","There's No Good In Goodbye",17,235464.705882353
1978-05-20,183,"Linda Clifford","If My Friends Could See Me Now",10,438310.9
1978-05-20,184,Odyssey,Odyssey,12,258818.0
1978-05-20,185,"Bee Gees","Bee Gees Gold, Volume One",,
1978-05-20,186,"B.B. King","Midnight Believer",7,285946.571428571
1978-05-20,187,"Bunny Sigler","Let Me Party With You",7,513683.285714286
1978-05-20,188,"Pharoah Sanders","Love Will Find A Way",7,329986.428571429
1978-05-20,189,"Spyro Gyra","Spyro Gyra",14,326797.714285714
1978-05-20,190,"Walter Egan","Not Shy",10,212195.7
1978-05-20,191,"Mahogany Rush","Frank Marino & Mahogany Rush Live",14,265376.857142857
1978-05-20,192,"Stanky Brown Group","Stanky Brown",10,214206.2
1978-05-20,193,Commodores,"Commodores Live!",12,364219.666666667
1978-05-20,194,"Paul Davis","Singer Of Songs, Teller Of Tales",10,182175.7
1978-05-20,195,"Paul McCartney And Wings","Wings Over America",,
1978-05-20,196,"Frankie Miller","Double Trouble",10,215709.5
1978-05-20,197,"Pink Floyd","The Dark Side Of The Moon",10,257363.2
1978-05-20,198,"The Steve Miller Band","Book Of Dreams",,
1978-05-20,199,"Dan Hill","Longer Fuse",10,239394.8
1978-05-20,200,"Little River Band","Diamantina Cocktail",11,233588.727272727
1978-05-27,1,Soundtrack,"Saturday Night Fever",21,224416.142857143
1978-05-27,2,Wings,"London Town",14,219551.071428571
1978-05-27,3,"Chuck Mangione","Feels So Good",6,394279.5
1978-05-27,4,"Eric Clapton",Slowhand,27,280855.407407407
1978-05-27,5,"Jefferson Starship",Earth,9,293372.777777778
1978-05-27,6,"The Isley Brothers",Showdown,13,303314.692307692
1978-05-27,7,"Jackson Browne","Running On Empty",10,260547.7
1978-05-27,8,"The Atlanta Rhythm Section","Champagne Jam",8,257114.625
1978-05-27,9,"Warren Zevon","Excitable Boy",13,192266.384615385
1978-05-27,10,"Jimmy Buffett","Son Of A Son Of A Sailor",9,234222.0
1978-05-27,11,"Johnny Mathis","You Light Up My Life",10,206814.4
1978-05-27,12,Heatwave,"Central Heating",9,277429.333333333
1978-05-27,13,"Billy Joel","The Stranger",21,296449.238095238
1978-05-27,14,Soundtrack,Fm,50,189786.94
1978-05-27,15,Genesis,"And Then There Were Three",11,292278.363636364
1978-05-27,16,"George Benson","Weekend In L.a.",11,451363.727272727
1978-05-27,17,Kansas,"Point Of Know Return",12,252448.583333333
1978-05-27,18,Heart,Magazine,8,294266.25
1978-05-27,19,"Van Halen","Van Halen",11,214083.545454545
1978-05-27,20,"Peter Brown","Fantasy Love Affair",8,280169.625
1978-05-27,21,"Jethro Tull","Heavy Horses: New Shoes Edition",11,
1978-05-27,22,"Steely Dan",Aja,7,343028.142857143
1978-05-27,23,"Barry Manilow","Even Now",14,220591.428571429
1978-05-27,24,"The O'Jays","So Full Of Love",8,271397.875
1978-05-27,25,"Carly Simon","Boys In The Trees",11,197341.454545455
1978-05-27,26,Journey,Infinity,10,218869.0
1978-05-27,27,Styx,"The Grand Illusion",8,312237.875
1978-05-27,28,"Roberta Flack","Blue Lights In The Basement",10,247782.3
1978-05-27,29,"Meat Loaf","Bat Out Of Hell",7,408818.857142857
1978-05-27,30,"Elvis Costello","This Years Model",13,183699.230769231
1978-05-27,31,"Little Feat","Waiting For Columbus",27,277210.37037037
1978-05-27,32,Soundtrack,"American Hot Wax",,
1978-05-27,33,"The Band","The Last Waltz (Soundtrack)",54,
1978-05-27,34,Soundtrack,"Thank God It's Friday",,
1978-05-27,35,"Rufus And Chaka Khan","Street Player",10,243778.4
1978-05-27,36,"Rod Stewart","Foot Loose + Fancy Free",8,334894.75
1978-05-27,37,Parliament,"Funkentelechy Vs. The Placebo Syndrome",6,443361.666666667
1978-05-27,38,"Patti Smith",Easter,12,219943.0
1978-05-27,39,Soundtrack,Grease,21,201416.80952381
1978-05-27,40,"Bob Welch","French Kiss",12,181677.5
1978-05-27,41,"Bootsy's Rubber Band","Bootsy? Player Of The Year",,
1978-05-27,42,"Eddie Money","Eddie Money",10,205046.3
1978-05-27,43,ABBA,"The Album",10,267333.1
1978-05-27,44,"Fleetwood Mac",Rumours,58,
1978-05-27,45,"Natalie Cole",Thankful,8,266833.0
1978-05-27,46,"Average White Band","Warmer Communications",11,408466.272727273
1978-05-27,47,"The Marshall Tucker Band","Together - Forever",8,326658.0
1978-05-27,48,"Earth, Wind & Fire","All 'n' All",11,212600.818181818
1978-05-27,49,"REO Speedwagon","You Can Tune A Piano But You Can't Tune A Fish",9,224461.777777778
1978-05-27,50,"Bob Marley And The Wailers",Kaya,11,228344.727272727
1978-05-27,51,"Gerry Rafferty","City To City",10,319864.9
1978-05-27,52,"Village People","Macho Man",2,316619.5
1978-05-27,53,Raydio,Raydio,8,255396.25
1978-05-27,54,"Peabo Bryson","Reaching For The Sky",8,289850.375
1978-05-27,55,"Robert Palmer","Double Fun",9,236155.222222222
1978-05-27,56,KISS,"Double Platinum",20,208864.0
1978-05-27,57,Soundtrack,"The Rocky Horror Picture Show",16,201972.9375
1978-05-27,58,"Electric Light Orchestra","Out Of The Blue",17,250202.705882353
1978-05-27,59,Renaissance,"Song For All Seasons",8,335018.125
1978-05-27,60,"Tuxedo Junction","Tuxedo Junction",11,208694.272727273
1978-05-27,61,"Ralph MacDonald","The Path",,
1978-05-27,62,"Waylon & Willie","Waylon + Willie",11,220698.181818182
1978-05-27,63,"The Outlaws","Bring It Back Alive",12,380749.666666667
1978-05-27,64,"Joe Sample","Rainbow Seeker",8,316418.0
1978-05-27,65,"Grover Washington, Jr.","Live At The Bijou",8,569455.875
1978-05-27,66,"Todd Rundgren","Hermit Of Mink Hollow",12,185213.0
1978-05-27,67,"Stanley Clarke","Modern Man",12,193784.25
1978-05-27,68,Commodores,"Natural High",8,311567.875
1978-05-27,69,"Dolly Parton","Here You Come Again",10,178703.6
1978-05-27,70,"Lou Rawls","When You Hear Lou, You've Heard It All",10,225796.666666667
1978-05-27,71,"Hubert Laws","Say It With Silence",5,399045.2
1978-05-27,72,"Carole King","Her Greatest Hits",14,218827.357142857
1978-05-27,73,"Bee Gees","Here At Last...Bee Gees...Live",18,281001.333333333
1978-05-27,74,"Al Di Meola Project",Casino,,
1978-05-27,75,"England Dan & John Ford Coley","Some Things Don't Come Easy",11,205510.090909091
1978-05-27,76,Foghat,"Stone Blue",8,270518.0
1978-05-27,77,Queen,"News Of The World",16,222138.0
1978-05-27,78,"Linda Ronstadt","Simple Dreams",10,198135.6
1978-05-27,79,Charlie,Lines,12,222009.25
1978-05-27,80,"Willie Nelson",Stardust,10,219051.7
1978-05-27,81,Voyage,Voyage,12,223758.25
1978-05-27,82,Cameo,"We All Know Who We Are",7,318527.285714286
1978-05-27,83,"The Dramatics","Do What You Wanna Do",,
1978-05-27,84,"Aretha Franklin","Almighty Fire",,
1978-05-27,85,"Maze Featuring Frankie Beverly","Golden Time Of Day",7,348787.285714286
1978-05-27,86,Chic,Chic,40,272391.575
1978-05-27,87,"Kenny Rogers","Ten Years Of Gold",10,207223.6
1978-05-27,88,"Village People","Village People",6,286110.5
1978-05-27,89,"Tower Of Power","We Came To Play",9,238916.777777778
1978-05-27,90,"Yvonne Elliman","Night Flight",,
1978-05-27,91,"Stanley Turrentine","Westside Highway",,
1978-05-27,92,"Andy Gibb","Flowing Rivers",10,230314.2
1978-05-27,93,"Donna Summer","Once Upon A Time",16,256053.625
1978-05-27,94,"Bob Seger","Stranger In Town",9,265499.666666667
1978-05-27,95,"Ted Nugent","Double Live, Gonzo",11,462268.818181818
1978-05-27,96,"Hot Tuna","Double Dose",15,325481.533333333
1978-05-27,97,"Barry Manilow","Barry Manilow Live",23,269442.47826087
1978-05-27,98,"Shaun Cassidy","Shaun Cassidy",10,181727.2
1978-05-27,99,Uk,U.k.,5,162242.6
1978-05-27,100,"Herb Alpert And Hugh Masekela","Herb Albert + Hugh Masak",,
1978-05-27,101,"The Climax Blues Band","Shine On",,
1978-05-27,102,"Garland Jeffreys","One Eyed Jack",10,235710.3
1978-05-27,103,Faze-O,"Riding High",7,274148.428571429
1978-05-27,104,"Roy Ayers Ubiquity","Let's Do It",,
1978-05-27,105,"Lynyrd Skynyrd","Street Survivors",23,260330.043478261
1978-05-27,106,"Samantha Sang",Emotion,10,221710.4
1978-05-27,107,"USA-European Connection","Come Into My Heart",6,573759.666666667
1978-05-27,108,"T.H.P. Orchestra","Two Hot For Love",,
1978-05-27,109,"Shaun Cassidy","Born Late",10,192200.9
1978-05-27,110,"The Sundays",Sunburn,,
1978-05-27,111,"Seals & Crofts","Takin' It Easy",10,248845.1
1978-05-27,112,"Pure Prairie League","Just Fly",10,207779.7
1978-05-27,113,"Linda Ronstadt","Greatest Hits",17,195693.294117647
1978-05-27,114,"Ashford & Simpson","Send It",8,272839.5
1978-05-27,115,"British Lions","British Lions",17,177808.294117647
1978-05-27,116,"Amazing Rhythm Aces","Burning The Ballroom Down",9,249131.555555556
1978-05-27,117,Sweet,"Level Headed",16,249570.0
1978-05-27,118,Tavares,"Future Bound",,
1978-05-27,119,"Elvis Costello","My Aim Is True",13,173642.769230769
1978-05-27,120,Deodato,"Love Island",8,296962.875
1978-05-27,121,Blondie,"Plastic Letters",17,169032.588235294
1978-05-27,122,"The Trammps","Disco Inferno",6,427010.833333333
1978-05-27,123,"Les Dudek","Ghost Town Parade",9,267332.888888889
1978-05-27,124,KISS,"Alive Ii",20,223676.55
1978-05-27,125,"Head East","Head East",9,290040.111111111
1978-05-27,126,Rainbow,"Long Live Rock + Roll",,
1978-05-27,127,"Smokey Robinson","Love Breeze",8,278439.625
1978-05-27,128,"The Michael Zager Band","Lets All Chant",6,372003.166666667
1978-05-27,129,"Alec R. Costandinos And The Synconic Orchestra","Romeo + Juliet",,
1978-05-27,130,"Nick Lowe","Pure Pop For Now People",,
1978-05-27,131,Player,Player,1,249608.0
1978-05-27,132,Foreigner,Foreigner,12,240737.833333333
1978-05-27,133,"The Statler Brothers","The Best Of The Statler Brothers",11,155491.454545455
1978-05-27,134,"Emmylou Harris","Quarter Moon In A Ten Cent Town",12,213896.333333333
1978-05-27,135,"Elvis Presley","He Walks Beside Me (Favorite Songs Of Faith And Inspiration)",,
1978-05-27,136,"The Floaters",Magic,,
1978-05-27,137,"Jay Ferguson","Thunder Island",10,240861.1
1978-05-27,138,"Frank Zappa","Zappa In New York",15,447057.4
1978-05-27,139,"Lonnie Liston Smith",Loveland,8,277390.375
1978-05-27,140,"Chick Corea","Mad Hatter",9,333441.222222222
1978-05-27,141,Stargard,Stargard,10,252991.5
1978-05-27,142,"Daryl Hall John Oates",Livetime,7,332422.571428571
1978-05-27,143,"Gordon Lightfoot","Endless Wire",10,231317.1
1978-05-27,144,"Vladimir Horowitz","Golden Jubilee Concert - Rachmaninoff Concerto No. 3",,
1978-05-27,145,Enchantment,"Once Upon A Dream",11,253853.181818182
1978-05-27,146,"James Brown","Jam 1980's",5,499399.8
1978-05-27,147,Heatwave,"Too Hot To Handle",9,257460.444444444
1978-05-27,148,Eagles,"Hotel California",9,340131.666666667
1978-05-27,149,"Ringo Starr","Bad Boy",12,202087.583333333
1978-05-27,150,"Steve Hackett","Please Don't Touch",13,248966.769230769
1978-05-27,151,"The Spinners","Best Of Spinners",15,236664.866666667
1978-05-27,152,"David Bowie","David Bowie Narrates Prokofiev's ""Peter And The Wolf""",,
1978-05-27,153,"Steve Martin","Lets Get Small",10,228936.9
1978-05-27,154,"Roy Buchanan","You're Not Alone",7,343319.714285714
1978-05-27,155,"Linda Clifford","If My Friends Could See Me Now",10,438310.9
1978-05-27,156,"B.B. King","Midnight Believer",7,285946.571428571
1978-05-27,157,"The Dickey Betts Band","Atlanta's Burning Down",,
1978-05-27,158,"Karla Bonoff","Karla Bonoff",10,216730.5
1978-05-27,159,"Santa Esmeralda","The House Of The Rising Sun",6,488090.833333333
1978-05-27,160,"Spyro Gyra","Spyro Gyra",14,326797.714285714
1978-05-27,161,Fotomaker,Fotomaker,10,225307.5
1978-05-27,162,"Love And Kisses","How Much,how Much I Love You",,
1978-05-27,163,"Tim Weisberg",Rotations,,
1978-05-27,164,"John Denver","I Want To Live",11,235995.909090909
1978-05-27,165,Kraftwerk,"The Man-machine",6,362728.5
1978-05-27,166,"Johnnie Taylor","Ever Ready",,
1978-05-27,167,Pleasure,"Get To The Feeling",9,263891.555555556
1978-05-27,168,"Ian Dury And The Blockheads","New Boots & Panties",,
1978-05-27,169,"Leif Garrett","Leif Garrett",12,193593.0
1978-05-27,170,"Bob James",Heads,24,184667.041666667
1978-05-27,171,Eagles,"Their Greatest Hits 1971-1975",10,259820.4
1978-05-27,172,"Evelyn ""Champagne"" King","Smooth Talk",,
1978-05-27,173,Soundtrack,"Star Wars",28,257901.928571429
1978-05-27,174,"Noel Pointer","Hold On",7,328565.142857143
1978-05-27,175,"David Oliver","David Oliver",2,194267.0
1978-05-27,176,Eruption,Eruption,3,241643.0
1978-05-27,177,"Norman Connors","This Is Your Life",10,275327.7
1978-05-27,178,"Pharoah Sanders","Love Will Find A Way",7,329986.428571429
1978-05-27,179,"Lou Reed","Street Hassle",8,321179.625
1978-05-27,180,Odyssey,Odyssey,12,258818.0
1978-05-27,181,"The Whispers",Headlights,8,314258.0
1978-05-27,182,"John Mc Laughlin","Electric Guitarist",,
1978-05-27,183,"Andrew Gold","All This And Heaven Too",15,240712.666666667
1978-05-27,184,"Michael Franks","Burchfield Nines",8,282132.875
1978-05-27,185,"Bob Weir","Heaven Help The Fool",,
1978-05-27,186,"Brian Eno","Before And After Science",10,238217.0
1978-05-27,187,"Dixie Dregs","What If",8,300774.75
1978-05-27,188,"Walter Egan","Not Shy",10,212195.7
1978-05-27,189,"Herbie Mann","Brazil Once Again",5,394447.6
1978-05-27,190,"Saturday Night Band","Come On Dance,dance",11,401977.909090909
1978-05-27,191,"Dee Dee Bridgewater","Just Family",9,261812.888888889
1978-05-27,192,"Stanky Brown Group","Stanky Brown",10,214206.2
1978-05-27,193,"Frankie Miller","Double Trouble",10,215709.5
1978-05-27,194,Shotgun,"Good Bad + Funky",,
1978-05-27,195,"Paul McCartney And Wings","Wings Over America",,
1978-05-27,196,"Boz Scaggs","Silk Degrees",13,239546.461538462
1978-05-27,197,"Pink Floyd","The Dark Side Of The Moon",10,257363.2
1978-05-27,198,"The Steve Miller Band","Book Of Dreams",,
1978-05-27,199,"Debby Boone","You Light Up My Life",12,198186.25
1978-05-27,200,"Mahogany Rush","Frank Marino & Mahogany Rush Live",14,265376.857142857
1978-06-03,1,Soundtrack,"Saturday Night Fever",21,224416.142857143
1978-06-03,2,Wings,"London Town",14,219551.071428571
1978-06-03,3,"Chuck Mangione","Feels So Good",6,394279.5
1978-06-03,4,"The Isley Brothers",Showdown,13,303314.692307692
1978-06-03,5,"Jefferson Starship",Earth,9,293372.777777778
1978-06-03,6,"Eric Clapton",Slowhand,27,280855.407407407
1978-06-03,7,"The Atlanta Rhythm Section","Champagne Jam",8,257114.625
1978-06-03,8,"Jackson Browne","Running On Empty",10,260547.7
1978-06-03,9,"Johnny Mathis","You Light Up My Life",10,206814.4
1978-06-03,10,Heatwave,"Central Heating",9,277429.333333333
1978-06-03,11,Soundtrack,Fm,50,189786.94
1978-06-03,12,"Billy Joel","The Stranger",21,296449.238095238
1978-06-03,13,"Warren Zevon","Excitable Boy",13,192266.384615385
1978-06-03,14,Genesis,"And Then There Were Three",11,292278.363636364
1978-06-03,15,"The O'Jays","So Full Of Love",8,271397.875
1978-06-03,16,"George Benson","Weekend In L.a.",11,451363.727272727
1978-06-03,17,Heart,Magazine,8,294266.25
1978-06-03,18,"Peter Brown","Fantasy Love Affair",8,280169.625
1978-06-03,19,"Jimmy Buffett","Son Of A Son Of A Sailor",9,234222.0
1978-06-03,20,"Jethro Tull","Heavy Horses: New Shoes Edition",11,
1978-06-03,21,Kansas,"Point Of Know Return",12,252448.583333333
1978-06-03,22,"Carly Simon","Boys In The Trees",11,197341.454545455
1978-06-03,23,"Steely Dan",Aja,7,343028.142857143
1978-06-03,24,Commodores,"Natural High",8,311567.875
1978-06-03,25,Journey,Infinity,10,218869.0
1978-06-03,26,"Meat Loaf","Bat Out Of Hell",7,408818.857142857
1978-06-03,27,"Roberta Flack","Blue Lights In The Basement",10,247782.3
1978-06-03,28,"Gerry Rafferty","City To City",10,319864.9
1978-06-03,29,Soundtrack,"Thank God It's Friday",,
1978-06-03,30,"Bob Seger","Stranger In Town",9,265499.666666667
1978-06-03,31,"The Band","The Last Waltz (Soundtrack)",54,
1978-06-03,32,"Barry Manilow","Even Now",14,220591.428571429
1978-06-03,33,Soundtrack,Grease,21,201416.80952381
1978-06-03,34,"Patti Smith",Easter,12,219943.0
1978-06-03,35,"Van Halen","Van Halen",11,214083.545454545
1978-06-03,36,Styx,"The Grand Illusion",8,312237.875
1978-06-03,37,"The Marshall Tucker Band","Together - Forever",8,326658.0
1978-06-03,38,"REO Speedwagon","You Can Tune A Piano But You Can't Tune A Fish",9,224461.777777778
1978-06-03,39,"Little Feat","Waiting For Columbus",27,277210.37037037
1978-06-03,40,ABBA,"The Album",10,267333.1
1978-06-03,41,"Average White Band","Warmer Communications",11,408466.272727273
1978-06-03,42,"Eddie Money","Eddie Money",10,205046.3
1978-06-03,43,"Natalie Cole",Thankful,8,266833.0
1978-06-03,44,"Fleetwood Mac",Rumours,58,
1978-06-03,45,KISS,"Double Platinum",20,208864.0
1978-06-03,46,Foghat,"Stone Blue",8,270518.0
1978-06-03,47,"Village People","Macho Man",2,316619.5
1978-06-03,48,"Earth, Wind & Fire","All 'n' All",11,212600.818181818
1978-06-03,49,Soundtrack,"The Rocky Horror Picture Show",16,201972.9375
1978-06-03,50,"Bob Marley And The Wailers",Kaya,11,228344.727272727
1978-06-03,51,"Elvis Costello","This Years Model",13,183699.230769231
1978-06-03,52,"Bonnie Tyler","It's A Heartache",1,212000.0
1978-06-03,53,Soundtrack,"American Hot Wax",,
1978-06-03,54,"Peabo Bryson","Reaching For The Sky",8,289850.375
1978-06-03,55,"Todd Rundgren","Hermit Of Mink Hollow",12,185213.0
1978-06-03,56,"Tuxedo Junction","Tuxedo Junction",11,208694.272727273
1978-06-03,57,"Stanley Clarke","Modern Man",12,193784.25
1978-06-03,58,Renaissance,"Song For All Seasons",8,335018.125
1978-06-03,59,"Willie Nelson",Stardust,10,219051.7
1978-06-03,60,"Waylon & Willie","Waylon + Willie",11,220698.181818182
1978-06-03,61,"Ralph MacDonald","The Path",,
1978-06-03,62,"Al Di Meola Project",Casino,,
1978-06-03,63,"Grover Washington, Jr.","Live At The Bijou",8,569455.875
1978-06-03,64,"Joe Sample","Rainbow Seeker",8,316418.0
1978-06-03,65,"The Outlaws","Bring It Back Alive",12,380749.666666667
1978-06-03,66,"England Dan & John Ford Coley","Some Things Don't Come Easy",11,205510.090909091
1978-06-03,67,"Dolly Parton","Here You Come Again",10,178703.6
1978-06-03,68,"Carole King","Her Greatest Hits",14,218827.357142857
1978-06-03,69,"The Dramatics","Do What You Wanna Do",,
1978-06-03,70,"Lou Rawls","When You Hear Lou, You've Heard It All",10,225796.666666667
1978-06-03,71,"Hubert Laws","Say It With Silence",5,399045.2
1978-06-03,72,Voyage,Voyage,12,223758.25
1978-06-03,73,"Bee Gees","Here At Last...Bee Gees...Live",18,281001.333333333
1978-06-03,74,"Aretha Franklin","Almighty Fire",,
1978-06-03,75,"Daryl Hall John Oates",Livetime,7,332422.571428571
1978-06-03,76,Charlie,Lines,12,222009.25
1978-06-03,77,Queen,"News Of The World",16,222138.0
1978-06-03,78,"Rufus And Chaka Khan","Street Player",10,243778.4
1978-06-03,79,"Rod Stewart","Foot Loose + Fancy Free",8,334894.75
1978-06-03,80,"Linda Ronstadt","Simple Dreams",10,198135.6
1978-06-03,81,Chic,Chic,40,272391.575
1978-06-03,82,"Andy Gibb","Flowing Rivers",10,230314.2
1978-06-03,83,"Village People","Village People",6,286110.5
1978-06-03,84,Uk,U.k.,5,162242.6
1978-06-03,85,Parliament,"Funkentelechy Vs. The Placebo Syndrome",6,443361.666666667
1978-06-03,86,"Bob Welch","French Kiss",12,181677.5
1978-06-03,87,"Kenny Rogers","Ten Years Of Gold",10,207223.6
1978-06-03,88,"Bootsy's Rubber Band","Bootsy? Player Of The Year",,
1978-06-03,89,"Donna Summer","Once Upon A Time",16,256053.625
1978-06-03,90,"Yvonne Elliman","Night Flight",,
1978-06-03,91,"The Climax Blues Band","Shine On",,
1978-06-03,92,"Pure Prairie League","Just Fly",10,207779.7
1978-06-03,93,Sweet,"Level Headed",16,249570.0
1978-06-03,94,"Barry Manilow","Barry Manilow Live",23,269442.47826087
1978-06-03,95,"George Duke","Don't Let Go",11,266159.545454545
1978-06-03,96,"USA-European Connection","Come Into My Heart",6,573759.666666667
1978-06-03,97,"Ted Nugent","Double Live, Gonzo",11,462268.818181818
1978-06-03,98,"The Sundays",Sunburn,,
1978-06-03,99,"Garland Jeffreys","One Eyed Jack",10,235710.3
1978-06-03,100,"Seals & Crofts","Takin' It Easy",10,248845.1
1978-06-03,101,"Herb Alpert And Hugh Masekela","Herb Albert + Hugh Masak",,
1978-06-03,102,Raydio,Raydio,8,255396.25
1978-06-03,103,Faze-O,"Riding High",7,274148.428571429
1978-06-03,104,"Robert Palmer","Double Fun",9,236155.222222222
1978-06-03,105,"British Lions","British Lions",17,177808.294117647
1978-06-03,106,"Electric Light Orchestra","Out Of The Blue",17,250202.705882353
1978-06-03,107,"Maze Featuring Frankie Beverly","Golden Time Of Day",7,348787.285714286
1978-06-03,108,Rainbow,"Long Live Rock + Roll",,
1978-06-03,109,Deodato,"Love Island",8,296962.875
1978-06-03,110,"Ashford & Simpson","Send It",8,272839.5
1978-06-03,111,Cameo,"We All Know Who We Are",7,318527.285714286
1978-06-03,112,"Linda Clifford","If My Friends Could See Me Now",10,438310.9
1978-06-03,113,"Les Dudek","Ghost Town Parade",9,267332.888888889
1978-06-03,114,"Smokey Robinson","Love Breeze",8,278439.625
1978-06-03,115,Tavares,"Future Bound",,
1978-06-03,116,"Amazing Rhythm Aces","Burning The Ballroom Down",9,249131.555555556
1978-06-03,117,"Linda Ronstadt","Greatest Hits",17,195693.294117647
1978-06-03,118,"Elvis Costello","My Aim Is True",13,173642.769230769
1978-06-03,119,Blondie,"Plastic Letters",17,169032.588235294
1978-06-03,120,"The Trammps","Disco Inferno",6,427010.833333333
1978-06-03,121,"Hot Tuna","Double Dose",15,325481.533333333
1978-06-03,122,"Spyro Gyra","Spyro Gyra",14,326797.714285714
1978-06-03,123,"Elvis Presley","He Walks Beside Me (Favorite Songs Of Faith And Inspiration)",,
1978-06-03,124,"The Michael Zager Band","Lets All Chant",6,372003.166666667
1978-06-03,125,"The Kinks",Misfits,11,245861.363636364
1978-06-03,126,"Samantha Sang",Emotion,10,221710.4
1978-06-03,127,"Nick Lowe","Pure Pop For Now People",,
1978-06-03,128,"T.H.P. Orchestra","Two Hot For Love",,
1978-06-03,129,"The Statler Brothers","The Best Of The Statler Brothers",11,155491.454545455
1978-06-03,130,Foreigner,Foreigner,12,240737.833333333
1978-06-03,131,Player,Player,1,249608.0
1978-06-03,132,"Vladimir Horowitz","Golden Jubilee Concert - Rachmaninoff Concerto No. 3",,
1978-06-03,133,KISS,"Alive Ii",20,223676.55
1978-06-03,134,"Roy Buchanan","You're Not Alone",7,343319.714285714
1978-06-03,135,"The Spinners","Best Of Spinners",15,236664.866666667
1978-06-03,136,"James Brown","Jam 1980's",5,499399.8
1978-06-03,137,"Lonnie Liston Smith",Loveland,8,277390.375
1978-06-03,138,"David Bowie","David Bowie Narrates Prokofiev's ""Peter And The Wolf""",,
1978-06-03,139,"Ringo Starr","Bad Boy",12,202087.583333333
1978-06-03,140,"Steve Hackett","Please Don't Touch",13,248966.769230769
1978-06-03,141,"Love And Kisses","How Much,how Much I Love You",,
1978-06-03,142,Heatwave,"Too Hot To Handle",9,257460.444444444
1978-06-03,143,"Gordon Lightfoot","Endless Wire",10,231317.1
1978-06-03,144,"Steve Martin","Lets Get Small",10,228936.9
1978-06-03,145,"B.B. King","Midnight Believer",7,285946.571428571
1978-06-03,146,"Head East","Head East",9,290040.111111111
1978-06-03,147,Enchantment,"Once Upon A Dream",11,253853.181818182
1978-06-03,148,Eagles,"Hotel California",9,340131.666666667
1978-06-03,149,"Alec R. Costandinos And The Synconic Orchestra","Romeo + Juliet",,
1978-06-03,150,Pleasure,"Get To The Feeling",9,263891.555555556
1978-06-03,151,"David Oliver","David Oliver",2,194267.0
1978-06-03,152,"Norman Connors","This Is Your Life",10,275327.7
1978-06-03,153,Kraftwerk,"The Man-machine",6,362728.5
1978-06-03,154,"Karla Bonoff","Karla Bonoff",10,216730.5
1978-06-03,155,"Tower Of Power","We Came To Play",9,238916.777777778
1978-06-03,156,Fotomaker,Fotomaker,10,225307.5
1978-06-03,157,"Evelyn ""Champagne"" King","Smooth Talk",,
1978-06-03,158,"Alvin Lee","Rocket Fuel",8,282738.0
1978-06-03,159,"Tim Weisberg",Rotations,,
1978-06-03,160,"Chick Corea","Mad Hatter",9,333441.222222222
1978-06-03,161,"The Floaters",Magic,,
1978-06-03,162,"John Denver","I Want To Live",11,235995.909090909
1978-06-03,163,"The Whispers",Headlights,8,314258.0
1978-06-03,164,"Johnnie Taylor","Ever Ready",,
1978-06-03,165,"Barry White","Barry White Sings For Someone You Love",7,349437.857142857
1978-06-03,166,"Pharoah Sanders","Love Will Find A Way",7,329986.428571429
1978-06-03,167,"Jay Ferguson","Thunder Island",10,240861.1
1978-06-03,168,"Ian Dury And The Blockheads","New Boots & Panties",,
1978-06-03,169,"Bob James",Heads,24,184667.041666667
1978-06-03,170,"John Mc Laughlin","Electric Guitarist",,
1978-06-03,171,Eagles,"Their Greatest Hits 1971-1975",10,259820.4
1978-06-03,172,Passport,"Sky Blue",,
1978-06-03,173,Eruption,Eruption,3,241643.0
1978-06-03,174,"Noel Pointer","Hold On",7,328565.142857143
1978-06-03,175,"David Sanborn","Heart To Heart",8,364496.5
1978-06-03,176,Odyssey,Odyssey,12,258818.0
1978-06-03,177,"Saturday Night Band","Come On Dance,dance",11,401977.909090909
1978-06-03,178,"Herbie Mann","Brazil Once Again",5,394447.6
1978-06-03,179,"Lou Reed","Street Hassle",8,321179.625
1978-06-03,180,"Brian Eno","Before And After Science",10,238217.0
1978-06-03,181,"Frank Zappa","Zappa In New York",15,447057.4
1978-06-03,182,"Dixie Dregs","What If",8,300774.75
1978-06-03,183,Soundtrack,"Star Wars",28,257901.928571429
1978-06-03,184,"Michael Franks","Burchfield Nines",8,282132.875
1978-06-03,185,"Flora Purim","Everyday,everynight",11,234876.0
1978-06-03,186,"Walter Egan","Not Shy",10,212195.7
1978-06-03,187,"Dee Dee Bridgewater","Just Family",9,261812.888888889
1978-06-03,188,"Billy Cobham","Inner Conflicts",5,515802.2
1978-06-03,189,"Frankie Miller","Double Trouble",10,215709.5
1978-06-03,190,"Rare Earth","Band Together",,
1978-06-03,191,"Stanley Turrentine","Westside Highway",,
1978-06-03,192,"Debby Boone","You Light Up My Life",12,198186.25
1978-06-03,193,"Lynyrd Skynyrd","Street Survivors",23,260330.043478261
1978-06-03,194,"Roy Ayers Ubiquity","Let's Do It",,
1978-06-03,195,"Paul McCartney And Wings","Wings Over America",,
1978-06-03,196,"Shaun Cassidy","Born Late",10,192200.9
1978-06-03,197,"Pink Floyd","The Dark Side Of The Moon",10,257363.2
1978-06-03,198,"The Steve Miller Band","Book Of Dreams",,
1978-06-03,199,"Shaun Cassidy","Shaun Cassidy",10,181727.2
1978-06-03,200,"Emmylou Harris","Quarter Moon In A Ten Cent Town",12,213896.333333333
1978-06-10,1,Soundtrack,"Saturday Night Fever",21,224416.142857143
1978-06-10,2,Wings,"London Town",14,219551.071428571
1978-06-10,3,"Chuck Mangione","Feels So Good",6,394279.5
1978-06-10,4,"The Isley Brothers",Showdown,13,303314.692307692
1978-06-10,5,"Jefferson Starship",Earth,9,293372.777777778
1978-06-10,6,"Eric Clapton",Slowhand,27,280855.407407407
1978-06-10,7,"The Atlanta Rhythm Section","Champagne Jam",8,257114.625
1978-06-10,8,Soundtrack,Fm,50,189786.94
1978-06-10,9,"Johnny Mathis","You Light Up My Life",10,206814.4
1978-06-10,10,Heatwave,"Central Heating",9,277429.333333333
1978-06-10,11,"The O'Jays","So Full Of Love",8,271397.875
1978-06-10,12,"Billy Joel","The Stranger",21,296449.238095238
1978-06-10,13,"Jackson Browne","Running On Empty",10,260547.7
1978-06-10,14,"Gerry Rafferty","City To City",10,319864.9
1978-06-10,15,Commodores,"Natural High",8,311567.875
1978-06-10,16,"Peter Brown","Fantasy Love Affair",8,280169.625
1978-06-10,17,"Carly Simon","Boys In The Trees",11,197341.454545455
1978-06-10,18,"Bob Seger","Stranger In Town",9,265499.666666667
1978-06-10,19,"Jethro Tull","Heavy Horses: New Shoes Edition",11,
1978-06-10,20,"George Benson","Weekend In L.a.",11,451363.727272727
1978-06-10,21,Heart,Magazine,8,294266.25
1978-06-10,22,Genesis,"And Then There Were Three",11,292278.363636364
1978-06-10,23,Soundtrack,"Thank God It's Friday",,
1978-06-10,24,Journey,Infinity,10,218869.0
1978-06-10,25,"The Band","The Last Waltz (Soundtrack)",54,
1978-06-10,26,"Meat Loaf","Bat Out Of Hell",7,408818.857142857
1978-06-10,27,Soundtrack,Grease,21,201416.80952381
1978-06-10,28,"Patti Smith",Easter,12,219943.0
1978-06-10,29,"Warren Zevon","Excitable Boy",13,192266.384615385
1978-06-10,30,"The Marshall Tucker Band","Together - Forever",8,326658.0
1978-06-10,31,"REO Speedwagon","You Can Tune A Piano But You Can't Tune A Fish",9,224461.777777778
1978-06-10,32,"Bonnie Tyler","It's A Heartache",1,212000.0
1978-06-10,33,"Jimmy Buffett","Son Of A Son Of A Sailor",9,234222.0
1978-06-10,34,"Steely Dan",Aja,7,343028.142857143
1978-06-10,35,"Roberta Flack","Blue Lights In The Basement",10,247782.3
1978-06-10,36,ABBA,"The Album",10,267333.1
1978-06-10,37,KISS,"Double Platinum",20,208864.0
1978-06-10,38,Foghat,"Stone Blue",8,270518.0
1978-06-10,39,Kansas,"Point Of Know Return",12,252448.583333333
1978-06-10,40,"Barry Manilow","Even Now",14,220591.428571429
1978-06-10,41,"Van Halen","Van Halen",11,214083.545454545
1978-06-10,42,"Eddie Money","Eddie Money",10,205046.3
1978-06-10,43,Styx,"The Grand Illusion",8,312237.875
1978-06-10,44,"Willie Nelson",Stardust,10,219051.7
1978-06-10,45,"Village People","Macho Man",2,316619.5
1978-06-10,46,"Todd Rundgren","Hermit Of Mink Hollow",12,185213.0
1978-06-10,47,"Fleetwood Mac",Rumours,58,
1978-06-10,48,"Natalie Cole",Thankful,8,266833.0
1978-06-10,49,Soundtrack,"The Rocky Horror Picture Show",16,201972.9375
1978-06-10,50,"Elvis Costello","This Years Model",13,183699.230769231
1978-06-10,51,"Earth, Wind & Fire","All 'n' All",11,212600.818181818
1978-06-10,52,"Joe Walsh","But Seriously Folks",8,265178.125
1978-06-10,53,"Bob Marley And The Wailers",Kaya,11,228344.727272727
1978-06-10,54,"Al Di Meola Project",Casino,,
1978-06-10,55,"Little Feat","Waiting For Columbus",27,277210.37037037
1978-06-10,56,"Tuxedo Junction","Tuxedo Junction",11,208694.272727273
1978-06-10,57,"Stanley Clarke","Modern Man",12,193784.25
1978-06-10,58,"Waylon & Willie","Waylon + Willie",11,220698.181818182
1978-06-10,59,"Daryl Hall John Oates",Livetime,7,332422.571428571
1978-06-10,60,"Average White Band","Warmer Communications",11,408466.272727273
1978-06-10,61,"The Dramatics","Do What You Wanna Do",,
1978-06-10,62,Renaissance,"Song For All Seasons",8,335018.125
1978-06-10,63,"Grover Washington, Jr.","Live At The Bijou",8,569455.875
1978-06-10,64,Voyage,Voyage,12,223758.25
1978-06-10,65,"Peabo Bryson","Reaching For The Sky",8,289850.375
1978-06-10,66,"Aretha Franklin","Almighty Fire",,
1978-06-10,67,"Dolly Parton","Here You Come Again",10,178703.6
1978-06-10,68,"The Outlaws","Bring It Back Alive",12,380749.666666667
1978-06-10,69,"England Dan & John Ford Coley","Some Things Don't Come Easy",11,205510.090909091
1978-06-10,70,"Carole King","Her Greatest Hits",14,218827.357142857
1978-06-10,71,"Joe Sample","Rainbow Seeker",8,316418.0
1978-06-10,72,"Lou Rawls","When You Hear Lou, You've Heard It All",10,225796.666666667
1978-06-10,73,Soundtrack,"American Hot Wax",,
1978-06-10,74,"Andy Gibb","Flowing Rivers",10,230314.2
1978-06-10,75,Charlie,Lines,12,222009.25
1978-06-10,76,Uk,U.k.,5,162242.6
1978-06-10,77,"Village People","Village People",6,286110.5
1978-06-10,78,"Rufus And Chaka Khan","Street Player",10,243778.4
1978-06-10,79,"Rod Stewart","Foot Loose + Fancy Free",8,334894.75
1978-06-10,80,"Linda Clifford","If My Friends Could See Me Now",10,438310.9
1978-06-10,81,"The Climax Blues Band","Shine On",,
1978-06-10,82,"Pure Prairie League","Just Fly",10,207779.7
1978-06-10,83,Sweet,"Level Headed",16,249570.0
1978-06-10,84,"Linda Ronstadt","Simple Dreams",10,198135.6
1978-06-10,85,"George Duke","Don't Let Go",11,266159.545454545
1978-06-10,86,"USA-European Connection","Come Into My Heart",6,573759.666666667
1978-06-10,87,"Robert Palmer","Double Fun",9,236155.222222222
1978-06-10,88,"The Sundays",Sunburn,,
1978-06-10,89,Parliament,"Funkentelechy Vs. The Placebo Syndrome",6,443361.666666667
1978-06-10,90,"Seals & Crofts","Takin' It Easy",10,248845.1
1978-06-10,91,"Ralph MacDonald","The Path",,
1978-06-10,92,"Hubert Laws","Say It With Silence",5,399045.2
1978-06-10,93,"Smokey Robinson","Love Breeze",8,278439.625
1978-06-10,94,"Barry Manilow","Barry Manilow Live",23,269442.47826087
1978-06-10,95,"British Lions","British Lions",17,177808.294117647
1978-06-10,96,"The Kinks",Misfits,11,245861.363636364
1978-06-10,97,Chic,Chic,40,272391.575
1978-06-10,98,Rainbow,"Long Live Rock + Roll",,
1978-06-10,99,Deodato,"Love Island",8,296962.875
1978-06-10,100,"Bootsy's Rubber Band","Bootsy? Player Of The Year",,
1978-06-10,101,"Bee Gees","Here At Last...Bee Gees...Live",18,281001.333333333
1978-06-10,102,Raydio,Raydio,8,255396.25
1978-06-10,103,"Les Dudek","Ghost Town Parade",9,267332.888888889
1978-06-10,104,"Donna Summer","Once Upon A Time",16,256053.625
1978-06-10,105,"Tom Petty And The Heartbreakers","You're Gonna' Get It",10,179354.5
1978-06-10,106,"Bob Welch","French Kiss",12,181677.5
1978-06-10,107,Queen,"News Of The World",16,222138.0
1978-06-10,108,"Kenny Rogers","Ten Years Of Gold",10,207223.6
1978-06-10,109,"Ashford & Simpson","Send It",8,272839.5
1978-06-10,110,"Evelyn ""Champagne"" King","Smooth Talk",,
1978-06-10,111,"Cheap Trick","Heaven Tonight",11,236886.909090909
1978-06-10,112,"Spyro Gyra","Spyro Gyra",14,326797.714285714
1978-06-10,113,"Elvis Presley","He Walks Beside Me (Favorite Songs Of Faith And Inspiration)",,
1978-06-10,114,"Yvonne Elliman","Night Flight",,
1978-06-10,115,Tavares,"Future Bound",,
1978-06-10,116,"John Mc Laughlin","Electric Guitarist",,
1978-06-10,117,"Elvis Costello","My Aim Is True",13,173642.769230769
1978-06-10,118,"Love And Kisses","How Much,how Much I Love You",,
1978-06-10,119,Blondie,"Plastic Letters",17,169032.588235294
1978-06-10,120,"The Trammps","Disco Inferno",6,427010.833333333
1978-06-10,121,"The Statler Brothers","The Best Of The Statler Brothers",11,155491.454545455
1978-06-10,122,"Vladimir Horowitz","Golden Jubilee Concert - Rachmaninoff Concerto No. 3",,
1978-06-10,123,"The Michael Zager Band","Lets All Chant",6,372003.166666667
1978-06-10,124,"Roy Buchanan","You're Not Alone",7,343319.714285714
1978-06-10,125,"The Spinners","Best Of Spinners",15,236664.866666667
1978-06-10,126,"James Brown","Jam 1980's",5,499399.8
1978-06-10,127,"B.B. King","Midnight Believer",7,285946.571428571
1978-06-10,128,"Steve Hackett","Please Don't Touch",13,248966.769230769
1978-06-10,129,"Ringo Starr","Bad Boy",12,202087.583333333
1978-06-10,130,"Nick Lowe","Pure Pop For Now People",,
1978-06-10,131,Foreigner,Foreigner,12,240737.833333333
1978-06-10,132,"Norman Connors","This Is Your Life",10,275327.7
1978-06-10,133,"Garland Jeffreys","One Eyed Jack",10,235710.3
1978-06-10,134,"The Whispers",Headlights,8,314258.0
1978-06-10,135,Faze-O,"Riding High",7,274148.428571429
1978-06-10,136,"David Bowie","David Bowie Narrates Prokofiev's ""Peter And The Wolf""",,
1978-06-10,137,"Lonnie Liston Smith",Loveland,8,277390.375
1978-06-10,138,"Alvin Lee","Rocket Fuel",8,282738.0
1978-06-10,139,"Electric Light Orchestra","Out Of The Blue",17,250202.705882353
1978-06-10,140,Pleasure,"Get To The Feeling",9,263891.555555556
1978-06-10,141,"David Oliver","David Oliver",2,194267.0
1978-06-10,142,Cameo,"We All Know Who We Are",7,318527.285714286
1978-06-10,143,Kraftwerk,"The Man-machine",6,362728.5
1978-06-10,144,"Maze Featuring Frankie Beverly","Golden Time Of Day",7,348787.285714286
1978-06-10,145,"Linda Ronstadt","Greatest Hits",17,195693.294117647
1978-06-10,146,"Mink De Ville","Return To Magenta",,
1978-06-10,147,"Herb Alpert And Hugh Masekela","Herb Albert + Hugh Masak",,
1978-06-10,148,"Ted Nugent","Double Live, Gonzo",11,462268.818181818
1978-06-10,149,"Steve Martin","Lets Get Small",10,228936.9
1978-06-10,150,Heatwave,"Too Hot To Handle",9,257460.444444444
1978-06-10,151,KISS,"Alive Ii",20,223676.55
1978-06-10,152,"Amazing Rhythm Aces","Burning The Ballroom Down",9,249131.555555556
1978-06-10,153,"Hot Tuna","Double Dose",15,325481.533333333
1978-06-10,154,"Karla Bonoff","Karla Bonoff",10,216730.5
1978-06-10,155,"Barry White","Barry White Sings For Someone You Love",7,349437.857142857
1978-06-10,156,Fotomaker,Fotomaker,10,225307.5
1978-06-10,157,"Samantha Sang",Emotion,10,221710.4
1978-06-10,158,Player,Player,1,249608.0
1978-06-10,159,"Tim Weisberg",Rotations,,
1978-06-10,160,Enchantment,"Once Upon A Dream",11,253853.181818182
1978-06-10,161,"John Denver","I Want To Live",11,235995.909090909
1978-06-10,162,Passport,"Sky Blue",,
1978-06-10,163,"Pharoah Sanders","Love Will Find A Way",7,329986.428571429
1978-06-10,164,"Gordon Lightfoot","Endless Wire",10,231317.1
1978-06-10,165,"David Sanborn","Heart To Heart",8,364496.5
1978-06-10,166,"Bob James",Heads,24,184667.041666667
1978-06-10,167,"Saturday Night Band","Come On Dance,dance",11,401977.909090909
1978-06-10,168,"Herbie Mann","Brazil Once Again",5,394447.6
1978-06-10,169,"Johnnie Taylor","Ever Ready",,
1978-06-10,170,"Head East","Head East",9,290040.111111111
1978-06-10,171,Eagles,"Their Greatest Hits 1971-1975",10,259820.4
1978-06-10,172,Odyssey,Odyssey,12,258818.0
1978-06-10,173,Eruption,Eruption,3,241643.0
1978-06-10,174,"Brian Eno","Before And After Science",10,238217.0
1978-06-10,175,"Flora Purim","Everyday,everynight",11,234876.0
1978-06-10,176,"Noel Pointer","Hold On",7,328565.142857143
1978-06-10,177,"T.H.P. Orchestra","Two Hot For Love",,
1978-06-10,178,"Billy Cobham","Inner Conflicts",5,515802.2
1978-06-10,179,"Toby Beau","Toby Beau",1,222666.0
1978-06-10,180,"Rare Earth","Band Together",,
1978-06-10,181,"Walter Egan","Not Shy",10,212195.7
1978-06-10,182,"Dixie Dregs","What If",8,300774.75
1978-06-10,183,"The Pousette Dart Band","Pousette Dart #3",,
1978-06-10,184,"Dee Dee Bridgewater","Just Family",9,261812.888888889
1978-06-10,185,"Memphis Horns","The Memphis Horns Band II",,
1978-06-10,186,"Frankie Miller","Double Trouble",10,215709.5
1978-06-10,187,Soundtrack,"Star Wars",28,257901.928571429
1978-06-10,188,"The Statler Brothers","Entertainers On And Off The Record",11,158884.454545455
1978-06-10,189,"Alec R. Costandinos And The Synconic Orchestra","Romeo + Juliet",,
1978-06-10,190,"Debby Boone","You Light Up My Life",12,198186.25
1978-06-10,191,"Michael Franks","Burchfield Nines",8,282132.875
1978-06-10,192,"Paul McCartney And Wings","Wings Over America",,
1978-06-10,193,Eagles,"Hotel California",9,340131.666666667
1978-06-10,194,"Chick Corea","Mad Hatter",9,333441.222222222
1978-06-10,195,"Tower Of Power","We Came To Play",9,238916.777777778
1978-06-10,196,"Shaun Cassidy","Born Late",10,192200.9
1978-06-10,197,"Jay Ferguson","Thunder Island",10,240861.1
1978-06-10,198,"The Steve Miller Band","Book Of Dreams",,
1978-06-10,199,"The Floaters",Magic,,
1978-06-10,200,"Pink Floyd","The Dark Side Of The Moon",10,257363.2
1978-06-17,1,Soundtrack,"Saturday Night Fever",21,224416.142857143
1978-06-17,2,"Chuck Mangione","Feels So Good",6,394279.5
1978-06-17,3,Wings,"London Town",14,219551.071428571
1978-06-17,4,"The Isley Brothers",Showdown,13,303314.692307692
1978-06-17,5,"Jefferson Starship",Earth,9,293372.777777778
1978-06-17,6,"Gerry Rafferty","City To City",10,319864.9
1978-06-17,7,Soundtrack,Fm,50,189786.94
1978-06-17,8,"The O'Jays","So Full Of Love",8,271397.875
1978-06-17,9,"Johnny Mathis","You Light Up My Life",10,206814.4
1978-06-17,10,Commodores,"Natural High",8,311567.875
1978-06-17,11,"Eric Clapton",Slowhand,27,280855.407407407
1978-06-17,12,"Bob Seger","Stranger In Town",9,265499.666666667
1978-06-17,13,"Carly Simon","Boys In The Trees",11,197341.454545455
1978-06-17,14,"Peter Brown","Fantasy Love Affair",8,280169.625
1978-06-17,15,"Billy Joel","The Stranger",21,296449.238095238
1978-06-17,16,"The Atlanta Rhythm Section","Champagne Jam",8,257114.625
1978-06-17,17,Soundtrack,"Thank God It's Friday",,
1978-06-17,18,Heatwave,"Central Heating",9,277429.333333333
1978-06-17,19,"Jethro Tull","Heavy Horses: New Shoes Edition",11,
1978-06-17,20,"The Band","The Last Waltz (Soundtrack)",54,
1978-06-17,21,Soundtrack,Grease,21,201416.80952381
1978-06-17,22,"Patti Smith",Easter,12,219943.0
1978-06-17,23,"Jackson Browne","Running On Empty",10,260547.7
1978-06-17,24,"The Marshall Tucker Band","Together - Forever",8,326658.0
1978-06-17,25,"Bonnie Tyler","It's A Heartache",1,212000.0
1978-06-17,26,"George Benson","Weekend In L.a.",11,451363.727272727
1978-06-17,27,"Joe Walsh","But Seriously Folks",8,265178.125
1978-06-17,28,Journey,Infinity,10,218869.0
1978-06-17,29,"REO Speedwagon","You Can Tune A Piano But You Can't Tune A Fish",9,224461.777777778
1978-06-17,30,KISS,"Double Platinum",20,208864.0
1978-06-17,31,Foghat,"Stone Blue",8,270518.0
1978-06-17,32,"Steely Dan",Aja,7,343028.142857143
1978-06-17,33,"Warren Zevon","Excitable Boy",13,192266.384615385
1978-06-17,34,Genesis,"And Then There Were Three",11,292278.363636364
1978-06-17,35,"Meat Loaf","Bat Out Of Hell",7,408818.857142857
1978-06-17,36,ABBA,"The Album",10,267333.1
1978-06-17,37,"Willie Nelson",Stardust,10,219051.7
1978-06-17,38,"Todd Rundgren","Hermit Of Mink Hollow",12,185213.0
1978-06-17,39,"Bruce Springsteen","Darkness On The Edge Of Town",10,256567.7
1978-06-17,40,"Barry Manilow","Even Now",14,220591.428571429
1978-06-17,41,"Jimmy Buffett","Son Of A Son Of A Sailor",9,234222.0
1978-06-17,42,Heart,Magazine,8,294266.25
1978-06-17,43,"Eddie Money","Eddie Money",10,205046.3
1978-06-17,44,Kansas,"Point Of Know Return",12,252448.583333333
1978-06-17,45,"Van Halen","Van Halen",11,214083.545454545
1978-06-17,46,"Andy Gibb","Shadow Dancing",10,247935.8
1978-06-17,47,"Village People","Macho Man",2,316619.5
1978-06-17,48,Styx,"The Grand Illusion",8,312237.875
1978-06-17,49,"Fleetwood Mac",Rumours,58,
1978-06-17,50,"Roberta Flack","Blue Lights In The Basement",10,247782.3
1978-06-17,51,"Daryl Hall John Oates",Livetime,7,332422.571428571
1978-06-17,52,"Al Di Meola Project",Casino,,
1978-06-17,53,"The Dramatics","Do What You Wanna Do",,
1978-06-17,54,"Barbra Streisand",Songbird,10,229055.6
1978-06-17,55,"Earth, Wind & Fire","All 'n' All",11,212600.818181818
1978-06-17,56,Voyage,Voyage,12,223758.25
1978-06-17,57,"George Duke","Don't Let Go",11,266159.545454545
1978-06-17,58,"Waylon & Willie","Waylon + Willie",11,220698.181818182
1978-06-17,59,"Elvis Costello","This Years Model",13,183699.230769231
1978-06-17,60,"Little Feat","Waiting For Columbus",27,277210.37037037
1978-06-17,61,"Tom Petty And The Heartbreakers","You're Gonna' Get It",10,179354.5
1978-06-17,62,"Linda Clifford","If My Friends Could See Me Now",10,438310.9
1978-06-17,63,"Aretha Franklin","Almighty Fire",,
1978-06-17,64,"Natalie Cole",Thankful,8,266833.0
1978-06-17,65,"The Kinks",Misfits,11,245861.363636364
1978-06-17,66,"Peabo Bryson","Reaching For The Sky",8,289850.375
1978-06-17,67,"Bob Marley And The Wailers",Kaya,11,228344.727272727
1978-06-17,68,Uk,U.k.,5,162242.6
1978-06-17,69,Soundtrack,"The Rocky Horror Picture Show",16,201972.9375
1978-06-17,70,"Stanley Clarke","Modern Man",12,193784.25
1978-06-17,71,"The Climax Blues Band","Shine On",,
1978-06-17,72,"Village People","Village People",6,286110.5
1978-06-17,73,Sweet,"Level Headed",16,249570.0
1978-06-17,74,"Andy Gibb","Flowing Rivers",10,230314.2
1978-06-17,75,"Rod Stewart","Foot Loose + Fancy Free",8,334894.75
1978-06-17,76,"USA-European Connection","Come Into My Heart",6,573759.666666667
1978-06-17,77,"Robert Palmer","Double Fun",9,236155.222222222
1978-06-17,78,"Dolly Parton","Here You Come Again",10,178703.6
1978-06-17,79,"Pure Prairie League","Just Fly",10,207779.7
1978-06-17,80,"Seals & Crofts","Takin' It Easy",10,248845.1
1978-06-17,81,"Rufus And Chaka Khan","Street Player",10,243778.4
1978-06-17,82,"The Outlaws","Bring It Back Alive",12,380749.666666667
1978-06-17,83,"Smokey Robinson","Love Breeze",8,278439.625
1978-06-17,84,"Average White Band","Warmer Communications",11,408466.272727273
1978-06-17,85,"British Lions","British Lions",17,177808.294117647
1978-06-17,86,"The Sundays",Sunburn,,
1978-06-17,87,"Evelyn ""Champagne"" King","Smooth Talk",,
1978-06-17,88,"Joe Sample","Rainbow Seeker",8,316418.0
1978-06-17,89,Parliament,"Funkentelechy Vs. The Placebo Syndrome",6,443361.666666667
1978-06-17,90,Charlie,Lines,12,222009.25
1978-06-17,91,"Tuxedo Junction","Tuxedo Junction",11,208694.272727273
1978-06-17,92,"Grover Washington, Jr.","Live At The Bijou",8,569455.875
1978-06-17,93,"Lou Rawls","When You Hear Lou, You've Heard It All",10,225796.666666667
1978-06-17,94,"Linda Ronstadt","Simple Dreams",10,198135.6
1978-06-17,95,"Hubert Laws","Say It With Silence",5,399045.2
1978-06-17,96,"Barry Manilow","Barry Manilow Live",23,269442.47826087
1978-06-17,97,Rainbow,"Long Live Rock + Roll",,
1978-06-17,98,Deodato,"Love Island",8,296962.875
1978-06-17,99,"Carole King","Her Greatest Hits",14,218827.357142857
1978-06-17,100,"Les Dudek","Ghost Town Parade",9,267332.888888889
1978-06-17,101,"Cheap Trick","Heaven Tonight",11,236886.909090909
1978-06-17,102,"Spyro Gyra","Spyro Gyra",14,326797.714285714
1978-06-17,103,"Bootsy's Rubber Band","Bootsy? Player Of The Year",,
1978-06-17,104,"Donna Summer","Once Upon A Time",16,256053.625
1978-06-17,105,"Love And Kisses","How Much,how Much I Love You",,
1978-06-17,106,"John Mc Laughlin","Electric Guitarist",,
1978-06-17,107,"Bob Welch","French Kiss",12,181677.5
1978-06-17,108,"Little River Band","Sleeper Catcher",9,281811.555555556
1978-06-17,109,"Ashford & Simpson","Send It",8,272839.5
1978-06-17,110,"Kenny Rogers","Ten Years Of Gold",10,207223.6
1978-06-17,111,Renaissance,"Song For All Seasons",8,335018.125
1978-06-17,112,"Vladimir Horowitz","Golden Jubilee Concert - Rachmaninoff Concerto No. 3",,
1978-06-17,113,"Elvis Presley","He Walks Beside Me (Favorite Songs Of Faith And Inspiration)",,
1978-06-17,114,"The Whispers",Headlights,8,314258.0
1978-06-17,115,"The Spinners","Best Of Spinners",15,236664.866666667
1978-06-17,116,"Elvis Costello","My Aim Is True",13,173642.769230769
1978-06-17,117,"Steve Hackett","Please Don't Touch",13,248966.769230769
1978-06-17,118,"England Dan & John Ford Coley","Some Things Don't Come Easy",11,205510.090909091
1978-06-17,119,"Roy Buchanan","You're Not Alone",7,343319.714285714
1978-06-17,120,Chic,Chic,40,272391.575
1978-06-17,121,"The Statler Brothers","The Best Of The Statler Brothers",11,155491.454545455
1978-06-17,122,"Norman Connors","This Is Your Life",10,275327.7
1978-06-17,123,"The Michael Zager Band","Lets All Chant",6,372003.166666667
1978-06-17,124,"B.B. King","Midnight Believer",7,285946.571428571
1978-06-17,125,Queen,"News Of The World",16,222138.0
1978-06-17,126,"James Brown","Jam 1980's",5,499399.8
1978-06-17,127,"Bee Gees","Here At Last...Bee Gees...Live",18,281001.333333333
1978-06-17,128,"Alvin Lee","Rocket Fuel",8,282738.0
1978-06-17,129,"Ringo Starr","Bad Boy",12,202087.583333333
1978-06-17,130,Pleasure,"Get To The Feeling",9,263891.555555556
1978-06-17,131,"David Oliver","David Oliver",2,194267.0
1978-06-17,132,"Nick Lowe","Pure Pop For Now People",,
1978-06-17,133,Kraftwerk,"The Man-machine",6,362728.5
1978-06-17,134,Raydio,Raydio,8,255396.25
1978-06-17,135,"Yvonne Elliman","Night Flight",,
1978-06-17,136,"Mink De Ville","Return To Magenta",,
1978-06-17,137,Foreigner,Foreigner,12,240737.833333333
1978-06-17,138,"Ralph MacDonald","The Path",,
1978-06-17,139,"Lonnie Liston Smith",Loveland,8,277390.375
1978-06-17,140,Soundtrack,"American Hot Wax",,
1978-06-17,141,"David Bowie","David Bowie Narrates Prokofiev's ""Peter And The Wolf""",,
1978-06-17,142,Tavares,"Future Bound",,
1978-06-17,143,"The Trammps","Disco Inferno",6,427010.833333333
1978-06-17,144,"Garland Jeffreys","One Eyed Jack",10,235710.3
1978-06-17,145,"Barry White","Barry White Sings For Someone You Love",7,349437.857142857
1978-06-17,146,"John Klemmer",Arabesque,9,353541.777777778
1978-06-17,147,"Electric Light Orchestra","Out Of The Blue",17,250202.705882353
1978-06-17,148,Faze-O,"Riding High",7,274148.428571429
1978-06-17,149,"Steve Martin","Lets Get Small",10,228936.9
1978-06-17,150,Cameo,"We All Know Who We Are",7,318527.285714286
1978-06-17,151,"Pablo Cruise","Worlds Away",9,266353.777777778
1978-06-17,152,Passport,"Sky Blue",,
1978-06-17,153,"Carole King","Welcome Home",1,369866.0
1978-06-17,154,Nilsson,"Greatest Hits",21,182271.619047619
1978-06-17,155,"David Sanborn","Heart To Heart",8,364496.5
1978-06-17,156,Blondie,"Plastic Letters",17,169032.588235294
1978-06-17,157,"Saturday Night Band","Come On Dance,dance",11,401977.909090909
1978-06-17,158,"Toby Beau","Toby Beau",1,222666.0
1978-06-17,159,"Karla Bonoff","Karla Bonoff",10,216730.5
1978-06-17,160,KISS,"Alive Ii",20,223676.55
1978-06-17,161,"Linda Ronstadt","Greatest Hits",17,195693.294117647
1978-06-17,162,"Rita Coolidge","Love Me Again",1,219026.0
1978-06-17,163,"Maze Featuring Frankie Beverly","Golden Time Of Day",7,348787.285714286
1978-06-17,164,"A Taste Of Honey","A Taste Of Honey",9,256659.222222222
1978-06-17,165,"Herbie Mann","Brazil Once Again",5,394447.6
1978-06-17,166,"Bob James",Heads,24,184667.041666667
1978-06-17,167,"Martin Mull","Sex + Violins",,
1978-06-17,168,Eagles,"Their Greatest Hits 1971-1975",10,259820.4
1978-06-17,169,Odyssey,Odyssey,12,258818.0
1978-06-17,170,"Rare Earth","Band Together",,
1978-06-17,171,"Brian Eno","Before And After Science",10,238217.0
1978-06-17,172,"Billy Cobham","Inner Conflicts",5,515802.2
1978-06-17,173,"The Pousette Dart Band","Pousette Dart #3",,
1978-06-17,174,"Flora Purim","Everyday,everynight",11,234876.0
1978-06-17,175,"Memphis Horns","The Memphis Horns Band II",,
1978-06-17,176,"Ted Nugent","Double Live, Gonzo",11,462268.818181818
1978-06-17,177,Player,Player,1,249608.0
1978-06-17,178,"The Statler Brothers","Entertainers On And Off The Record",11,158884.454545455
1978-06-17,179,"Herb Alpert And Hugh Masekela","Herb Albert + Hugh Masak",,
1978-06-17,180,Eruption,Eruption,3,241643.0
1978-06-17,181,"Walter Egan","Not Shy",10,212195.7
1978-06-17,182,LTD,Togetherness,10,232853.0
1978-06-17,183,"Gordon Lightfoot","Endless Wire",10,231317.1
1978-06-17,184,"Frankie Miller","Double Trouble",10,215709.5
1978-06-17,185,"Pharoah Sanders","Love Will Find A Way",7,329986.428571429
1978-06-17,186,"The Oak Ridge Boys","Room Service",11,187423.909090909
1978-06-17,187,"Dixie Dregs","What If",8,300774.75
1978-06-17,188,Fotomaker,Fotomaker,10,225307.5
1978-06-17,189,"David Bromberg","Bandit In A Bathing Suit",19,231623.894736842
1978-06-17,190,"Debby Boone","You Light Up My Life",12,198186.25
1978-06-17,191,"Shaun Cassidy","Born Late",10,192200.9
1978-06-17,192,"Paul McCartney And Wings","Wings Over America",,
1978-06-17,193,Eagles,"Hotel California",9,340131.666666667
1978-06-17,194,"Betty Wright","Betty Wright Live",1,580413.0
1978-06-17,195,"Demis Roussos","Demis Roussos",12,222517.416666667
1978-06-17,196,"Hot Tuna","Double Dose",15,325481.533333333
1978-06-17,197,Soundtrack,"Star Wars",28,257901.928571429
1978-06-17,198,"The Steve Miller Band","Book Of Dreams",,
1978-06-17,199,"Dee Dee Bridgewater","Just Family",9,261812.888888889
1978-06-17,200,"Pink Floyd","The Dark Side Of The Moon",10,257363.2
1978-06-24,1,Soundtrack,"Saturday Night Fever",21,224416.142857143
1978-06-24,2,"Chuck Mangione","Feels So Good",6,394279.5
1978-06-24,3,"Gerry Rafferty","City To City",10,319864.9
1978-06-24,4,Wings,"London Town",14,219551.071428571
1978-06-24,5,Soundtrack,Fm,50,189786.94
1978-06-24,6,"The O'Jays","So Full Of Love",8,271397.875
1978-06-24,7,Commodores,"Natural High",8,311567.875
1978-06-24,8,"Bob Seger","Stranger In Town",9,265499.666666667
1978-06-24,9,"Jefferson Starship",Earth,9,293372.777777778
1978-06-24,10,"Bruce Springsteen","Darkness On The Edge Of Town",10,256567.7
1978-06-24,11,"Carly Simon","Boys In The Trees",11,197341.454545455
1978-06-24,12,"Peter Brown","Fantasy Love Affair",8,280169.625
1978-06-24,13,Soundtrack,"Thank God It's Friday",,
1978-06-24,14,"The Isley Brothers",Showdown,13,303314.692307692
1978-06-24,15,"Billy Joel","The Stranger",21,296449.238095238
1978-06-24,16,"The Band","The Last Waltz (Soundtrack)",54,
1978-06-24,17,Soundtrack,Grease,21,201416.80952381
1978-06-24,18,Heatwave,"Central Heating",9,277429.333333333
1978-06-24,19,"Joe Walsh","But Seriously Folks",8,265178.125
1978-06-24,20,"Patti Smith",Easter,12,219943.0
1978-06-24,21,"Bonnie Tyler","It's A Heartache",1,212000.0
1978-06-24,22,"The Marshall Tucker Band","Together - Forever",8,326658.0
1978-06-24,23,"Andy Gibb","Shadow Dancing",10,247935.8
1978-06-24,24,KISS,"Double Platinum",20,208864.0
1978-06-24,25,"Barbra Streisand",Songbird,10,229055.6
1978-06-24,26,Foghat,"Stone Blue",8,270518.0
1978-06-24,27,"Jethro Tull","Heavy Horses: New Shoes Edition",11,
1978-06-24,28,"The Atlanta Rhythm Section","Champagne Jam",8,257114.625
1978-06-24,29,"Eric Clapton",Slowhand,27,280855.407407407
1978-06-24,30,ABBA,"The Album",10,267333.1
1978-06-24,31,"Willie Nelson",Stardust,10,219051.7
1978-06-24,32,"Steely Dan",Aja,7,343028.142857143
1978-06-24,33,"Johnny Mathis","You Light Up My Life",10,206814.4
1978-06-24,34,"REO Speedwagon","You Can Tune A Piano But You Can't Tune A Fish",9,224461.777777778
1978-06-24,35,"Meat Loaf","Bat Out Of Hell",7,408818.857142857
1978-06-24,36,"Todd Rundgren","Hermit Of Mink Hollow",12,185213.0
1978-06-24,37,"Jackson Browne","Running On Empty",10,260547.7
1978-06-24,38,"The Rolling Stones","Some Girls",10,254173.0
1978-06-24,39,"George Benson","Weekend In L.a.",11,451363.727272727
1978-06-24,40,"Barry Manilow","Even Now",14,220591.428571429
1978-06-24,41,"Warren Zevon","Excitable Boy",13,192266.384615385
1978-06-24,42,Heart,Magazine,8,294266.25
1978-06-24,43,"Daryl Hall John Oates",Livetime,7,332422.571428571
1978-06-24,44,Journey,Infinity,10,218869.0
1978-06-24,45,"The Dramatics","Do What You Wanna Do",,
1978-06-24,46,"Quincy Jones","Sounds...And Stuff Like That!!",7,308196.0
1978-06-24,47,"Tom Petty And The Heartbreakers","You're Gonna' Get It",10,179354.5
1978-06-24,48,Voyage,Voyage,12,223758.25
1978-06-24,49,"George Duke","Don't Let Go",11,266159.545454545
1978-06-24,50,"Jimmy Buffett","Son Of A Son Of A Sailor",9,234222.0
1978-06-24,51,Genesis,"And Then There Were Three",11,292278.363636364
1978-06-24,52,"Linda Clifford","If My Friends Could See Me Now",10,438310.9
1978-06-24,53,Kansas,"Point Of Know Return",12,252448.583333333
1978-06-24,54,"Village People","Macho Man",2,316619.5
1978-06-24,55,"The Kinks",Misfits,11,245861.363636364
1978-06-24,56,"Eddie Money","Eddie Money",10,205046.3
1978-06-24,57,"Van Halen","Van Halen",11,214083.545454545
1978-06-24,58,"Fleetwood Mac",Rumours,58,
1978-06-24,59,Styx,"The Grand Illusion",8,312237.875
1978-06-24,60,"Earth, Wind & Fire","All 'n' All",11,212600.818181818
1978-06-24,61,"Cheap Trick","Heaven Tonight",11,236886.909090909
1978-06-24,62,"Roberta Flack","Blue Lights In The Basement",10,247782.3
1978-06-24,63,Sweet,"Level Headed",16,249570.0
1978-06-24,64,"Waylon & Willie","Waylon + Willie",11,220698.181818182
1978-06-24,65,Uk,U.k.,5,162242.6
1978-06-24,66,"USA-European Connection","Come Into My Heart",6,573759.666666667
1978-06-24,67,"Robert Palmer","Double Fun",9,236155.222222222
1978-06-24,68,"Evelyn ""Champagne"" King","Smooth Talk",,
1978-06-24,69,"Pablo Cruise","Worlds Away",9,266353.777777778
1978-06-24,70,"Little Feat","Waiting For Columbus",27,277210.37037037
1978-06-24,71,"The Climax Blues Band","Shine On",,
1978-06-24,72,"Village People","Village People",6,286110.5
1978-06-24,73,"Rod Stewart","Foot Loose + Fancy Free",8,334894.75
1978-06-24,74,"Natalie Cole",Thankful,8,266833.0
1978-06-24,75,"Smokey Robinson","Love Breeze",8,278439.625
1978-06-24,76,"Bob Marley And The Wailers",Kaya,11,228344.727272727
1978-06-24,77,"Rita Coolidge","Love Me Again",1,219026.0
1978-06-24,78,"Seals & Crofts","Takin' It Easy",10,248845.1
1978-06-24,79,LTD,Togetherness,10,232853.0
1978-06-24,80,"Al Di Meola Project",Casino,,
1978-06-24,81,"Elvis Costello","This Years Model",13,183699.230769231
1978-06-24,82,"Tuxedo Junction","Tuxedo Junction",11,208694.272727273
1978-06-24,83,"British Lions","British Lions",17,177808.294117647
1978-06-24,84,"Stanley Clarke","Modern Man",12,193784.25
1978-06-24,85,"Peabo Bryson","Reaching For The Sky",8,289850.375
1978-06-24,86,"The Sundays",Sunburn,,
1978-06-24,87,"Dolly Parton","Here You Come Again",10,178703.6
1978-06-24,88,"Rufus And Chaka Khan","Street Player",10,243778.4
1978-06-24,89,Rainbow,"Long Live Rock + Roll",,
1978-06-24,90,Soundtrack,"The Rocky Horror Picture Show",16,201972.9375
1978-06-24,91,"Andy Gibb","Flowing Rivers",10,230314.2
1978-06-24,92,"Aretha Franklin","Almighty Fire",,
1978-06-24,93,"Joe Sample","Rainbow Seeker",8,316418.0
1978-06-24,94,"The Outlaws","Bring It Back Alive",12,380749.666666667
1978-06-24,95,"Love And Kisses","How Much,how Much I Love You",,
1978-06-24,96,"Pure Prairie League","Just Fly",10,207779.7
1978-06-24,97,"Lou Rawls","When You Hear Lou, You've Heard It All",10,225796.666666667
1978-06-24,98,"Little River Band","Sleeper Catcher",9,281811.555555556
1978-06-24,99,"Spyro Gyra","Spyro Gyra",14,326797.714285714
1978-06-24,100,"Les Dudek","Ghost Town Parade",9,267332.888888889
1978-06-24,101,Deodato,"Love Island",8,296962.875
1978-06-24,102,"Vladimir Horowitz","Golden Jubilee Concert - Rachmaninoff Concerto No. 3",,
1978-06-24,103,"Bootsy's Rubber Band","Bootsy? Player Of The Year",,
1978-06-24,104,"The Whispers",Headlights,8,314258.0
1978-06-24,105,"John Mc Laughlin","Electric Guitarist",,
1978-06-24,106,"Steve Hackett","Please Don't Touch",13,248966.769230769
1978-06-24,107,"Barry Manilow","Barry Manilow Live",23,269442.47826087
1978-06-24,108,"Donna Summer","Once Upon A Time",16,256053.625
1978-06-24,109,Parliament,"Funkentelechy Vs. The Placebo Syndrome",6,443361.666666667
1978-06-24,110,"Hubert Laws","Say It With Silence",5,399045.2
1978-06-24,111,"Grover Washington, Jr.","Live At The Bijou",8,569455.875
1978-06-24,112,"Norman Connors","This Is Your Life",10,275327.7
1978-06-24,113,"Bob Welch","French Kiss",12,181677.5
1978-06-24,114,"Kenny Rogers","Ten Years Of Gold",10,207223.6
1978-06-24,115,"The Spinners","Best Of Spinners",15,236664.866666667
1978-06-24,116,"Elvis Costello","My Aim Is True",13,173642.769230769
1978-06-24,117,"Ashford & Simpson","Send It",8,272839.5
1978-06-24,118,"Alvin Lee","Rocket Fuel",8,282738.0
1978-06-24,119,"Roy Buchanan","You're Not Alone",7,343319.714285714
1978-06-24,120,"The Michael Zager Band","Lets All Chant",6,372003.166666667
1978-06-24,121,"John Klemmer",Arabesque,9,353541.777777778
1978-06-24,122,"Elvis Presley","He Walks Beside Me (Favorite Songs Of Faith And Inspiration)",,
1978-06-24,123,"Carole King","Welcome Home",1,369866.0
1978-06-24,124,"A Taste Of Honey","A Taste Of Honey",9,256659.222222222
1978-06-24,125,Pleasure,"Get To The Feeling",9,263891.555555556
1978-06-24,126,"Mink De Ville","Return To Magenta",,
1978-06-24,127,Charlie,Lines,12,222009.25
1978-06-24,128,"David Oliver","David Oliver",2,194267.0
1978-06-24,129,"Rick James","Come Get It",9,327245.666666667
1978-06-24,130,Kraftwerk,"The Man-machine",6,362728.5
1978-06-24,131,Queen,"News Of The World",16,222138.0
1978-06-24,132,"Bee Gees","Here At Last...Bee Gees...Live",18,281001.333333333
1978-06-24,133,"Average White Band","Warmer Communications",11,408466.272727273
1978-06-24,134,Raydio,Raydio,8,255396.25
1978-06-24,135,Chic,Chic,40,272391.575
1978-06-24,136,"B.B. King","Midnight Believer",7,285946.571428571
1978-06-24,137,Foreigner,Foreigner,12,240737.833333333
1978-06-24,138,"Lee Ritenour","The Captains Journey",7,330967.285714286
1978-06-24,139,"Lonnie Liston Smith",Loveland,8,277390.375
1978-06-24,140,"Steve Martin","Lets Get Small",10,228936.9
1978-06-24,141,"Toby Beau","Toby Beau",1,222666.0
1978-06-24,142,Passport,"Sky Blue",,
1978-06-24,143,"Carole King","Her Greatest Hits",14,218827.357142857
1978-06-24,144,Nilsson,"Greatest Hits",21,182271.619047619
1978-06-24,145,"Barry White","Barry White Sings For Someone You Love",7,349437.857142857
1978-06-24,146,"The Trammps","Disco Inferno",6,427010.833333333
1978-06-24,147,"Saturday Night Band","Come On Dance,dance",11,401977.909090909
1978-06-24,148,"Nick Lowe","Pure Pop For Now People",,
1978-06-24,149,"Linda Ronstadt","Simple Dreams",10,198135.6
1978-06-24,150,Cameo,"We All Know Who We Are",7,318527.285714286
1978-06-24,151,"David Sanborn","Heart To Heart",8,364496.5
1978-06-24,152,"Yvonne Elliman","Night Flight",,
1978-06-24,153,"James Brown","Jam 1980's",5,499399.8
1978-06-24,154,"David Bowie","David Bowie Narrates Prokofiev's ""Peter And The Wolf""",,
1978-06-24,155,Renaissance,"Song For All Seasons",8,335018.125
1978-06-24,156,"The Statler Brothers","The Best Of The Statler Brothers",11,155491.454545455
1978-06-24,157,"Martin Mull","Sex + Violins",,
1978-06-24,158,"England Dan & John Ford Coley","Some Things Don't Come Easy",11,205510.090909091
1978-06-24,159,"Karla Bonoff","Karla Bonoff",10,216730.5
1978-06-24,160,"Rare Earth","Band Together",,
1978-06-24,161,"Patti LaBelle",Tasty,13,327881.769230769
1978-06-24,162,Tavares,"Future Bound",,
1978-06-24,163,"The Pousette Dart Band","Pousette Dart #3",,
1978-06-24,164,"Maze Featuring Frankie Beverly","Golden Time Of Day",7,348787.285714286
1978-06-24,165,"Memphis Horns","The Memphis Horns Band II",,
1978-06-24,166,"Ronnie Milsap","Only One Love In My Life",10,207347.7
1978-06-24,167,"Electric Light Orchestra","Out Of The Blue",17,250202.705882353
1978-06-24,168,"The Statler Brothers","Entertainers On And Off The Record",11,158884.454545455
1978-06-24,169,Odyssey,Odyssey,12,258818.0
1978-06-24,170,"Linda Ronstadt","Greatest Hits",17,195693.294117647
1978-06-24,171,"Brian Eno","Before And After Science",10,238217.0
1978-06-24,172,"Billy Cobham","Inner Conflicts",5,515802.2
1978-06-24,173,"Betty Wright","Betty Wright Live",1,580413.0
1978-06-24,174,"Flora Purim","Everyday,everynight",11,234876.0
1978-06-24,175,"Herbie Mann","Brazil Once Again",5,394447.6
1978-06-24,176,"The Oak Ridge Boys","Room Service",11,187423.909090909
1978-06-24,177,"Ralph MacDonald","The Path",,
1978-06-24,178,"Ted Nugent","Double Live, Gonzo",11,462268.818181818
1978-06-24,179,"David Bromberg","Bandit In A Bathing Suit",19,231623.894736842
1978-06-24,180,Faze-O,"Riding High",7,274148.428571429
1978-06-24,181,Eagles,"Their Greatest Hits 1971-1975",10,259820.4
1978-06-24,182,"Frankie Miller","Double Trouble",10,215709.5
1978-06-24,183,"Chocolate Milk","We're All In This Together",10,229674.4
1978-06-24,184,"Walter Egan","Not Shy",10,212195.7
1978-06-24,185,ABBA,"Greatest Hits",16,274058.125
1978-06-24,186,AC/DC,Powerage,9,266022.0
1978-06-24,187,"Bob Seger & The Silver Bullet Band","'Live' Bullet",15,293876.0
1978-06-24,188,Eruption,Eruption,3,241643.0
1978-06-24,189,"Eddie Rabbitt",Variations,10,205931.5
1978-06-24,190,"Demis Roussos","Demis Roussos",12,222517.416666667
1978-06-24,191,"Shaun Cassidy","Born Late",10,192200.9
1978-06-24,192,"Ringo Starr","Bad Boy",12,202087.583333333
1978-06-24,193,Player,Player,1,249608.0
1978-06-24,194,"Alec R. Costandinos And The Synconic Orchestra","Romeo + Juliet",,
1978-06-24,195,"Bob James",Heads,24,184667.041666667
1978-06-24,196,"Debby Boone","You Light Up My Life",12,198186.25
1978-06-24,197,Eagles,"Hotel California",9,340131.666666667
1978-06-24,198,"The Steve Miller Band","Book Of Dreams",,
1978-06-24,199,"Pink Floyd","The Dark Side Of The Moon",10,257363.2
1978-06-24,200,"Paul McCartney And Wings","Wings Over America",,
1978-07-01,1,Soundtrack,"Saturday Night Fever",21,224416.142857143
1978-07-01,2,"Gerry Rafferty","City To City",10,319864.9
1978-07-01,3,"Chuck Mangione","Feels So Good",6,394279.5
1978-07-01,4,Commodores,"Natural High",8,311567.875
1978-07-01,5,Soundtrack,Fm,50,189786.94
1978-07-01,6,"The O'Jays","So Full Of Love",8,271397.875
1978-07-01,7,"Bob Seger","Stranger In Town",9,265499.666666667
1978-07-01,8,"Bruce Springsteen","Darkness On The Edge Of Town",10,256567.7
1978-07-01,9,"Andy Gibb","Shadow Dancing",10,247935.8
1978-07-01,10,"Carly Simon","Boys In The Trees",11,197341.454545455
1978-07-01,11,"Peter Brown","Fantasy Love Affair",8,280169.625
1978-07-01,12,Soundtrack,"Thank God It's Friday",,
1978-07-01,13,Wings,"London Town",14,219551.071428571
1978-07-01,14,Soundtrack,Grease,21,201416.80952381
1978-07-01,15,"Joe Walsh","But Seriously Folks",8,265178.125
1978-07-01,16,"The Band","The Last Waltz (Soundtrack)",54,
1978-07-01,17,"Bonnie Tyler","It's A Heartache",1,212000.0
1978-07-01,18,"The Rolling Stones","Some Girls",10,254173.0
1978-07-01,19,"Jefferson Starship",Earth,9,293372.777777778
1978-07-01,20,"Barbra Streisand",Songbird,10,229055.6
1978-07-01,21,"The Isley Brothers",Showdown,13,303314.692307692
1978-07-01,22,KISS,"Double Platinum",20,208864.0
1978-07-01,23,"Billy Joel","The Stranger",21,296449.238095238
1978-07-01,24,ABBA,"The Album",10,267333.1
1978-07-01,25,Foghat,"Stone Blue",8,270518.0
1978-07-01,26,Heatwave,"Central Heating",9,277429.333333333
1978-07-01,27,"Patti Smith",Easter,12,219943.0
1978-07-01,28,"The Atlanta Rhythm Section","Champagne Jam",8,257114.625
1978-07-01,29,"Eric Clapton",Slowhand,27,280855.407407407
1978-07-01,30,"Willie Nelson",Stardust,10,219051.7
1978-07-01,31,"Steely Dan",Aja,7,343028.142857143
1978-07-01,32,"The Marshall Tucker Band","Together - Forever",8,326658.0
1978-07-01,33,"Johnny Mathis","You Light Up My Life",10,206814.4
1978-07-01,34,"Quincy Jones","Sounds...And Stuff Like That!!",7,308196.0
1978-07-01,35,"REO Speedwagon","You Can Tune A Piano But You Can't Tune A Fish",9,224461.777777778
1978-07-01,36,"Meat Loaf","Bat Out Of Hell",7,408818.857142857
1978-07-01,37,"Barry Manilow","Even Now",14,220591.428571429
1978-07-01,38,"Linda Clifford","If My Friends Could See Me Now",10,438310.9
1978-07-01,39,"Tom Petty And The Heartbreakers","You're Gonna' Get It",10,179354.5
1978-07-01,40,Voyage,Voyage,12,223758.25
1978-07-01,41,"George Duke","Don't Let Go",11,266159.545454545
1978-07-01,42,"Daryl Hall John Oates",Livetime,7,332422.571428571
1978-07-01,43,"Jackson Browne","Running On Empty",10,260547.7
1978-07-01,44,"The Dramatics","Do What You Wanna Do",,
1978-07-01,45,"George Benson","Weekend In L.a.",11,451363.727272727
1978-07-01,46,Heart,Magazine,8,294266.25
1978-07-01,47,"The Kinks",Misfits,11,245861.363636364
1978-07-01,48,"Jethro Tull","Heavy Horses: New Shoes Edition",11,
1978-07-01,49,"Warren Zevon","Excitable Boy",13,192266.384615385
1978-07-01,50,"Todd Rundgren","Hermit Of Mink Hollow",12,185213.0
1978-07-01,51,"Cheap Trick","Heaven Tonight",11,236886.909090909
1978-07-01,52,Genesis,"And Then There Were Three",11,292278.363636364
1978-07-01,53,Sweet,"Level Headed",16,249570.0
1978-07-01,54,"Village People","Macho Man",2,316619.5
1978-07-01,55,Journey,Infinity,10,218869.0
1978-07-01,56,"The Moody Blues",Octave,15,290897.4
1978-07-01,57,"Robert Palmer","Double Fun",9,236155.222222222
1978-07-01,58,"Evelyn ""Champagne"" King","Smooth Talk",,
1978-07-01,59,"Pablo Cruise","Worlds Away",9,266353.777777778
1978-07-01,60,"Jimmy Buffett","Son Of A Son Of A Sailor",9,234222.0
1978-07-01,61,Kansas,"Point Of Know Return",12,252448.583333333
1978-07-01,62,"Eddie Money","Eddie Money",10,205046.3
1978-07-01,63,"Van Halen","Van Halen",11,214083.545454545
1978-07-01,64,"Rita Coolidge","Love Me Again",1,219026.0
1978-07-01,65,"Earth, Wind & Fire","All 'n' All",11,212600.818181818
1978-07-01,66,"USA-European Connection","Come Into My Heart",6,573759.666666667
1978-07-01,67,"Dave Mason","Mariposa Do Ora",,
1978-07-01,68,"Waylon & Willie","Waylon + Willie",11,220698.181818182
1978-07-01,69,LTD,Togetherness,10,232853.0
1978-07-01,70,"Fleetwood Mac",Rumours,58,
1978-07-01,71,Styx,"The Grand Illusion",8,312237.875
1978-07-01,72,Uk,U.k.,5,162242.6
1978-07-01,73,"Rod Stewart","Foot Loose + Fancy Free",8,334894.75
1978-07-01,74,"Natalie Cole",Thankful,8,266833.0
1978-07-01,75,"Little Feat","Waiting For Columbus",27,277210.37037037
1978-07-01,76,"Bob Marley And The Wailers",Kaya,11,228344.727272727
1978-07-01,77,"Village People","Village People",6,286110.5
1978-07-01,78,"Teddy Pendergrass","Life Is A Song Worth Singing",9,312602.333333333
1978-07-01,79,"Roberta Flack","Blue Lights In The Basement",10,247782.3
1978-07-01,80,"Smokey Robinson","Love Breeze",8,278439.625
1978-07-01,81,"Rick James","Come Get It",9,327245.666666667
1978-07-01,82,"Elvis Costello","This Years Model",13,183699.230769231
1978-07-01,83,"The Sundays",Sunburn,,
1978-07-01,84,"Stanley Clarke","Modern Man",12,193784.25
1978-07-01,85,"Love And Kisses","How Much,how Much I Love You",,
1978-07-01,86,"A Taste Of Honey","A Taste Of Honey",9,256659.222222222
1978-07-01,87,"Al Di Meola Project",Casino,,
1978-07-01,88,"Little River Band","Sleeper Catcher",9,281811.555555556
1978-07-01,89,Rainbow,"Long Live Rock + Roll",,
1978-07-01,90,"Peabo Bryson","Reaching For The Sky",8,289850.375
1978-07-01,91,"Dolly Parton","Here You Come Again",10,178703.6
1978-07-01,92,"Rufus And Chaka Khan","Street Player",10,243778.4
1978-07-01,93,"Andy Gibb","Flowing Rivers",10,230314.2
1978-07-01,94,"The Whispers",Headlights,8,314258.0
1978-07-01,95,"Tuxedo Junction","Tuxedo Junction",11,208694.272727273
1978-07-01,96,"Joe Sample","Rainbow Seeker",8,316418.0
1978-07-01,97,Soundtrack,"The Rocky Horror Picture Show",16,201972.9375
1978-07-01,98,"Seals & Crofts","Takin' It Easy",10,248845.1
1978-07-01,99,"Spyro Gyra","Spyro Gyra",14,326797.714285714
1978-07-01,100,"British Lions","British Lions",17,177808.294117647
1978-07-01,101,"Norman Connors","This Is Your Life",10,275327.7
1978-07-01,102,"Vladimir Horowitz","Golden Jubilee Concert - Rachmaninoff Concerto No. 3",,
1978-07-01,103,"Steve Hackett","Please Don't Touch",13,248966.769230769
1978-07-01,104,"Lou Rawls","When You Hear Lou, You've Heard It All",10,225796.666666667
1978-07-01,105,"Bootsy's Rubber Band","Bootsy? Player Of The Year",,
1978-07-01,106,"John Mc Laughlin","Electric Guitarist",,
1978-07-01,107,"Barry Manilow","Barry Manilow Live",23,269442.47826087
1978-07-01,108,"Donna Summer","Once Upon A Time",16,256053.625
1978-07-01,109,"The Outlaws","Bring It Back Alive",12,380749.666666667
1978-07-01,110,"Hubert Laws","Say It With Silence",5,399045.2
1978-07-01,111,"John Klemmer",Arabesque,9,353541.777777778
1978-07-01,112,Deodato,"Love Island",8,296962.875
1978-07-01,113,"Carole King","Welcome Home",1,369866.0
1978-07-01,114,"Pure Prairie League","Just Fly",10,207779.7
1978-07-01,115,"Alvin Lee","Rocket Fuel",8,282738.0
1978-07-01,116,"Les Dudek","Ghost Town Parade",9,267332.888888889
1978-07-01,117,"Grover Washington, Jr.","Live At The Bijou",8,569455.875
1978-07-01,118,"The Alan Parsons Project",Pyramid,16,211611.3125
1978-07-01,119,"Bob Welch","French Kiss",12,181677.5
1978-07-01,120,"Elvis Costello","My Aim Is True",13,173642.769230769
1978-07-01,121,"Aretha Franklin","Almighty Fire",,
1978-07-01,122,"Kenny Rogers","Ten Years Of Gold",10,207223.6
1978-07-01,123,"Ashford & Simpson","Send It",8,272839.5
1978-07-01,124,"The Climax Blues Band","Shine On",,
1978-07-01,125,Pleasure,"Get To The Feeling",9,263891.555555556
1978-07-01,126,"Mink De Ville","Return To Magenta",,
1978-07-01,127,"The Michael Zager Band","Lets All Chant",6,372003.166666667
1978-07-01,128,"Lee Ritenour","The Captains Journey",7,330967.285714286
1978-07-01,129,ConFunkShun,"Love Shine",,
1978-07-01,130,Parliament,"Funkentelechy Vs. The Placebo Syndrome",6,443361.666666667
1978-07-01,131,"Toby Beau","Toby Beau",1,222666.0
1978-07-01,132,"The Spinners","Best Of Spinners",15,236664.866666667
1978-07-01,133,"David Oliver","David Oliver",2,194267.0
1978-07-01,134,Foreigner,Foreigner,12,240737.833333333
1978-07-01,135,Chic,Chic,40,272391.575
1978-07-01,136,Raydio,Raydio,8,255396.25
1978-07-01,137,"Saturday Night Band","Come On Dance,dance",11,401977.909090909
1978-07-01,138,"Steve Martin","Lets Get Small",10,228936.9
1978-07-01,139,Queen,"News Of The World",16,222138.0
1978-07-01,140,Passport,"Sky Blue",,
1978-07-01,141,Nilsson,"Greatest Hits",21,182271.619047619
1978-07-01,142,"Bee Gees","Here At Last...Bee Gees...Live",18,281001.333333333
1978-07-01,143,"Average White Band","Warmer Communications",11,408466.272727273
1978-07-01,144,"B.B. King","Midnight Believer",7,285946.571428571
1978-07-01,145,"Roy Buchanan","You're Not Alone",7,343319.714285714
1978-07-01,146,"Elvis Presley","He Walks Beside Me (Favorite Songs Of Faith And Inspiration)",,
1978-07-01,147,Charlie,Lines,12,222009.25
1978-07-01,148,Kraftwerk,"The Man-machine",6,362728.5
1978-07-01,149,"The Cars","The Cars",9,245536.0
1978-07-01,150,"The Trammps","Disco Inferno",6,427010.833333333
1978-07-01,151,"Patti LaBelle",Tasty,13,327881.769230769
1978-07-01,152,"Linda Ronstadt","Simple Dreams",10,198135.6
1978-07-01,153,"Ronnie Milsap","Only One Love In My Life",10,207347.7
1978-07-01,154,"David Gilmour","David Gilmore",,
1978-07-01,155,Cameo,"We All Know Who We Are",7,318527.285714286
1978-07-01,156,"Rare Earth","Band Together",,
1978-07-01,157,"Martin Mull","Sex + Violins",,
1978-07-01,158,"The Statler Brothers","Entertainers On And Off The Record",11,158884.454545455
1978-07-01,159,"David Sanborn","Heart To Heart",8,364496.5
1978-07-01,160,"Betty Wright","Betty Wright Live",1,580413.0
1978-07-01,161,"The Pousette Dart Band","Pousette Dart #3",,
1978-07-01,162,"Graham Parker","The Parkerilla",13,230666.0
1978-07-01,163,"Memphis Horns","The Memphis Horns Band II",,
1978-07-01,164,"Nick Lowe","Pure Pop For Now People",,
1978-07-01,165,"Bobby Humphrey",Freestyle,,
1978-07-01,166,"The Oak Ridge Boys","Room Service",11,187423.909090909
1978-07-01,167,"Earl Klugh","Magic In Your Eyes",9,263020.333333333
1978-07-01,168,"Graham Central Station","My Radio Sure Sounds Good To Me",8,284423.0
1978-07-01,169,"David Bromberg","Bandit In A Bathing Suit",19,231623.894736842
1978-07-01,170,"Electric Light Orchestra","Out Of The Blue",17,250202.705882353
1978-07-01,171,"Maze Featuring Frankie Beverly","Golden Time Of Day",7,348787.285714286
1978-07-01,172,"Harry Chapin","Living Room Suite",9,276141.888888889
1978-07-01,173,"Chocolate Milk","We're All In This Together",10,229674.4
1978-07-01,174,"Lonnie Liston Smith",Loveland,8,277390.375
1978-07-01,175,ABBA,"Greatest Hits",16,274058.125
1978-07-01,176,AC/DC,Powerage,9,266022.0
1978-07-01,177,"Bob Seger & The Silver Bullet Band","'Live' Bullet",15,293876.0
1978-07-01,178,"Barry White","Barry White Sings For Someone You Love",7,349437.857142857
1978-07-01,179,"Eddie Rabbitt",Variations,10,205931.5
1978-07-01,180,"Karla Bonoff","Karla Bonoff",10,216730.5
1978-07-01,181,"Frankie Miller","Double Trouble",10,215709.5
1978-07-01,182,"Jerry Jeff Walker","Contrary To Ordinary",,
1978-07-01,183,"Yvonne Elliman","Night Flight",,
1978-07-01,184,"Ted Nugent","Double Live, Gonzo",11,462268.818181818
1978-07-01,185,"Demis Roussos","Demis Roussos",12,222517.416666667
1978-07-01,186,ABBA,Arrival,12,210954.25
1978-07-01,187,"Jimmy 'Bo' Horne","Dance Across The Floor",1,160920.0
1978-07-01,188,"Alec R. Costandinos And The Synconic Orchestra","Romeo + Juliet",,
1978-07-01,189,"Bobby Bland","Come Fly With Me",,
1978-07-01,190,"Patrick Juvet","Got A Feeling",,
1978-07-01,191,Tavares,"Future Bound",,
1978-07-01,192,"James Brown","Jam 1980's",5,499399.8
1978-07-01,193,"Shaun Cassidy","Born Late",10,192200.9
1978-07-01,194,"Munich Machine","A Whiter Shade Of Pale",6,345071.0
1978-07-01,195,"England Dan & John Ford Coley","Some Things Don't Come Easy",11,205510.090909091
1978-07-01,196,"Debby Boone","You Light Up My Life",12,198186.25
1978-07-01,197,Eagles,"Hotel California",9,340131.666666667
1978-07-01,198,"The Steve Miller Band","Book Of Dreams",,
1978-07-01,199,"Pink Floyd","The Dark Side Of The Moon",10,257363.2
1978-07-01,200,"Paul McCartney And Wings","Wings Over America",,
1978-07-08,1,"Gerry Rafferty","City To City",10,319864.9
1978-07-08,2,Soundtrack,"Saturday Night Fever",21,224416.142857143
1978-07-08,3,Commodores,"Natural High",8,311567.875
1978-07-08,4,"The Rolling Stones","Some Girls",10,254173.0
1978-07-08,5,"Bob Seger","Stranger In Town",9,265499.666666667
1978-07-08,6,"Bruce Springsteen","Darkness On The Edge Of Town",10,256567.7
1978-07-08,7,"Andy Gibb","Shadow Dancing",10,247935.8
1978-07-08,8,"Chuck Mangione","Feels So Good",6,394279.5
1978-07-08,9,Soundtrack,Grease,21,201416.80952381
1978-07-08,10,"Carly Simon","Boys In The Trees",11,197341.454545455
1978-07-08,11,"Peter Brown","Fantasy Love Affair",8,280169.625
1978-07-08,12,Soundtrack,"Thank God It's Friday",,
1978-07-08,13,"Joe Walsh","But Seriously Folks",8,265178.125
1978-07-08,14,"The O'Jays","So Full Of Love",8,271397.875
1978-07-08,15,Soundtrack,Fm,50,189786.94
1978-07-08,16,"Bonnie Tyler","It's A Heartache",1,212000.0
1978-07-08,17,"Barbra Streisand",Songbird,10,229055.6
1978-07-08,18,Wings,"London Town",14,219551.071428571
1978-07-08,19,ABBA,"The Album",10,267333.1
1978-07-08,20,"Jefferson Starship",Earth,9,293372.777777778
1978-07-08,21,"The Isley Brothers",Showdown,13,303314.692307692
1978-07-08,22,KISS,"Double Platinum",20,208864.0
1978-07-08,23,"Billy Joel","The Stranger",21,296449.238095238
1978-07-08,24,"The Band","The Last Waltz (Soundtrack)",54,
1978-07-08,25,Foghat,"Stone Blue",8,270518.0
1978-07-08,26,Heatwave,"Central Heating",9,277429.333333333
1978-07-08,27,"The Moody Blues",Octave,15,290897.4
1978-07-08,28,"Quincy Jones","Sounds...And Stuff Like That!!",7,308196.0
1978-07-08,29,"Steely Dan",Aja,7,343028.142857143
1978-07-08,30,"Eric Clapton",Slowhand,27,280855.407407407
1978-07-08,31,"The Atlanta Rhythm Section","Champagne Jam",8,257114.625
1978-07-08,32,"Linda Clifford","If My Friends Could See Me Now",10,438310.9
1978-07-08,33,"Tom Petty And The Heartbreakers","You're Gonna' Get It",10,179354.5
1978-07-08,34,"Barry Manilow","Even Now",14,220591.428571429
1978-07-08,35,"Meat Loaf","Bat Out Of Hell",7,408818.857142857
1978-07-08,36,Foreigner,"Double Vision",12,227267.583333333
1978-07-08,37,"Teddy Pendergrass","Life Is A Song Worth Singing",9,312602.333333333
1978-07-08,38,"Patti Smith",Easter,12,219943.0
1978-07-08,39,"George Duke","Don't Let Go",11,266159.545454545
1978-07-08,40,Voyage,Voyage,12,223758.25
1978-07-08,41,"The Kinks",Misfits,11,245861.363636364
1978-07-08,42,"Willie Nelson",Stardust,10,219051.7
1978-07-08,43,"Jackson Browne","Running On Empty",10,260547.7
1978-07-08,44,"Pablo Cruise","Worlds Away",9,266353.777777778
1978-07-08,45,"George Benson","Weekend In L.a.",11,451363.727272727
1978-07-08,46,Heart,Magazine,8,294266.25
1978-07-08,47,"The Marshall Tucker Band","Together - Forever",8,326658.0
1978-07-08,48,"Cheap Trick","Heaven Tonight",11,236886.909090909
1978-07-08,49,LTD,Togetherness,10,232853.0
1978-07-08,50,"Evelyn ""Champagne"" King","Smooth Talk",,
1978-07-08,51,"The Alan Parsons Project",Pyramid,16,211611.3125
1978-07-08,52,Sweet,"Level Headed",16,249570.0
1978-07-08,53,"Village People","Macho Man",2,316619.5
1978-07-08,54,"Rita Coolidge","Love Me Again",1,219026.0
1978-07-08,55,"Robert Palmer","Double Fun",9,236155.222222222
1978-07-08,56,Genesis,"And Then There Were Three",11,292278.363636364
1978-07-08,57,"Dave Mason","Mariposa Do Ora",,
1978-07-08,58,"Bob Dylan","Street Legal",9,330368.555555556
1978-07-08,59,"Rick James","Come Get It",9,327245.666666667
1978-07-08,60,"Jimmy Buffett","Son Of A Son Of A Sailor",9,234222.0
1978-07-08,61,"Johnny Mathis","You Light Up My Life",10,206814.4
1978-07-08,62,"Eddie Money","Eddie Money",10,205046.3
1978-07-08,63,"Van Halen","Van Halen",11,214083.545454545
1978-07-08,64,"A Taste Of Honey","A Taste Of Honey",9,256659.222222222
1978-07-08,65,Kansas,"Point Of Know Return",12,252448.583333333
1978-07-08,66,"Todd Rundgren","Hermit Of Mink Hollow",12,185213.0
1978-07-08,67,Journey,Infinity,10,218869.0
1978-07-08,68,"Warren Zevon","Excitable Boy",13,192266.384615385
1978-07-08,69,"The Dramatics","Do What You Wanna Do",,
1978-07-08,70,"Rod Stewart","Foot Loose + Fancy Free",8,334894.75
1978-07-08,71,"Fleetwood Mac",Rumours,58,
1978-07-08,72,"Earth, Wind & Fire","All 'n' All",11,212600.818181818
1978-07-08,73,"Waylon & Willie","Waylon + Willie",11,220698.181818182
1978-07-08,74,ConFunkShun,"Love Shine",,
1978-07-08,75,"Little Feat","Waiting For Columbus",27,277210.37037037
1978-07-08,76,"USA-European Connection","Come Into My Heart",6,573759.666666667
1978-07-08,77,"Natalie Cole",Thankful,8,266833.0
1978-07-08,78,"Little River Band","Sleeper Catcher",9,281811.555555556
1978-07-08,79,"Village People","Village People",6,286110.5
1978-07-08,80,"REO Speedwagon","You Can Tune A Piano But You Can't Tune A Fish",9,224461.777777778
1978-07-08,81,Styx,"The Grand Illusion",8,312237.875
1978-07-08,82,"Daryl Hall John Oates",Livetime,7,332422.571428571
1978-07-08,83,"The Sundays",Sunburn,,
1978-07-08,84,"Roberta Flack","Blue Lights In The Basement",10,247782.3
1978-07-08,85,"Love And Kisses","How Much,how Much I Love You",,
1978-07-08,86,"Stanley Clarke","Modern Man",12,193784.25
1978-07-08,87,"Elvis Costello","This Years Model",13,183699.230769231
1978-07-08,88,"Jethro Tull","Heavy Horses: New Shoes Edition",11,
1978-07-08,89,"Al Di Meola Project",Casino,,
1978-07-08,90,"Peabo Bryson","Reaching For The Sky",8,289850.375
1978-07-08,91,"The Whispers",Headlights,8,314258.0
1978-07-08,92,"Smokey Robinson","Love Breeze",8,278439.625
1978-07-08,93,"Andy Gibb","Flowing Rivers",10,230314.2
1978-07-08,94,Uk,U.k.,5,162242.6
1978-07-08,95,"Bob Marley And The Wailers",Kaya,11,228344.727272727
1978-07-08,96,"David Gilmour","David Gilmore",,
1978-07-08,97,"Norman Connors","This Is Your Life",10,275327.7
1978-07-08,98,"Joe Sample","Rainbow Seeker",8,316418.0
1978-07-08,99,"Rufus And Chaka Khan","Street Player",10,243778.4
1978-07-08,100,Soundtrack,"The Rocky Horror Picture Show",16,201972.9375
1978-07-08,101,"John Klemmer",Arabesque,9,353541.777777778
1978-07-08,102,"Tuxedo Junction","Tuxedo Junction",11,208694.272727273
1978-07-08,103,"Steve Hackett","Please Don't Touch",13,248966.769230769
1978-07-08,104,"Dolly Parton","Here You Come Again",10,178703.6
1978-07-08,105,"Donna Summer","Once Upon A Time",16,256053.625
1978-07-08,106,"Bootsy's Rubber Band","Bootsy? Player Of The Year",,
1978-07-08,107,"Seals & Crofts","Takin' It Easy",10,248845.1
1978-07-08,108,"Spyro Gyra","Spyro Gyra",14,326797.714285714
1978-07-08,109,Rainbow,"Long Live Rock + Roll",,
1978-07-08,110,"Lou Rawls","When You Hear Lou, You've Heard It All",10,225796.666666667
1978-07-08,111,"Carole King","Welcome Home",1,369866.0
1978-07-08,112,"Barry Manilow","Barry Manilow Live",23,269442.47826087
1978-07-08,113,"Hubert Laws","Say It With Silence",5,399045.2
1978-07-08,114,"John Mc Laughlin","Electric Guitarist",,
1978-07-08,115,"Vladimir Horowitz","Golden Jubilee Concert - Rachmaninoff Concerto No. 3",,
1978-07-08,116,Deodato,"Love Island",8,296962.875
1978-07-08,117,"Grover Washington, Jr.","Live At The Bijou",8,569455.875
1978-07-08,118,"The Outlaws","Bring It Back Alive",12,380749.666666667
1978-07-08,119,"Alvin Lee","Rocket Fuel",8,282738.0
1978-07-08,120,Pleasure,"Get To The Feeling",9,263891.555555556
1978-07-08,121,"Toby Beau","Toby Beau",1,222666.0
1978-07-08,122,"Kenny Rogers","Ten Years Of Gold",10,207223.6
1978-07-08,123,"Ashford & Simpson","Send It",8,272839.5
1978-07-08,124,"Bob Welch","French Kiss",12,181677.5
1978-07-08,125,"Michael Henderson","In The Night Time",8,292143.0
1978-07-08,126,"Lee Ritenour","The Captains Journey",7,330967.285714286
1978-07-08,127,"Saturday Night Band","Come On Dance,dance",11,401977.909090909
1978-07-08,128,"Herbie Hancock",Sunlight,5,444343.8
1978-07-08,129,"Elvis Costello","My Aim Is True",13,173642.769230769
1978-07-08,130,Foreigner,Foreigner,12,240737.833333333
1978-07-08,131,Chic,Chic,40,272391.575
1978-07-08,132,"Steve Martin","Lets Get Small",10,228936.9
1978-07-08,133,"Aretha Franklin","Almighty Fire",,
1978-07-08,134,"Pure Prairie League","Just Fly",10,207779.7
1978-07-08,135,Parliament,"Funkentelechy Vs. The Placebo Syndrome",6,443361.666666667
1978-07-08,136,Raydio,Raydio,8,255396.25
1978-07-08,137,"Betty Wright","Betty Wright Live",1,580413.0
1978-07-08,138,"John Prine","Bruised Orange",10,204535.6
1978-07-08,139,"The Cars","The Cars",9,245536.0
1978-07-08,140,Nilsson,"Greatest Hits",21,182271.619047619
1978-07-08,141,"Patti LaBelle",Tasty,13,327881.769230769
1978-07-08,142,"Bee Gees","Here At Last...Bee Gees...Live",18,281001.333333333
1978-07-08,143,"Ronnie Milsap","Only One Love In My Life",10,207347.7
1978-07-08,144,"B.B. King","Midnight Believer",7,285946.571428571
1978-07-08,145,"Bobby Humphrey",Freestyle,,
1978-07-08,146,Queen,"News Of The World",16,222138.0
1978-07-08,147,"The Spinners","Best Of Spinners",15,236664.866666667
1978-07-08,148,"Graham Central Station","My Radio Sure Sounds Good To Me",8,284423.0
1978-07-08,149,"David Oliver","David Oliver",2,194267.0
1978-07-08,150,"Les Dudek","Ghost Town Parade",9,267332.888888889
1978-07-08,151,"The Michael Zager Band","Lets All Chant",6,372003.166666667
1978-07-08,152,"Graham Parker","The Parkerilla",13,230666.0
1978-07-08,153,"Linda Ronstadt","Simple Dreams",10,198135.6
1978-07-08,154,"The Climax Blues Band","Shine On",,
1978-07-08,155,"The Statler Brothers","Entertainers On And Off The Record",11,158884.454545455
1978-07-08,156,"The Trammps","Disco Inferno",6,427010.833333333
1978-07-08,157,"Earl Klugh","Magic In Your Eyes",9,263020.333333333
1978-07-08,158,Charlie,Lines,12,222009.25
1978-07-08,159,"David Bromberg","Bandit In A Bathing Suit",19,231623.894736842
1978-07-08,160,"British Lions","British Lions",17,177808.294117647
1978-07-08,161,"Jane Olivor","Stay The Night",10,206695.6
1978-07-08,162,"Harry Chapin","Living Room Suite",9,276141.888888889
1978-07-08,163,"Average White Band","Warmer Communications",11,408466.272727273
1978-07-08,164,"The Oak Ridge Boys","Room Service",11,187423.909090909
1978-07-08,165,ABBA,"Greatest Hits",16,274058.125
1978-07-08,166,AC/DC,Powerage,9,266022.0
1978-07-08,167,"Bob Seger & The Silver Bullet Band","'Live' Bullet",15,293876.0
1978-07-08,168,Passport,"Sky Blue",,
1978-07-08,169,"Eddie Rabbitt",Variations,10,205931.5
1978-07-08,170,"Jerry Jeff Walker","Contrary To Ordinary",,
1978-07-08,171,"Chocolate Milk","We're All In This Together",10,229674.4
1978-07-08,172,"Michael Stanley Band","Cabin Fever",11,227641.0
1978-07-08,173,"Mink De Ville","Return To Magenta",,
1978-07-08,174,"Lonnie Liston Smith",Loveland,8,277390.375
1978-07-08,175,"Electric Light Orchestra","Out Of The Blue",17,250202.705882353
1978-07-08,176,ABBA,Arrival,12,210954.25
1978-07-08,177,"Jimmy 'Bo' Horne","Dance Across The Floor",1,160920.0
1978-07-08,178,Kraftwerk,"The Man-machine",6,362728.5
1978-07-08,179,"Frankie Miller","Double Trouble",10,215709.5
1978-07-08,180,"Patrick Juvet","Got A Feeling",,
1978-07-08,181,Cameo,"We All Know Who We Are",7,318527.285714286
1978-07-08,182,"Le Roux","Louisiana's Le Roux",,
1978-07-08,183,"Nitty Gritty Dirt Band","The Dirt Band",10,225768.8
1978-07-08,184,"Demis Roussos","Demis Roussos",12,222517.416666667
1978-07-08,185,"Bobby Bland","Come Fly With Me",,
1978-07-08,186,"Memphis Horns","The Memphis Horns Band II",,
1978-07-08,187,Snail,Snail,10,229265.1
1978-07-08,188,"The Pousette Dart Band","Pousette Dart #3",,
1978-07-08,189,"Ted Nugent","Double Live, Gonzo",11,462268.818181818
1978-07-08,190,"Munich Machine","A Whiter Shade Of Pale",6,345071.0
1978-07-08,191,"Rare Earth","Band Together",,
1978-07-08,192,"James Brown","Jam 1980's",5,499399.8
1978-07-08,193,"David Sanborn","Heart To Heart",8,364496.5
1978-07-08,194,"Alec R. Costandinos And The Synconic Orchestra","Romeo + Juliet",,
1978-07-08,195,Eagles,"Hotel California",9,340131.666666667
1978-07-08,196,"The Steve Miller Band","Book Of Dreams",,
1978-07-08,197,"Pink Floyd","The Dark Side Of The Moon",10,257363.2
1978-07-08,198,"Debby Boone","You Light Up My Life",12,198186.25
1978-07-08,199,"Paul McCartney And Wings","Wings Over America",,
1978-07-08,200,"England Dan & John Ford Coley","Some Things Don't Come Easy",11,205510.090909091
1978-07-15,1,"The Rolling Stones","Some Girls",10,254173.0
1978-07-15,2,"Gerry Rafferty","City To City",10,319864.9
1978-07-15,3,Commodores,"Natural High",8,311567.875
1978-07-15,4,Soundtrack,"Saturday Night Fever",21,224416.142857143
1978-07-15,5,"Bob Seger","Stranger In Town",9,265499.666666667
1978-07-15,6,"Bruce Springsteen","Darkness On The Edge Of Town",10,256567.7
1978-07-15,7,"Andy Gibb","Shadow Dancing",10,247935.8
1978-07-15,8,Soundtrack,Grease,21,201416.80952381
1978-07-15,9,"Chuck Mangione","Feels So Good",6,394279.5
1978-07-15,10,"Carly Simon","Boys In The Trees",11,197341.454545455
1978-07-15,11,Soundtrack,"Thank God It's Friday",,
1978-07-15,12,"Joe Walsh","But Seriously Folks",8,265178.125
1978-07-15,13,Foreigner,"Double Vision",12,227267.583333333
1978-07-15,14,"Barbra Streisand",Songbird,10,229055.6
1978-07-15,15,"The O'Jays","So Full Of Love",8,271397.875
1978-07-15,16,ABBA,"The Album",10,267333.1
1978-07-15,17,"Bob Dylan","Street Legal",9,330368.555555556
1978-07-15,18,Soundtrack,Fm,50,189786.94
1978-07-15,19,"The Moody Blues",Octave,15,290897.4
1978-07-15,20,"Bonnie Tyler","It's A Heartache",1,212000.0
1978-07-15,21,"Billy Joel","The Stranger",21,296449.238095238
1978-07-15,22,"Quincy Jones","Sounds...And Stuff Like That!!",7,308196.0
1978-07-15,23,"Jefferson Starship",Earth,9,293372.777777778
1978-07-15,24,"Linda Clifford","If My Friends Could See Me Now",10,438310.9
1978-07-15,25,Wings,"London Town",14,219551.071428571
1978-07-15,26,"Teddy Pendergrass","Life Is A Song Worth Singing",9,312602.333333333
1978-07-15,27,"Tom Petty And The Heartbreakers","You're Gonna' Get It",10,179354.5
1978-07-15,28,Heatwave,"Central Heating",9,277429.333333333
1978-07-15,29,"Steely Dan",Aja,7,343028.142857143
1978-07-15,30,"The Isley Brothers",Showdown,13,303314.692307692
1978-07-15,31,"Peter Brown","Fantasy Love Affair",8,280169.625
1978-07-15,32,"Eric Clapton",Slowhand,27,280855.407407407
1978-07-15,33,"Barry Manilow","Even Now",14,220591.428571429
1978-07-15,34,"Meat Loaf","Bat Out Of Hell",7,408818.857142857
1978-07-15,35,"The Atlanta Rhythm Section","Champagne Jam",8,257114.625
1978-07-15,36,"Pablo Cruise","Worlds Away",9,266353.777777778
1978-07-15,37,Foghat,"Stone Blue",8,270518.0
1978-07-15,38,"Patti Smith",Easter,12,219943.0
1978-07-15,39,"Rita Coolidge","Love Me Again",1,219026.0
1978-07-15,40,"The Kinks",Misfits,11,245861.363636364
1978-07-15,41,"The Alan Parsons Project",Pyramid,16,211611.3125
1978-07-15,42,LTD,Togetherness,10,232853.0
1978-07-15,43,"Evelyn ""Champagne"" King","Smooth Talk",,
1978-07-15,44,"Jackson Browne","Running On Empty",10,260547.7
1978-07-15,45,"Willie Nelson",Stardust,10,219051.7
1978-07-15,46,"George Benson","Weekend In L.a.",11,451363.727272727
1978-07-15,47,"George Duke","Don't Let Go",11,266159.545454545
1978-07-15,48,"The Marshall Tucker Band","Together - Forever",8,326658.0
1978-07-15,49,"Rick James","Come Get It",9,327245.666666667
1978-07-15,50,"Dave Mason","Mariposa Do Ora",,
1978-07-15,51,"Village People","Macho Man",2,316619.5
1978-07-15,52,KISS,"Double Platinum",20,208864.0
1978-07-15,53,Heart,Magazine,8,294266.25
1978-07-15,54,"A Taste Of Honey","A Taste Of Honey",9,256659.222222222
1978-07-15,55,"The Band","The Last Waltz (Soundtrack)",54,
1978-07-15,56,Genesis,"And Then There Were Three",11,292278.363636364
1978-07-15,57,"Cheap Trick","Heaven Tonight",11,236886.909090909
1978-07-15,58,Sweet,"Level Headed",16,249570.0
1978-07-15,59,"Robert Palmer","Double Fun",9,236155.222222222
1978-07-15,60,Voyage,Voyage,12,223758.25
1978-07-15,61,"Johnny Mathis","You Light Up My Life",10,206814.4
1978-07-15,62,"Eddie Money","Eddie Money",10,205046.3
1978-07-15,63,"David Gilmour","David Gilmore",,
1978-07-15,64,ConFunkShun,"Love Shine",,
1978-07-15,65,Kansas,"Point Of Know Return",12,252448.583333333
1978-07-15,66,"Jimmy Buffett","Son Of A Son Of A Sailor",9,234222.0
1978-07-15,67,Journey,Infinity,10,218869.0
1978-07-15,68,"Van Halen","Van Halen",11,214083.545454545
1978-07-15,69,"Todd Rundgren","Hermit Of Mink Hollow",12,185213.0
1978-07-15,70,"Warren Zevon","Excitable Boy",13,192266.384615385
1978-07-15,71,"Rod Stewart","Foot Loose + Fancy Free",8,334894.75
1978-07-15,72,"The Dramatics","Do What You Wanna Do",,
1978-07-15,73,"Fleetwood Mac",Rumours,58,
1978-07-15,74,"Little River Band","Sleeper Catcher",9,281811.555555556
1978-07-15,75,"Village People","Village People",6,286110.5
1978-07-15,76,"Little Feat","Waiting For Columbus",27,277210.37037037
1978-07-15,77,"Natalie Cole",Thankful,8,266833.0
1978-07-15,78,"Earth, Wind & Fire","All 'n' All",11,212600.818181818
1978-07-15,79,"Waylon & Willie","Waylon + Willie",11,220698.181818182
1978-07-15,80,"REO Speedwagon","You Can Tune A Piano But You Can't Tune A Fish",9,224461.777777778
1978-07-15,81,"The Sundays",Sunburn,,
1978-07-15,82,Styx,"The Grand Illusion",8,312237.875
1978-07-15,83,"USA-European Connection","Come Into My Heart",6,573759.666666667
1978-07-15,84,"The Whispers",Headlights,8,314258.0
1978-07-15,85,"Love And Kisses","How Much,how Much I Love You",,
1978-07-15,86,"Stanley Clarke","Modern Man",12,193784.25
1978-07-15,87,"John Klemmer",Arabesque,9,353541.777777778
1978-07-15,88,"Daryl Hall John Oates",Livetime,7,332422.571428571
1978-07-15,89,"Al Di Meola Project",Casino,,
1978-07-15,90,"Elvis Costello","This Years Model",13,183699.230769231
1978-07-15,91,"Peabo Bryson","Reaching For The Sky",8,289850.375
1978-07-15,92,"Roberta Flack","Blue Lights In The Basement",10,247782.3
1978-07-15,93,"Joe Sample","Rainbow Seeker",8,316418.0
1978-07-15,94,Uk,U.k.,5,162242.6
1978-07-15,95,"Bob Marley And The Wailers",Kaya,11,228344.727272727
1978-07-15,96,"Andy Gibb","Flowing Rivers",10,230314.2
1978-07-15,97,"Norman Connors","This Is Your Life",10,275327.7
1978-07-15,98,"Smokey Robinson","Love Breeze",8,278439.625
1978-07-15,99,"Jethro Tull","Heavy Horses: New Shoes Edition",11,
1978-07-15,100,"Rufus And Chaka Khan","Street Player",10,243778.4
1978-07-15,101,Soundtrack,"The Rocky Horror Picture Show",16,201972.9375
1978-07-15,102,"Donna Summer","Once Upon A Time",16,256053.625
1978-07-15,103,"Toby Beau","Toby Beau",1,222666.0
1978-07-15,104,"Herbie Hancock",Sunlight,5,444343.8
1978-07-15,105,"Crystal Gayle","When I Dream",12,185598.583333333
1978-07-15,106,"Dolly Parton","Here You Come Again",10,178703.6
1978-07-15,107,"Carole King","Welcome Home",1,369866.0
1978-07-15,108,"Steve Hackett","Please Don't Touch",13,248966.769230769
1978-07-15,109,"Bootsy's Rubber Band","Bootsy? Player Of The Year",,
1978-07-15,110,"Lou Rawls","When You Hear Lou, You've Heard It All",10,225796.666666667
1978-07-15,111,"Spyro Gyra","Spyro Gyra",14,326797.714285714
1978-07-15,112,"Tuxedo Junction","Tuxedo Junction",11,208694.272727273
1978-07-15,113,"Hubert Laws","Say It With Silence",5,399045.2
1978-07-15,114,"Kenny Rogers","Ten Years Of Gold",10,207223.6
1978-07-15,115,"Michael Henderson","In The Night Time",8,292143.0
1978-07-15,116,"Barry Manilow","Barry Manilow Live",23,269442.47826087
1978-07-15,117,"John Mc Laughlin","Electric Guitarist",,
1978-07-15,118,"Seals & Crofts","Takin' It Easy",10,248845.1
1978-07-15,119,"Grover Washington, Jr.","Live At The Bijou",8,569455.875
1978-07-15,120,Pleasure,"Get To The Feeling",9,263891.555555556
1978-07-15,121,"Lee Ritenour","The Captains Journey",7,330967.285714286
1978-07-15,122,"Jane Olivor","Stay The Night",10,206695.6
1978-07-15,123,"Ashford & Simpson","Send It",8,272839.5
1978-07-15,124,"Steve Martin","Lets Get Small",10,228936.9
1978-07-15,125,"Saturday Night Band","Come On Dance,dance",11,401977.909090909
1978-07-15,126,Foreigner,Foreigner,12,240737.833333333
1978-07-15,127,"Betty Wright","Betty Wright Live",1,580413.0
1978-07-15,128,"John Prine","Bruised Orange",10,204535.6
1978-07-15,129,"The Cars","The Cars",9,245536.0
1978-07-15,130,"Bob Welch","French Kiss",12,181677.5
1978-07-15,131,"Patti LaBelle",Tasty,13,327881.769230769
1978-07-15,132,"Alvin Lee","Rocket Fuel",8,282738.0
1978-07-15,133,"Ronnie Milsap","Only One Love In My Life",10,207347.7
1978-07-15,134,"Natalie Cole","Natalie Live",16,342361.0625
1978-07-15,135,"Bobby Humphrey",Freestyle,,
1978-07-15,136,"Elvis Costello","My Aim Is True",13,173642.769230769
1978-07-15,137,Chic,Chic,40,272391.575
1978-07-15,138,"Graham Central Station","My Radio Sure Sounds Good To Me",8,284423.0
1978-07-15,139,"Pure Prairie League","Just Fly",10,207779.7
1978-07-15,140,Deodato,"Love Island",8,296962.875
1978-07-15,141,Rainbow,"Long Live Rock + Roll",,
1978-07-15,142,"The Crusaders",Images,7,340704.428571429
1978-07-15,143,Parliament,"Funkentelechy Vs. The Placebo Syndrome",6,443361.666666667
1978-07-15,144,"Bee Gees","Here At Last...Bee Gees...Live",18,281001.333333333
1978-07-15,145,"Aretha Franklin","Almighty Fire",,
1978-07-15,146,Queen,"News Of The World",16,222138.0
1978-07-15,147,"Earl Klugh","Magic In Your Eyes",9,263020.333333333
1978-07-15,148,"David Bromberg","Bandit In A Bathing Suit",19,231623.894736842
1978-07-15,149,"Graham Parker","The Parkerilla",13,230666.0
1978-07-15,150,"Jerry Jeff Walker","Contrary To Ordinary",,
1978-07-15,151,"David Oliver","David Oliver",2,194267.0
1978-07-15,152,"Harry Chapin","Living Room Suite",9,276141.888888889
1978-07-15,153,"Linda Ronstadt","Simple Dreams",10,198135.6
1978-07-15,154,"Freddie Hubbard","Super Blue",9,416858.555555556
1978-07-15,155,ABBA,"Greatest Hits",16,274058.125
1978-07-15,156,AC/DC,Powerage,9,266022.0
1978-07-15,157,"Bob Seger & The Silver Bullet Band","'Live' Bullet",15,293876.0
1978-07-15,158,"B.B. King","Midnight Believer",7,285946.571428571
1978-07-15,159,"Eddie Rabbitt",Variations,10,205931.5
1978-07-15,160,"The Outlaws","Bring It Back Alive",12,380749.666666667
1978-07-15,161,"Vladimir Horowitz","Golden Jubilee Concert - Rachmaninoff Concerto No. 3",,
1978-07-15,162,"Michael Stanley Band","Cabin Fever",11,227641.0
1978-07-15,163,"Average White Band","Warmer Communications",11,408466.272727273
1978-07-15,164,"Tom Robinson","Power In The Darkness",,
1978-07-15,165,"The Michael Zager Band","Lets All Chant",6,372003.166666667
1978-07-15,166,ABBA,Arrival,12,210954.25
1978-07-15,167,"Jimmy 'Bo' Horne","Dance Across The Floor",1,160920.0
1978-07-15,168,"The Trammps","Disco Inferno",6,427010.833333333
1978-07-15,169,"The Spinners","Best Of Spinners",15,236664.866666667
1978-07-15,170,"Patrick Juvet","Got A Feeling",,
1978-07-15,171,"Chocolate Milk","We're All In This Together",10,229674.4
1978-07-15,172,"Le Roux","Louisiana's Le Roux",,
1978-07-15,173,"Nitty Gritty Dirt Band","The Dirt Band",10,225768.8
1978-07-15,174,"Lonnie Liston Smith",Loveland,8,277390.375
1978-07-15,175,"Larry Gatlin & The Gatlin Brothers","Love Is Just A Game",2,224819.5
1978-07-15,176,"Les Dudek","Ghost Town Parade",9,267332.888888889
1978-07-15,177,"Frankie Miller","Double Trouble",10,215709.5
1978-07-15,178,Snail,Snail,10,229265.1
1978-07-15,179,Charlie,Lines,12,222009.25
1978-07-15,180,Nilsson,"Greatest Hits",21,182271.619047619
1978-07-15,181,"The Statler Brothers","Entertainers On And Off The Record",11,158884.454545455
1978-07-15,182,"Sweet Thunder","Sweet Thunder",22,186570.181818182
1978-07-15,183,Cameo,"We All Know Who We Are",7,318527.285714286
1978-07-15,184,"Michael Johnson","The Michael Johnson Album",,
1978-07-15,185,"Electric Light Orchestra","Out Of The Blue",17,250202.705882353
1978-07-15,186,Raydio,Raydio,8,255396.25
1978-07-15,187,"Various Artists","Disco Party",32,426272.869565217
1978-07-15,188,"Memphis Horns","The Memphis Horns Band II",,
1978-07-15,189,"British Lions","British Lions",17,177808.294117647
1978-07-15,190,Passport,"Sky Blue",,
1978-07-15,191,"The Oak Ridge Boys","Room Service",11,187423.909090909
1978-07-15,192,"James Brown","Jam 1980's",5,499399.8
1978-07-15,193,"Alec R. Costandinos And The Synconic Orchestra","Romeo + Juliet",,
1978-07-15,194,"Munich Machine","A Whiter Shade Of Pale",6,345071.0
1978-07-15,195,"Bobby Bland","Come Fly With Me",,
1978-07-15,196,"Demis Roussos","Demis Roussos",12,222517.416666667
1978-07-15,197,Eagles,"Hotel California",9,340131.666666667
1978-07-15,198,"Pink Floyd","The Dark Side Of The Moon",10,257363.2
1978-07-15,199,"The Steve Miller Band","Book Of Dreams",,
1978-07-15,200,"Paul McCartney And Wings","Wings Over America",,
1978-07-22,1,"The Rolling Stones","Some Girls",10,254173.0
1978-07-22,2,Soundtrack,Grease,21,201416.80952381
1978-07-22,3,"Gerry Rafferty","City To City",10,319864.9
1978-07-22,4,"Bob Seger","Stranger In Town",9,265499.666666667
1978-07-22,5,Commodores,"Natural High",8,311567.875
1978-07-22,6,"Bruce Springsteen","Darkness On The Edge Of Town",10,256567.7
1978-07-22,7,"Andy Gibb","Shadow Dancing",10,247935.8
1978-07-22,8,Soundtrack,"Saturday Night Fever",21,224416.142857143
1978-07-22,9,Foreigner,"Double Vision",12,227267.583333333
1978-07-22,10,Soundtrack,"Thank God It's Friday",,
1978-07-22,11,"Joe Walsh","But Seriously Folks",8,265178.125
1978-07-22,12,"Barbra Streisand",Songbird,10,229055.6
1978-07-22,13,"Chuck Mangione","Feels So Good",6,394279.5
1978-07-22,14,ABBA,"The Album",10,267333.1
1978-07-22,15,"Bob Dylan","Street Legal",9,330368.555555556
1978-07-22,16,"Carly Simon","Boys In The Trees",11,197341.454545455
1978-07-22,17,"The Moody Blues",Octave,15,290897.4
1978-07-22,18,"The O'Jays","So Full Of Love",8,271397.875
1978-07-22,19,"Teddy Pendergrass","Life Is A Song Worth Singing",9,312602.333333333
1978-07-22,20,"Quincy Jones","Sounds...And Stuff Like That!!",7,308196.0
1978-07-22,21,"Billy Joel","The Stranger",21,296449.238095238
1978-07-22,22,"Linda Clifford","If My Friends Could See Me Now",10,438310.9
1978-07-22,23,"Jefferson Starship",Earth,9,293372.777777778
1978-07-22,24,Wings,"London Town",14,219551.071428571
1978-07-22,25,"Bonnie Tyler","It's A Heartache",1,212000.0
1978-07-22,26,"Tom Petty And The Heartbreakers","You're Gonna' Get It",10,179354.5
1978-07-22,27,"Barry Manilow","Even Now",14,220591.428571429
1978-07-22,28,Heatwave,"Central Heating",9,277429.333333333
1978-07-22,29,"Steely Dan",Aja,7,343028.142857143
1978-07-22,30,"Peter Brown","Fantasy Love Affair",8,280169.625
1978-07-22,31,"Meat Loaf","Bat Out Of Hell",7,408818.857142857
1978-07-22,32,Soundtrack,Fm,50,189786.94
1978-07-22,33,"Pablo Cruise","Worlds Away",9,266353.777777778
1978-07-22,34,"The Isley Brothers",Showdown,13,303314.692307692
1978-07-22,35,"Rita Coolidge","Love Me Again",1,219026.0
1978-07-22,36,LTD,Togetherness,10,232853.0
1978-07-22,37,"The Alan Parsons Project",Pyramid,16,211611.3125
1978-07-22,38,Foghat,"Stone Blue",8,270518.0
1978-07-22,39,"Evelyn ""Champagne"" King","Smooth Talk",,
1978-07-22,40,"Rick James","Come Get It",9,327245.666666667
1978-07-22,41,"A Taste Of Honey","A Taste Of Honey",9,256659.222222222
1978-07-22,42,"Village People","Macho Man",2,316619.5
1978-07-22,43,"Jackson Browne","Running On Empty",10,260547.7
1978-07-22,44,"Eric Clapton",Slowhand,27,280855.407407407
1978-07-22,45,"Patti Smith",Easter,12,219943.0
1978-07-22,46,"Dave Mason","Mariposa Do Ora",,
1978-07-22,47,"Willie Nelson",Stardust,10,219051.7
1978-07-22,48,"George Benson","Weekend In L.a.",11,451363.727272727
1978-07-22,49,"The Atlanta Rhythm Section","Champagne Jam",8,257114.625
1978-07-22,50,"David Gilmour","David Gilmore",,
1978-07-22,51,"The Kinks",Misfits,11,245861.363636364
1978-07-22,52,Genesis,"And Then There Were Three",11,292278.363636364
1978-07-22,53,Heart,Magazine,8,294266.25
1978-07-22,54,ConFunkShun,"Love Shine",,
1978-07-22,55,"The Band","The Last Waltz (Soundtrack)",54,
1978-07-22,56,"George Duke","Don't Let Go",11,266159.545454545
1978-07-22,57,KISS,"Double Platinum",20,208864.0
1978-07-22,58,"The Marshall Tucker Band","Together - Forever",8,326658.0
1978-07-22,59,"Cheap Trick","Heaven Tonight",11,236886.909090909
1978-07-22,60,"Eddie Money","Eddie Money",10,205046.3
1978-07-22,61,Sweet,"Level Headed",16,249570.0
1978-07-22,62,"Kenny Loggins",Nightwatch,9,275975.777777778
1978-07-22,63,"Johnny Mathis","You Light Up My Life",10,206814.4
1978-07-22,64,"Jimmy Buffett","Son Of A Son Of A Sailor",9,234222.0
1978-07-22,65,Kansas,"Point Of Know Return",12,252448.583333333
1978-07-22,66,"Fleetwood Mac",Rumours,58,
1978-07-22,67,Journey,Infinity,10,218869.0
1978-07-22,68,"Van Halen","Van Halen",11,214083.545454545
1978-07-22,69,"Todd Rundgren","Hermit Of Mink Hollow",12,185213.0
1978-07-22,70,"Rod Stewart","Foot Loose + Fancy Free",8,334894.75
1978-07-22,71,"Crystal Gayle","When I Dream",12,185598.583333333
1978-07-22,72,"Natalie Cole","Natalie Live",16,342361.0625
1978-07-22,73,"Warren Zevon","Excitable Boy",13,192266.384615385
1978-07-22,74,"Little River Band","Sleeper Catcher",9,281811.555555556
1978-07-22,75,"Village People","Village People",6,286110.5
1978-07-22,76,"Earth, Wind & Fire","All 'n' All",11,212600.818181818
1978-07-22,77,"The Whispers",Headlights,8,314258.0
1978-07-22,78,"Little Feat","Waiting For Columbus",27,277210.37037037
1978-07-22,79,"Waylon & Willie","Waylon + Willie",11,220698.181818182
1978-07-22,80,"REO Speedwagon","You Can Tune A Piano But You Can't Tune A Fish",9,224461.777777778
1978-07-22,81,"The Sundays",Sunburn,,
1978-07-22,82,Styx,"The Grand Illusion",8,312237.875
1978-07-22,83,"Robert Palmer","Double Fun",9,236155.222222222
1978-07-22,84,"The Dramatics","Do What You Wanna Do",,
1978-07-22,85,"Love And Kisses","How Much,how Much I Love You",,
1978-07-22,86,"USA-European Connection","Come Into My Heart",6,573759.666666667
1978-07-22,87,"John Klemmer",Arabesque,9,353541.777777778
1978-07-22,88,"Herbie Hancock",Sunlight,5,444343.8
1978-07-22,89,"Toby Beau","Toby Beau",1,222666.0
1978-07-22,90,"Andy Gibb","Flowing Rivers",10,230314.2
1978-07-22,91,"Peabo Bryson","Reaching For The Sky",8,289850.375
1978-07-22,92,"Roberta Flack","Blue Lights In The Basement",10,247782.3
1978-07-22,93,"Norman Connors","This Is Your Life",10,275327.7
1978-07-22,94,Uk,U.k.,5,162242.6
1978-07-22,95,"The Crusaders",Images,7,340704.428571429
1978-07-22,96,Voyage,Voyage,12,223758.25
1978-07-22,97,"Natalie Cole",Thankful,8,266833.0
1978-07-22,98,"Peter Gabriel","Peter Gabriel (II)",9,
1978-07-22,99,"Jethro Tull","Heavy Horses: New Shoes Edition",11,
1978-07-22,100,"Donna Summer","Once Upon A Time",16,256053.625
1978-07-22,101,"Elvis Costello","This Years Model",13,183699.230769231
1978-07-22,102,"Joe Sample","Rainbow Seeker",8,316418.0
1978-07-22,103,"Michael Henderson","In The Night Time",8,292143.0
1978-07-22,104,"Carole King","Welcome Home",1,369866.0
1978-07-22,105,"Al Di Meola Project",Casino,,
1978-07-22,106,"Dolly Parton","Here You Come Again",10,178703.6
1978-07-22,107,"Betty Wright","Betty Wright Live",1,580413.0
1978-07-22,108,"Kenny Rogers","Ten Years Of Gold",10,207223.6
1978-07-22,109,"Bootsy's Rubber Band","Bootsy? Player Of The Year",,
1978-07-22,110,"Jane Olivor","Stay The Night",10,206695.6
1978-07-22,111,"Steve Hackett","Please Don't Touch",13,248966.769230769
1978-07-22,112,Soundtrack,"The Rocky Horror Picture Show",16,201972.9375
1978-07-22,113,"Steve Martin","Lets Get Small",10,228936.9
1978-07-22,114,"Thin Lizzy","Live And Dangerous",17,271817.705882353
1978-07-22,115,"Spyro Gyra","Spyro Gyra",14,326797.714285714
1978-07-22,116,"Tuxedo Junction","Tuxedo Junction",11,208694.272727273
1978-07-22,117,"The Cars","The Cars",9,245536.0
1978-07-22,118,"John Prine","Bruised Orange",10,204535.6
1978-07-22,119,Pleasure,"Get To The Feeling",9,263891.555555556
1978-07-22,120,Foxy,"Get Off",1,341293.0
1978-07-22,121,"Lee Ritenour","The Captains Journey",7,330967.285714286
1978-07-22,122,Foreigner,Foreigner,12,240737.833333333
1978-07-22,123,"Ashford & Simpson","Send It",8,272839.5
1978-07-22,124,"Ronnie Milsap","Only One Love In My Life",10,207347.7
1978-07-22,125,"Saturday Night Band","Come On Dance,dance",11,401977.909090909
1978-07-22,126,"Bob Welch","French Kiss",12,181677.5
1978-07-22,127,"Bobby Humphrey",Freestyle,,
1978-07-22,128,Chic,Chic,40,272391.575
1978-07-22,129,"Patti LaBelle",Tasty,13,327881.769230769
1978-07-22,130,"Millie Jackson","Get It Outcha System",,
1978-07-22,131,"Graham Central Station","My Radio Sure Sounds Good To Me",8,284423.0
1978-07-22,132,"Alvin Lee","Rocket Fuel",8,282738.0
1978-07-22,133,"Michael Johnson","The Michael Johnson Album",,
1978-07-22,134,ABBA,"Greatest Hits",16,274058.125
1978-07-22,135,"Harry Chapin","Living Room Suite",9,276141.888888889
1978-07-22,136,"David Bromberg","Bandit In A Bathing Suit",19,231623.894736842
1978-07-22,137,ABBA,Arrival,12,210954.25
1978-07-22,138,"Jerry Jeff Walker","Contrary To Ordinary",,
1978-07-22,139,"Bee Gees","Here At Last...Bee Gees...Live",18,281001.333333333
1978-07-22,140,"High Inergy","Steppin' Out",,
1978-07-22,141,"Michael Stanley Band","Cabin Fever",11,227641.0
1978-07-22,142,Queen,"News Of The World",16,222138.0
1978-07-22,143,"Eddie Rabbitt",Variations,10,205931.5
1978-07-22,144,"Freddie Hubbard","Super Blue",9,416858.555555556
1978-07-22,145,AC/DC,Powerage,9,266022.0
1978-07-22,146,"Bob Seger & The Silver Bullet Band","'Live' Bullet",15,293876.0
1978-07-22,147,"Earl Klugh","Magic In Your Eyes",9,263020.333333333
1978-07-22,148,"Various Artists","California Jam 2",,
1978-07-22,149,"The Rolling Stones","Sticky Fingers",10,297061.0
1978-07-22,150,"Linda Ronstadt","Simple Dreams",10,198135.6
1978-07-22,151,"Stanley Clarke","Modern Man",12,193784.25
1978-07-22,152,"Captain & Tennille",Dream,11,199997.0
1978-07-22,153,"Tom Robinson","Power In The Darkness",,
1978-07-22,154,"Daryl Hall John Oates",Livetime,7,332422.571428571
1978-07-22,155,"Bob Marley And The Wailers",Kaya,11,228344.727272727
1978-07-22,156,"Jimmy 'Bo' Horne","Dance Across The Floor",1,160920.0
1978-07-22,157,"Smokey Robinson","Love Breeze",8,278439.625
1978-07-22,158,"B.B. King","Midnight Believer",7,285946.571428571
1978-07-22,159,"Patrick Juvet","Got A Feeling",,
1978-07-22,160,"The Outlaws","Bring It Back Alive",12,380749.666666667
1978-07-22,161,"Vladimir Horowitz","Golden Jubilee Concert - Rachmaninoff Concerto No. 3",,
1978-07-22,162,"Le Roux","Louisiana's Le Roux",,
1978-07-22,163,"Rufus And Chaka Khan","Street Player",10,243778.4
1978-07-22,164,"Lou Rawls","When You Hear Lou, You've Heard It All",10,225796.666666667
1978-07-22,165,"Lenny Williams","Spark Of Love",11,302353.454545455
1978-07-22,166,"Barry Manilow","Barry Manilow Live",23,269442.47826087
1978-07-22,167,"Hubert Laws","Say It With Silence",5,399045.2
1978-07-22,168,"The Trammps","Disco Inferno",6,427010.833333333
1978-07-22,169,"Nitty Gritty Dirt Band","The Dirt Band",10,225768.8
1978-07-22,170,"The Oak Ridge Boys","Room Service",11,187423.909090909
1978-07-22,171,"Chocolate Milk","We're All In This Together",10,229674.4
1978-07-22,172,"Sweet Thunder","Sweet Thunder",22,186570.181818182
1978-07-22,173,"John Mc Laughlin","Electric Guitarist",,
1978-07-22,174,Soundtrack,"The Buddy Holly Story",,
1978-07-22,175,"Larry Gatlin & The Gatlin Brothers","Love Is Just A Game",2,224819.5
1978-07-22,176,Snail,Snail,10,229265.1
1978-07-22,177,"Various Artists","Disco Party",32,426272.869565217
1978-07-22,178,"Seals & Crofts","Takin' It Easy",10,248845.1
1978-07-22,179,"The Statler Brothers","Entertainers On And Off The Record",11,158884.454545455
1978-07-22,180,"Grover Washington, Jr.","Live At The Bijou",8,569455.875
1978-07-22,181,"James Brown","Jam 1980's",5,499399.8
1978-07-22,182,"Walter Egan","Not Shy",10,212195.7
1978-07-22,183,"Elvis Costello","My Aim Is True",13,173642.769230769
1978-07-22,184,"Various Artists","White Mansions",31,193045.5625
1978-07-22,185,Cameo,"We All Know Who We Are",7,318527.285714286
1978-07-22,186,"Electric Light Orchestra","Out Of The Blue",17,250202.705882353
1978-07-22,187,"Pure Prairie League","Just Fly",10,207779.7
1978-07-22,188,"Memphis Horns","The Memphis Horns Band II",,
1978-07-22,189,"British Lions","British Lions",17,177808.294117647
1978-07-22,190,"Larry Gatlin & The Gatlin Brothers","Oh Brother",10,193255.8
1978-07-22,191,"Paul McCartney And Wings","Wings Over America",,
1978-07-22,192,Deodato,"Love Island",8,296962.875
1978-07-22,193,"The Steve Miller Band","Book Of Dreams",,
1978-07-22,194,"Pink Floyd","The Dark Side Of The Moon",10,257363.2
1978-07-22,195,Eagles,"Hotel California",9,340131.666666667
1978-07-22,196,"Demis Roussos","Demis Roussos",12,222517.416666667
1978-07-22,197,Parliament,"Funkentelechy Vs. The Placebo Syndrome",6,443361.666666667
1978-07-22,198,"Aretha Franklin","Almighty Fire",,
1978-07-22,199,"Average White Band","Warmer Communications",11,408466.272727273
1978-07-22,200,"Alec R. Costandinos And The Synconic Orchestra","Romeo + Juliet",,
1978-07-29,1,Soundtrack,Grease,21,201416.80952381
1978-07-29,2,"The Rolling Stones","Some Girls",10,254173.0
1978-07-29,3,Commodores,"Natural High",8,311567.875
1978-07-29,4,"Bob Seger","Stranger In Town",9,265499.666666667
1978-07-29,5,"Bruce Springsteen","Darkness On The Edge Of Town",10,256567.7
1978-07-29,6,"Gerry Rafferty","City To City",10,319864.9
1978-07-29,7,"Andy Gibb","Shadow Dancing",10,247935.8
1978-07-29,8,Foreigner,"Double Vision",12,227267.583333333
1978-07-29,9,Soundtrack,"Saturday Night Fever",21,224416.142857143
1978-07-29,10,Soundtrack,"Thank God It's Friday",,
1978-07-29,11,"Joe Walsh","But Seriously Folks",8,265178.125
1978-07-29,12,"Barbra Streisand",Songbird,10,229055.6
1978-07-29,13,"Bob Dylan","Street Legal",9,330368.555555556
1978-07-29,14,ABBA,"The Album",10,267333.1
1978-07-29,15,"Chuck Mangione","Feels So Good",6,394279.5
1978-07-29,16,"Teddy Pendergrass","Life Is A Song Worth Singing",9,312602.333333333
1978-07-29,17,"The Moody Blues",Octave,15,290897.4
1978-07-29,18,"Quincy Jones","Sounds...And Stuff Like That!!",7,308196.0
1978-07-29,19,"Billy Joel","The Stranger",21,296449.238095238
1978-07-29,20,"Pablo Cruise","Worlds Away",9,266353.777777778
1978-07-29,21,"Carly Simon","Boys In The Trees",11,197341.454545455
1978-07-29,22,"Linda Clifford","If My Friends Could See Me Now",10,438310.9
1978-07-29,23,"Jefferson Starship",Earth,9,293372.777777778
1978-07-29,24,"Barry Manilow","Even Now",14,220591.428571429
1978-07-29,25,"Tom Petty And The Heartbreakers","You're Gonna' Get It",10,179354.5
1978-07-29,26,"Meat Loaf","Bat Out Of Hell",7,408818.857142857
1978-07-29,27,"The O'Jays","So Full Of Love",8,271397.875
1978-07-29,28,"Steely Dan",Aja,7,343028.142857143
1978-07-29,29,"A Taste Of Honey","A Taste Of Honey",9,256659.222222222
1978-07-29,30,"Peter Brown","Fantasy Love Affair",8,280169.625
1978-07-29,31,Wings,"London Town",14,219551.071428571
1978-07-29,32,Soundtrack,Fm,50,189786.94
1978-07-29,33,"Rita Coolidge","Love Me Again",1,219026.0
1978-07-29,34,LTD,Togetherness,10,232853.0
1978-07-29,35,"The Alan Parsons Project",Pyramid,16,211611.3125
1978-07-29,36,"Evelyn ""Champagne"" King","Smooth Talk",,
1978-07-29,37,"Rick James","Come Get It",9,327245.666666667
1978-07-29,38,"Village People","Macho Man",2,316619.5
1978-07-29,39,"Bonnie Tyler","It's A Heartache",1,212000.0
1978-07-29,40,"Johnny Mathis And Deniece Williams","That's What Friends Are For",,
1978-07-29,41,Heatwave,"Central Heating",9,277429.333333333
1978-07-29,42,"David Gilmour","David Gilmore",,
1978-07-29,43,"Dave Mason","Mariposa Do Ora",,
1978-07-29,44,ConFunkShun,"Love Shine",,
1978-07-29,45,"Eric Clapton",Slowhand,27,280855.407407407
1978-07-29,46,"The Isley Brothers",Showdown,13,303314.692307692
1978-07-29,47,"Jackson Browne","Running On Empty",10,260547.7
1978-07-29,48,"Kenny Loggins",Nightwatch,9,275975.777777778
1978-07-29,49,Foghat,"Stone Blue",8,270518.0
1978-07-29,50,"Natalie Cole","Natalie Live",16,342361.0625
1978-07-29,51,"George Benson","Weekend In L.a.",11,451363.727272727
1978-07-29,52,Genesis,"And Then There Were Three",11,292278.363636364
1978-07-29,53,"Patti Smith",Easter,12,219943.0
1978-07-29,54,"Willie Nelson",Stardust,10,219051.7
1978-07-29,55,"The Atlanta Rhythm Section","Champagne Jam",8,257114.625
1978-07-29,56,"George Duke","Don't Let Go",11,266159.545454545
1978-07-29,57,Heart,Magazine,8,294266.25
1978-07-29,58,"Crystal Gayle","When I Dream",12,185598.583333333
1978-07-29,59,"Fleetwood Mac",Rumours,58,
1978-07-29,60,"The Kinks",Misfits,11,245861.363636364
1978-07-29,61,"The Band","The Last Waltz (Soundtrack)",54,
1978-07-29,62,"Little River Band","Sleeper Catcher",9,281811.555555556
1978-07-29,63,"Johnny Mathis","You Light Up My Life",10,206814.4
1978-07-29,64,"Jimmy Buffett","Son Of A Son Of A Sailor",9,234222.0
1978-07-29,65,Kansas,"Point Of Know Return",12,252448.583333333
1978-07-29,66,Journey,Infinity,10,218869.0
1978-07-29,67,"Van Halen","Van Halen",11,214083.545454545
1978-07-29,68,"The Marshall Tucker Band","Together - Forever",8,326658.0
1978-07-29,69,"Todd Rundgren","Hermit Of Mink Hollow",12,185213.0
1978-07-29,70,"Cheap Trick","Heaven Tonight",11,236886.909090909
1978-07-29,71,"Eddie Money","Eddie Money",10,205046.3
1978-07-29,72,Sweet,"Level Headed",16,249570.0
1978-07-29,73,KISS,"Double Platinum",20,208864.0
1978-07-29,74,"The Sundays",Sunburn,,
1978-07-29,75,"Village People","Village People",6,286110.5
1978-07-29,76,"Earth, Wind & Fire","All 'n' All",11,212600.818181818
1978-07-29,77,"The Whispers",Headlights,8,314258.0
1978-07-29,78,"Herbie Hancock",Sunlight,5,444343.8
1978-07-29,79,"Toby Beau","Toby Beau",1,222666.0
1978-07-29,80,"REO Speedwagon","You Can Tune A Piano But You Can't Tune A Fish",9,224461.777777778
1978-07-29,81,"Peter Gabriel","Peter Gabriel (II)",9,
1978-07-29,82,"Norman Connors","This Is Your Life",10,275327.7
1978-07-29,83,"Andy Gibb","Flowing Rivers",10,230314.2
1978-07-29,84,"The Dramatics","Do What You Wanna Do",,
1978-07-29,85,"The Crusaders",Images,7,340704.428571429
1978-07-29,86,"John Klemmer",Arabesque,9,353541.777777778
1978-07-29,87,"Rod Stewart","Foot Loose + Fancy Free",8,334894.75
1978-07-29,88,"Peabo Bryson","Reaching For The Sky",8,289850.375
1978-07-29,89,"Warren Zevon","Excitable Boy",13,192266.384615385
1978-07-29,90,Foxy,"Get Off",1,341293.0
1978-07-29,91,"Kenny Rogers","Love Or Something Like It",11,182713.636363636
1978-07-29,92,"Michael Henderson","In The Night Time",8,292143.0
1978-07-29,93,"Natalie Cole",Thankful,8,266833.0
1978-07-29,94,"Waylon & Willie","Waylon + Willie",11,220698.181818182
1978-07-29,95,Styx,"The Grand Illusion",8,312237.875
1978-07-29,96,"Robert Palmer","Double Fun",9,236155.222222222
1978-07-29,97,"Betty Wright","Betty Wright Live",1,580413.0
1978-07-29,98,"Thin Lizzy","Live And Dangerous",17,271817.705882353
1978-07-29,99,"Little Feat","Waiting For Columbus",27,277210.37037037
1978-07-29,100,"Donna Summer","Once Upon A Time",16,256053.625
1978-07-29,101,"Love And Kisses","How Much,how Much I Love You",,
1978-07-29,102,"Jethro Tull","Heavy Horses: New Shoes Edition",11,
1978-07-29,103,"Steve Martin","Lets Get Small",10,228936.9
1978-07-29,104,Voyage,Voyage,12,223758.25
1978-07-29,105,"Al Di Meola Project",Casino,,
1978-07-29,106,"Dolly Parton","Here You Come Again",10,178703.6
1978-07-29,107,"The Cars","The Cars",9,245536.0
1978-07-29,108,"Kenny Rogers","Ten Years Of Gold",10,207223.6
1978-07-29,109,"Roberta Flack","Blue Lights In The Basement",10,247782.3
1978-07-29,110,"Jane Olivor","Stay The Night",10,206695.6
1978-07-29,111,"Millie Jackson","Get It Outcha System",,
1978-07-29,112,Soundtrack,"The Rocky Horror Picture Show",16,201972.9375
1978-07-29,113,Chic,Chic,40,272391.575
1978-07-29,114,"Ronnie Milsap","Only One Love In My Life",10,207347.7
1978-07-29,115,"Bobby Humphrey",Freestyle,,
1978-07-29,116,"John Prine","Bruised Orange",10,204535.6
1978-07-29,117,"Tuxedo Junction","Tuxedo Junction",11,208694.272727273
1978-07-29,118,Foreigner,Foreigner,12,240737.833333333
1978-07-29,119,"Ashford & Simpson","Send It",8,272839.5
1978-07-29,120,"Graham Central Station","My Radio Sure Sounds Good To Me",8,284423.0
1978-07-29,121,"USA-European Connection","Come Into My Heart",6,573759.666666667
1978-07-29,122,"Michael Johnson","The Michael Johnson Album",,
1978-07-29,123,Uk,U.k.,5,162242.6
1978-07-29,124,"Joe Sample","Rainbow Seeker",8,316418.0
1978-07-29,125,"Saturday Night Band","Come On Dance,dance",11,401977.909090909
1978-07-29,126,"Bob Welch","French Kiss",12,181677.5
1978-07-29,127,"Various Artists","California Jam 2",,
1978-07-29,128,"Jerry Jeff Walker","Contrary To Ordinary",,
1978-07-29,129,"High Inergy","Steppin' Out",,
1978-07-29,130,"David Bromberg","Bandit In A Bathing Suit",19,231623.894736842
1978-07-29,131,"Freddie Hubbard","Super Blue",9,416858.555555556
1978-07-29,132,"Bee Gees","Here At Last...Bee Gees...Live",18,281001.333333333
1978-07-29,133,"Harry Chapin","Living Room Suite",9,276141.888888889
1978-07-29,134,ABBA,"Greatest Hits",16,274058.125
1978-07-29,135,ABBA,Arrival,12,210954.25
1978-07-29,136,"Elvis Costello","This Years Model",13,183699.230769231
1978-07-29,137,"Gato Barbieri",Tropico,7,399009.142857143
1978-07-29,138,AC/DC,Powerage,9,266022.0
1978-07-29,139,"The Rolling Stones","Sticky Fingers",10,297061.0
1978-07-29,140,"Bob Seger & The Silver Bullet Band","'Live' Bullet",15,293876.0
1978-07-29,141,"Michael Stanley Band","Cabin Fever",11,227641.0
1978-07-29,142,"Captain & Tennille",Dream,11,199997.0
1978-07-29,143,"Eddie Rabbitt",Variations,10,205931.5
1978-07-29,144,"Earl Klugh","Magic In Your Eyes",9,263020.333333333
1978-07-29,145,"Jimmy 'Bo' Horne","Dance Across The Floor",1,160920.0
1978-07-29,146,"Linda Ronstadt","Simple Dreams",10,198135.6
1978-07-29,147,"Tom Robinson","Power In The Darkness",,
1978-07-29,148,UFO,Obsession,14,206209.214285714
1978-07-29,149,"Patrick Juvet","Got A Feeling",,
1978-07-29,150,"Bob Marley And The Wailers",Kaya,11,228344.727272727
1978-07-29,151,"Stanley Clarke","Modern Man",12,193784.25
1978-07-29,152,"Carole King","Welcome Home",1,369866.0
1978-07-29,153,Soundtrack,"The Buddy Holly Story",,
1978-07-29,154,"Lenny Williams","Spark Of Love",11,302353.454545455
1978-07-29,155,"Walter Egan","Not Shy",10,212195.7
1978-07-29,156,"B.B. King","Midnight Believer",7,285946.571428571
1978-07-29,157,"Smokey Robinson","Love Breeze",8,278439.625
1978-07-29,158,"The Outlaws","Bring It Back Alive",12,380749.666666667
1978-07-29,159,"Le Roux","Louisiana's Le Roux",,
1978-07-29,160,"James Brown","Jam 1980's",5,499399.8
1978-07-29,161,"Sweet Thunder","Sweet Thunder",22,186570.181818182
1978-07-29,162,"Various Artists","Disco Party",32,426272.869565217
1978-07-29,163,Snail,Snail,10,229265.1
1978-07-29,164,"The Oak Ridge Boys","Room Service",11,187423.909090909
1978-07-29,165,"Nitty Gritty Dirt Band","The Dirt Band",10,225768.8
1978-07-29,166,"Barry Manilow","Barry Manilow Live",23,269442.47826087
1978-07-29,167,"Hubert Laws","Say It With Silence",5,399045.2
1978-07-29,168,"John Mc Laughlin","Electric Guitarist",,
1978-07-29,169,"Bootsy's Rubber Band","Bootsy? Player Of The Year",,
1978-07-29,170,"Seals & Crofts","Takin' It Easy",10,248845.1
1978-07-29,171,"Steve Hackett","Please Don't Touch",13,248966.769230769
1978-07-29,172,"Spyro Gyra","Spyro Gyra",14,326797.714285714
1978-07-29,173,"The Statler Brothers","Entertainers On And Off The Record",11,158884.454545455
1978-07-29,174,"Patti LaBelle",Tasty,13,327881.769230769
1978-07-29,175,Pleasure,"Get To The Feeling",9,263891.555555556
1978-07-29,176,"Lee Ritenour","The Captains Journey",7,330967.285714286
1978-07-29,177,"Alvin Lee","Rocket Fuel",8,282738.0
1978-07-29,178,"Larry Gatlin & The Gatlin Brothers","Oh Brother",10,193255.8
1978-07-29,179,"Electric Light Orchestra","Out Of The Blue",17,250202.705882353
1978-07-29,180,"Grover Washington, Jr.","Live At The Bijou",8,569455.875
1978-07-29,181,"Various Artists","White Mansions",31,193045.5625
1978-07-29,182,Queen,"News Of The World",16,222138.0
1978-07-29,183,"Rufus And Chaka Khan","Street Player",10,243778.4
1978-07-29,184,"Anne Murray","Let's Keep It That Way",10,197442.3
1978-07-29,185,"Larry Gatlin & The Gatlin Brothers","Love Is Just A Game",2,224819.5
1978-07-29,186,"Pink Floyd","The Dark Side Of The Moon",10,257363.2
1978-07-29,187,Deodato,"Love Island",8,296962.875
1978-07-29,188,"Memphis Horns","The Memphis Horns Band II",,
1978-07-29,189,"British Lions","British Lions",17,177808.294117647
1978-07-29,190,Prism,"See Forever Eyes",,
1978-07-29,191,"The Steve Miller Band","Book Of Dreams",,
1978-07-29,192,"Tarney And Spencer Band","Three's A Crowd",,
1978-07-29,193,Eagles,"Hotel California",9,340131.666666667
1978-07-29,194,"Daryl Hall John Oates",Livetime,7,332422.571428571
1978-07-29,195,"Vladimir Horowitz","Golden Jubilee Concert - Rachmaninoff Concerto No. 3",,
1978-07-29,196,"Lou Rawls","When You Hear Lou, You've Heard It All",10,225796.666666667
1978-07-29,197,Parliament,"Funkentelechy Vs. The Placebo Syndrome",6,443361.666666667
1978-07-29,198,"The Trammps","Disco Inferno",6,427010.833333333
1978-07-29,199,"Elvis Costello","My Aim Is True",13,173642.769230769
1978-07-29,200,"Paul McCartney And Wings","Wings Over America",,
1978-08-05,1,Soundtrack,Grease,21,201416.80952381
1978-08-05,2,"The Rolling Stones","Some Girls",10,254173.0
1978-08-05,3,Commodores,"Natural High",8,311567.875
1978-08-05,4,Foreigner,"Double Vision",12,227267.583333333
1978-08-05,5,"Bruce Springsteen","Darkness On The Edge Of Town",10,256567.7
1978-08-05,6,"Bob Seger","Stranger In Town",9,265499.666666667
1978-08-05,7,"Andy Gibb","Shadow Dancing",10,247935.8
1978-08-05,8,"Gerry Rafferty","City To City",10,319864.9
1978-08-05,9,Soundtrack,"Saturday Night Fever",21,224416.142857143
1978-08-05,10,Soundtrack,"Thank God It's Friday",,
1978-08-05,11,"Joe Walsh","But Seriously Folks",8,265178.125
1978-08-05,12,"Bob Dylan","Street Legal",9,330368.555555556
1978-08-05,13,"Teddy Pendergrass","Life Is A Song Worth Singing",9,312602.333333333
1978-08-05,14,"Pablo Cruise","Worlds Away",9,266353.777777778
1978-08-05,15,"The Moody Blues",Octave,15,290897.4
1978-08-05,16,"Quincy Jones","Sounds...And Stuff Like That!!",7,308196.0
1978-08-05,17,"Billy Joel","The Stranger",21,296449.238095238
1978-08-05,18,"Barbra Streisand",Songbird,10,229055.6
1978-08-05,19,"Chuck Mangione","Feels So Good",6,394279.5
1978-08-05,20,"A Taste Of Honey","A Taste Of Honey",9,256659.222222222
1978-08-05,21,"Meat Loaf","Bat Out Of Hell",7,408818.857142857
1978-08-05,22,"Barry Manilow","Even Now",14,220591.428571429
1978-08-05,23,ABBA,"The Album",10,267333.1
1978-08-05,24,"Tom Petty And The Heartbreakers","You're Gonna' Get It",10,179354.5
1978-08-05,25,"Carly Simon","Boys In The Trees",11,197341.454545455
1978-08-05,26,"Jefferson Starship",Earth,9,293372.777777778
1978-08-05,27,"Steely Dan",Aja,7,343028.142857143
1978-08-05,28,LTD,Togetherness,10,232853.0
1978-08-05,29,"The Alan Parsons Project",Pyramid,16,211611.3125
1978-08-05,30,"Evelyn ""Champagne"" King","Smooth Talk",,
1978-08-05,31,"Johnny Mathis And Deniece Williams","That's What Friends Are For",,
1978-08-05,32,"Rita Coolidge","Love Me Again",1,219026.0
1978-08-05,33,"Rick James","Come Get It",9,327245.666666667
1978-08-05,34,"Village People","Macho Man",2,316619.5
1978-08-05,35,"Peter Brown","Fantasy Love Affair",8,280169.625
1978-08-05,36,"David Gilmour","David Gilmore",,
1978-08-05,37,"The O'Jays","So Full Of Love",8,271397.875
1978-08-05,38,"Kenny Loggins",Nightwatch,9,275975.777777778
1978-08-05,39,ConFunkShun,"Love Shine",,
1978-08-05,40,"Natalie Cole","Natalie Live",16,342361.0625
1978-08-05,41,"The Crusaders",Images,7,340704.428571429
1978-08-05,42,"Dave Mason","Mariposa Do Ora",,
1978-08-05,43,Wings,"London Town",14,219551.071428571
1978-08-05,44,Soundtrack,Fm,50,189786.94
1978-08-05,45,"Eric Clapton",Slowhand,27,280855.407407407
1978-08-05,46,"Linda Clifford","If My Friends Could See Me Now",10,438310.9
1978-08-05,47,"Bonnie Tyler","It's A Heartache",1,212000.0
1978-08-05,48,Heatwave,"Central Heating",9,277429.333333333
1978-08-05,49,"Jackson Browne","Running On Empty",10,260547.7
1978-08-05,50,"George Duke","Don't Let Go",11,266159.545454545
1978-08-05,51,"The Isley Brothers",Showdown,13,303314.692307692
1978-08-05,52,"George Benson","Weekend In L.a.",11,451363.727272727
1978-08-05,53,Genesis,"And Then There Were Three",11,292278.363636364
1978-08-05,54,Foghat,"Stone Blue",8,270518.0
1978-08-05,55,"Patti Smith",Easter,12,219943.0
1978-08-05,56,"Crystal Gayle","When I Dream",12,185598.583333333
1978-08-05,57,"Willie Nelson",Stardust,10,219051.7
1978-08-05,58,"The Atlanta Rhythm Section","Champagne Jam",8,257114.625
1978-08-05,59,"Fleetwood Mac",Rumours,58,
1978-08-05,60,"Little River Band","Sleeper Catcher",9,281811.555555556
1978-08-05,61,"The Kinks",Misfits,11,245861.363636364
1978-08-05,62,Journey,Infinity,10,218869.0
1978-08-05,63,Heart,Magazine,8,294266.25
1978-08-05,64,Kansas,"Point Of Know Return",12,252448.583333333
1978-08-05,65,"Peter Gabriel","Peter Gabriel (II)",9,
1978-08-05,66,"Van Halen","Van Halen",11,214083.545454545
1978-08-05,67,"Johnny Mathis","You Light Up My Life",10,206814.4
1978-08-05,68,"Herbie Hancock",Sunlight,5,444343.8
1978-08-05,69,"Toby Beau","Toby Beau",1,222666.0
1978-08-05,70,"Cheap Trick","Heaven Tonight",11,236886.909090909
1978-08-05,71,"Eddie Money","Eddie Money",10,205046.3
1978-08-05,72,"Todd Rundgren","Hermit Of Mink Hollow",12,185213.0
1978-08-05,73,"The Sundays",Sunburn,,
1978-08-05,74,"Jimmy Buffett","Son Of A Son Of A Sailor",9,234222.0
1978-08-05,75,"Village People","Village People",6,286110.5
1978-08-05,76,"Earth, Wind & Fire","All 'n' All",11,212600.818181818
1978-08-05,77,"The Marshall Tucker Band","Together - Forever",8,326658.0
1978-08-05,78,"Norman Connors","This Is Your Life",10,275327.7
1978-08-05,79,"REO Speedwagon","You Can Tune A Piano But You Can't Tune A Fish",9,224461.777777778
1978-08-05,80,Foxy,"Get Off",1,341293.0
1978-08-05,81,"Kenny Rogers","Love Or Something Like It",11,182713.636363636
1978-08-05,82,"Michael Henderson","In The Night Time",8,292143.0
1978-08-05,83,"Andy Gibb","Flowing Rivers",10,230314.2
1978-08-05,84,"The Dramatics","Do What You Wanna Do",,
1978-08-05,85,"John Klemmer",Arabesque,9,353541.777777778
1978-08-05,86,"Peabo Bryson","Reaching For The Sky",8,289850.375
1978-08-05,87,"Betty Wright","Betty Wright Live",1,580413.0
1978-08-05,88,"Thin Lizzy","Live And Dangerous",17,271817.705882353
1978-08-05,89,"Natalie Cole",Thankful,8,266833.0
1978-08-05,90,"Steve Martin","Lets Get Small",10,228936.9
1978-08-05,91,"The Cars","The Cars",9,245536.0
1978-08-05,92,"Rod Stewart","Foot Loose + Fancy Free",8,334894.75
1978-08-05,93,"Millie Jackson","Get It Outcha System",,
1978-08-05,94,KISS,"Double Platinum",20,208864.0
1978-08-05,95,UFO,Obsession,14,206209.214285714
1978-08-05,96,"Robert Palmer","Double Fun",9,236155.222222222
1978-08-05,97,Sweet,"Level Headed",16,249570.0
1978-08-05,98,"Donna Summer","Once Upon A Time",16,256053.625
1978-08-05,99,"Various Artists","California Jam 2",,
1978-08-05,100,"The Whispers",Headlights,8,314258.0
1978-08-05,101,"The Band","The Last Waltz (Soundtrack)",54,
1978-08-05,102,Styx,"The Grand Illusion",8,312237.875
1978-08-05,103,Chic,Chic,40,272391.575
1978-08-05,104,"Bobby Humphrey",Freestyle,,
1978-08-05,105,"Al Di Meola Project",Casino,,
1978-08-05,106,"Jethro Tull","Heavy Horses: New Shoes Edition",11,
1978-08-05,107,Voyage,Voyage,12,223758.25
1978-08-05,108,"Kenny Rogers","Ten Years Of Gold",10,207223.6
1978-08-05,109,"Jane Olivor","Stay The Night",10,206695.6
1978-08-05,110,"Graham Central Station","My Radio Sure Sounds Good To Me",8,284423.0
1978-08-05,111,"Michael Johnson","The Michael Johnson Album",,
1978-08-05,112,"Ronnie Milsap","Only One Love In My Life",10,207347.7
1978-08-05,113,"Waylon & Willie","Waylon + Willie",11,220698.181818182
1978-08-05,114,"Warren Zevon","Excitable Boy",13,192266.384615385
1978-08-05,115,"Gato Barbieri",Tropico,7,399009.142857143
1978-08-05,116,Foreigner,Foreigner,12,240737.833333333
1978-08-05,117,"Ashford & Simpson","Send It",8,272839.5
1978-08-05,118,"Jerry Jeff Walker","Contrary To Ordinary",,
1978-08-05,119,"High Inergy","Steppin' Out",,
1978-08-05,120,"Tuxedo Junction","Tuxedo Junction",11,208694.272727273
1978-08-05,121,"USA-European Connection","Come Into My Heart",6,573759.666666667
1978-08-05,122,"Love And Kisses","How Much,how Much I Love You",,
1978-08-05,123,"Dolly Parton","Here You Come Again",10,178703.6
1978-08-05,124,"Little Feat","Waiting For Columbus",27,277210.37037037
1978-08-05,125,"Saturday Night Band","Come On Dance,dance",11,401977.909090909
1978-08-05,126,"Bob Welch","French Kiss",12,181677.5
1978-08-05,127,Soundtrack,"The Rocky Horror Picture Show",16,201972.9375
1978-08-05,128,Uk,U.k.,5,162242.6
1978-08-05,129,"Bee Gees","Here At Last...Bee Gees...Live",18,281001.333333333
1978-08-05,130,"Michael Stanley Band","Cabin Fever",11,227641.0
1978-08-05,131,"Freddie Hubbard","Super Blue",9,416858.555555556
1978-08-05,132,ABBA,"Greatest Hits",16,274058.125
1978-08-05,133,"Harry Chapin","Living Room Suite",9,276141.888888889
1978-08-05,134,ABBA,Arrival,12,210954.25
1978-08-05,135,"Jimmy 'Bo' Horne","Dance Across The Floor",1,160920.0
1978-08-05,136,"Bob Seger & The Silver Bullet Band","'Live' Bullet",15,293876.0
1978-08-05,137,"The Rolling Stones","Sticky Fingers",10,297061.0
1978-08-05,138,"Captain & Tennille",Dream,11,199997.0
1978-08-05,139,"Patrick Juvet","Got A Feeling",,
1978-08-05,140,"David Bromberg","Bandit In A Bathing Suit",19,231623.894736842
1978-08-05,141,"Joe Sample","Rainbow Seeker",8,316418.0
1978-08-05,142,"Earl Klugh","Magic In Your Eyes",9,263020.333333333
1978-08-05,143,Soundtrack,"The Buddy Holly Story",,
1978-08-05,144,"Lenny Williams","Spark Of Love",11,302353.454545455
1978-08-05,145,"Walter Egan","Not Shy",10,212195.7
1978-08-05,146,"Grace Jones",Fame,7,345913.857142857
1978-08-05,147,"Linda Ronstadt","Simple Dreams",10,198135.6
1978-08-05,148,"Stanley Clarke","Modern Man",12,193784.25
1978-08-05,149,"Bob Marley And The Wailers",Kaya,11,228344.727272727
1978-08-05,150,"James Brown","Jam 1980's",5,499399.8
1978-08-05,151,"Sweet Thunder","Sweet Thunder",22,186570.181818182
1978-08-05,152,"Various Artists","Disco Party",32,426272.869565217
1978-08-05,153,Snail,Snail,10,229265.1
1978-08-05,154,"B.B. King","Midnight Believer",7,285946.571428571
1978-08-05,155,"Tom Robinson","Power In The Darkness",,
1978-08-05,156,AC/DC,Powerage,9,266022.0
1978-08-05,157,"Smokey Robinson","Love Breeze",8,278439.625
1978-08-05,158,"Le Roux","Louisiana's Le Roux",,
1978-08-05,159,Sylvester,"Step II",7,303832.0
1978-08-05,160,"John Prine","Bruised Orange",10,204535.6
1978-08-05,161,"Roberta Flack","Blue Lights In The Basement",10,247782.3
1978-08-05,162,"The Outlaws","Bring It Back Alive",12,380749.666666667
1978-08-05,163,"Nitty Gritty Dirt Band","The Dirt Band",10,225768.8
1978-08-05,164,"The Oak Ridge Boys","Room Service",11,187423.909090909
1978-08-05,165,"Larry Gatlin & The Gatlin Brothers","Oh Brother",10,193255.8
1978-08-05,166,"Barry Manilow","Barry Manilow Live",23,269442.47826087
1978-08-05,167,"Hubert Laws","Say It With Silence",5,399045.2
1978-08-05,168,"John Mc Laughlin","Electric Guitarist",,
1978-08-05,169,"Eddie Rabbitt",Variations,10,205931.5
1978-08-05,170,"Seals & Crofts","Takin' It Easy",10,248845.1
1978-08-05,171,"The Statler Brothers","Entertainers On And Off The Record",11,158884.454545455
1978-08-05,172,"Electric Light Orchestra","Out Of The Blue",17,250202.705882353
1978-08-05,173,"Various Artists","A Live Mutherforya",,
1978-08-05,174,"Anne Murray","Let's Keep It That Way",10,197442.3
1978-08-05,175,"Buddy Holly","Buddy Holly & The Crickets 20 Golden Greats",20,
1978-08-05,176,"Elvis Costello","This Years Model",13,183699.230769231
1978-08-05,177,"Patti LaBelle",Tasty,13,327881.769230769
1978-08-05,178,"Alvin Lee","Rocket Fuel",8,282738.0
1978-08-05,179,"Grover Washington, Jr.","Live At The Bijou",8,569455.875
1978-08-05,180,Prism,"See Forever Eyes",,
1978-08-05,181,"Various Artists","White Mansions",31,193045.5625
1978-08-05,182,"Tarney And Spencer Band","Three's A Crowd",,
1978-08-05,183,"Rufus And Chaka Khan","Street Player",10,243778.4
1978-08-05,184,"Pink Floyd","The Dark Side Of The Moon",10,257363.2
1978-08-05,185,Deodato,"Love Island",8,296962.875
1978-08-05,186,Pleasure,"Get To The Feeling",9,263891.555555556
1978-08-05,187,"Elvis Presley","Elvis Sings For Children And Grownups Too",,
1978-08-05,188,"The Steve Miller Band","Book Of Dreams",,
1978-08-05,189,"British Lions","British Lions",17,177808.294117647
1978-08-05,190,"Carole King","Welcome Home",1,369866.0
1978-08-05,191,"Lee Ritenour","The Captains Journey",7,330967.285714286
1978-08-05,192,Eagles,"Hotel California",9,340131.666666667
1978-08-05,193,"Bootsy's Rubber Band","Bootsy? Player Of The Year",,
1978-08-05,194,Queen,"News Of The World",16,222138.0
1978-08-05,195,"Memphis Horns","The Memphis Horns Band II",,
1978-08-05,196,Parliament,"Funkentelechy Vs. The Placebo Syndrome",6,443361.666666667
1978-08-05,197,"Spyro Gyra","Spyro Gyra",14,326797.714285714
1978-08-05,198,"Paul McCartney And Wings","Wings Over America",,
1978-08-05,199,"Elvis Costello","My Aim Is True",13,173642.769230769
1978-08-05,200,"The Trammps","Disco Inferno",6,427010.833333333
1978-08-12,1,Soundtrack,Grease,21,201416.80952381
1978-08-12,2,"The Rolling Stones","Some Girls",10,254173.0
1978-08-12,3,Commodores,"Natural High",8,311567.875
1978-08-12,4,Foreigner,"Double Vision",12,227267.583333333
1978-08-12,5,"Bruce Springsteen","Darkness On The Edge Of Town",10,256567.7
1978-08-12,6,"Bob Seger","Stranger In Town",9,265499.666666667
1978-08-12,7,Soundtrack,"Sgt. Peppers Lonely Hearts Club Band",,
1978-08-12,8,"Andy Gibb","Shadow Dancing",10,247935.8
1978-08-12,9,Soundtrack,"Saturday Night Fever",21,224416.142857143
1978-08-12,10,"Joe Walsh","But Seriously Folks",8,265178.125
1978-08-12,11,"Bob Dylan","Street Legal",9,330368.555555556
1978-08-12,12,"Teddy Pendergrass","Life Is A Song Worth Singing",9,312602.333333333
1978-08-12,13,"Pablo Cruise","Worlds Away",9,266353.777777778
1978-08-12,14,"The Moody Blues",Octave,15,290897.4
1978-08-12,15,"Quincy Jones","Sounds...And Stuff Like That!!",7,308196.0
1978-08-12,16,"Billy Joel","The Stranger",21,296449.238095238
1978-08-12,17,"Gerry Rafferty","City To City",10,319864.9
1978-08-12,18,"A Taste Of Honey","A Taste Of Honey",9,256659.222222222
1978-08-12,19,"Meat Loaf","Bat Out Of Hell",7,408818.857142857
1978-08-12,20,"Barry Manilow","Even Now",14,220591.428571429
1978-08-12,21,Soundtrack,"Thank God It's Friday",,
1978-08-12,22,"Chuck Mangione","Feels So Good",6,394279.5
1978-08-12,23,"Tom Petty And The Heartbreakers","You're Gonna' Get It",10,179354.5
1978-08-12,24,"Rick James","Come Get It",9,327245.666666667
1978-08-12,25,"Johnny Mathis And Deniece Williams","That's What Friends Are For",,
1978-08-12,26,LTD,Togetherness,10,232853.0
1978-08-12,27,"The Alan Parsons Project",Pyramid,16,211611.3125
1978-08-12,28,"Evelyn ""Champagne"" King","Smooth Talk",,
1978-08-12,29,"Barbra Streisand",Songbird,10,229055.6
1978-08-12,30,"Village People","Macho Man",2,316619.5
1978-08-12,31,ABBA,"The Album",10,267333.1
1978-08-12,32,"Carly Simon","Boys In The Trees",11,197341.454545455
1978-08-12,33,"Jefferson Starship",Earth,9,293372.777777778
1978-08-12,34,"David Gilmour","David Gilmore",,
1978-08-12,35,"Steely Dan",Aja,7,343028.142857143
1978-08-12,36,"Kenny Loggins",Nightwatch,9,275975.777777778
1978-08-12,37,ConFunkShun,"Love Shine",,
1978-08-12,38,"Natalie Cole","Natalie Live",16,342361.0625
1978-08-12,39,"The Crusaders",Images,7,340704.428571429
1978-08-12,40,"Rita Coolidge","Love Me Again",1,219026.0
1978-08-12,41,"Peter Brown","Fantasy Love Affair",8,280169.625
1978-08-12,42,"Dave Mason","Mariposa Do Ora",,
1978-08-12,43,Wings,"London Town",14,219551.071428571
1978-08-12,44,"The O'Jays","So Full Of Love",8,271397.875
1978-08-12,45,"Eric Clapton",Slowhand,27,280855.407407407
1978-08-12,46,"George Duke","Don't Let Go",11,266159.545454545
1978-08-12,47,Soundtrack,Fm,50,189786.94
1978-08-12,48,"Bonnie Tyler","It's A Heartache",1,212000.0
1978-08-12,49,"Linda Clifford","If My Friends Could See Me Now",10,438310.9
1978-08-12,50,"The Brothers Johnson",Blam,9,232992.222222222
1978-08-12,51,"Peter Gabriel","Peter Gabriel (II)",9,
1978-08-12,52,"Crystal Gayle","When I Dream",12,185598.583333333
1978-08-12,53,Genesis,"And Then There Were Three",11,292278.363636364
1978-08-12,54,Foghat,"Stone Blue",8,270518.0
1978-08-12,55,"Little River Band","Sleeper Catcher",9,281811.555555556
1978-08-12,56,"The Atlanta Rhythm Section","Champagne Jam",8,257114.625
1978-08-12,57,"Willie Nelson",Stardust,10,219051.7
1978-08-12,58,"Toby Beau","Toby Beau",1,222666.0
1978-08-12,59,"The Kinks",Misfits,11,245861.363636364
1978-08-12,60,Heatwave,"Central Heating",9,277429.333333333
1978-08-12,61,"Van Halen","Van Halen",11,214083.545454545
1978-08-12,62,Journey,Infinity,10,218869.0
1978-08-12,63,Heart,Magazine,8,294266.25
1978-08-12,64,Kansas,"Point Of Know Return",12,252448.583333333
1978-08-12,65,"Millie Jackson","Get It Outcha System",,
1978-08-12,66,"Herbie Hancock",Sunlight,5,444343.8
1978-08-12,67,"Todd Rundgren","Hermit Of Mink Hollow",12,185213.0
1978-08-12,68,"Eddie Money","Eddie Money",10,205046.3
1978-08-12,69,"Cheap Trick","Heaven Tonight",11,236886.909090909
1978-08-12,70,Foxy,"Get Off",1,341293.0
1978-08-12,71,"Kenny Rogers","Love Or Something Like It",11,182713.636363636
1978-08-12,72,"Michael Henderson","In The Night Time",8,292143.0
1978-08-12,73,"The Sundays",Sunburn,,
1978-08-12,74,"Jimmy Buffett","Son Of A Son Of A Sailor",9,234222.0
1978-08-12,75,"Earth, Wind & Fire","All 'n' All",11,212600.818181818
1978-08-12,76,"Norman Connors","This Is Your Life",10,275327.7
1978-08-12,77,"Betty Wright","Betty Wright Live",1,580413.0
1978-08-12,78,UFO,Obsession,14,206209.214285714
1978-08-12,79,"REO Speedwagon","You Can Tune A Piano But You Can't Tune A Fish",9,224461.777777778
1978-08-12,80,"Steve Martin","Lets Get Small",10,228936.9
1978-08-12,81,"The Cars","The Cars",9,245536.0
1978-08-12,82,"The Dramatics","Do What You Wanna Do",,
1978-08-12,83,"John Klemmer",Arabesque,9,353541.777777778
1978-08-12,84,"Thin Lizzy","Live And Dangerous",17,271817.705882353
1978-08-12,85,"Village People","Village People",6,286110.5
1978-08-12,86,"Peabo Bryson","Reaching For The Sky",8,289850.375
1978-08-12,87,"Jackson Browne","Running On Empty",10,260547.7
1978-08-12,88,"Various Artists","California Jam 2",,
1978-08-12,89,"Natalie Cole",Thankful,8,266833.0
1978-08-12,90,"Michael Johnson","The Michael Johnson Album",,
1978-08-12,91,"Bobby Humphrey",Freestyle,,
1978-08-12,92,"Rod Stewart","Foot Loose + Fancy Free",8,334894.75
1978-08-12,93,Chic,Chic,40,272391.575
1978-08-12,94,"The Whispers",Headlights,8,314258.0
1978-08-12,95,"Chris Rea","What Ever Happened To Benny Santini",,
1978-08-12,96,"Donna Summer","Once Upon A Time",16,256053.625
1978-08-12,97,"The Isley Brothers",Showdown,13,303314.692307692
1978-08-12,98,"George Benson","Weekend In L.a.",11,451363.727272727
1978-08-12,99,"Patti Smith",Easter,12,219943.0
1978-08-12,100,"Dolly Parton",Heartbreaker,10,193170.4
1978-08-12,101,"The Band","The Last Waltz (Soundtrack)",54,
1978-08-12,102,"Fleetwood Mac",Rumours,58,
1978-08-12,103,"Johnny Mathis","You Light Up My Life",10,206814.4
1978-08-12,104,"The Beatles","Sgt. Pepper's Lonely Hearts Club Band",13,186493.923076923
1978-08-12,105,"Gato Barbieri",Tropico,7,399009.142857143
1978-08-12,106,"The Marshall Tucker Band","Together - Forever",8,326658.0
1978-08-12,107,"High Inergy","Steppin' Out",,
1978-08-12,108,"Jane Olivor","Stay The Night",10,206695.6
1978-08-12,109,"Graham Central Station","My Radio Sure Sounds Good To Me",8,284423.0
1978-08-12,110,"Kenny Rogers","Ten Years Of Gold",10,207223.6
1978-08-12,111,"Ronnie Milsap","Only One Love In My Life",10,207347.7
1978-08-12,112,Styx,"The Grand Illusion",8,312237.875
1978-08-12,113,"Jerry Jeff Walker","Contrary To Ordinary",,
1978-08-12,114,"Jethro Tull","Heavy Horses: New Shoes Edition",11,
1978-08-12,115,"Andy Gibb","Flowing Rivers",10,230314.2
1978-08-12,116,"Lenny Williams","Spark Of Love",11,302353.454545455
1978-08-12,117,KISS,"Double Platinum",20,208864.0
1978-08-12,118,"Robert Palmer","Double Fun",9,236155.222222222
1978-08-12,119,Sweet,"Level Headed",16,249570.0
1978-08-12,120,"Michael Stanley Band","Cabin Fever",11,227641.0
1978-08-12,121,"Buddy Holly","Buddy Holly & The Crickets 20 Golden Greats",20,
1978-08-12,122,"Jeff Wayne/Various Artists","The War Of The Worlds",,
1978-08-12,123,"Al Di Meola Project",Casino,,
1978-08-12,124,"Little Feat","Waiting For Columbus",27,277210.37037037
1978-08-12,125,Uk,U.k.,5,162242.6
1978-08-12,126,"Bob Welch","French Kiss",12,181677.5
1978-08-12,127,"Patrick Juvet","Got A Feeling",,
1978-08-12,128,"Jimmy 'Bo' Horne","Dance Across The Floor",1,160920.0
1978-08-12,129,"Bee Gees","Here At Last...Bee Gees...Live",18,281001.333333333
1978-08-12,130,ABBA,Arrival,12,210954.25
1978-08-12,131,Soundtrack,"The Buddy Holly Story",,
1978-08-12,132,"Bob Seger & The Silver Bullet Band","'Live' Bullet",15,293876.0
1978-08-12,133,"Harry Chapin","Living Room Suite",9,276141.888888889
1978-08-12,134,"The Rolling Stones","Sticky Fingers",10,297061.0
1978-08-12,135,"Walter Egan","Not Shy",10,212195.7
1978-08-12,136,"Grace Jones",Fame,7,345913.857142857
1978-08-12,137,"James Brown","Jam 1980's",5,499399.8
1978-08-12,138,"Captain & Tennille",Dream,11,199997.0
1978-08-12,139,"Earl Klugh","Magic In Your Eyes",9,263020.333333333
1978-08-12,140,"David Bromberg","Bandit In A Bathing Suit",19,231623.894736842
1978-08-12,141,"Stanley Clarke","Modern Man",12,193784.25
1978-08-12,142,"Sweet Thunder","Sweet Thunder",22,186570.181818182
1978-08-12,143,"Various Artists","Disco Party",32,426272.869565217
1978-08-12,144,"Jimi Hendrix","The Essential Jimi Hendrix",,
1978-08-12,145,"Waylon & Willie","Waylon + Willie",11,220698.181818182
1978-08-12,146,Sylvester,"Step II",7,303832.0
1978-08-12,147,Snail,Snail,10,229265.1
1978-08-12,148,"Tom Robinson","Power In The Darkness",,
1978-08-12,149,"B.B. King","Midnight Believer",7,285946.571428571
1978-08-12,150,"Saturday Night Band","Come On Dance,dance",11,401977.909090909
1978-08-12,151,"Smokey Robinson","Love Breeze",8,278439.625
1978-08-12,152,"Larry Gatlin & The Gatlin Brothers","Oh Brother",10,193255.8
1978-08-12,153,"John Prine","Bruised Orange",10,204535.6
1978-08-12,154,"Talking Heads","More Songs About Buildings And Food",15,236991.733333333
1978-08-12,155,Foreigner,Foreigner,12,240737.833333333
1978-08-12,156,AC/DC,Powerage,9,266022.0
1978-08-12,157,"Le Roux","Louisiana's Le Roux",,
1978-08-12,158,"Leon Russell",Americana,10,196654.4
1978-08-12,159,"Ashford & Simpson","Send It",8,272839.5
1978-08-12,160,"Anne Murray","Let's Keep It That Way",10,197442.3
1978-08-12,161,"Electric Light Orchestra","Out Of The Blue",17,250202.705882353
1978-08-12,162,Voyage,Voyage,12,223758.25
1978-08-12,163,"Various Artists","A Live Mutherforya",,
1978-08-12,164,"The Oak Ridge Boys","Room Service",11,187423.909090909
1978-08-12,165,"Hamilton Bohannon","Summertime Groove",,
1978-08-12,166,"Barry Manilow","Barry Manilow Live",23,269442.47826087
1978-08-12,167,"John Mc Laughlin","Electric Guitarist",,
1978-08-12,168,"Warren Zevon","Excitable Boy",13,192266.384615385
1978-08-12,169,Prism,"See Forever Eyes",,
1978-08-12,170,"Elvis Presley","Elvis Sings For Children And Grownups Too",,
1978-08-12,171,"David Gates","Goodbye Girl",12,228425.166666667
1978-08-12,172,Soundtrack,"The Rocky Horror Picture Show",16,201972.9375
1978-08-12,173,"Tuxedo Junction","Tuxedo Junction",11,208694.272727273
1978-08-12,174,"Dolly Parton","Here You Come Again",10,178703.6
1978-08-12,175,"Debby Boone",Midstream,12,202755.666666667
1978-08-12,176,"Grover Washington, Jr.","Live At The Bijou",8,569455.875
1978-08-12,177,"The Outlaws","Bring It Back Alive",12,380749.666666667
1978-08-12,178,Ambrosia,"Life Beyond L.a.",10,247026.3
1978-08-12,179,"Love And Kisses","How Much,how Much I Love You",,
1978-08-12,180,"Pink Floyd","The Dark Side Of The Moon",10,257363.2
1978-08-12,181,"Various Artists","White Mansions",31,193045.5625
1978-08-12,182,"Tarney And Spencer Band","Three's A Crowd",,
1978-08-12,183,"The Fatback Band","Fired Up 'n' Kickin'",,
1978-08-12,184,"The Steve Miller Band","Book Of Dreams",,
1978-08-12,185,Deodato,"Love Island",8,296962.875
1978-08-12,186,Soundtrack,"Eyes Of Laura Mars",,
1978-08-12,187,"USA-European Connection","Come Into My Heart",6,573759.666666667
1978-08-12,188,"Alvin Lee","Rocket Fuel",8,282738.0
1978-08-12,189,ABBA,"Greatest Hits",16,274058.125
1978-08-12,190,"Cheryl Ladd","Cheryl Ladd",1,171119.0
1978-08-12,191,"Freddie Hubbard","Super Blue",9,416858.555555556
1978-08-12,192,Eagles,"Hotel California",9,340131.666666667
1978-08-12,193,"Joe Sample","Rainbow Seeker",8,316418.0
1978-08-12,194,"Linda Ronstadt","Simple Dreams",10,198135.6
1978-08-12,195,Chilliwack,"Lights From The Valley",12,210869.083333333
1978-08-12,196,Parliament,"Funkentelechy Vs. The Placebo Syndrome",6,443361.666666667
1978-08-12,197,"Bob Marley And The Wailers",Kaya,11,228344.727272727
1978-08-12,198,"Roberta Flack","Blue Lights In The Basement",10,247782.3
1978-08-12,199,"Nitty Gritty Dirt Band","The Dirt Band",10,225768.8
1978-08-12,200,"Paul McCartney And Wings","Wings Over America",,
1978-08-19,1,Soundtrack,Grease,21,201416.80952381
1978-08-19,2,"The Rolling Stones","Some Girls",10,254173.0
1978-08-19,3,Commodores,"Natural High",8,311567.875
1978-08-19,4,Foreigner,"Double Vision",12,227267.583333333
1978-08-19,5,Soundtrack,"Sgt. Peppers Lonely Hearts Club Band",,
1978-08-19,6,"Bob Seger","Stranger In Town",9,265499.666666667
1978-08-19,7,"Pablo Cruise","Worlds Away",9,266353.777777778
1978-08-19,8,"Andy Gibb","Shadow Dancing",10,247935.8
1978-08-19,9,"Joe Walsh","But Seriously Folks",8,265178.125
1978-08-19,10,Soundtrack,"Saturday Night Fever",21,224416.142857143
1978-08-19,11,"Teddy Pendergrass","Life Is A Song Worth Singing",9,312602.333333333
1978-08-19,12,"Bruce Springsteen","Darkness On The Edge Of Town",10,256567.7
1978-08-19,13,"The Moody Blues",Octave,15,290897.4
1978-08-19,14,"Billy Joel","The Stranger",21,296449.238095238
1978-08-19,15,"Bob Dylan","Street Legal",9,330368.555555556
1978-08-19,16,"A Taste Of Honey","A Taste Of Honey",9,256659.222222222
1978-08-19,17,"Gerry Rafferty","City To City",10,319864.9
1978-08-19,18,"Meat Loaf","Bat Out Of Hell",7,408818.857142857
1978-08-19,19,"Barry Manilow","Even Now",14,220591.428571429
1978-08-19,20,"Quincy Jones","Sounds...And Stuff Like That!!",7,308196.0
1978-08-19,21,Soundtrack,"Thank God It's Friday",,
1978-08-19,22,"Rick James","Come Get It",9,327245.666666667
1978-08-19,23,"Johnny Mathis And Deniece Williams","That's What Friends Are For",,
1978-08-19,24,LTD,Togetherness,10,232853.0
1978-08-19,25,"Evelyn ""Champagne"" King","Smooth Talk",,
1978-08-19,26,"The Alan Parsons Project",Pyramid,16,211611.3125
1978-08-19,27,"The Brothers Johnson",Blam,9,232992.222222222
1978-08-19,28,"Village People","Macho Man",2,316619.5
1978-08-19,29,"Kenny Loggins",Nightwatch,9,275975.777777778
1978-08-19,30,"David Gilmour","David Gilmore",,
1978-08-19,31,"Steely Dan",Aja,7,343028.142857143
1978-08-19,32,"Carly Simon","Boys In The Trees",11,197341.454545455
1978-08-19,33,"Jefferson Starship",Earth,9,293372.777777778
1978-08-19,34,ABBA,"The Album",10,267333.1
1978-08-19,35,ConFunkShun,"Love Shine",,
1978-08-19,36,"Natalie Cole","Natalie Live",16,342361.0625
1978-08-19,37,"The Crusaders",Images,7,340704.428571429
1978-08-19,38,"Chuck Mangione","Feels So Good",6,394279.5
1978-08-19,39,"Barbra Streisand",Songbird,10,229055.6
1978-08-19,40,"Tom Petty And The Heartbreakers","You're Gonna' Get It",10,179354.5
1978-08-19,41,"Dave Mason","Mariposa Do Ora",,
1978-08-19,42,Foxy,"Get Off",1,341293.0
1978-08-19,43,Wings,"London Town",14,219551.071428571
1978-08-19,44,"Little River Band","Sleeper Catcher",9,281811.555555556
1978-08-19,45,"Eric Clapton",Slowhand,27,280855.407407407
1978-08-19,46,Soundtrack,Fm,50,189786.94
1978-08-19,47,"Peter Gabriel","Peter Gabriel (II)",9,
1978-08-19,48,"Toby Beau","Toby Beau",1,222666.0
1978-08-19,49,"Rita Coolidge","Love Me Again",1,219026.0
1978-08-19,50,"The O'Jays","So Full Of Love",8,271397.875
1978-08-19,51,"Peter Brown","Fantasy Love Affair",8,280169.625
1978-08-19,52,"The Beatles","Sgt. Pepper's Lonely Hearts Club Band",13,186493.923076923
1978-08-19,53,"Bonnie Tyler","It's A Heartache",1,212000.0
1978-08-19,54,"The Atlanta Rhythm Section","Champagne Jam",8,257114.625
1978-08-19,55,"Millie Jackson","Get It Outcha System",,
1978-08-19,56,"Willie Nelson",Stardust,10,219051.7
1978-08-19,57,"George Duke","Don't Let Go",11,266159.545454545
1978-08-19,58,"The Kinks",Misfits,11,245861.363636364
1978-08-19,59,"Linda Clifford","If My Friends Could See Me Now",10,438310.9
1978-08-19,60,"Kenny Rogers","Love Or Something Like It",11,182713.636363636
1978-08-19,61,"Van Halen","Van Halen",11,214083.545454545
1978-08-19,62,Journey,Infinity,10,218869.0
1978-08-19,63,"Betty Wright","Betty Wright Live",1,580413.0
1978-08-19,64,"Herbie Hancock",Sunlight,5,444343.8
1978-08-19,65,UFO,Obsession,14,206209.214285714
1978-08-19,66,"Eddie Money","Eddie Money",10,205046.3
1978-08-19,67,"Todd Rundgren","Hermit Of Mink Hollow",12,185213.0
1978-08-19,68,"Michael Henderson","In The Night Time",8,292143.0
1978-08-19,69,"KC And The Sunshine Band","Who Do Ya Love",8,241756.375
1978-08-19,70,"Steve Martin","Lets Get Small",10,228936.9
1978-08-19,71,"Cheap Trick","Heaven Tonight",11,236886.909090909
1978-08-19,72,"Norman Connors","This Is Your Life",10,275327.7
1978-08-19,73,"The Sundays",Sunburn,,
1978-08-19,74,"Jimmy Buffett","Son Of A Son Of A Sailor",9,234222.0
1978-08-19,75,"Earth, Wind & Fire","All 'n' All",11,212600.818181818
1978-08-19,76,"The Cars","The Cars",9,245536.0
1978-08-19,77,"Dolly Parton",Heartbreaker,10,193170.4
1978-08-19,78,Genesis,"And Then There Were Three",11,292278.363636364
1978-08-19,79,"Shaun Cassidy","Under Raps",,
1978-08-19,80,"Peabo Bryson","Reaching For The Sky",8,289850.375
1978-08-19,81,"Village People","Village People",6,286110.5
1978-08-19,82,Chic,Chic,40,272391.575
1978-08-19,83,"Jackson Browne","Running On Empty",10,260547.7
1978-08-19,84,"Chris Rea","What Ever Happened To Benny Santini",,
1978-08-19,85,"Crystal Gayle","When I Dream",12,185598.583333333
1978-08-19,86,"Various Artists","California Jam 2",,
1978-08-19,87,"High Inergy","Steppin' Out",,
1978-08-19,88,"Rod Stewart","Foot Loose + Fancy Free",8,334894.75
1978-08-19,89,"Bobby Humphrey",Freestyle,,
1978-08-19,90,"Michael Johnson","The Michael Johnson Album",,
1978-08-19,91,Foghat,"Stone Blue",8,270518.0
1978-08-19,92,"Donna Summer","Once Upon A Time",16,256053.625
1978-08-19,93,"Fleetwood Mac",Rumours,58,
1978-08-19,94,War,Youngblood,12,289040.75
1978-08-19,95,Slave,"The Concept",7,325887.285714286
1978-08-19,96,Soundtrack,"The Buddy Holly Story",,
1978-08-19,97,"The Isley Brothers",Showdown,13,303314.692307692
1978-08-19,98,"George Benson","Weekend In L.a.",11,451363.727272727
1978-08-19,99,"Walter Egan","Not Shy",10,212195.7
1978-08-19,100,"Gato Barbieri",Tropico,7,399009.142857143
1978-08-19,101,"Patti Smith",Easter,12,219943.0
1978-08-19,102,"The Beatles","The Beatles 1967-1970",28,214094.392857143
1978-08-19,103,"Johnny Mathis","You Light Up My Life",10,206814.4
1978-08-19,104,"Lenny Williams","Spark Of Love",11,302353.454545455
1978-08-19,105,"Graham Central Station","My Radio Sure Sounds Good To Me",8,284423.0
1978-08-19,106,Kansas,"Point Of Know Return",12,252448.583333333
1978-08-19,107,"Andy Gibb","Flowing Rivers",10,230314.2
1978-08-19,108,Styx,"The Grand Illusion",8,312237.875
1978-08-19,109,"Ronnie Milsap","Only One Love In My Life",10,207347.7
1978-08-19,110,"Kenny Rogers","Ten Years Of Gold",10,207223.6
1978-08-19,111,"Jerry Jeff Walker","Contrary To Ordinary",,
1978-08-19,112,"Jeff Wayne/Various Artists","The War Of The Worlds",,
1978-08-19,113,Heatwave,"Central Heating",9,277429.333333333
1978-08-19,114,"Robert Palmer","Double Fun",9,236155.222222222
1978-08-19,115,"Sammy Hagar","All Night Long",7,344890.0
1978-08-19,116,"Michael Stanley Band","Cabin Fever",11,227641.0
1978-08-19,117,KISS,"Double Platinum",20,208864.0
1978-08-19,118,"Buddy Holly","Buddy Holly & The Crickets 20 Golden Greats",20,
1978-08-19,119,Sweet,"Level Headed",16,249570.0
1978-08-19,120,"The Fatback Band","Fired Up 'n' Kickin'",,
1978-08-19,121,"Kristy And Jimmy McNichol","Kristy & Jimmy Mcnichol",,
1978-08-19,122,"Leo Sayer","Leo Sayer",10,215787.6
1978-08-19,123,"Grace Jones",Fame,7,345913.857142857
1978-08-19,124,"Jimmy 'Bo' Horne","Dance Across The Floor",1,160920.0
1978-08-19,125,"Bee Gees","Here At Last...Bee Gees...Live",18,281001.333333333
1978-08-19,126,"James Brown","Jam 1980's",5,499399.8
1978-08-19,127,"Patrick Juvet","Got A Feeling",,
1978-08-19,128,"Roy Ayers","You Send Me",8,361479.625
1978-08-19,129,"Jimi Hendrix","The Essential Jimi Hendrix",,
1978-08-19,130,"Various Artists","Disco Party",32,426272.869565217
1978-08-19,131,"Sweet Thunder","Sweet Thunder",22,186570.181818182
1978-08-19,132,"Bob Seger & The Silver Bullet Band","'Live' Bullet",15,293876.0
1978-08-19,133,"Captain & Tennille",Dream,11,199997.0
1978-08-19,134,"The Marshall Tucker Band","Together - Forever",8,326658.0
1978-08-19,135,Sylvester,"Step II",7,303832.0
1978-08-19,136,Heart,Magazine,8,294266.25
1978-08-19,137,Snail,Snail,10,229265.1
1978-08-19,138,Exile,"Mixed Emotion",,
1978-08-19,139,"Earl Klugh","Magic In Your Eyes",9,263020.333333333
1978-08-19,140,Foreigner,Foreigner,12,240737.833333333
1978-08-19,141,"Stanley Clarke","Modern Man",12,193784.25
1978-08-19,142,"Larry Gatlin & The Gatlin Brothers","Oh Brother",10,193255.8
1978-08-19,143,"Talking Heads","More Songs About Buildings And Food",15,236991.733333333
1978-08-19,144,"Tom Robinson","Power In The Darkness",,
1978-08-19,145,"B.B. King","Midnight Believer",7,285946.571428571
1978-08-19,146,"Anne Murray","Let's Keep It That Way",10,197442.3
1978-08-19,147,"Electric Light Orchestra","Out Of The Blue",17,250202.705882353
1978-08-19,148,"Leon Russell",Americana,10,196654.4
1978-08-19,149,"Chick Corea",Friends,8,458368.0
1978-08-19,150,"Saturday Night Band","Come On Dance,dance",11,401977.909090909
1978-08-19,151,"John Prine","Bruised Orange",10,204535.6
1978-08-19,152,"Hamilton Bohannon","Summertime Groove",,
1978-08-19,153,"Le Roux","Louisiana's Le Roux",,
1978-08-19,154,AC/DC,Powerage,9,266022.0
1978-08-19,155,Ambrosia,"Life Beyond L.a.",10,247026.3
1978-08-19,156,"Debby Boone",Midstream,12,202755.666666667
1978-08-19,157,"Tuxedo Junction","Tuxedo Junction",11,208694.272727273
1978-08-19,158,Prism,"See Forever Eyes",,
1978-08-19,159,"Ashford & Simpson","Send It",8,272839.5
1978-08-19,160,"Elvis Presley","Elvis Sings For Children And Grownups Too",,
1978-08-19,161,"Barry Manilow","Barry Manilow Live",23,269442.47826087
1978-08-19,162,Voyage,Voyage,12,223758.25
1978-08-19,163,"Various Artists","A Live Mutherforya",,
1978-08-19,164,"The Oak Ridge Boys","Room Service",11,187423.909090909
1978-08-19,165,"John Mc Laughlin","Electric Guitarist",,
1978-08-19,166,"Cheryl Ladd","Cheryl Ladd",1,171119.0
1978-08-19,167,"David Gates","Goodbye Girl",12,228425.166666667
1978-08-19,168,"Warren Zevon","Excitable Boy",13,192266.384615385
1978-08-19,169,Soundtrack,"The Rocky Horror Picture Show",16,201972.9375
1978-08-19,170,"Dolly Parton","Here You Come Again",10,178703.6
1978-08-19,171,"Shaun Cassidy","Born Late",10,192200.9
1978-08-19,172,Soundtrack,"Eyes Of Laura Mars",,
1978-08-19,173,"REO Speedwagon","You Can Tune A Piano But You Can't Tune A Fish",9,224461.777777778
1978-08-19,174,"Tarney And Spencer Band","Three's A Crowd",,
1978-08-19,175,KISS,"Alive Ii",20,223676.55
1978-08-19,176,"The Dramatics","Do What You Wanna Do",,
1978-08-19,177,"John Klemmer",Arabesque,9,353541.777777778
1978-08-19,178,"Pink Floyd","The Dark Side Of The Moon",10,257363.2
1978-08-19,179,"Love And Kisses","How Much,how Much I Love You",,
1978-08-19,180,ABBA,"Greatest Hits",16,274058.125
1978-08-19,181,"Thin Lizzy","Live And Dangerous",17,271817.705882353
1978-08-19,182,"Natalie Cole",Thankful,8,266833.0
1978-08-19,183,"The Whispers",Headlights,8,314258.0
1978-08-19,184,"The Steve Miller Band","Book Of Dreams",,
1978-08-19,185,Deodato,"Love Island",8,296962.875
1978-08-19,186,"The Band","The Last Waltz (Soundtrack)",54,
1978-08-19,187,"Jane Olivor","Stay The Night",10,206695.6
1978-08-19,188,"Little Feat","Waiting For Columbus",27,277210.37037037
1978-08-19,189,Eagles,"Hotel California",9,340131.666666667
1978-08-19,190,"Al Di Meola Project",Casino,,
1978-08-19,191,Chilliwack,"Lights From The Valley",12,210869.083333333
1978-08-19,192,"Jethro Tull","Heavy Horses: New Shoes Edition",11,
1978-08-19,193,Uk,U.k.,5,162242.6
1978-08-19,194,"Bob Welch","French Kiss",12,181677.5
1978-08-19,195,ABBA,Arrival,12,210954.25
1978-08-19,196,"The Rolling Stones","Sticky Fingers",10,297061.0
1978-08-19,197,"Waylon & Willie","Waylon + Willie",11,220698.181818182
1978-08-19,198,"Smokey Robinson","Love Breeze",8,278439.625
1978-08-19,199,"Harry Chapin","Living Room Suite",9,276141.888888889
1978-08-19,200,"Paul McCartney And Wings","Wings Over America",,
1978-08-26,1,Soundtrack,Grease,21,201416.80952381
1978-08-26,2,"The Rolling Stones","Some Girls",10,254173.0
1978-08-26,3,Commodores,"Natural High",8,311567.875
1978-08-26,4,Foreigner,"Double Vision",12,227267.583333333
1978-08-26,5,Soundtrack,"Sgt. Peppers Lonely Hearts Club Band",,
1978-08-26,6,"Pablo Cruise","Worlds Away",9,266353.777777778
1978-08-26,7,"Bob Seger","Stranger In Town",9,265499.666666667
1978-08-26,8,"Joe Walsh","But Seriously Folks",8,265178.125
1978-08-26,9,Soundtrack,"Saturday Night Fever",21,224416.142857143
1978-08-26,10,"Andy Gibb","Shadow Dancing",10,247935.8
1978-08-26,11,"Teddy Pendergrass","Life Is A Song Worth Singing",9,312602.333333333
1978-08-26,12,"Billy Joel","The Stranger",21,296449.238095238
1978-08-26,13,"Bruce Springsteen","Darkness On The Edge Of Town",10,256567.7
1978-08-26,14,"A Taste Of Honey","A Taste Of Honey",9,256659.222222222
1978-08-26,15,"The Brothers Johnson",Blam,9,232992.222222222
1978-08-26,16,"The Moody Blues",Octave,15,290897.4
1978-08-26,17,"Meat Loaf","Bat Out Of Hell",7,408818.857142857
1978-08-26,18,"Rick James","Come Get It",9,327245.666666667
1978-08-26,19,"Barry Manilow","Even Now",14,220591.428571429
1978-08-26,20,"Bob Dylan","Street Legal",9,330368.555555556
1978-08-26,21,"Johnny Mathis And Deniece Williams","That's What Friends Are For",,
1978-08-26,22,LTD,Togetherness,10,232853.0
1978-08-26,23,"Evelyn ""Champagne"" King","Smooth Talk",,
1978-08-26,24,"Gerry Rafferty","City To City",10,319864.9
1978-08-26,25,"Kenny Loggins",Nightwatch,9,275975.777777778
1978-08-26,26,"Village People","Macho Man",2,316619.5
1978-08-26,27,"Quincy Jones","Sounds...And Stuff Like That!!",7,308196.0
1978-08-26,28,"Steely Dan",Aja,7,343028.142857143
1978-08-26,29,"David Gilmour","David Gilmore",,
1978-08-26,30,Soundtrack,"Thank God It's Friday",,
1978-08-26,31,"Carly Simon","Boys In The Trees",11,197341.454545455
1978-08-26,32,"The Beatles","Sgt. Pepper's Lonely Hearts Club Band",13,186493.923076923
1978-08-26,33,"Natalie Cole","Natalie Live",16,342361.0625
1978-08-26,34,ABBA,"The Album",10,267333.1
1978-08-26,35,ConFunkShun,"Love Shine",,
1978-08-26,36,"The Crusaders",Images,7,340704.428571429
1978-08-26,37,Foxy,"Get Off",1,341293.0
1978-08-26,38,"Chuck Mangione","Feels So Good",6,394279.5
1978-08-26,39,"Barbra Streisand",Songbird,10,229055.6
1978-08-26,40,"Little River Band","Sleeper Catcher",9,281811.555555556
1978-08-26,41,"The Alan Parsons Project",Pyramid,16,211611.3125
1978-08-26,42,"Toby Beau","Toby Beau",1,222666.0
1978-08-26,43,"Jefferson Starship",Earth,9,293372.777777778
1978-08-26,44,"Shaun Cassidy","Under Raps",,
1978-08-26,45,"Peter Gabriel","Peter Gabriel (II)",9,
1978-08-26,46,Soundtrack,Fm,50,189786.94
1978-08-26,47,"KC And The Sunshine Band","Who Do Ya Love",8,241756.375
1978-08-26,48,"Rita Coolidge","Love Me Again",1,219026.0
1978-08-26,49,"Betty Wright","Betty Wright Live",1,580413.0
1978-08-26,50,"The O'Jays","So Full Of Love",8,271397.875
1978-08-26,51,"Peter Brown","Fantasy Love Affair",8,280169.625
1978-08-26,52,"The Atlanta Rhythm Section","Champagne Jam",8,257114.625
1978-08-26,53,"The Kinks",Misfits,11,245861.363636364
1978-08-26,54,UFO,Obsession,14,206209.214285714
1978-08-26,55,"Millie Jackson","Get It Outcha System",,
1978-08-26,56,"Willie Nelson",Stardust,10,219051.7
1978-08-26,57,"Van Halen","Van Halen",11,214083.545454545
1978-08-26,58,"Linda Clifford","If My Friends Could See Me Now",10,438310.9
1978-08-26,59,"Kenny Rogers","Love Or Something Like It",11,182713.636363636
1978-08-26,60,"Herbie Hancock",Sunlight,5,444343.8
1978-08-26,61,"Michael Henderson","In The Night Time",8,292143.0
1978-08-26,62,Journey,Infinity,10,218869.0
1978-08-26,63,"The Emotions",Sunbeam,11,200182.727272727
1978-08-26,64,"Eddie Money","Eddie Money",10,205046.3
1978-08-26,65,"Todd Rundgren","Hermit Of Mink Hollow",12,185213.0
1978-08-26,66,"The Cars","The Cars",9,245536.0
1978-08-26,67,"Dolly Parton",Heartbreaker,10,193170.4
1978-08-26,68,"Tom Petty And The Heartbreakers","You're Gonna' Get It",10,179354.5
1978-08-26,69,"Norman Connors","This Is Your Life",10,275327.7
1978-08-26,70,"Steve Martin","Lets Get Small",10,228936.9
1978-08-26,71,"Cheap Trick","Heaven Tonight",11,236886.909090909
1978-08-26,72,"Jackson Browne","Running On Empty",10,260547.7
1978-08-26,73,"The Sundays",Sunburn,,
1978-08-26,74,"Chris Rea","What Ever Happened To Benny Santini",,
1978-08-26,75,"Earth, Wind & Fire","All 'n' All",11,212600.818181818
1978-08-26,76,Genesis,"And Then There Were Three",11,292278.363636364
1978-08-26,77,"High Inergy","Steppin' Out",,
1978-08-26,78,"Eric Clapton",Slowhand,27,280855.407407407
1978-08-26,79,"Village People","Village People",6,286110.5
1978-08-26,80,"Peabo Bryson","Reaching For The Sky",8,289850.375
1978-08-26,81,Slave,"The Concept",7,325887.285714286
1978-08-26,82,Chic,Chic,40,272391.575
1978-08-26,83,War,Youngblood,12,289040.75
1978-08-26,84,"Various Artists","California Jam 2",,
1978-08-26,85,"Crystal Gayle","When I Dream",12,185598.583333333
1978-08-26,86,Soundtrack,"The Buddy Holly Story",,
1978-08-26,87,"Fleetwood Mac",Rumours,58,
1978-08-26,88,"Michael Johnson","The Michael Johnson Album",,
1978-08-26,89,"Walter Egan","Not Shy",10,212195.7
1978-08-26,90,"Bobby Humphrey",Freestyle,,
1978-08-26,91,Foghat,"Stone Blue",8,270518.0
1978-08-26,92,"The Beatles","The Beatles 1967-1970",28,214094.392857143
1978-08-26,93,"Donna Summer","Once Upon A Time",16,256053.625
1978-08-26,94,"Lenny Williams","Spark Of Love",11,302353.454545455
1978-08-26,95,Exile,"Mixed Emotion",,
1978-08-26,96,"Gato Barbieri",Tropico,7,399009.142857143
1978-08-26,97,"Dave Mason","Mariposa Do Ora",,
1978-08-26,98,"Shaun Cassidy","Shaun Cassidy",10,181727.2
1978-08-26,99,Sylvester,"Step II",7,303832.0
1978-08-26,100,"Roy Ayers","You Send Me",8,361479.625
1978-08-26,101,"Jeff Wayne/Various Artists","The War Of The Worlds",,
1978-08-26,102,Kansas,"Point Of Know Return",12,252448.583333333
1978-08-26,103,"Chick Corea",Friends,8,458368.0
1978-08-26,104,Wings,"London Town",14,219551.071428571
1978-08-26,105,"Sammy Hagar","All Night Long",7,344890.0
1978-08-26,106,"Buddy Holly","Buddy Holly & The Crickets 20 Golden Greats",20,
1978-08-26,107,"Kenny Rogers","Ten Years Of Gold",10,207223.6
1978-08-26,108,Styx,"The Grand Illusion",8,312237.875
1978-08-26,109,"Ronnie Milsap","Only One Love In My Life",10,207347.7
1978-08-26,110,"The Fatback Band","Fired Up 'n' Kickin'",,
1978-08-26,111,"Grace Jones",Fame,7,345913.857142857
1978-08-26,112,"Leo Sayer","Leo Sayer",10,215787.6
1978-08-26,113,Heatwave,"Central Heating",9,277429.333333333
1978-08-26,114,"Michael Stanley Band","Cabin Fever",11,227641.0
1978-08-26,115,KISS,"Double Platinum",20,208864.0
1978-08-26,116,"Kristy And Jimmy McNichol","Kristy & Jimmy Mcnichol",,
1978-08-26,117,"Anne Murray","Let's Keep It That Way",10,197442.3
1978-08-26,118,"Jimi Hendrix","The Essential Jimi Hendrix",,
1978-08-26,119,"Talking Heads","More Songs About Buildings And Food",15,236991.733333333
1978-08-26,120,"Various Artists","Disco Party",32,426272.869565217
1978-08-26,121,"Bee Gees","Here At Last...Bee Gees...Live",18,281001.333333333
1978-08-26,122,"Jimmy 'Bo' Horne","Dance Across The Floor",1,160920.0
1978-08-26,123,"Johnny Mathis","You Light Up My Life",10,206814.4
1978-08-26,124,"James Brown","Jam 1980's",5,499399.8
1978-08-26,125,"Patrick Juvet","Got A Feeling",,
1978-08-26,126,"Bonnie Tyler","It's A Heartache",1,212000.0
1978-08-26,127,"Sweet Thunder","Sweet Thunder",22,186570.181818182
1978-08-26,128,"Robin Trower","Caravan To Midnight",9,257053.0
1978-08-26,129,Foreigner,Foreigner,12,240737.833333333
1978-08-26,130,"Bob Seger & The Silver Bullet Band","'Live' Bullet",15,293876.0
1978-08-26,131,"Captain & Tennille",Dream,11,199997.0
1978-08-26,132,Heart,Magazine,8,294266.25
1978-08-26,133,"George Duke","Don't Let Go",11,266159.545454545
1978-08-26,134,"Jimmy Buffett","Son Of A Son Of A Sailor",9,234222.0
1978-08-26,135,"Electric Light Orchestra","Out Of The Blue",17,250202.705882353
1978-08-26,136,"Leon Russell",Americana,10,196654.4
1978-08-26,137,Snail,Snail,10,229265.1
1978-08-26,138,"Rod Stewart","Foot Loose + Fancy Free",8,334894.75
1978-08-26,139,"The Isley Brothers",Showdown,13,303314.692307692
1978-08-26,140,"Larry Gatlin & The Gatlin Brothers","Oh Brother",10,193255.8
1978-08-26,141,"Hamilton Bohannon","Summertime Groove",,
1978-08-26,142,"The Beatles","The Beatles 1962-1966",26,144768.346153846
1978-08-26,143,"George Benson","Weekend In L.a.",11,451363.727272727
1978-08-26,144,"Tom Robinson","Power In The Darkness",,
1978-08-26,145,Ambrosia,"Life Beyond L.a.",10,247026.3
1978-08-26,146,"Tuxedo Junction","Tuxedo Junction",11,208694.272727273
1978-08-26,147,"Elvis Presley","Elvis Sings For Children And Grownups Too",,
1978-08-26,148,"Saturday Night Band","Come On Dance,dance",11,401977.909090909
1978-08-26,149,"John Prine","Bruised Orange",10,204535.6
1978-08-26,150,"Debby Boone",Midstream,12,202755.666666667
1978-08-26,151,"Various Artists","A Live Mutherforya",,
1978-08-26,152,AC/DC,Powerage,9,266022.0
1978-08-26,153,"Le Roux","Louisiana's Le Roux",,
1978-08-26,154,"Atlantic Starr","Atlantic Starr",12,299117.333333333
1978-08-26,155,"Barry Manilow","Barry Manilow Live",23,269442.47826087
1978-08-26,156,"Cheryl Ladd","Cheryl Ladd",1,171119.0
1978-08-26,157,"Patti Smith",Easter,12,219943.0
1978-08-26,158,Prism,"See Forever Eyes",,
1978-08-26,159,Soundtrack,"Eyes Of Laura Mars",,
1978-08-26,160,"John Mc Laughlin","Electric Guitarist",,
1978-08-26,161,"Jesse Winchester","A Touch On The Rainy Side",10,236631.6
1978-08-26,162,"Graham Central Station","My Radio Sure Sounds Good To Me",8,284423.0
1978-08-26,163,"Johnny Winter","White Hot & Blue",16,
1978-08-26,164,"Shaun Cassidy","Born Late",10,192200.9
1978-08-26,165,"David Gates","Goodbye Girl",12,228425.166666667
1978-08-26,166,"Warren Zevon","Excitable Boy",13,192266.384615385
1978-08-26,167,Soundtrack,"The Rocky Horror Picture Show",16,201972.9375
1978-08-26,168,"REO Speedwagon","You Can Tune A Piano But You Can't Tune A Fish",9,224461.777777778
1978-08-26,169,"Andy Gibb","Flowing Rivers",10,230314.2
1978-08-26,170,"Dolly Parton","Here You Come Again",10,178703.6
1978-08-26,171,"Thin Lizzy","Live And Dangerous",17,271817.705882353
1978-08-26,172,"Jerry Jeff Walker","Contrary To Ordinary",,
1978-08-26,173,"The Band","The Last Waltz (Soundtrack)",54,
1978-08-26,174,"Robert Palmer","Double Fun",9,236155.222222222
1978-08-26,175,KISS,"Alive Ii",20,223676.55
1978-08-26,176,"Natalie Cole",Thankful,8,266833.0
1978-08-26,177,"Love And Kisses","How Much,how Much I Love You",,
1978-08-26,178,"Pink Floyd","The Dark Side Of The Moon",10,257363.2
1978-08-26,179,"Ashford & Simpson","Send It",8,272839.5
1978-08-26,180,"The Whispers",Headlights,8,314258.0
1978-08-26,181,"Jane Olivor","Stay The Night",10,206695.6
1978-08-26,182,"The Rolling Stones","Sticky Fingers",10,297061.0
1978-08-26,183,"The Steve Miller Band","Book Of Dreams",,
1978-08-26,184,"The Oak Ridge Boys","Room Service",11,187423.909090909
1978-08-26,185,"Frankie Valli","Frankie Valli...Is The Word",10,217607.1
1978-08-26,186,Eagles,"Hotel California",9,340131.666666667
1978-08-26,187,"Norma Jean","Norma Jean",1,193911.0
1978-08-26,188,"Little Feat","Waiting For Columbus",27,277210.37037037
1978-08-26,189,Uk,U.k.,5,162242.6
1978-08-26,190,Trooper,"Thick As Thieves",10,229892.9
1978-08-26,191,"Larry Carlton","Larry Carlton",8,334166.25
1978-08-26,192,Voyage,Voyage,12,223758.25
1978-08-26,193,"Pat Metheny Group","Pat Metheny Group",7,410464.285714286
1978-08-26,194,Sweet,"Level Headed",16,249570.0
1978-08-26,195,ABBA,Arrival,12,210954.25
1978-08-26,196,"The Marshall Tucker Band","Together - Forever",8,326658.0
1978-08-26,197,"Earl Klugh","Magic In Your Eyes",9,263020.333333333
1978-08-26,198,"B.B. King","Midnight Believer",7,285946.571428571
1978-08-26,199,"Stanley Clarke","Modern Man",12,193784.25
1978-08-26,200,"Paul McCartney And Wings","Wings Over America",,
1978-09-02,1,Soundtrack,Grease,21,201416.80952381
1978-09-02,2,"The Rolling Stones","Some Girls",10,254173.0
1978-09-02,3,Commodores,"Natural High",8,311567.875
1978-09-02,4,Foreigner,"Double Vision",12,227267.583333333
1978-09-02,5,Soundtrack,"Sgt. Peppers Lonely Hearts Club Band",,
1978-09-02,6,"Pablo Cruise","Worlds Away",9,266353.777777778
1978-09-02,7,"Bob Seger","Stranger In Town",9,265499.666666667
1978-09-02,8,"Joe Walsh","But Seriously Folks",8,265178.125
1978-09-02,9,Soundtrack,"Saturday Night Fever",21,224416.142857143
1978-09-02,10,Boston,"Don't Look Back",8,285179.5
1978-09-02,11,"Billy Joel","The Stranger",21,296449.238095238
1978-09-02,12,"A Taste Of Honey","A Taste Of Honey",9,256659.222222222
1978-09-02,13,"The Brothers Johnson",Blam,9,232992.222222222
1978-09-02,14,"Andy Gibb","Shadow Dancing",10,247935.8
1978-09-02,15,"Teddy Pendergrass","Life Is A Song Worth Singing",9,312602.333333333
1978-09-02,16,"Rick James","Come Get It",9,327245.666666667
1978-09-02,17,"Meat Loaf","Bat Out Of Hell",7,408818.857142857
1978-09-02,18,"Bruce Springsteen","Darkness On The Edge Of Town",10,256567.7
1978-09-02,19,"Johnny Mathis And Deniece Williams","That's What Friends Are For",,
1978-09-02,20,"Evelyn ""Champagne"" King","Smooth Talk",,
1978-09-02,21,LTD,Togetherness,10,232853.0
1978-09-02,22,"The Moody Blues",Octave,15,290897.4
1978-09-02,23,"Kenny Loggins",Nightwatch,9,275975.777777778
1978-09-02,24,"Gerry Rafferty","City To City",10,319864.9
1978-09-02,25,"Village People","Macho Man",2,316619.5
1978-09-02,26,"Steely Dan",Aja,7,343028.142857143
1978-09-02,27,"Barry Manilow","Even Now",14,220591.428571429
1978-09-02,28,"The Beatles","Sgt. Pepper's Lonely Hearts Club Band",13,186493.923076923
1978-09-02,29,"David Gilmour","David Gilmore",,
1978-09-02,30,Foxy,"Get Off",1,341293.0
1978-09-02,31,"Carly Simon","Boys In The Trees",11,197341.454545455
1978-09-02,32,"Natalie Cole","Natalie Live",16,342361.0625
1978-09-02,33,"Bob Dylan","Street Legal",9,330368.555555556
1978-09-02,34,ConFunkShun,"Love Shine",,
1978-09-02,35,"The Crusaders",Images,7,340704.428571429
1978-09-02,36,"Little River Band","Sleeper Catcher",9,281811.555555556
1978-09-02,37,"Barbra Streisand",Songbird,10,229055.6
1978-09-02,38,"Shaun Cassidy","Under Raps",,
1978-09-02,39,"The Alan Parsons Project",Pyramid,16,211611.3125
1978-09-02,40,"Toby Beau","Toby Beau",1,222666.0
1978-09-02,41,"The Emotions",Sunbeam,11,200182.727272727
1978-09-02,42,"Quincy Jones","Sounds...And Stuff Like That!!",7,308196.0
1978-09-02,43,"KC And The Sunshine Band","Who Do Ya Love",8,241756.375
1978-09-02,44,"Betty Wright","Betty Wright Live",1,580413.0
1978-09-02,45,"Peter Gabriel","Peter Gabriel (II)",9,
1978-09-02,46,Soundtrack,Fm,50,189786.94
1978-09-02,47,Soundtrack,"Thank God It's Friday",,
1978-09-02,48,UFO,Obsession,14,206209.214285714
1978-09-02,49,"Peter Brown","Fantasy Love Affair",8,280169.625
1978-09-02,50,"The O'Jays","So Full Of Love",8,271397.875
1978-09-02,51,"The Atlanta Rhythm Section","Champagne Jam",8,257114.625
1978-09-02,52,"The Kinks",Misfits,11,245861.363636364
1978-09-02,53,"Michael Henderson","In The Night Time",8,292143.0
1978-09-02,54,"Dolly Parton",Heartbreaker,10,193170.4
1978-09-02,55,"Millie Jackson","Get It Outcha System",,
1978-09-02,56,"Kenny Rogers","Love Or Something Like It",11,182713.636363636
1978-09-02,57,"Van Halen","Van Halen",11,214083.545454545
1978-09-02,58,"Herbie Hancock",Sunlight,5,444343.8
1978-09-02,59,"The Cars","The Cars",9,245536.0
1978-09-02,60,Journey,Infinity,10,218869.0
1978-09-02,61,"Jackson Browne","Running On Empty",10,260547.7
1978-09-02,62,"Eddie Money","Eddie Money",10,205046.3
1978-09-02,63,"Todd Rundgren","Hermit Of Mink Hollow",12,185213.0
1978-09-02,64,"Chris Rea","What Ever Happened To Benny Santini",,
1978-09-02,65,ABBA,"The Album",10,267333.1
1978-09-02,66,"Chuck Mangione","Feels So Good",6,394279.5
1978-09-02,67,"High Inergy","Steppin' Out",,
1978-09-02,68,"Norman Connors","This Is Your Life",10,275327.7
1978-09-02,69,"The Sundays",Sunburn,,
1978-09-02,70,"Jefferson Starship",Earth,9,293372.777777778
1978-09-02,71,"Cheap Trick","Heaven Tonight",11,236886.909090909
1978-09-02,72,War,Youngblood,12,289040.75
1978-09-02,73,"Rita Coolidge","Love Me Again",1,219026.0
1978-09-02,74,"Willie Nelson",Stardust,10,219051.7
1978-09-02,75,"Earth, Wind & Fire","All 'n' All",11,212600.818181818
1978-09-02,76,Genesis,"And Then There Were Three",11,292278.363636364
1978-09-02,77,"Village People","Village People",6,286110.5
1978-09-02,78,Slave,"The Concept",7,325887.285714286
1978-09-02,79,"Walter Egan","Not Shy",10,212195.7
1978-09-02,80,"Buddy Holly","Buddy Holly & The Crickets 20 Golden Greats",20,
1978-09-02,81,Sylvester,"Step II",7,303832.0
1978-09-02,82,"Shaun Cassidy","Shaun Cassidy",10,181727.2
1978-09-02,83,Exile,"Mixed Emotion",,
1978-09-02,84,"Michael Johnson","The Michael Johnson Album",,
1978-09-02,85,"Crystal Gayle","When I Dream",12,185598.583333333
1978-09-02,86,Soundtrack,"The Buddy Holly Story",,
1978-09-02,87,"Fleetwood Mac",Rumours,58,
1978-09-02,88,"The Beatles","The Beatles 1967-1970",28,214094.392857143
1978-09-02,89,"Roy Ayers","You Send Me",8,361479.625
1978-09-02,90,"Bobby Humphrey",Freestyle,,
1978-09-02,91,"Linda Clifford","If My Friends Could See Me Now",10,438310.9
1978-09-02,92,"Lenny Williams","Spark Of Love",11,302353.454545455
1978-09-02,93,"Talking Heads","More Songs About Buildings And Food",15,236991.733333333
1978-09-02,94,"Anne Murray","Let's Keep It That Way",10,197442.3
1978-09-02,95,"Sammy Hagar","All Night Long",7,344890.0
1978-09-02,96,"Dave Mason","Mariposa Do Ora",,
1978-09-02,97,"Robin Trower","Caravan To Midnight",9,257053.0
1978-09-02,98,"The Fatback Band","Fired Up 'n' Kickin'",,
1978-09-02,99,"Chick Corea",Friends,8,458368.0
1978-09-02,100,"Jeff Wayne/Various Artists","The War Of The Worlds",,
1978-09-02,101,"Grace Jones",Fame,7,345913.857142857
1978-09-02,102,Chic,Chic,40,272391.575
1978-09-02,103,Styx,"The Grand Illusion",8,312237.875
1978-09-02,104,Wings,"London Town",14,219551.071428571
1978-09-02,105,"Donna Summer","Once Upon A Time",16,256053.625
1978-09-02,106,"Leo Sayer","Leo Sayer",10,215787.6
1978-09-02,107,"Kenny Rogers","Ten Years Of Gold",10,207223.6
1978-09-02,108,"Tom Petty And The Heartbreakers","You're Gonna' Get It",10,179354.5
1978-09-02,109,"Jean Luc Ponty","Cosmic Messenger",8,283358.0
1978-09-02,110,Soundtrack,"Foul Play",12,129766.5
1978-09-02,111,"Steve Martin","Lets Get Small",10,228936.9
1978-09-02,112,"Michael Stanley Band","Cabin Fever",11,227641.0
1978-09-02,113,Heatwave,"Central Heating",9,277429.333333333
1978-09-02,114,"Jimi Hendrix","The Essential Jimi Hendrix",,
1978-09-02,115,Ambrosia,"Life Beyond L.a.",10,247026.3
1978-09-02,116,"Various Artists","Disco Party",32,426272.869565217
1978-09-02,117,"Bee Gees","Here At Last...Bee Gees...Live",18,281001.333333333
1978-09-02,118,"Various Artists","California Jam 2",,
1978-09-02,119,Foreigner,Foreigner,12,240737.833333333
1978-09-02,120,"Eric Clapton",Slowhand,27,280855.407407407
1978-09-02,121,"James Brown","Jam 1980's",5,499399.8
1978-09-02,122,"Peabo Bryson","Reaching For The Sky",8,289850.375
1978-09-02,123,"Johnny Mathis","You Light Up My Life",10,206814.4
1978-09-02,124,"Electric Light Orchestra","Out Of The Blue",17,250202.705882353
1978-09-02,125,"Leon Russell",Americana,10,196654.4
1978-09-02,126,"Bonnie Tyler","It's A Heartache",1,212000.0
1978-09-02,127,"Sweet Thunder","Sweet Thunder",22,186570.181818182
1978-09-02,128,"Bob Seger & The Silver Bullet Band","'Live' Bullet",15,293876.0
1978-09-02,129,Foghat,"Stone Blue",8,270518.0
1978-09-02,130,"The Beatles","The Beatles 1962-1966",26,144768.346153846
1978-09-02,131,"Captain & Tennille",Dream,11,199997.0
1978-09-02,132,Heart,Magazine,8,294266.25
1978-09-02,133,"Jimmy Buffett","Son Of A Son Of A Sailor",9,234222.0
1978-09-02,134,"Rod Stewart","Foot Loose + Fancy Free",8,334894.75
1978-09-02,135,Switch,Switch,1,207071.0
1978-09-02,136,"Elvis Presley","Elvis Sings For Children And Grownups Too",,
1978-09-02,137,Snail,Snail,10,229265.1
1978-09-02,138,"George Benson","Weekend In L.a.",11,451363.727272727
1978-09-02,139,"Hamilton Bohannon","Summertime Groove",,
1978-09-02,140,"Larry Gatlin & The Gatlin Brothers","Oh Brother",10,193255.8
1978-09-02,141,"Atlantic Starr","Atlantic Starr",12,299117.333333333
1978-09-02,142,"Tuxedo Junction","Tuxedo Junction",11,208694.272727273
1978-09-02,143,"Gato Barbieri",Tropico,7,399009.142857143
1978-09-02,144,"Cheryl Ladd","Cheryl Ladd",1,171119.0
1978-09-02,145,"Le Roux","Louisiana's Le Roux",,
1978-09-02,146,AC/DC,Powerage,9,266022.0
1978-09-02,147,"Debby Boone",Midstream,12,202755.666666667
1978-09-02,148,Soundtrack,"Eyes Of Laura Mars",,
1978-09-02,149,"The Isley Brothers",Showdown,13,303314.692307692
1978-09-02,150,"John Prine","Bruised Orange",10,204535.6
1978-09-02,151,"Various Artists","A Live Mutherforya",,
1978-09-02,152,"Johnny Winter","White Hot & Blue",16,
1978-09-02,153,"Santa Esmeralda",Beauty,,
1978-09-02,154,Kansas,"Point Of Know Return",12,252448.583333333
1978-09-02,155,"Barry Manilow","Barry Manilow Live",23,269442.47826087
1978-09-02,156,"Graham Central Station","My Radio Sure Sounds Good To Me",8,284423.0
1978-09-02,157,"Patti Smith",Easter,12,219943.0
1978-09-02,158,"Saturday Night Band","Come On Dance,dance",11,401977.909090909
1978-09-02,159,"Ronnie Milsap","Only One Love In My Life",10,207347.7
1978-09-02,160,"Thin Lizzy","Live And Dangerous",17,271817.705882353
1978-09-02,161,"Jesse Winchester","A Touch On The Rainy Side",10,236631.6
1978-09-02,162,Soundtrack,"Animal House",,
1978-09-02,163,Soundtrack,"The Rocky Horror Picture Show",16,201972.9375
1978-09-02,164,"Tom Robinson","Power In The Darkness",,
1978-09-02,165,"The Ritchie Family","American Generation",5,331279.8
1978-09-02,166,"Genya Ravan","Urban Desire",,
1978-09-02,167,"REO Speedwagon","You Can Tune A Piano But You Can't Tune A Fish",9,224461.777777778
1978-09-02,168,Prism,"See Forever Eyes",,
1978-09-02,169,"Andy Gibb","Flowing Rivers",10,230314.2
1978-09-02,170,"Dolly Parton","Here You Come Again",10,178703.6
1978-09-02,171,"Frankie Valli","Frankie Valli...Is The Word",10,217607.1
1978-09-02,172,"Pink Floyd","The Dark Side Of The Moon",10,257363.2
1978-09-02,173,"The Band","The Last Waltz (Soundtrack)",54,
1978-09-02,174,"Norma Jean","Norma Jean",1,193911.0
1978-09-02,175,"Robert Palmer","Double Fun",9,236155.222222222
1978-09-02,176,"Natalie Cole",Thankful,8,266833.0
1978-09-02,177,"Love And Kisses","How Much,how Much I Love You",,
1978-09-02,178,"Keith Jarrett","My Song",6,483886.333333333
1978-09-02,179,"Jane Olivor","Stay The Night",10,206695.6
1978-09-02,180,KISS,"Alive Ii",20,223676.55
1978-09-02,181,"Pat Metheny Group","Pat Metheny Group",7,410464.285714286
1978-09-02,182,"The Rolling Stones","Sticky Fingers",10,297061.0
1978-09-02,183,"The Steve Miller Band","Book Of Dreams",,
1978-09-02,184,"Shaun Cassidy","Born Late",10,192200.9
1978-09-02,185,"B.B. King","Midnight Believer",7,285946.571428571
1978-09-02,186,Eagles,"Hotel California",9,340131.666666667
1978-09-02,187,Trooper,"Thick As Thieves",10,229892.9
1978-09-02,188,"Larry Carlton","Larry Carlton",8,334166.25
1978-09-02,189,"Boney M","Night Flight To Venus",,
1978-09-02,190,"Leo Kottke","Burnt Lips",,
1978-09-02,191,KISS,"Double Platinum",20,208864.0
1978-09-02,192,"Kristy And Jimmy McNichol","Kristy & Jimmy Mcnichol",,
1978-09-02,193,"Jimmy 'Bo' Horne","Dance Across The Floor",1,160920.0
1978-09-02,194,"Stanley Clarke","Modern Man",12,193784.25
1978-09-02,195,"Patrick Juvet","Got A Feeling",,
1978-09-02,196,"Paul McCartney And Wings","Wings Over America",,
1978-09-02,197,"George Duke","Don't Let Go",11,266159.545454545
1978-09-02,198,"Warren Zevon","Excitable Boy",13,192266.384615385
1978-09-02,199,"David Gates","Goodbye Girl",12,228425.166666667
1978-09-02,200,"The Whispers",Headlights,8,314258.0
1978-09-09,1,Soundtrack,Grease,21,201416.80952381
1978-09-09,2,"The Rolling Stones","Some Girls",10,254173.0
1978-09-09,3,Foreigner,"Double Vision",12,227267.583333333
1978-09-09,4,Boston,"Don't Look Back",8,285179.5
1978-09-09,5,Soundtrack,"Sgt. Peppers Lonely Hearts Club Band",,
1978-09-09,6,"Pablo Cruise","Worlds Away",9,266353.777777778
1978-09-09,7,Commodores,"Natural High",8,311567.875
1978-09-09,8,"The Brothers Johnson",Blam,9,232992.222222222
1978-09-09,9,Soundtrack,"Saturday Night Fever",21,224416.142857143
1978-09-09,10,"Billy Joel","The Stranger",21,296449.238095238
1978-09-09,11,"A Taste Of Honey","A Taste Of Honey",9,256659.222222222
1978-09-09,12,"Bob Seger","Stranger In Town",9,265499.666666667
1978-09-09,13,"Joe Walsh","But Seriously Folks",8,265178.125
1978-09-09,14,"Rick James","Come Get It",9,327245.666666667
1978-09-09,15,"Meat Loaf","Bat Out Of Hell",7,408818.857142857
1978-09-09,16,"Kenny Loggins",Nightwatch,9,275975.777777778
1978-09-09,17,"Bruce Springsteen","Darkness On The Edge Of Town",10,256567.7
1978-09-09,18,"Evelyn ""Champagne"" King","Smooth Talk",,
1978-09-09,19,"Johnny Mathis And Deniece Williams","That's What Friends Are For",,
1978-09-09,20,"The Who","Who Are You",14,245920.5
1978-09-09,21,LTD,Togetherness,10,232853.0
1978-09-09,22,"The Beatles","Sgt. Pepper's Lonely Hearts Club Band",13,186493.923076923
1978-09-09,23,"Gerry Rafferty","City To City",10,319864.9
1978-09-09,24,"Village People","Macho Man",2,316619.5
1978-09-09,25,"Steely Dan",Aja,7,343028.142857143
1978-09-09,26,"Teddy Pendergrass","Life Is A Song Worth Singing",9,312602.333333333
1978-09-09,27,"Barry Manilow","Even Now",14,220591.428571429
1978-09-09,28,Foxy,"Get Off",1,341293.0
1978-09-09,29,"Andy Gibb","Shadow Dancing",10,247935.8
1978-09-09,30,"David Gilmour","David Gilmore",,
1978-09-09,31,"Natalie Cole","Natalie Live",16,342361.0625
1978-09-09,32,"Little River Band","Sleeper Catcher",9,281811.555555556
1978-09-09,33,ConFunkShun,"Love Shine",,
1978-09-09,34,"The Crusaders",Images,7,340704.428571429
1978-09-09,35,"Shaun Cassidy","Under Raps",,
1978-09-09,36,"Barbra Streisand",Songbird,10,229055.6
1978-09-09,37,"The Alan Parsons Project",Pyramid,16,211611.3125
1978-09-09,38,"KC And The Sunshine Band","Who Do Ya Love",8,241756.375
1978-09-09,39,"Betty Wright","Betty Wright Live",1,580413.0
1978-09-09,40,"The Emotions",Sunbeam,11,200182.727272727
1978-09-09,41,"Quincy Jones","Sounds...And Stuff Like That!!",7,308196.0
1978-09-09,42,"Dolly Parton",Heartbreaker,10,193170.4
1978-09-09,43,"The Moody Blues",Octave,15,290897.4
1978-09-09,44,UFO,Obsession,14,206209.214285714
1978-09-09,45,"Michael Henderson","In The Night Time",8,292143.0
1978-09-09,46,Soundtrack,Fm,50,189786.94
1978-09-09,47,Soundtrack,"Thank God It's Friday",,
1978-09-09,48,"The Atlanta Rhythm Section","Champagne Jam",8,257114.625
1978-09-09,49,"Peter Brown","Fantasy Love Affair",8,280169.625
1978-09-09,50,"The Kinks",Misfits,11,245861.363636364
1978-09-09,51,"The Cars","The Cars",9,245536.0
1978-09-09,52,"High Inergy","Steppin' Out",,
1978-09-09,53,"Van Halen","Van Halen",11,214083.545454545
1978-09-09,54,"Kenny Rogers","Love Or Something Like It",11,182713.636363636
1978-09-09,55,"Peter Gabriel","Peter Gabriel (II)",9,
1978-09-09,56,"Carly Simon","Boys In The Trees",11,197341.454545455
1978-09-09,57,"Jackson Browne","Running On Empty",10,260547.7
1978-09-09,58,"Eddie Money","Eddie Money",10,205046.3
1978-09-09,59,"Bob Dylan","Street Legal",9,330368.555555556
1978-09-09,60,"Rose Royce","Rose Royce III/Strikes Again!",9,261704.888888889
1978-09-09,61,"Todd Rundgren","Hermit Of Mink Hollow",12,185213.0
1978-09-09,62,"Toby Beau","Toby Beau",1,222666.0
1978-09-09,63,"Chris Rea","What Ever Happened To Benny Santini",,
1978-09-09,64,Sylvester,"Step II",7,303832.0
1978-09-09,65,ABBA,"The Album",10,267333.1
1978-09-09,66,Exile,"Mixed Emotion",,
1978-09-09,67,"Buddy Holly","Buddy Holly & The Crickets 20 Golden Greats",20,
1978-09-09,68,"Walter Egan","Not Shy",10,212195.7
1978-09-09,69,War,Youngblood,12,289040.75
1978-09-09,70,"Jefferson Starship",Earth,9,293372.777777778
1978-09-09,71,"Cheap Trick","Heaven Tonight",11,236886.909090909
1978-09-09,72,"Earth, Wind & Fire","All 'n' All",11,212600.818181818
1978-09-09,73,"Rita Coolidge","Love Me Again",1,219026.0
1978-09-09,74,"Willie Nelson",Stardust,10,219051.7
1978-09-09,75,"Village People","Village People",6,286110.5
1978-09-09,76,Genesis,"And Then There Were Three",11,292278.363636364
1978-09-09,77,"The O'Jays","So Full Of Love",8,271397.875
1978-09-09,78,"The Beatles","The Beatles 1967-1970",28,214094.392857143
1978-09-09,79,"Robin Trower","Caravan To Midnight",9,257053.0
1978-09-09,80,"Ashford & Simpson","Is It Still Good To Ya",8,257094.625
1978-09-09,81,"Anne Murray","Let's Keep It That Way",10,197442.3
1978-09-09,82,"Shaun Cassidy","Shaun Cassidy",10,181727.2
1978-09-09,83,"Talking Heads","More Songs About Buildings And Food",15,236991.733333333
1978-09-09,84,"Michael Johnson","The Michael Johnson Album",,
1978-09-09,85,"Crystal Gayle","When I Dream",12,185598.583333333
1978-09-09,86,"Fleetwood Mac",Rumours,58,
1978-09-09,87,"Lenny Williams","Spark Of Love",11,302353.454545455
1978-09-09,88,"Roy Ayers","You Send Me",8,361479.625
1978-09-09,89,"Linda Clifford","If My Friends Could See Me Now",10,438310.9
1978-09-09,90,"The Fatback Band","Fired Up 'n' Kickin'",,
1978-09-09,91,"Sammy Hagar","All Night Long",7,344890.0
1978-09-09,92,"Dave Mason","Mariposa Do Ora",,
1978-09-09,93,"Daryl Hall John Oates","Along The Red Ledge",10,222391.8
1978-09-09,94,"Chuck Mangione","Feels So Good",6,394279.5
1978-09-09,95,"Millie Jackson","Get It Outcha System",,
1978-09-09,96,"Chick Corea",Friends,8,458368.0
1978-09-09,97,Soundtrack,"The Buddy Holly Story",,
1978-09-09,98,"Jean Luc Ponty","Cosmic Messenger",8,283358.0
1978-09-09,99,"Jeff Wayne/Various Artists","The War Of The Worlds",,
1978-09-09,100,"Herbie Hancock",Sunlight,5,444343.8
1978-09-09,101,"Grace Jones",Fame,7,345913.857142857
1978-09-09,102,"Donna Summer","Once Upon A Time",16,256053.625
1978-09-09,103,Styx,"The Grand Illusion",8,312237.875
1978-09-09,104,Soundtrack,"Foul Play",12,129766.5
1978-09-09,105,"Leo Sayer","Leo Sayer",10,215787.6
1978-09-09,106,Ambrosia,"Life Beyond L.a.",10,247026.3
1978-09-09,107,"Kenny Rogers","Ten Years Of Gold",10,207223.6
1978-09-09,108,"Tom Petty And The Heartbreakers","You're Gonna' Get It",10,179354.5
1978-09-09,109,Foreigner,Foreigner,12,240737.833333333
1978-09-09,110,"The Beatles","The Beatles 1962-1966",26,144768.346153846
1978-09-09,111,"Steve Martin","Lets Get Small",10,228936.9
1978-09-09,112,"Michael Stanley Band","Cabin Fever",11,227641.0
1978-09-09,113,Heatwave,"Central Heating",9,277429.333333333
1978-09-09,114,"Jimi Hendrix","The Essential Jimi Hendrix",,
1978-09-09,115,"Various Artists","Disco Party",32,426272.869565217
1978-09-09,116,"Ohio Players",Jass-ay-lay-dee,6,371259.666666667
1978-09-09,117,"Bee Gees","Here At Last...Bee Gees...Live",18,281001.333333333
1978-09-09,118,"Electric Light Orchestra","Out Of The Blue",17,250202.705882353
1978-09-09,119,Player,"Danger Zone",,
1978-09-09,120,"Eric Clapton",Slowhand,27,280855.407407407
1978-09-09,121,"Leon Russell",Americana,10,196654.4
1978-09-09,122,Journey,Infinity,10,218869.0
1978-09-09,123,"Jimmy Buffett","Son Of A Son Of A Sailor",9,234222.0
1978-09-09,124,Switch,Switch,1,207071.0
1978-09-09,125,"Sweet Thunder","Sweet Thunder",22,186570.181818182
1978-09-09,126,"Norman Connors","This Is Your Life",10,275327.7
1978-09-09,127,"The Sundays",Sunburn,,
1978-09-09,128,"Bob Seger & The Silver Bullet Band","'Live' Bullet",15,293876.0
1978-09-09,129,"Atlantic Starr","Atlantic Starr",12,299117.333333333
1978-09-09,130,"The Beatles","The Beatles [White Album]",107,
1978-09-09,131,"James Brown","Jam 1980's",5,499399.8
1978-09-09,132,Slave,"The Concept",7,325887.285714286
1978-09-09,133,"Cheryl Ladd","Cheryl Ladd",1,171119.0
1978-09-09,134,"Hamilton Bohannon","Summertime Groove",,
1978-09-09,135,Snail,Snail,10,229265.1
1978-09-09,136,"Elvis Presley","Elvis Sings For Children And Grownups Too",,
1978-09-09,137,Soundtrack,"Eyes Of Laura Mars",,
1978-09-09,138,"George Benson","Weekend In L.a.",11,451363.727272727
1978-09-09,139,"Gil Scott-Heron",Secrets,,
1978-09-09,140,"Bobby Humphrey",Freestyle,,
1978-09-09,141,"Johnny Winter","White Hot & Blue",16,
1978-09-09,142,"Tuxedo Junction","Tuxedo Junction",11,208694.272727273
1978-09-09,143,AC/DC,Powerage,9,266022.0
1978-09-09,144,"Le Roux","Louisiana's Le Roux",,
1978-09-09,145,"Various Artists","Sesame Street Fever",,
1978-09-09,146,"Bonnie Tyler","It's A Heartache",1,212000.0
1978-09-09,147,"Santa Esmeralda",Beauty,,
1978-09-09,148,"John Prine","Bruised Orange",10,204535.6
1978-09-09,149,Kansas,"Point Of Know Return",12,252448.583333333
1978-09-09,150,"Thin Lizzy","Live And Dangerous",17,271817.705882353
1978-09-09,151,"Various Artists","A Live Mutherforya",,
1978-09-09,152,Soundtrack,"Animal House",,
1978-09-09,153,Wings,"London Town",14,219551.071428571
1978-09-09,154,"Genya Ravan","Urban Desire",,
1978-09-09,155,"The Ritchie Family","American Generation",5,331279.8
1978-09-09,156,Chic,Chic,40,272391.575
1978-09-09,157,"Ronnie Milsap","Only One Love In My Life",10,207347.7
1978-09-09,158,"Norma Jean","Norma Jean",1,193911.0
1978-09-09,159,"Various Artists","California Jam 2",,
1978-09-09,160,"The Trammps","Best Of Trammps",20,288260.35
1978-09-09,161,"Jesse Winchester","A Touch On The Rainy Side",10,236631.6
1978-09-09,162,Soundtrack,"The Rocky Horror Picture Show",16,201972.9375
1978-09-09,163,"REO Speedwagon","You Can Tune A Piano But You Can't Tune A Fish",9,224461.777777778
1978-09-09,164,"Peabo Bryson","Reaching For The Sky",8,289850.375
1978-09-09,165,Prism,"See Forever Eyes",,
1978-09-09,166,"Andy Gibb","Flowing Rivers",10,230314.2
1978-09-09,167,"Frankie Valli","Frankie Valli...Is The Word",10,217607.1
1978-09-09,168,"Pink Floyd","The Dark Side Of The Moon",10,257363.2
1978-09-09,169,"Saturday Night Band","Come On Dance,dance",11,401977.909090909
1978-09-09,170,"Dolly Parton","Here You Come Again",10,178703.6
1978-09-09,171,"Pat Metheny Group","Pat Metheny Group",7,410464.285714286
1978-09-09,172,"The Band","The Last Waltz (Soundtrack)",54,
1978-09-09,173,Foghat,"Stone Blue",8,270518.0
1978-09-09,174,"Keith Jarrett","My Song",6,483886.333333333
1978-09-09,175,"Robert Palmer","Double Fun",9,236155.222222222
1978-09-09,176,"Boney M","Night Flight To Venus",,
1978-09-09,177,"Jane Olivor","Stay The Night",10,206695.6
1978-09-09,178,Heart,Magazine,8,294266.25
1978-09-09,179,"Leo Kottke","Burnt Lips",,
1978-09-09,180,"The Rolling Stones","Sticky Fingers",10,297061.0
1978-09-09,181,"B.B. King","Midnight Believer",7,285946.571428571
1978-09-09,182,Trooper,"Thick As Thieves",10,229892.9
1978-09-09,183,"The Salsoul Orchestra","Greatest Disco Hits/Music For Non-Stop Dancing",,
1978-09-09,184,"Shaun Cassidy","Born Late",10,192200.9
1978-09-09,185,"Larry Carlton","Larry Carlton",8,334166.25
1978-09-09,186,Eagles,"Hotel California",9,340131.666666667
1978-09-09,187,"Johnny Mathis","You Light Up My Life",10,206814.4
1978-09-09,188,"Rod Stewart","Foot Loose + Fancy Free",8,334894.75
1978-09-09,189,"Patrick Juvet","Got A Feeling",,
1978-09-09,190,"The Mc Crarys","Loving Is Living",,
1978-09-09,191,KISS,"Double Platinum",20,208864.0
1978-09-09,192,"Kristy And Jimmy McNichol","Kristy & Jimmy Mcnichol",,
1978-09-09,193,"Captain & Tennille",Dream,11,199997.0
1978-09-09,194,"Larry Gatlin & The Gatlin Brothers","Oh Brother",10,193255.8
1978-09-09,195,"Gato Barbieri",Tropico,7,399009.142857143
1978-09-09,196,"The Whispers",Headlights,8,314258.0
1978-09-09,197,"Debby Boone",Midstream,12,202755.666666667
1978-09-09,198,"Graham Central Station","My Radio Sure Sounds Good To Me",8,284423.0
1978-09-09,199,"The Isley Brothers",Showdown,13,303314.692307692
1978-09-09,200,"Patti Smith",Easter,12,219943.0
1978-09-16,1,Boston,"Don't Look Back",8,285179.5
1978-09-16,2,"The Rolling Stones","Some Girls",10,254173.0
1978-09-16,3,Foreigner,"Double Vision",12,227267.583333333
1978-09-16,4,Soundtrack,Grease,21,201416.80952381
1978-09-16,5,Soundtrack,"Sgt. Peppers Lonely Hearts Club Band",,
1978-09-16,6,Commodores,"Natural High",8,311567.875
1978-09-16,7,"The Brothers Johnson",Blam,9,232992.222222222
1978-09-16,8,"The Who","Who Are You",14,245920.5
1978-09-16,9,"A Taste Of Honey","A Taste Of Honey",9,256659.222222222
1978-09-16,10,"Billy Joel","The Stranger",21,296449.238095238
1978-09-16,11,"Pablo Cruise","Worlds Away",9,266353.777777778
1978-09-16,12,"Kenny Loggins",Nightwatch,9,275975.777777778
1978-09-16,13,"Rick James","Come Get It",9,327245.666666667
1978-09-16,14,"Meat Loaf","Bat Out Of Hell",7,408818.857142857
1978-09-16,15,Soundtrack,"Saturday Night Fever",21,224416.142857143
1978-09-16,16,"Evelyn ""Champagne"" King","Smooth Talk",,
1978-09-16,17,"Bruce Springsteen","Darkness On The Edge Of Town",10,256567.7
1978-09-16,18,"Bob Seger","Stranger In Town",9,265499.666666667
1978-09-16,19,LTD,Togetherness,10,232853.0
1978-09-16,20,"Joe Walsh","But Seriously Folks",8,265178.125
1978-09-16,21,"The Beatles","Sgt. Pepper's Lonely Hearts Club Band",13,186493.923076923
1978-09-16,22,"Gerry Rafferty","City To City",10,319864.9
1978-09-16,23,Foxy,"Get Off",1,341293.0
1978-09-16,24,"Village People","Macho Man",2,316619.5
1978-09-16,25,"Steely Dan",Aja,7,343028.142857143
1978-09-16,26,"Johnny Mathis And Deniece Williams","That's What Friends Are For",,
1978-09-16,27,"Teddy Pendergrass","Life Is A Song Worth Singing",9,312602.333333333
1978-09-16,28,"Little River Band","Sleeper Catcher",9,281811.555555556
1978-09-16,29,"Andy Gibb","Shadow Dancing",10,247935.8
1978-09-16,30,"Donna Summer","Live And More",13,349835.461538462
1978-09-16,31,"Natalie Cole","Natalie Live",16,342361.0625
1978-09-16,32,ConFunkShun,"Love Shine",,
1978-09-16,33,"Shaun Cassidy","Under Raps",,
1978-09-16,34,"The Crusaders",Images,7,340704.428571429
1978-09-16,35,"Barbra Streisand",Songbird,10,229055.6
1978-09-16,36,"KC And The Sunshine Band","Who Do Ya Love",8,241756.375
1978-09-16,37,"The Alan Parsons Project",Pyramid,16,211611.3125
1978-09-16,38,"Betty Wright","Betty Wright Live",1,580413.0
1978-09-16,39,"Dolly Parton",Heartbreaker,10,193170.4
1978-09-16,40,"The Emotions",Sunbeam,11,200182.727272727
1978-09-16,41,"Michael Henderson","In The Night Time",8,292143.0
1978-09-16,42,UFO,Obsession,14,206209.214285714
1978-09-16,43,"The Moody Blues",Octave,15,290897.4
1978-09-16,44,"The Cars","The Cars",9,245536.0
1978-09-16,45,"Barry Manilow","Even Now",14,220591.428571429
1978-09-16,46,"High Inergy","Steppin' Out",,
1978-09-16,47,"The Atlanta Rhythm Section","Champagne Jam",8,257114.625
1978-09-16,48,"David Gilmour","David Gilmore",,
1978-09-16,49,Exile,"Mixed Emotion",,
1978-09-16,50,"Rose Royce","Rose Royce III/Strikes Again!",9,261704.888888889
1978-09-16,51,"Van Halen","Van Halen",11,214083.545454545
1978-09-16,52,Sylvester,"Step II",7,303832.0
1978-09-16,53,"Kenny Rogers","Love Or Something Like It",11,182713.636363636
1978-09-16,54,"Walter Egan","Not Shy",10,212195.7
1978-09-16,55,"Jackson Browne","Running On Empty",10,260547.7
1978-09-16,56,"Carly Simon","Boys In The Trees",11,197341.454545455
1978-09-16,57,"Buddy Holly","Buddy Holly & The Crickets 20 Golden Greats",20,
1978-09-16,58,"Eddie Money","Eddie Money",10,205046.3
1978-09-16,59,"Peter Brown","Fantasy Love Affair",8,280169.625
1978-09-16,60,"Todd Rundgren","Hermit Of Mink Hollow",12,185213.0
1978-09-16,61,"Chris Rea","What Ever Happened To Benny Santini",,
1978-09-16,62,"Ashford & Simpson","Is It Still Good To Ya",8,257094.625
1978-09-16,63,"Fogelberg And Weisberg","Twin Sons Of Different Mothers",,
1978-09-16,64,"Quincy Jones","Sounds...And Stuff Like That!!",7,308196.0
1978-09-16,65,Soundtrack,Fm,50,189786.94
1978-09-16,66,Soundtrack,"Thank God It's Friday",,
1978-09-16,67,ABBA,"The Album",10,267333.1
1978-09-16,68,"Robin Trower","Caravan To Midnight",9,257053.0
1978-09-16,69,"Cheap Trick","Heaven Tonight",11,236886.909090909
1978-09-16,70,"Jefferson Starship",Earth,9,293372.777777778
1978-09-16,71,"Anne Murray","Let's Keep It That Way",10,197442.3
1978-09-16,72,"Talking Heads","More Songs About Buildings And Food",15,236991.733333333
1978-09-16,73,"Bob Dylan","Street Legal",9,330368.555555556
1978-09-16,74,"Willie Nelson",Stardust,10,219051.7
1978-09-16,75,"Village People","Village People",6,286110.5
1978-09-16,76,Genesis,"And Then There Were Three",11,292278.363636364
1978-09-16,77,"Roy Ayers","You Send Me",8,361479.625
1978-09-16,78,"The Beatles","The Beatles 1967-1970",28,214094.392857143
1978-09-16,79,"The O'Jays","So Full Of Love",8,271397.875
1978-09-16,80,"Daryl Hall John Oates","Along The Red Ledge",10,222391.8
1978-09-16,81,"Michael Johnson","The Michael Johnson Album",,
1978-09-16,82,"Earth, Wind & Fire","All 'n' All",11,212600.818181818
1978-09-16,83,"Jean Luc Ponty","Cosmic Messenger",8,283358.0
1978-09-16,84,"Fleetwood Mac",Rumours,58,
1978-09-16,85,"Crystal Gayle","When I Dream",12,185598.583333333
1978-09-16,86,"Linda Clifford","If My Friends Could See Me Now",10,438310.9
1978-09-16,87,"The Kinks",Misfits,11,245861.363636364
1978-09-16,88,"The Fatback Band","Fired Up 'n' Kickin'",,
1978-09-16,89,"Sammy Hagar","All Night Long",7,344890.0
1978-09-16,90,"Dave Mason","Mariposa Do Ora",,
1978-09-16,91,"Chuck Mangione","Feels So Good",6,394279.5
1978-09-16,92,"Millie Jackson","Get It Outcha System",,
1978-09-16,93,"Stephen Bishop",Bish,13,220502.307692308
1978-09-16,94,"Ohio Players",Jass-ay-lay-dee,6,371259.666666667
1978-09-16,95,Ambrosia,"Life Beyond L.a.",10,247026.3
1978-09-16,96,"Chick Corea",Friends,8,458368.0
1978-09-16,97,"Grace Jones",Fame,7,345913.857142857
1978-09-16,98,"Jeff Wayne/Various Artists","The War Of The Worlds",,
1978-09-16,99,"Peter Gabriel","Peter Gabriel (II)",9,
1978-09-16,100,"Toby Beau","Toby Beau",1,222666.0
1978-09-16,101,Styx,"The Grand Illusion",8,312237.875
1978-09-16,102,Soundtrack,"Foul Play",12,129766.5
1978-09-16,103,Player,"Danger Zone",,
1978-09-16,104,"Leo Sayer","Leo Sayer",10,215787.6
1978-09-16,105,"Tom Petty And The Heartbreakers","You're Gonna' Get It",10,179354.5
1978-09-16,106,"Kenny Rogers","Ten Years Of Gold",10,207223.6
1978-09-16,107,"The Beatles","The Beatles [White Album]",107,
1978-09-16,108,"Michael Stanley Band","Cabin Fever",11,227641.0
1978-09-16,109,Foreigner,Foreigner,12,240737.833333333
1978-09-16,110,"The Beatles","The Beatles 1962-1966",26,144768.346153846
1978-09-16,111,"Jimmy Buffett","Son Of A Son Of A Sailor",9,234222.0
1978-09-16,112,Switch,Switch,1,207071.0
1978-09-16,113,Heatwave,"Central Heating",9,277429.333333333
1978-09-16,114,"Bee Gees","Here At Last...Bee Gees...Live",18,281001.333333333
1978-09-16,115,"Various Artists","Disco Party",32,426272.869565217
1978-09-16,116,"Electric Light Orchestra","Out Of The Blue",17,250202.705882353
1978-09-16,117,Journey,Infinity,10,218869.0
1978-09-16,118,"Leon Russell",Americana,10,196654.4
1978-09-16,119,"Atlantic Starr","Atlantic Starr",12,299117.333333333
1978-09-16,120,"Eric Clapton",Slowhand,27,280855.407407407
1978-09-16,121,Soundtrack,"The Buddy Holly Story",,
1978-09-16,122,Slave,"The Concept",7,325887.285714286
1978-09-16,123,"Herbie Hancock",Sunlight,5,444343.8
1978-09-16,124,"Chuck Mangione","The Best Of Chuck Mangione",10,444489.7
1978-09-16,125,"Sweet Thunder","Sweet Thunder",22,186570.181818182
1978-09-16,126,Soundtrack,"Eyes Of Laura Mars",,
1978-09-16,127,"The Sundays",Sunburn,,
1978-09-16,128,"Bob Seger & The Silver Bullet Band","'Live' Bullet",15,293876.0
1978-09-16,129,"Cheryl Ladd","Cheryl Ladd",1,171119.0
1978-09-16,130,"Gil Scott-Heron",Secrets,,
1978-09-16,131,"Rita Coolidge","Love Me Again",1,219026.0
1978-09-16,132,"Hamilton Bohannon","Summertime Groove",,
1978-09-16,133,"Various Artists","Sesame Street Fever",,
1978-09-16,134,"George Benson","Weekend In L.a.",11,451363.727272727
1978-09-16,135,Snail,Snail,10,229265.1
1978-09-16,136,"Elvis Presley","Elvis Sings For Children And Grownups Too",,
1978-09-16,137,"Joe Cocker","Luxury You Can Afford",11,229157.181818182
1978-09-16,138,"Bobby Humphrey",Freestyle,,
1978-09-16,139,"Thin Lizzy","Live And Dangerous",17,271817.705882353
1978-09-16,140,AC/DC,Powerage,9,266022.0
1978-09-16,141,"Johnny Winter","White Hot & Blue",16,
1978-09-16,142,"Tuxedo Junction","Tuxedo Junction",11,208694.272727273
1978-09-16,143,"Le Roux","Louisiana's Le Roux",,
1978-09-16,144,Soundtrack,"Animal House",,
1978-09-16,145,"Santa Esmeralda",Beauty,,
1978-09-16,146,Kansas,"Point Of Know Return",12,252448.583333333
1978-09-16,147,"Norma Jean","Norma Jean",1,193911.0
1978-09-16,148,"John Prine","Bruised Orange",10,204535.6
1978-09-16,149,"Greg Kihn Band","Next Of Kihn",8,272849.625
1978-09-16,150,"Genya Ravan","Urban Desire",,
1978-09-16,151,"The Trammps","Best Of Trammps",20,288260.35
1978-09-16,152,"The Ritchie Family","American Generation",5,331279.8
1978-09-16,153,Wings,"London Town",14,219551.071428571
1978-09-16,154,"Janis Ian","Janis Ian (II)",12,224041.916666667
1978-09-16,155,"Lee Oskar","Before The Rain",7,419203.428571429
1978-09-16,156,"REO Speedwagon","You Can Tune A Piano But You Can't Tune A Fish",9,224461.777777778
1978-09-16,157,"Jesse Winchester","A Touch On The Rainy Side",10,236631.6
1978-09-16,158,"Leo Kottke","Burnt Lips",,
1978-09-16,159,"Various Artists","California Jam 2",,
1978-09-16,160,Soundtrack,"The Rocky Horror Picture Show",16,201972.9375
1978-09-16,161,"Pat Metheny Group","Pat Metheny Group",7,410464.285714286
1978-09-16,162,"Peabo Bryson","Reaching For The Sky",8,289850.375
1978-09-16,163,Prism,"See Forever Eyes",,
1978-09-16,164,"Andy Gibb","Flowing Rivers",10,230314.2
1978-09-16,165,"Boney M","Night Flight To Venus",,
1978-09-16,166,War,Youngblood,12,289040.75
1978-09-16,167,"Frankie Valli","Frankie Valli...Is The Word",10,217607.1
1978-09-16,168,"Pink Floyd","The Dark Side Of The Moon",10,257363.2
1978-09-16,169,"Saturday Night Band","Come On Dance,dance",11,401977.909090909
1978-09-16,170,"City Boy","Book Early",24,215544.125
1978-09-16,171,"Leon Redbone","Champagne Charlie",10,212171.6
1978-09-16,172,Foghat,"Stone Blue",8,270518.0
1978-09-16,173,"The Salsoul Orchestra","Greatest Disco Hits/Music For Non-Stop Dancing",,
1978-09-16,174,"The Mc Crarys","Loving Is Living",,
1978-09-16,175,"Robert Palmer","Double Fun",9,236155.222222222
1978-09-16,176,Chic,Chic,40,272391.575
1978-09-16,177,"Jane Olivor","Stay The Night",10,206695.6
1978-09-16,178,Heart,Magazine,8,294266.25
1978-09-16,179,"B.B. King","Midnight Believer",7,285946.571428571
1978-09-16,180,"Dolly Parton","Here You Come Again",10,178703.6
1978-09-16,181,"Larry Carlton","Larry Carlton",8,334166.25
1978-09-16,182,Trooper,"Thick As Thieves",10,229892.9
1978-09-16,183,"Shaun Cassidy","Born Late",10,192200.9
1978-09-16,184,"Gladys Knight And The Pips","The One And Only",17,271665.411764706
1978-09-16,185,Eagles,"Hotel California",9,340131.666666667
1978-09-16,186,Synergy,Cords,10,247713.8
1978-09-16,187,"Patrick Juvet","Got A Feeling",,
1978-09-16,188,"Rod Stewart","Foot Loose + Fancy Free",8,334894.75
1978-09-16,189,"Captain & Tennille",Dream,11,199997.0
1978-09-16,190,"The Sylvers","Forever Yours",,
1978-09-16,191,"Shaun Cassidy","Shaun Cassidy",10,181727.2
1978-09-16,192,KISS,"Double Platinum",20,208864.0
1978-09-16,193,"Lenny Williams","Spark Of Love",11,302353.454545455
1978-09-16,194,"Donna Summer","Once Upon A Time",16,256053.625
1978-09-16,195,"Stanley Turrentine","What About You",,
1978-09-16,196,"Steve Martin","Lets Get Small",10,228936.9
1978-09-16,197,"Jimi Hendrix","The Essential Jimi Hendrix",,
1978-09-16,198,"Norman Connors","This Is Your Life",10,275327.7
1978-09-16,199,"James Brown","Jam 1980's",5,499399.8
1978-09-16,200,"Bonnie Tyler","It's A Heartache",1,212000.0
1978-09-23,1,Soundtrack,Grease,21,201416.80952381
1978-09-23,2,Boston,"Don't Look Back",8,285179.5
1978-09-23,3,Foreigner,"Double Vision",12,227267.583333333
1978-09-23,4,"The Rolling Stones","Some Girls",10,254173.0
1978-09-23,5,Soundtrack,"Sgt. Peppers Lonely Hearts Club Band",,
1978-09-23,6,"The Who","Who Are You",14,245920.5
1978-09-23,7,"The Brothers Johnson",Blam,9,232992.222222222
1978-09-23,8,Commodores,"Natural High",8,311567.875
1978-09-23,9,"A Taste Of Honey","A Taste Of Honey",9,256659.222222222
1978-09-23,10,"Kenny Loggins",Nightwatch,9,275975.777777778
1978-09-23,11,"Pablo Cruise","Worlds Away",9,266353.777777778
1978-09-23,12,"Billy Joel","The Stranger",21,296449.238095238
1978-09-23,13,Soundtrack,"Saturday Night Fever",21,224416.142857143
1978-09-23,14,"Evelyn ""Champagne"" King","Smooth Talk",,
1978-09-23,15,"Meat Loaf","Bat Out Of Hell",7,408818.857142857
1978-09-23,16,"Bob Seger","Stranger In Town",9,265499.666666667
1978-09-23,17,"Bruce Springsteen","Darkness On The Edge Of Town",10,256567.7
1978-09-23,18,LTD,Togetherness,10,232853.0
1978-09-23,19,"Fogelberg And Weisberg","Twin Sons Of Different Mothers",,
1978-09-23,20,"The Beatles","Sgt. Pepper's Lonely Hearts Club Band",13,186493.923076923
1978-09-23,21,Foxy,"Get Off",1,341293.0
1978-09-23,22,"Gerry Rafferty","City To City",10,319864.9
1978-09-23,23,"Rick James","Come Get It",9,327245.666666667
1978-09-23,24,"Donna Summer","Live And More",13,349835.461538462
1978-09-23,25,"Steely Dan",Aja,7,343028.142857143
1978-09-23,26,"Little River Band","Sleeper Catcher",9,281811.555555556
1978-09-23,27,"Teddy Pendergrass","Life Is A Song Worth Singing",9,312602.333333333
1978-09-23,28,Exile,"Mixed Emotion",,
1978-09-23,29,"Andy Gibb","Shadow Dancing",10,247935.8
1978-09-23,30,"Rose Royce","Rose Royce III/Strikes Again!",9,261704.888888889
1978-09-23,31,"Betty Wright","Betty Wright Live",1,580413.0
1978-09-23,32,"Ashford & Simpson","Is It Still Good To Ya",8,257094.625
1978-09-23,33,"Shaun Cassidy","Under Raps",,
1978-09-23,34,"The Crusaders",Images,7,340704.428571429
1978-09-23,35,"Dolly Parton",Heartbreaker,10,193170.4
1978-09-23,36,"KC And The Sunshine Band","Who Do Ya Love",8,241756.375
1978-09-23,37,"The Alan Parsons Project",Pyramid,16,211611.3125
1978-09-23,38,"The Cars","The Cars",9,245536.0
1978-09-23,39,"Michael Henderson","In The Night Time",8,292143.0
1978-09-23,40,"The Emotions",Sunbeam,11,200182.727272727
1978-09-23,41,UFO,Obsession,14,206209.214285714
1978-09-23,42,"High Inergy","Steppin' Out",,
1978-09-23,43,"Joe Walsh","But Seriously Folks",8,265178.125
1978-09-23,44,"The Atlanta Rhythm Section","Champagne Jam",8,257114.625
1978-09-23,45,"Barry Manilow","Even Now",14,220591.428571429
1978-09-23,46,Sylvester,"Step II",7,303832.0
1978-09-23,47,"Walter Egan","Not Shy",10,212195.7
1978-09-23,48,"Van Halen","Van Halen",11,214083.545454545
1978-09-23,49,ConFunkShun,"Love Shine",,
1978-09-23,50,"Chris Rea","What Ever Happened To Benny Santini",,
1978-09-23,51,"Jackson Browne","Running On Empty",10,260547.7
1978-09-23,52,"Daryl Hall John Oates","Along The Red Ledge",10,222391.8
1978-09-23,53,"Kenny Rogers","Love Or Something Like It",11,182713.636363636
1978-09-23,54,"Quincy Jones","Sounds...And Stuff Like That!!",7,308196.0
1978-09-23,55,"Buddy Holly","Buddy Holly & The Crickets 20 Golden Greats",20,
1978-09-23,56,"Peter Brown","Fantasy Love Affair",8,280169.625
1978-09-23,57,"Eddie Money","Eddie Money",10,205046.3
1978-09-23,58,"Robin Trower","Caravan To Midnight",9,257053.0
1978-09-23,59,"Carly Simon","Boys In The Trees",11,197341.454545455
1978-09-23,60,"Todd Rundgren","Hermit Of Mink Hollow",12,185213.0
1978-09-23,61,"Anne Murray","Let's Keep It That Way",10,197442.3
1978-09-23,62,ABBA,"The Album",10,267333.1
1978-09-23,63,Soundtrack,Fm,50,189786.94
1978-09-23,64,"Talking Heads","More Songs About Buildings And Food",15,236991.733333333
1978-09-23,65,"Jean Luc Ponty","Cosmic Messenger",8,283358.0
1978-09-23,66,"Roy Ayers","You Send Me",8,361479.625
1978-09-23,67,"The Moody Blues",Octave,15,290897.4
1978-09-23,68,"Village People","Macho Man",2,316619.5
1978-09-23,69,"Johnny Mathis And Deniece Williams","That's What Friends Are For",,
1978-09-23,70,"Lynyrd Skynyrd","Skynyrd's First And...last",,
1978-09-23,71,"Village People","Village People",6,286110.5
1978-09-23,72,"Natalie Cole","Natalie Live",16,342361.0625
1978-09-23,73,"Bob Dylan","Street Legal",9,330368.555555556
1978-09-23,74,"Willie Nelson",Stardust,10,219051.7
1978-09-23,75,"The Beatles","The Beatles 1967-1970",28,214094.392857143
1978-09-23,76,"Barbra Streisand",Songbird,10,229055.6
1978-09-23,77,Player,"Danger Zone",,
1978-09-23,78,"Crystal Gayle","When I Dream",12,185598.583333333
1978-09-23,79,"Ohio Players",Jass-ay-lay-dee,6,371259.666666667
1978-09-23,80,"Linda Clifford","If My Friends Could See Me Now",10,438310.9
1978-09-23,81,"Stephen Bishop",Bish,13,220502.307692308
1978-09-23,82,Ambrosia,"Life Beyond L.a.",10,247026.3
1978-09-23,83,"The Fatback Band","Fired Up 'n' Kickin'",,
1978-09-23,84,"Fleetwood Mac",Rumours,58,
1978-09-23,85,"The Kinks",Misfits,11,245861.363636364
1978-09-23,86,"Chick Corea",Friends,8,458368.0
1978-09-23,87,"Chuck Mangione","Feels So Good",6,394279.5
1978-09-23,88,"Chuck Mangione","Children Of Sanchez",15,399926.733333333
1978-09-23,89,"Millie Jackson","Get It Outcha System",,
1978-09-23,90,"David Gilmour","David Gilmore",,
1978-09-23,91,Soundtrack,"Thank God It's Friday",,
1978-09-23,92,"Cheap Trick","Heaven Tonight",11,236886.909090909
1978-09-23,93,"Jefferson Starship",Earth,9,293372.777777778
1978-09-23,94,Genesis,"And Then There Were Three",11,292278.363636364
1978-09-23,95,"The O'Jays","So Full Of Love",8,271397.875
1978-09-23,96,"The Beatles","The Beatles [White Album]",107,
1978-09-23,97,Styx,"The Grand Illusion",8,312237.875
1978-09-23,98,"Toby Beau","Toby Beau",1,222666.0
1978-09-23,99,Switch,Switch,1,207071.0
1978-09-23,100,"Jimmy Buffett","Son Of A Son Of A Sailor",9,234222.0
1978-09-23,101,"Leo Sayer","Leo Sayer",10,215787.6
1978-09-23,102,Soundtrack,"Foul Play",12,129766.5
1978-09-23,103,"Tom Petty And The Heartbreakers","You're Gonna' Get It",10,179354.5
1978-09-23,104,Foreigner,Foreigner,12,240737.833333333
1978-09-23,105,Slave,"The Concept",7,325887.285714286
1978-09-23,106,"Michael Stanley Band","Cabin Fever",11,227641.0
1978-09-23,107,"The Beatles","The Beatles 1962-1966",26,144768.346153846
1978-09-23,108,"Atlantic Starr","Atlantic Starr",12,299117.333333333
1978-09-23,109,"Chuck Mangione","The Best Of Chuck Mangione",10,444489.7
1978-09-23,110,"Earth, Wind & Fire","All 'n' All",11,212600.818181818
1978-09-23,111,Heatwave,"Central Heating",9,277429.333333333
1978-09-23,112,"Michael Johnson","The Michael Johnson Album",,
1978-09-23,113,"Various Artists","Sesame Street Fever",,
1978-09-23,114,"Bee Gees","Here At Last...Bee Gees...Live",18,281001.333333333
1978-09-23,115,"Leon Russell",Americana,10,196654.4
1978-09-23,116,"Electric Light Orchestra","Out Of The Blue",17,250202.705882353
1978-09-23,117,Journey,Infinity,10,218869.0
1978-09-23,118,"Dave Mason","Mariposa Do Ora",,
1978-09-23,119,"Gil Scott-Heron",Secrets,,
1978-09-23,120,"Bob Seger & The Silver Bullet Band","'Live' Bullet",15,293876.0
1978-09-23,121,Soundtrack,"The Buddy Holly Story",,
1978-09-23,122,"Dan Hill","Frozen In The Night",11,233853.090909091
1978-09-23,123,"Joe Cocker","Luxury You Can Afford",11,229157.181818182
1978-09-23,124,Soundtrack,"Eyes Of Laura Mars",,
1978-09-23,125,"Rita Coolidge","Love Me Again",1,219026.0
1978-09-23,126,"Sammy Hagar","All Night Long",7,344890.0
1978-09-23,127,Soundtrack,"Animal House",,
1978-09-23,128,"George Benson","Weekend In L.a.",11,451363.727272727
1978-09-23,129,"Cheryl Ladd","Cheryl Ladd",1,171119.0
1978-09-23,130,"Hamilton Bohannon","Summertime Groove",,
1978-09-23,131,"Lee Oskar","Before The Rain",7,419203.428571429
1978-09-23,132,"Elvis Presley","Elvis Sings For Children And Grownups Too",,
1978-09-23,133,AC/DC,Powerage,9,266022.0
1978-09-23,134,"Thin Lizzy","Live And Dangerous",17,271817.705882353
1978-09-23,135,"Various Artists","Disco Party",32,426272.869565217
1978-09-23,136,"Norma Jean","Norma Jean",1,193911.0
1978-09-23,137,"The Sundays",Sunburn,,
1978-09-23,138,"Bobby Humphrey",Freestyle,,
1978-09-23,139,"The Trammps","Best Of Trammps",20,288260.35
1978-09-23,140,"Janis Ian","Janis Ian (II)",12,224041.916666667
1978-09-23,141,"Le Roux","Louisiana's Le Roux",,
1978-09-23,142,"Tuxedo Junction","Tuxedo Junction",11,208694.272727273
1978-09-23,143,"Santa Esmeralda",Beauty,,
1978-09-23,144,"John Prine","Bruised Orange",10,204535.6
1978-09-23,145,"Greg Kihn Band","Next Of Kihn",8,272849.625
1978-09-23,146,Kansas,"Point Of Know Return",12,252448.583333333
1978-09-23,147,"Genya Ravan","Urban Desire",,
1978-09-23,148,"Leo Kottke","Burnt Lips",,
1978-09-23,149,"Pat Metheny Group","Pat Metheny Group",7,410464.285714286
1978-09-23,150,"The Ritchie Family","American Generation",5,331279.8
1978-09-23,151,"Nick Gilder","City Nights",,
1978-09-23,152,"Peter Gabriel","Peter Gabriel (II)",9,
1978-09-23,153,Soundtrack,"The Rocky Horror Picture Show",16,201972.9375
1978-09-23,154,"REO Speedwagon","You Can Tune A Piano But You Can't Tune A Fish",9,224461.777777778
1978-09-23,155,"Boney M","Night Flight To Venus",,
1978-09-23,156,"Jesse Winchester","A Touch On The Rainy Side",10,236631.6
1978-09-23,157,"City Boy","Book Early",24,215544.125
1978-09-23,158,"Jeff Wayne/Various Artists","The War Of The Worlds",,
1978-09-23,159,"Pink Floyd","The Dark Side Of The Moon",10,257363.2
1978-09-23,160,"Frankie Valli","Frankie Valli...Is The Word",10,217607.1
1978-09-23,161,Meco,"The Wizard Of Oz",,
1978-09-23,162,"The Salsoul Orchestra","Greatest Disco Hits/Music For Non-Stop Dancing",,
1978-09-23,163,"The Mc Crarys","Loving Is Living",,
1978-09-23,164,"Andy Gibb","Flowing Rivers",10,230314.2
1978-09-23,165,"Original Cast","Ain't Misbehavin'",25,218963.4
1978-09-23,166,War,Youngblood,12,289040.75
1978-09-23,167,"Leon Redbone","Champagne Charlie",10,212171.6
1978-09-23,168,Foghat,"Stone Blue",8,270518.0
1978-09-23,169,"Jane Olivor","Stay The Night",10,206695.6
1978-09-23,170,"Grace Jones",Fame,7,345913.857142857
1978-09-23,171,"Kenny Rogers","Ten Years Of Gold",10,207223.6
1978-09-23,172,"Gladys Knight And The Pips","The One And Only",17,271665.411764706
1978-09-23,173,"Lenny Williams","Spark Of Love",11,302353.454545455
1978-09-23,174,"Eric Clapton",Slowhand,27,280855.407407407
1978-09-23,175,Synergy,Cords,10,247713.8
1978-09-23,176,"Larry Carlton","Larry Carlton",8,334166.25
1978-09-23,177,"B.B. King","Midnight Believer",7,285946.571428571
1978-09-23,178,Heart,Magazine,8,294266.25
1978-09-23,179,"The Dells","New Beginnings",8,260039.625
1978-09-23,180,"The Sylvers","Forever Yours",,
1978-09-23,181,Eagles,"Hotel California",9,340131.666666667
1978-09-23,182,"Patrick Juvet","Got A Feeling",,
1978-09-23,183,"Donna Summer","Once Upon A Time",16,256053.625
1978-09-23,184,"Stanley Turrentine","What About You",,
1978-09-23,185,"Captain & Tennille",Dream,11,199997.0
1978-09-23,186,Blondie,"Parallel Lines",12,196634.833333333
1978-09-23,187,"Steve Martin","Lets Get Small",10,228936.9
1978-09-23,188,"Jimi Hendrix","The Essential Jimi Hendrix",,
1978-09-23,189,"Shaun Cassidy","Shaun Cassidy",10,181727.2
1978-09-23,190,"Don Ray","Garden Of Love",6,373000.0
1978-09-23,191,KISS,"Double Platinum",20,208864.0
1978-09-23,192,"Bonnie Tyler","It's A Heartache",1,212000.0
1978-09-23,193,"James Brown","Jam 1980's",5,499399.8
1978-09-23,194,"Rod Stewart","Foot Loose + Fancy Free",8,334894.75
1978-09-23,195,"Herbie Hancock",Sunlight,5,444343.8
1978-09-23,196,"Sweet Thunder","Sweet Thunder",22,186570.181818182
1978-09-23,197,Snail,Snail,10,229265.1
1978-09-23,198,Wings,"London Town",14,219551.071428571
1978-09-23,199,"Various Artists","California Jam 2",,
1978-09-23,200,"Peabo Bryson","Reaching For The Sky",8,289850.375
1978-09-30,1,Soundtrack,Grease,21,201416.80952381
1978-09-30,2,Boston,"Don't Look Back",8,285179.5
1978-09-30,3,Foreigner,"Double Vision",12,227267.583333333
1978-09-30,4,"The Who","Who Are You",14,245920.5
1978-09-30,5,"The Rolling Stones","Some Girls",10,254173.0
1978-09-30,6,Soundtrack,"Sgt. Peppers Lonely Hearts Club Band",,
1978-09-30,7,"The Brothers Johnson",Blam,9,232992.222222222
1978-09-30,8,"A Taste Of Honey","A Taste Of Honey",9,256659.222222222
1978-09-30,9,"Kenny Loggins",Nightwatch,9,275975.777777778
1978-09-30,10,Commodores,"Natural High",8,311567.875
1978-09-30,11,"Billy Joel","The Stranger",21,296449.238095238
1978-09-30,12,"Fogelberg And Weisberg","Twin Sons Of Different Mothers",,
1978-09-30,13,Soundtrack,"Saturday Night Fever",21,224416.142857143
1978-09-30,14,"Evelyn ""Champagne"" King","Smooth Talk",,
1978-09-30,15,"Pablo Cruise","Worlds Away",9,266353.777777778
1978-09-30,16,"Bob Seger","Stranger In Town",9,265499.666666667
1978-09-30,17,"Donna Summer","Live And More",13,349835.461538462
1978-09-30,18,"Meat Loaf","Bat Out Of Hell",7,408818.857142857
1978-09-30,19,Foxy,"Get Off",1,341293.0
1978-09-30,20,"The Beatles","Sgt. Pepper's Lonely Hearts Club Band",13,186493.923076923
1978-09-30,21,"Rick James","Come Get It",9,327245.666666667
1978-09-30,22,"Bruce Springsteen","Darkness On The Edge Of Town",10,256567.7
1978-09-30,23,Exile,"Mixed Emotion",,
1978-09-30,24,"Little River Band","Sleeper Catcher",9,281811.555555556
1978-09-30,25,"Lynyrd Skynyrd","Skynyrd's First And...last",,
1978-09-30,26,LTD,Togetherness,10,232853.0
1978-09-30,27,"Teddy Pendergrass","Life Is A Song Worth Singing",9,312602.333333333
1978-09-30,28,"Rose Royce","Rose Royce III/Strikes Again!",9,261704.888888889
1978-09-30,29,"Ashford & Simpson","Is It Still Good To Ya",8,257094.625
1978-09-30,30,"Betty Wright","Betty Wright Live",1,580413.0
1978-09-30,31,"Gerry Rafferty","City To City",10,319864.9
1978-09-30,32,"Steely Dan",Aja,7,343028.142857143
1978-09-30,33,"Dolly Parton",Heartbreaker,10,193170.4
1978-09-30,34,"The Cars","The Cars",9,245536.0
1978-09-30,35,"Chuck Mangione","Children Of Sanchez",15,399926.733333333
1978-09-30,36,"KC And The Sunshine Band","Who Do Ya Love",8,241756.375
1978-09-30,37,"Andy Gibb","Shadow Dancing",10,247935.8
1978-09-30,38,"Michael Henderson","In The Night Time",8,292143.0
1978-09-30,39,"The Crusaders",Images,7,340704.428571429
1978-09-30,40,Sylvester,"Step II",7,303832.0
1978-09-30,41,UFO,Obsession,14,206209.214285714
1978-09-30,42,"High Inergy","Steppin' Out",,
1978-09-30,43,"The Atlanta Rhythm Section","Champagne Jam",8,257114.625
1978-09-30,44,"Barry Manilow","Even Now",14,220591.428571429
1978-09-30,45,"Walter Egan","Not Shy",10,212195.7
1978-09-30,46,"Daryl Hall John Oates","Along The Red Ledge",10,222391.8
1978-09-30,47,"Robin Trower","Caravan To Midnight",9,257053.0
1978-09-30,48,Styx,"Pieces Of Eight",10,255879.8
1978-09-30,49,"Chris Rea","What Ever Happened To Benny Santini",,
1978-09-30,50,"Anne Murray","Let's Keep It That Way",10,197442.3
1978-09-30,51,"Jackson Browne","Running On Empty",10,260547.7
1978-09-30,52,"Quincy Jones","Sounds...And Stuff Like That!!",7,308196.0
1978-09-30,53,"Peter Brown","Fantasy Love Affair",8,280169.625
1978-09-30,54,"Talking Heads","More Songs About Buildings And Food",15,236991.733333333
1978-09-30,55,"Jean Luc Ponty","Cosmic Messenger",8,283358.0
1978-09-30,56,"Roy Ayers","You Send Me",8,361479.625
1978-09-30,57,"Eddie Money","Eddie Money",10,205046.3
1978-09-30,58,"Village People","Macho Man",2,316619.5
1978-09-30,59,"Shaun Cassidy","Under Raps",,
1978-09-30,60,"Stephen Bishop",Bish,13,220502.307692308
1978-09-30,61,"The Alan Parsons Project",Pyramid,16,211611.3125
1978-09-30,62,"The Emotions",Sunbeam,11,200182.727272727
1978-09-30,63,"Joe Walsh","But Seriously Folks",8,265178.125
1978-09-30,64,"Van Halen","Van Halen",11,214083.545454545
1978-09-30,65,Player,"Danger Zone",,
1978-09-30,66,"Johnny Mathis And Deniece Williams","That's What Friends Are For",,
1978-09-30,67,"The Moody Blues",Octave,15,290897.4
1978-09-30,68,ConFunkShun,"Love Shine",,
1978-09-30,69,"Ohio Players",Jass-ay-lay-dee,6,371259.666666667
1978-09-30,70,"Buddy Holly","Buddy Holly & The Crickets 20 Golden Greats",20,
1978-09-30,71,Ambrosia,"Life Beyond L.a.",10,247026.3
1978-09-30,72,"Carly Simon","Boys In The Trees",11,197341.454545455
1978-09-30,73,"Todd Rundgren","Hermit Of Mink Hollow",12,185213.0
1978-09-30,74,Soundtrack,Fm,50,189786.94
1978-09-30,75,"The Beatles","The Beatles 1967-1970",28,214094.392857143
1978-09-30,76,"Barbra Streisand",Songbird,10,229055.6
1978-09-30,77,"Kenny Rogers","Love Or Something Like It",11,182713.636363636
1978-09-30,78,"Crystal Gayle","When I Dream",12,185598.583333333
1978-09-30,79,"The Fatback Band","Fired Up 'n' Kickin'",,
1978-09-30,80,"Linda Clifford","If My Friends Could See Me Now",10,438310.9
1978-09-30,81,"Chuck Mangione","Feels So Good",6,394279.5
1978-09-30,82,Soundtrack,"Thank God It's Friday",,
1978-09-30,83,ABBA,"The Album",10,267333.1
1978-09-30,84,"Fleetwood Mac",Rumours,58,
1978-09-30,85,"The Kinks",Misfits,11,245861.363636364
1978-09-30,86,"Chick Corea",Friends,8,458368.0
1978-09-30,87,"Natalie Cole","Natalie Live",16,342361.0625
1978-09-30,88,Switch,Switch,1,207071.0
1978-09-30,89,"Millie Jackson","Get It Outcha System",,
1978-09-30,90,"David Gilmour","David Gilmore",,
1978-09-30,91,Slave,"The Concept",7,325887.285714286
1978-09-30,92,"Cheap Trick","Heaven Tonight",11,236886.909090909
1978-09-30,93,"Jefferson Starship",Earth,9,293372.777777778
1978-09-30,94,"The Beatles","The Beatles [White Album]",107,
1978-09-30,95,"The O'Jays","So Full Of Love",8,271397.875
1978-09-30,96,"Roberta Flack","Roberta Flack",8,243663.25
1978-09-30,97,Styx,"The Grand Illusion",8,312237.875
1978-09-30,98,"Atlantic Starr","Atlantic Starr",12,299117.333333333
1978-09-30,99,"Michael Stanley Band","Cabin Fever",11,227641.0
1978-09-30,100,"Jimmy Buffett","Son Of A Son Of A Sailor",9,234222.0
1978-09-30,101,"Tom Petty And The Heartbreakers","You're Gonna' Get It",10,179354.5
1978-09-30,102,"Village People","Village People",6,286110.5
1978-09-30,103,"Various Artists","Sesame Street Fever",,
1978-09-30,104,Foreigner,Foreigner,12,240737.833333333
1978-09-30,105,"Chuck Mangione","The Best Of Chuck Mangione",10,444489.7
1978-09-30,106,"Earth, Wind & Fire","All 'n' All",11,212600.818181818
1978-09-30,107,"The Beatles","The Beatles 1962-1966",26,144768.346153846
1978-09-30,108,"Michael Johnson","The Michael Johnson Album",,
1978-09-30,109,"Nick Gilder","City Nights",,
1978-09-30,110,"Gil Scott-Heron",Secrets,,
1978-09-30,111,"Bob Dylan","Street Legal",9,330368.555555556
1978-09-30,112,"Electric Light Orchestra","Out Of The Blue",17,250202.705882353
1978-09-30,113,"Joe Cocker","Luxury You Can Afford",11,229157.181818182
1978-09-30,114,"Willie Nelson",Stardust,10,219051.7
1978-09-30,115,"Leon Russell",Americana,10,196654.4
1978-09-30,116,Soundtrack,"Animal House",,
1978-09-30,117,Journey,Infinity,10,218869.0
1978-09-30,118,"Dan Hill","Frozen In The Night",11,233853.090909091
1978-09-30,119,Genesis,"And Then There Were Three",11,292278.363636364
1978-09-30,120,"Bob Seger & The Silver Bullet Band","'Live' Bullet",15,293876.0
1978-09-30,121,"Lee Oskar","Before The Rain",7,419203.428571429
1978-09-30,122,"Toby Beau","Toby Beau",1,222666.0
1978-09-30,123,Meco,"The Wizard Of Oz",,
1978-09-30,124,Soundtrack,"Eyes Of Laura Mars",,
1978-09-30,125,"Rita Coolidge","Love Me Again",1,219026.0
1978-09-30,126,"Hamilton Bohannon","Summertime Groove",,
1978-09-30,127,"Gino Vannelli","Brother To Brother",9,297670.555555556
1978-09-30,128,"George Benson","Weekend In L.a.",11,451363.727272727
1978-09-30,129,"Janis Ian","Janis Ian (II)",12,224041.916666667
1978-09-30,130,"Elvis Presley","Elvis Sings For Children And Grownups Too",,
1978-09-30,131,Musique,"Keep On Jumpin",10,369065.1
1978-09-30,132,"Leo Sayer","Leo Sayer",10,215787.6
1978-09-30,133,AC/DC,Powerage,9,266022.0
1978-09-30,134,"Norma Jean","Norma Jean",1,193911.0
1978-09-30,135,"Le Roux","Louisiana's Le Roux",,
1978-09-30,136,Soundtrack,"Foul Play",12,129766.5
1978-09-30,137,Heatwave,"Central Heating",9,277429.333333333
1978-09-30,138,"Pat Metheny Group","Pat Metheny Group",7,410464.285714286
1978-09-30,139,"The Trammps","Best Of Trammps",20,288260.35
1978-09-30,140,"Blue Oyster Cult","Some Enchanted Evening",7,325995.857142857
1978-09-30,141,"Santa Esmeralda",Beauty,,
1978-09-30,142,"Bee Gees","Here At Last...Bee Gees...Live",18,281001.333333333
1978-09-30,143,"Dave Mason","Mariposa Do Ora",,
1978-09-30,144,Soundtrack,"The Rocky Horror Picture Show",16,201972.9375
1978-09-30,145,"Boney M","Night Flight To Venus",,
1978-09-30,146,"Leo Kottke","Burnt Lips",,
1978-09-30,147,"City Boy","Book Early",24,215544.125
1978-09-30,148,"The Ritchie Family","American Generation",5,331279.8
1978-09-30,149,Heart,"Dreamboat Annie",10,239639.6
1978-09-30,150,"Pink Floyd","The Dark Side Of The Moon",10,257363.2
1978-09-30,151,"The Salsoul Orchestra","Greatest Disco Hits/Music For Non-Stop Dancing",,
1978-09-30,152,"REO Speedwagon","You Can Tune A Piano But You Can't Tune A Fish",9,224461.777777778
1978-09-30,153,"The Mc Crarys","Loving Is Living",,
1978-09-30,154,Soundtrack,"The Buddy Holly Story",,
1978-09-30,155,"Sammy Hagar","All Night Long",7,344890.0
1978-09-30,156,"Jesse Winchester","A Touch On The Rainy Side",10,236631.6
1978-09-30,157,"Lenny Williams","Spark Of Love",11,302353.454545455
1978-09-30,158,"Jeff Wayne/Various Artists","The War Of The Worlds",,
1978-09-30,159,"Gladys Knight And The Pips","The One And Only",17,271665.411764706
1978-09-30,160,"Frankie Valli","Frankie Valli...Is The Word",10,217607.1
1978-09-30,161,"Original Cast","Ain't Misbehavin'",25,218963.4
1978-09-30,162,Blondie,"Parallel Lines",12,196634.833333333
1978-09-30,163,"Leon Redbone","Champagne Charlie",10,212171.6
1978-09-30,164,"Andy Gibb","Flowing Rivers",10,230314.2
1978-09-30,165,Synergy,Cords,10,247713.8
1978-09-30,166,"Cheryl Ladd","Cheryl Ladd",1,171119.0
1978-09-30,167,"Donna Summer","Once Upon A Time",16,256053.625
1978-09-30,168,Foghat,"Stone Blue",8,270518.0
1978-09-30,169,"The Dells","New Beginnings",8,260039.625
1978-09-30,170,"The Sylvers","Forever Yours",,
1978-09-30,171,"Kenny Rogers","Ten Years Of Gold",10,207223.6
1978-09-30,172,"Eric Clapton",Slowhand,27,280855.407407407
1978-09-30,173,"Mother's Finest","Mother Factor",9,244946.222222222
1978-09-30,174,"Don Ray","Garden Of Love",6,373000.0
1978-09-30,175,"B.B. King","Midnight Believer",7,285946.571428571
1978-09-30,176,"Larry Carlton","Larry Carlton",8,334166.25
1978-09-30,177,"Thin Lizzy","Live And Dangerous",17,271817.705882353
1978-09-30,178,Heart,Magazine,8,294266.25
1978-09-30,179,"Steve Martin","Lets Get Small",10,228936.9
1978-09-30,180,"Stanley Turrentine","What About You",,
1978-09-30,181,Eagles,"Hotel California",9,340131.666666667
1978-09-30,182,"Patrick Juvet","Got A Feeling",,
1978-09-30,183,"Shaun Cassidy","Shaun Cassidy",10,181727.2
1978-09-30,184,"Various Artists","Disco Party",32,426272.869565217
1978-09-30,185,"Captain & Tennille",Dream,11,199997.0
1978-09-30,186,"The Sundays",Sunburn,,
1978-09-30,187,"Alicia Bridges","Alicia Bridges",10,257098.3
1978-09-30,188,"Jimi Hendrix","The Essential Jimi Hendrix",,
1978-09-30,189,"Ozark Mountain Daredevils","It's Alive",16,226053.0625
1978-09-30,190,"Bobby Humphrey",Freestyle,,
1978-09-30,191,KISS,"Double Platinum",20,208864.0
1978-09-30,192,"John Prine","Bruised Orange",10,204535.6
1978-09-30,193,"James Brown","Jam 1980's",5,499399.8
1978-09-30,194,"Rod Stewart","Foot Loose + Fancy Free",8,334894.75
1978-09-30,195,"Herbie Hancock",Sunlight,5,444343.8
1978-09-30,196,Wings,"London Town",14,219551.071428571
1978-09-30,197,"Greg Kihn Band","Next Of Kihn",8,272849.625
1978-09-30,198,Chilliwack,"Lights From The Valley",12,210869.083333333
1978-09-30,199,Kansas,"Point Of Know Return",12,252448.583333333
1978-09-30,200,"Genya Ravan","Urban Desire",,
1978-10-07,1,Boston,"Don't Look Back",8,285179.5
1978-10-07,2,Soundtrack,Grease,21,201416.80952381
1978-10-07,3,Foreigner,"Double Vision",12,227267.583333333
1978-10-07,4,"The Who","Who Are You",14,245920.5
1978-10-07,5,"The Rolling Stones","Some Girls",10,254173.0
1978-10-07,6,"A Taste Of Honey","A Taste Of Honey",9,256659.222222222
1978-10-07,7,"Kenny Loggins",Nightwatch,9,275975.777777778
1978-10-07,8,Soundtrack,"Sgt. Peppers Lonely Hearts Club Band",,
1978-10-07,9,"The Brothers Johnson",Blam,9,232992.222222222
1978-10-07,10,"Fogelberg And Weisberg","Twin Sons Of Different Mothers",,
1978-10-07,11,"Billy Joel","The Stranger",21,296449.238095238
1978-10-07,12,"Donna Summer","Live And More",13,349835.461538462
1978-10-07,13,Commodores,"Natural High",8,311567.875
1978-10-07,14,"Bob Seger","Stranger In Town",9,265499.666666667
1978-10-07,15,Foxy,"Get Off",1,341293.0
1978-10-07,16,"Pablo Cruise","Worlds Away",9,266353.777777778
1978-10-07,17,"Rick James","Come Get It",9,327245.666666667
1978-10-07,18,Exile,"Mixed Emotion",,
1978-10-07,19,Styx,"Pieces Of Eight",10,255879.8
1978-10-07,20,"Lynyrd Skynyrd","Skynyrd's First And...last",,
1978-10-07,21,"Little River Band","Sleeper Catcher",9,281811.555555556
1978-10-07,22,"Chuck Mangione","Children Of Sanchez",15,399926.733333333
1978-10-07,23,Soundtrack,"Saturday Night Fever",21,224416.142857143
1978-10-07,24,"Ashford & Simpson","Is It Still Good To Ya",8,257094.625
1978-10-07,25,"The Cars","The Cars",9,245536.0
1978-10-07,26,"Evelyn ""Champagne"" King","Smooth Talk",,
1978-10-07,27,"Dolly Parton",Heartbreaker,10,193170.4
1978-10-07,28,"Rose Royce","Rose Royce III/Strikes Again!",9,261704.888888889
1978-10-07,29,"Betty Wright","Betty Wright Live",1,580413.0
1978-10-07,30,"Linda Ronstadt","Living In The U.S.A.",,
1978-10-07,31,"Gerry Rafferty","City To City",10,319864.9
1978-10-07,32,"Meat Loaf","Bat Out Of Hell",7,408818.857142857
1978-10-07,33,"Bruce Springsteen","Darkness On The Edge Of Town",10,256567.7
1978-10-07,34,Sylvester,"Step II",7,303832.0
1978-10-07,35,"Teddy Pendergrass","Life Is A Song Worth Singing",9,312602.333333333
1978-10-07,36,"KC And The Sunshine Band","Who Do Ya Love",8,241756.375
1978-10-07,37,"The Beatles","Sgt. Pepper's Lonely Hearts Club Band",13,186493.923076923
1978-10-07,38,"Daryl Hall John Oates","Along The Red Ledge",10,222391.8
1978-10-07,39,Funkadelic,"One Nation Under A Groove",,
1978-10-07,40,"Robin Trower","Caravan To Midnight",9,257053.0
1978-10-07,41,"Anne Murray","Let's Keep It That Way",10,197442.3
1978-10-07,42,"Steely Dan",Aja,7,343028.142857143
1978-10-07,43,"Michael Henderson","In The Night Time",8,292143.0
1978-10-07,44,"Walter Egan","Not Shy",10,212195.7
1978-10-07,45,UFO,Obsession,14,206209.214285714
1978-10-07,46,"Jean Luc Ponty","Cosmic Messenger",8,283358.0
1978-10-07,47,"Stephen Bishop",Bish,13,220502.307692308
1978-10-07,48,"Roy Ayers","You Send Me",8,361479.625
1978-10-07,49,"Village People","Macho Man",2,316619.5
1978-10-07,50,Heart,"Dog And Butterfly",8,324923.0
1978-10-07,51,"The Crusaders",Images,7,340704.428571429
1978-10-07,52,"Talking Heads","More Songs About Buildings And Food",15,236991.733333333
1978-10-07,53,"Andy Gibb","Shadow Dancing",10,247935.8
1978-10-07,54,LTD,Togetherness,10,232853.0
1978-10-07,55,"Barry Manilow","Even Now",14,220591.428571429
1978-10-07,56,"The Atlanta Rhythm Section","Champagne Jam",8,257114.625
1978-10-07,57,Player,"Danger Zone",,
1978-10-07,58,"Al Stewart","Time Passages",9,359835.555555556
1978-10-07,59,"Jackson Browne","Running On Empty",10,260547.7
1978-10-07,60,"Quincy Jones","Sounds...And Stuff Like That!!",7,308196.0
1978-10-07,61,Ambrosia,"Life Beyond L.a.",10,247026.3
1978-10-07,62,"The Alan Parsons Project",Pyramid,16,211611.3125
1978-10-07,63,"Gino Vannelli","Brother To Brother",9,297670.555555556
1978-10-07,64,"Joe Walsh","But Seriously Folks",8,265178.125
1978-10-07,65,"Van Halen","Van Halen",11,214083.545454545
1978-10-07,66,"The Emotions",Sunbeam,11,200182.727272727
1978-10-07,67,"Eddie Money","Eddie Money",10,205046.3
1978-10-07,68,"Peter Brown","Fantasy Love Affair",8,280169.625
1978-10-07,69,"Ohio Players",Jass-ay-lay-dee,6,371259.666666667
1978-10-07,70,ConFunkShun,"Love Shine",,
1978-10-07,71,"Buddy Holly","Buddy Holly & The Crickets 20 Golden Greats",20,
1978-10-07,72,"Johnny Mathis And Deniece Williams","That's What Friends Are For",,
1978-10-07,73,"Carly Simon","Boys In The Trees",11,197341.454545455
1978-10-07,74,"The Moody Blues",Octave,15,290897.4
1978-10-07,75,"Todd Rundgren","Hermit Of Mink Hollow",12,185213.0
1978-10-07,76,"Crystal Gayle","When I Dream",12,185598.583333333
1978-10-07,77,"Chuck Mangione","Feels So Good",6,394279.5
1978-10-07,78,Switch,Switch,1,207071.0
1978-10-07,79,"The Fatback Band","Fired Up 'n' Kickin'",,
1978-10-07,80,"Blue Oyster Cult","Some Enchanted Evening",7,325995.857142857
1978-10-07,81,"Shaun Cassidy","Under Raps",,
1978-10-07,82,"Fleetwood Mac",Rumours,58,
1978-10-07,83,"Barbra Streisand",Songbird,10,229055.6
1978-10-07,84,"The Beatles","The Beatles 1967-1970",28,214094.392857143
1978-10-07,85,"Chris Rea","What Ever Happened To Benny Santini",,
1978-10-07,86,"Roberta Flack","Roberta Flack",8,243663.25
1978-10-07,87,"David Gilmour","David Gilmore",,
1978-10-07,88,"Atlantic Starr","Atlantic Starr",12,299117.333333333
1978-10-07,89,"Gil Scott-Heron",Secrets,,
1978-10-07,90,"Nick Gilder","City Nights",,
1978-10-07,91,Slave,"The Concept",7,325887.285714286
1978-10-07,92,"Jefferson Starship",Earth,9,293372.777777778
1978-10-07,93,"Various Artists","Sesame Street Fever",,
1978-10-07,94,"The Beatles","The Beatles [White Album]",107,
1978-10-07,95,"Cheap Trick","Heaven Tonight",11,236886.909090909
1978-10-07,96,"The O'Jays","So Full Of Love",8,271397.875
1978-10-07,97,Styx,"The Grand Illusion",8,312237.875
1978-10-07,98,"Tom Petty And The Heartbreakers","You're Gonna' Get It",10,179354.5
1978-10-07,99,"Natalie Cole","Natalie Live",16,342361.0625
1978-10-07,100,Soundtrack,Fm,50,189786.94
1978-10-07,101,Soundtrack,"Thank God It's Friday",,
1978-10-07,102,"Earth, Wind & Fire","All 'n' All",11,212600.818181818
1978-10-07,103,"Joe Cocker","Luxury You Can Afford",11,229157.181818182
1978-10-07,104,"Village People","Village People",6,286110.5
1978-10-07,105,"Kenny Rogers","Love Or Something Like It",11,182713.636363636
1978-10-07,106,Soundtrack,"Animal House",,
1978-10-07,107,"Chuck Mangione","The Best Of Chuck Mangione",10,444489.7
1978-10-07,108,"Millie Jackson","Get It Outcha System",,
1978-10-07,109,"Electric Light Orchestra","Out Of The Blue",17,250202.705882353
1978-10-07,110,Foreigner,Foreigner,12,240737.833333333
1978-10-07,111,"Lee Oskar","Before The Rain",7,419203.428571429
1978-10-07,112,"Bob Dylan","Street Legal",9,330368.555555556
1978-10-07,113,Meco,"The Wizard Of Oz",,
1978-10-07,114,"Willie Nelson",Stardust,10,219051.7
1978-10-07,115,Journey,Infinity,10,218869.0
1978-10-07,116,"Hamilton Bohannon","Summertime Groove",,
1978-10-07,117,"The Kinks",Misfits,11,245861.363636364
1978-10-07,118,"High Inergy","Steppin' Out",,
1978-10-07,119,"Chick Corea",Friends,8,458368.0
1978-10-07,120,"The Beatles","The Beatles 1962-1966",26,144768.346153846
1978-10-07,121,Musique,"Keep On Jumpin",10,369065.1
1978-10-07,122,"Rita Coolidge","Love Me Again",1,219026.0
1978-10-07,123,Genesis,"And Then There Were Three",11,292278.363636364
1978-10-07,124,"Dan Hill","Frozen In The Night",11,233853.090909091
1978-10-07,125,"Bob Seger & The Silver Bullet Band","'Live' Bullet",15,293876.0
1978-10-07,126,"Toby Beau","Toby Beau",1,222666.0
1978-10-07,127,"Maynard Ferguson",Carnival,8,342124.625
1978-10-07,128,"Pat Metheny Group","Pat Metheny Group",7,410464.285714286
1978-10-07,129,"Janis Ian","Janis Ian (II)",12,224041.916666667
1978-10-07,130,"George Benson","Weekend In L.a.",11,451363.727272727
1978-10-07,131,"Michael Stanley Band","Cabin Fever",11,227641.0
1978-10-07,132,ABBA,"The Album",10,267333.1
1978-10-07,133,"Jimmy Buffett","Son Of A Son Of A Sailor",9,234222.0
1978-10-07,134,"Michael Johnson","The Michael Johnson Album",,
1978-10-07,135,"Boney M","Night Flight To Venus",,
1978-10-07,136,Blondie,"Parallel Lines",12,196634.833333333
1978-10-07,137,"City Boy","Book Early",24,215544.125
1978-10-07,138,AC/DC,Powerage,9,266022.0
1978-10-07,139,Heart,"Dreamboat Annie",10,239639.6
1978-10-07,140,Soundtrack,"The Rocky Horror Picture Show",16,201972.9375
1978-10-07,141,"The Salsoul Orchestra","Greatest Disco Hits/Music For Non-Stop Dancing",,
1978-10-07,142,"Le Roux","Louisiana's Le Roux",,
1978-10-07,143,"The Mc Crarys","Loving Is Living",,
1978-10-07,144,"Leo Kottke","Burnt Lips",,
1978-10-07,145,Heatwave,"Central Heating",9,277429.333333333
1978-10-07,146,"Pink Floyd","The Dark Side Of The Moon",10,257363.2
1978-10-07,147,"Lenny Williams","Spark Of Love",11,302353.454545455
1978-10-07,148,Synergy,Cords,10,247713.8
1978-10-07,149,"Gladys Knight And The Pips","The One And Only",17,271665.411764706
1978-10-07,150,"REO Speedwagon","You Can Tune A Piano But You Can't Tune A Fish",9,224461.777777778
1978-10-07,151,"Dave Mason","Mariposa Do Ora",,
1978-10-07,152,"Bee Gees","Here At Last...Bee Gees...Live",18,281001.333333333
1978-10-07,153,"Leo Sayer","Leo Sayer",10,215787.6
1978-10-07,154,Soundtrack,"The Buddy Holly Story",,
1978-10-07,155,"Elvis Presley","Elvis Sings For Children And Grownups Too",,
1978-10-07,156,"Norma Jean","Norma Jean",1,193911.0
1978-10-07,157,"The Trammps","Best Of Trammps",20,288260.35
1978-10-07,158,"Santa Esmeralda",Beauty,,
1978-10-07,159,Soundtrack,"Foul Play",12,129766.5
1978-10-07,160,"The Sylvers","Forever Yours",,
1978-10-07,161,"Linda Clifford","If My Friends Could See Me Now",10,438310.9
1978-10-07,162,"Jeff Wayne/Various Artists","The War Of The Worlds",,
1978-10-07,163,"Mother's Finest","Mother Factor",9,244946.222222222
1978-10-07,164,"Don Ray","Garden Of Love",6,373000.0
1978-10-07,165,"Andy Gibb","Flowing Rivers",10,230314.2
1978-10-07,166,"Sammy Hagar","All Night Long",7,344890.0
1978-10-07,167,"Donna Summer","Once Upon A Time",16,256053.625
1978-10-07,168,"Eric Clapton",Slowhand,27,280855.407407407
1978-10-07,169,"The Dells","New Beginnings",8,260039.625
1978-10-07,170,"Stanley Turrentine","What About You",,
1978-10-07,171,Foghat,"Stone Blue",8,270518.0
1978-10-07,172,"B.B. King","Midnight Believer",7,285946.571428571
1978-10-07,173,Heart,Magazine,8,294266.25
1978-10-07,174,"Kenny Rogers","Ten Years Of Gold",10,207223.6
1978-10-07,175,"Steve Martin","Lets Get Small",10,228936.9
1978-10-07,176,"Larry Carlton","Larry Carlton",8,334166.25
1978-10-07,177,"Alicia Bridges","Alicia Bridges",10,257098.3
1978-10-07,178,Eagles,"Hotel California",9,340131.666666667
1978-10-07,179,"Ozark Mountain Daredevils","It's Alive",16,226053.0625
1978-10-07,180,"Thin Lizzy","Live And Dangerous",17,271817.705882353
1978-10-07,181,"Leon Redbone","Champagne Charlie",10,212171.6
1978-10-07,182,"Marilyn McCoo & Billy Davis, Jr.","Marilyn + Billy",11,258016.636363636
1978-10-07,183,"Jimi Hendrix","The Essential Jimi Hendrix",,
1978-10-07,184,"Cheryl Ladd","Cheryl Ladd",1,171119.0
1978-10-07,185,Boston,Boston,8,273423.0
1978-10-07,186,Wings,"London Town",14,219551.071428571
1978-10-07,187,"Original Cast","Ain't Misbehavin'",25,218963.4
1978-10-07,188,"Banda Machos","I'm A Man",,
1978-10-07,189,"Shaun Cassidy","Shaun Cassidy",10,181727.2
1978-10-07,190,Soundtrack,"Eyes Of Laura Mars",,
1978-10-07,191,"Rod Stewart","Foot Loose + Fancy Free",8,334894.75
1978-10-07,192,KISS,"Double Platinum",20,208864.0
1978-10-07,193,"Captain & Tennille",Dream,11,199997.0
1978-10-07,194,"Leon Russell",Americana,10,196654.4
1978-10-07,195,"Jesse Winchester","A Touch On The Rainy Side",10,236631.6
1978-10-07,196,Chilliwack,"Lights From The Valley",12,210869.083333333
1978-10-07,197,"Greg Kihn Band","Next Of Kihn",8,272849.625
1978-10-07,198,"Frankie Valli","Frankie Valli...Is The Word",10,217607.1
1978-10-07,199,"The Ritchie Family","American Generation",5,331279.8
1978-10-07,200,"Genya Ravan","Urban Desire",,
1978-10-14,1,Soundtrack,Grease,21,201416.80952381
1978-10-14,2,Boston,"Don't Look Back",8,285179.5
1978-10-14,3,Foreigner,"Double Vision",12,227267.583333333
1978-10-14,4,"The Who","Who Are You",14,245920.5
1978-10-14,5,"The Rolling Stones","Some Girls",10,254173.0
1978-10-14,6,"A Taste Of Honey","A Taste Of Honey",9,256659.222222222
1978-10-14,7,"Kenny Loggins",Nightwatch,9,275975.777777778
1978-10-14,8,"Fogelberg And Weisberg","Twin Sons Of Different Mothers",,
1978-10-14,9,"Donna Summer","Live And More",13,349835.461538462
1978-10-14,10,"Linda Ronstadt","Living In The U.S.A.",,
1978-10-14,11,"Billy Joel","The Stranger",21,296449.238095238
1978-10-14,12,Commodores,"Natural High",8,311567.875
1978-10-14,13,"Bob Seger","Stranger In Town",9,265499.666666667
1978-10-14,14,Foxy,"Get Off",1,341293.0
1978-10-14,15,Styx,"Pieces Of Eight",10,255879.8
1978-10-14,16,Exile,"Mixed Emotion",,
1978-10-14,17,"Rick James","Come Get It",9,327245.666666667
1978-10-14,18,"Lynyrd Skynyrd","Skynyrd's First And...last",,
1978-10-14,19,"Little River Band","Sleeper Catcher",9,281811.555555556
1978-10-14,20,Soundtrack,"Sgt. Peppers Lonely Hearts Club Band",,
1978-10-14,21,"Ashford & Simpson","Is It Still Good To Ya",8,257094.625
1978-10-14,22,"Chuck Mangione","Children Of Sanchez",15,399926.733333333
1978-10-14,23,Soundtrack,"Saturday Night Fever",21,224416.142857143
1978-10-14,24,"The Brothers Johnson",Blam,9,232992.222222222
1978-10-14,25,"The Cars","The Cars",9,245536.0
1978-10-14,26,"Betty Wright","Betty Wright Live",1,580413.0
1978-10-14,27,"Dolly Parton",Heartbreaker,10,193170.4
1978-10-14,28,"Rose Royce","Rose Royce III/Strikes Again!",9,261704.888888889
1978-10-14,29,Funkadelic,"One Nation Under A Groove",,
1978-10-14,30,Sylvester,"Step II",7,303832.0
1978-10-14,31,"Gerry Rafferty","City To City",10,319864.9
1978-10-14,32,"Meat Loaf","Bat Out Of Hell",7,408818.857142857
1978-10-14,33,Heart,"Dog And Butterfly",8,324923.0
1978-10-14,34,"Pablo Cruise","Worlds Away",9,266353.777777778
1978-10-14,35,"Daryl Hall John Oates","Along The Red Ledge",10,222391.8
1978-10-14,36,"Anne Murray","Let's Keep It That Way",10,197442.3
1978-10-14,37,"Al Stewart","Time Passages",9,359835.555555556
1978-10-14,38,"Robin Trower","Caravan To Midnight",9,257053.0
1978-10-14,39,"Teddy Pendergrass","Life Is A Song Worth Singing",9,312602.333333333
1978-10-14,40,"Evelyn ""Champagne"" King","Smooth Talk",,
1978-10-14,41,"Steely Dan",Aja,7,343028.142857143
1978-10-14,42,Yes,Tormato,17,306631.117647059
1978-10-14,43,"Village People","Macho Man",2,316619.5
1978-10-14,44,"Jean Luc Ponty","Cosmic Messenger",8,283358.0
1978-10-14,45,"Stephen Bishop",Bish,13,220502.307692308
1978-10-14,46,"Talking Heads","More Songs About Buildings And Food",15,236991.733333333
1978-10-14,47,"The Beatles","Sgt. Pepper's Lonely Hearts Club Band",13,186493.923076923
1978-10-14,48,"Roy Ayers","You Send Me",8,361479.625
1978-10-14,49,Player,"Danger Zone",,
1978-10-14,50,"KC And The Sunshine Band","Who Do Ya Love",8,241756.375
1978-10-14,51,Ambrosia,"Life Beyond L.a.",10,247026.3
1978-10-14,52,"Barry Manilow","Even Now",14,220591.428571429
1978-10-14,53,"Andy Gibb","Shadow Dancing",10,247935.8
1978-10-14,54,"The Atlanta Rhythm Section","Champagne Jam",8,257114.625
1978-10-14,55,"Gino Vannelli","Brother To Brother",9,297670.555555556
1978-10-14,56,"Bruce Springsteen","Darkness On The Edge Of Town",10,256567.7
1978-10-14,57,"Michael Henderson","In The Night Time",8,292143.0
1978-10-14,58,"Jackson Browne","Running On Empty",10,260547.7
1978-10-14,59,"Walter Egan","Not Shy",10,212195.7
1978-10-14,60,"The Crusaders",Images,7,340704.428571429
1978-10-14,61,LTD,Togetherness,10,232853.0
1978-10-14,62,"The Alan Parsons Project",Pyramid,16,211611.3125
1978-10-14,63,UFO,Obsession,14,206209.214285714
1978-10-14,64,"Quincy Jones","Sounds...And Stuff Like That!!",7,308196.0
1978-10-14,65,"Van Halen","Van Halen",11,214083.545454545
1978-10-14,66,"Joe Walsh","But Seriously Folks",8,265178.125
1978-10-14,67,Switch,Switch,1,207071.0
1978-10-14,68,"Peter Brown","Fantasy Love Affair",8,280169.625
1978-10-14,69,"Ohio Players",Jass-ay-lay-dee,6,371259.666666667
1978-10-14,70,"Nick Gilder","City Nights",,
1978-10-14,71,ConFunkShun,"Love Shine",,
1978-10-14,72,"Blue Oyster Cult","Some Enchanted Evening",7,325995.857142857
1978-10-14,73,"Chuck Mangione","Feels So Good",6,394279.5
1978-10-14,74,"Johnny Mathis And Deniece Williams","That's What Friends Are For",,
1978-10-14,75,"The Fatback Band","Fired Up 'n' Kickin'",,
1978-10-14,76,"Crystal Gayle","When I Dream",12,185598.583333333
1978-10-14,77,"Carly Simon","Boys In The Trees",11,197341.454545455
1978-10-14,78,"Roberta Flack","Roberta Flack",8,243663.25
1978-10-14,79,"Atlantic Starr","Atlantic Starr",12,299117.333333333
1978-10-14,80,"Gil Scott-Heron",Secrets,,
1978-10-14,81,"Shaun Cassidy","Under Raps",,
1978-10-14,82,"Chris Rea","What Ever Happened To Benny Santini",,
1978-10-14,83,"Barbra Streisand",Songbird,10,229055.6
1978-10-14,84,"Various Artists","Sesame Street Fever",,
1978-10-14,85,"Peter Criss","Peter Criss",10,260209.5
1978-10-14,86,Soundtrack,"Animal House",,
1978-10-14,87,"Ace Frehley","Ace Frehley",9,226448.555555556
1978-10-14,88,"Gene Simmons","Gene Simmons",11,219447.090909091
1978-10-14,89,"Paul Stanley","Paul Stanley",9,235017.555555556
1978-10-14,90,"Eddie Money","Eddie Money",10,205046.3
1978-10-14,91,"Joe Cocker","Luxury You Can Afford",11,229157.181818182
1978-10-14,92,"Jefferson Starship",Earth,9,293372.777777778
1978-10-14,93,"The Beatles","The Beatles [White Album]",107,
1978-10-14,94,"The Beatles","The Beatles 1967-1970",28,214094.392857143
1978-10-14,95,"Cheap Trick","Heaven Tonight",11,236886.909090909
1978-10-14,96,"The O'Jays","So Full Of Love",8,271397.875
1978-10-14,97,"Natalie Cole","Natalie Live",16,342361.0625
1978-10-14,98,Meco,"The Wizard Of Oz",,
1978-10-14,99,Boston,Boston,8,273423.0
1978-10-14,100,"The Emotions",Sunbeam,11,200182.727272727
1978-10-14,101,"Lee Oskar","Before The Rain",7,419203.428571429
1978-10-14,102,"Earth, Wind & Fire","All 'n' All",11,212600.818181818
1978-10-14,103,"Village People","Village People",6,286110.5
1978-10-14,104,"Hamilton Bohannon","Summertime Groove",,
1978-10-14,105,"Buddy Holly","Buddy Holly & The Crickets 20 Golden Greats",20,
1978-10-14,106,"Todd Rundgren","Hermit Of Mink Hollow",12,185213.0
1978-10-14,107,"The Moody Blues",Octave,15,290897.4
1978-10-14,108,"Fleetwood Mac",Rumours,58,
1978-10-14,109,"Electric Light Orchestra","Out Of The Blue",17,250202.705882353
1978-10-14,110,Musique,"Keep On Jumpin",10,369065.1
1978-10-14,111,"Willie Nelson",Stardust,10,219051.7
1978-10-14,112,"Bob Dylan","Street Legal",9,330368.555555556
1978-10-14,113,Journey,Infinity,10,218869.0
1978-10-14,114,10cc,"Bloody Tourists",13,246964.692307692
1978-10-14,115,"David Gilmour","David Gilmore",,
1978-10-14,116,"Tom Petty And The Heartbreakers","You're Gonna' Get It",10,179354.5
1978-10-14,117,"The Beatles","The Beatles 1962-1966",26,144768.346153846
1978-10-14,118,Blondie,"Parallel Lines",12,196634.833333333
1978-10-14,119,"Chick Corea",Friends,8,458368.0
1978-10-14,120,"Dan Hill","Frozen In The Night",11,233853.090909091
1978-10-14,121,Soundtrack,"Thank God It's Friday",,
1978-10-14,122,"Janis Ian","Janis Ian (II)",12,224041.916666667
1978-10-14,123,"Maynard Ferguson",Carnival,8,342124.625
1978-10-14,124,"City Boy","Book Early",24,215544.125
1978-10-14,125,"Bob Seger & The Silver Bullet Band","'Live' Bullet",15,293876.0
1978-10-14,126,"Toby Beau","Toby Beau",1,222666.0
1978-10-14,127,"Pat Metheny Group","Pat Metheny Group",7,410464.285714286
1978-10-14,128,"Michael Johnson","The Michael Johnson Album",,
1978-10-14,129,"Michael Stanley Band","Cabin Fever",11,227641.0
1978-10-14,130,ABBA,"The Album",10,267333.1
1978-10-14,131,Heart,"Dreamboat Annie",10,239639.6
1978-10-14,132,Soundtrack,"The Rocky Horror Picture Show",16,201972.9375
1978-10-14,133,"Jimmy Buffett","Son Of A Son Of A Sailor",9,234222.0
1978-10-14,134,"The Salsoul Orchestra","Greatest Disco Hits/Music For Non-Stop Dancing",,
1978-10-14,135,"Boney M","Night Flight To Venus",,
1978-10-14,136,"Lenny Williams","Spark Of Love",11,302353.454545455
1978-10-14,137,"Alicia Bridges","Alicia Bridges",10,257098.3
1978-10-14,138,Chanson,Chanson,18,226120.777777778
1978-10-14,139,Styx,"The Grand Illusion",8,312237.875
1978-10-14,140,"Donna Summer","Once Upon A Time",16,256053.625
1978-10-14,141,"The Mc Crarys","Loving Is Living",,
1978-10-14,142,"Bay City Rollers","Strangers In The Wind",11,230878.363636364
1978-10-14,143,"Leo Kottke","Burnt Lips",,
1978-10-14,144,"Pink Floyd","The Dark Side Of The Moon",10,257363.2
1978-10-14,145,"REO Speedwagon","You Can Tune A Piano But You Can't Tune A Fish",9,224461.777777778
1978-10-14,146,Synergy,Cords,10,247713.8
1978-10-14,147,"Gladys Knight And The Pips","The One And Only",17,271665.411764706
1978-10-14,148,"The Sylvers","Forever Yours",,
1978-10-14,149,"Norma Jean","Norma Jean",1,193911.0
1978-10-14,150,"Elvis Presley","Elvis Sings For Children And Grownups Too",,
1978-10-14,151,"Dave Mason","Mariposa Do Ora",,
1978-10-14,152,"Jeff Wayne/Various Artists","The War Of The Worlds",,
1978-10-14,153,"Leo Sayer","Leo Sayer",10,215787.6
1978-10-14,154,"Mother's Finest","Mother Factor",9,244946.222222222
1978-10-14,155,"Don Ray","Garden Of Love",6,373000.0
1978-10-14,156,Slave,"The Concept",7,325887.285714286
1978-10-14,157,Soundtrack,Fm,50,189786.94
1978-10-14,158,"Stanley Turrentine","What About You",,
1978-10-14,159,Soundtrack,"Foul Play",12,129766.5
1978-10-14,160,"Van Morrison",Wavelength,11,339876.0
1978-10-14,161,"Linda Clifford","If My Friends Could See Me Now",10,438310.9
1978-10-14,162,"Andy Gibb","Flowing Rivers",10,230314.2
1978-10-14,163,"Kenny Rogers","Love Or Something Like It",11,182713.636363636
1978-10-14,164,"Eric Clapton",Slowhand,27,280855.407407407
1978-10-14,165,"Chuck Mangione","The Best Of Chuck Mangione",10,444489.7
1978-10-14,166,"Millie Jackson","Get It Outcha System",,
1978-10-14,167,Foreigner,Foreigner,12,240737.833333333
1978-10-14,168,"The Kinks",Misfits,11,245861.363636364
1978-10-14,169,"Marilyn McCoo & Billy Davis, Jr.","Marilyn + Billy",11,258016.636363636
1978-10-14,170,"Rita Coolidge","Love Me Again",1,219026.0
1978-10-14,171,"B.B. King","Midnight Believer",7,285946.571428571
1978-10-14,172,Soundtrack,"The Buddy Holly Story",,
1978-10-14,173,Foghat,"Stone Blue",8,270518.0
1978-10-14,174,"Larry Carlton","Larry Carlton",8,334166.25
1978-10-14,175,"Steve Martin","Lets Get Small",10,228936.9
1978-10-14,176,"Ozark Mountain Daredevils","It's Alive",16,226053.0625
1978-10-14,177,"Banda Machos","I'm A Man",,
1978-10-14,178,"Jimi Hendrix","The Essential Jimi Hendrix",,
1978-10-14,179,"Billy Cobham","Simplicity Of Expression,depth Of Thought",,
1978-10-14,180,Genesis,"And Then There Were Three",11,292278.363636364
1978-10-14,181,"George Benson","Weekend In L.a.",11,451363.727272727
1978-10-14,182,"McCoy Tyner","The Greeting",5,563146.2
1978-10-14,183,"Greg Kihn Band","Next Of Kihn",8,272849.625
1978-10-14,184,"Cheryl Ladd","Cheryl Ladd",1,171119.0
1978-10-14,185,"Original Cast","Ain't Misbehavin'",25,218963.4
1978-10-14,186,Wings,"London Town",14,219551.071428571
1978-10-14,187,"Shaun Cassidy","Shaun Cassidy",10,181727.2
1978-10-14,188,KISS,"Double Platinum",20,208864.0
1978-10-14,189,Jarreau,"All Fly Home",9,261626.444444444
1978-10-14,190,"High Inergy","Steppin' Out",,
1978-10-14,191,"Rod Stewart","Foot Loose + Fancy Free",8,334894.75
1978-10-14,192,"Captain & Tennille",Dream,11,199997.0
1978-10-14,193,"Leon Russell",Americana,10,196654.4
1978-10-14,194,AC/DC,Powerage,9,266022.0
1978-10-14,195,Heatwave,"Central Heating",9,277429.333333333
1978-10-14,196,"Bee Gees","Here At Last...Bee Gees...Live",18,281001.333333333
1978-10-14,197,"The Trammps","Best Of Trammps",20,288260.35
1978-10-14,198,"Le Roux","Louisiana's Le Roux",,
1978-10-14,199,"Sammy Hagar","All Night Long",7,344890.0
1978-10-14,200,Eagles,"Hotel California",9,340131.666666667
1978-10-21,1,Soundtrack,Grease,21,201416.80952381
1978-10-21,2,"The Who","Who Are You",14,245920.5
1978-10-21,3,Boston,"Don't Look Back",8,285179.5
1978-10-21,4,"Linda Ronstadt","Living In The U.S.A.",,
1978-10-21,5,Foreigner,"Double Vision",12,227267.583333333
1978-10-21,6,"Donna Summer","Live And More",13,349835.461538462
1978-10-21,7,"Kenny Loggins",Nightwatch,9,275975.777777778
1978-10-21,8,"Fogelberg And Weisberg","Twin Sons Of Different Mothers",,
1978-10-21,9,"The Rolling Stones","Some Girls",10,254173.0
1978-10-21,10,Styx,"Pieces Of Eight",10,255879.8
1978-10-21,11,"Billy Joel","The Stranger",21,296449.238095238
1978-10-21,12,Commodores,"Natural High",8,311567.875
1978-10-21,13,"Bob Seger","Stranger In Town",9,265499.666666667
1978-10-21,14,Foxy,"Get Off",1,341293.0
1978-10-21,15,Exile,"Mixed Emotion",,
1978-10-21,16,"Lynyrd Skynyrd","Skynyrd's First And...last",,
1978-10-21,17,"Little River Band","Sleeper Catcher",9,281811.555555556
1978-10-21,18,"A Taste Of Honey","A Taste Of Honey",9,256659.222222222
1978-10-21,19,"Rick James","Come Get It",9,327245.666666667
1978-10-21,20,"Chuck Mangione","Children Of Sanchez",15,399926.733333333
1978-10-21,21,"Ashford & Simpson","Is It Still Good To Ya",8,257094.625
1978-10-21,22,Yes,Tormato,17,306631.117647059
1978-10-21,23,Funkadelic,"One Nation Under A Groove",,
1978-10-21,24,Soundtrack,"Sgt. Peppers Lonely Hearts Club Band",,
1978-10-21,25,"The Cars","The Cars",9,245536.0
1978-10-21,26,"Betty Wright","Betty Wright Live",1,580413.0
1978-10-21,27,Soundtrack,"Saturday Night Fever",21,224416.142857143
1978-10-21,28,"Al Stewart","Time Passages",9,359835.555555556
1978-10-21,29,Sylvester,"Step II",7,303832.0
1978-10-21,30,Heart,"Dog And Butterfly",8,324923.0
1978-10-21,31,"Anne Murray","Let's Keep It That Way",10,197442.3
1978-10-21,32,Chicago,"Hot Streets",11,258734.545454545
1978-10-21,33,"Daryl Hall John Oates","Along The Red Ledge",10,222391.8
1978-10-21,34,"The Brothers Johnson",Blam,9,232992.222222222
1978-10-21,35,"Meat Loaf","Bat Out Of Hell",7,408818.857142857
1978-10-21,36,"Dolly Parton",Heartbreaker,10,193170.4
1978-10-21,37,"Robin Trower","Caravan To Midnight",9,257053.0
1978-10-21,38,"Rose Royce","Rose Royce III/Strikes Again!",9,261704.888888889
1978-10-21,39,"Gerry Rafferty","City To City",10,319864.9
1978-10-21,40,"Steely Dan",Aja,7,343028.142857143
1978-10-21,41,"Jean Luc Ponty","Cosmic Messenger",8,283358.0
1978-10-21,42,"Talking Heads","More Songs About Buildings And Food",15,236991.733333333
1978-10-21,43,"Village People","Macho Man",2,316619.5
1978-10-21,44,"Stephen Bishop",Bish,13,220502.307692308
1978-10-21,45,Player,"Danger Zone",,
1978-10-21,46,Ambrosia,"Life Beyond L.a.",10,247026.3
1978-10-21,47,"Gino Vannelli","Brother To Brother",9,297670.555555556
1978-10-21,48,Soundtrack,"The Wiz",18,179936.0
1978-10-21,49,"Barry Manilow","Even Now",14,220591.428571429
1978-10-21,50,"KC And The Sunshine Band","Who Do Ya Love",8,241756.375
1978-10-21,51,"Pablo Cruise","Worlds Away",9,266353.777777778
1978-10-21,52,"The Atlanta Rhythm Section","Champagne Jam",8,257114.625
1978-10-21,53,"Teddy Pendergrass","Life Is A Song Worth Singing",9,312602.333333333
1978-10-21,54,"Evelyn ""Champagne"" King","Smooth Talk",,
1978-10-21,55,"The Beatles","Sgt. Pepper's Lonely Hearts Club Band",13,186493.923076923
1978-10-21,56,"Gene Simmons","Gene Simmons",11,219447.090909091
1978-10-21,57,Switch,Switch,1,207071.0
1978-10-21,58,"Nick Gilder","City Nights",,
1978-10-21,59,"Roy Ayers","You Send Me",8,361479.625
1978-10-21,60,"Andy Gibb","Shadow Dancing",10,247935.8
1978-10-21,61,"Blue Oyster Cult","Some Enchanted Evening",7,325995.857142857
1978-10-21,62,"Van Halen","Van Halen",11,214083.545454545
1978-10-21,63,"Jethro Tull","Jethro Tull Live - Bursting Out",,
1978-10-21,64,"Bruce Springsteen","Darkness On The Edge Of Town",10,256567.7
1978-10-21,65,"Ace Frehley","Ace Frehley",9,226448.555555556
1978-10-21,66,"Joe Walsh","But Seriously Folks",8,265178.125
1978-10-21,67,"Paul Stanley","Paul Stanley",9,235017.555555556
1978-10-21,68,"Atlantic Starr","Atlantic Starr",12,299117.333333333
1978-10-21,69,"Chuck Mangione","Feels So Good",6,394279.5
1978-10-21,70,"Gil Scott-Heron",Secrets,,
1978-10-21,71,"Ohio Players",Jass-ay-lay-dee,6,371259.666666667
1978-10-21,72,"The Alan Parsons Project",Pyramid,16,211611.3125
1978-10-21,73,"The Fatback Band","Fired Up 'n' Kickin'",,
1978-10-21,74,"Roberta Flack","Roberta Flack",8,243663.25
1978-10-21,75,UFO,Obsession,14,206209.214285714
1978-10-21,76,"Various Artists","Sesame Street Fever",,
1978-10-21,77,"Peter Criss","Peter Criss",10,260209.5
1978-10-21,78,"Peter Brown","Fantasy Love Affair",8,280169.625
1978-10-21,79,Soundtrack,"Animal House",,
1978-10-21,80,"Joe Cocker","Luxury You Can Afford",11,229157.181818182
1978-10-21,81,"Shaun Cassidy","Under Raps",,
1978-10-21,82,"Chris Rea","What Ever Happened To Benny Santini",,
1978-10-21,83,10cc,"Bloody Tourists",13,246964.692307692
1978-10-21,84,Boston,Boston,8,273423.0
1978-10-21,85,"Hamilton Bohannon","Summertime Groove",,
1978-10-21,86,"Crystal Gayle","When I Dream",12,185598.583333333
1978-10-21,87,"Carly Simon","Boys In The Trees",11,197341.454545455
1978-10-21,88,Meco,"The Wizard Of Oz",,
1978-10-21,89,"Lee Oskar","Before The Rain",7,419203.428571429
1978-10-21,90,"Eddie Money","Eddie Money",10,205046.3
1978-10-21,91,"The Beatles","The Beatles [White Album]",107,
1978-10-21,92,"Jefferson Starship",Earth,9,293372.777777778
1978-10-21,93,"Barbra Streisand",Songbird,10,229055.6
1978-10-21,94,"Cheap Trick","Heaven Tonight",11,236886.909090909
1978-10-21,95,"Natalie Cole","Natalie Live",16,342361.0625
1978-10-21,96,"The O'Jays","So Full Of Love",8,271397.875
1978-10-21,97,"David Bowie",Stage,22,264932.909090909
1978-10-21,98,Musique,"Keep On Jumpin",10,369065.1
1978-10-21,99,"Neil Young","Comes A Time",10,222781.6
1978-10-21,100,"Fleetwood Mac",Rumours,58,
1978-10-21,101,"Village People","Village People",6,286110.5
1978-10-21,102,"Waylon Jennings","I've Always Been Crazy",10,234997.2
1978-10-21,103,"Michael Henderson","In The Night Time",8,292143.0
1978-10-21,104,"The Beatles","The Beatles 1967-1970",28,214094.392857143
1978-10-21,105,"Village People","Cruisin'",6,357526.333333333
1978-10-21,106,"Todd Rundgren","Hermit Of Mink Hollow",12,185213.0
1978-10-21,107,Blondie,"Parallel Lines",12,196634.833333333
1978-10-21,108,"Willie Nelson",Stardust,10,219051.7
1978-10-21,109,"Electric Light Orchestra","Out Of The Blue",17,250202.705882353
1978-10-21,110,"Van Morrison",Wavelength,11,339876.0
1978-10-21,111,Journey,Infinity,10,218869.0
1978-10-21,112,"Grover Washington, Jr.","Reed Seed",7,340498.714285714
1978-10-21,113,"Diana Ross",Ross,29,242630.448275862
1978-10-21,114,Chanson,Chanson,18,226120.777777778
1978-10-21,115,"David Gilmour","David Gilmore",,
1978-10-21,116,"Alicia Bridges","Alicia Bridges",10,257098.3
1978-10-21,117,"Lenny Williams","Spark Of Love",11,302353.454545455
1978-10-21,118,"Dan Hill","Frozen In The Night",11,233853.090909091
1978-10-21,119,"City Boy","Book Early",24,215544.125
1978-10-21,120,"Janis Ian","Janis Ian (II)",12,224041.916666667
1978-10-21,121,"Maynard Ferguson",Carnival,8,342124.625
1978-10-21,122,Heart,"Dreamboat Annie",10,239639.6
1978-10-21,123,"Pat Metheny Group","Pat Metheny Group",7,410464.285714286
1978-10-21,124,"The Salsoul Orchestra","Greatest Disco Hits/Music For Non-Stop Dancing",,
1978-10-21,125,"Michael Stanley Band","Cabin Fever",11,227641.0
1978-10-21,126,"Tom Petty And The Heartbreakers","You're Gonna' Get It",10,179354.5
1978-10-21,127,"The Beatles","The Beatles 1962-1966",26,144768.346153846
1978-10-21,128,"Michael Johnson","The Michael Johnson Album",,
1978-10-21,129,ABBA,"The Album",10,267333.1
1978-10-21,130,"Donna Summer","Once Upon A Time",16,256053.625
1978-10-21,131,Soundtrack,"Thank God It's Friday",,
1978-10-21,132,Soundtrack,"The Rocky Horror Picture Show",16,201972.9375
1978-10-21,133,"Bay City Rollers","Strangers In The Wind",11,230878.363636364
1978-10-21,134,"Boney M","Night Flight To Venus",,
1978-10-21,135,"Bob Seger & The Silver Bullet Band","'Live' Bullet",15,293876.0
1978-10-21,136,"Stanley Turrentine","What About You",,
1978-10-21,137,"The Sylvers","Forever Yours",,
1978-10-21,138,"The Mc Crarys","Loving Is Living",,
1978-10-21,139,Styx,"The Grand Illusion",8,312237.875
1978-10-21,140,Jarreau,"All Fly Home",9,261626.444444444
1978-10-21,141,"Jeff Wayne/Various Artists","The War Of The Worlds",,
1978-10-21,142,"Mother's Finest","Mother Factor",9,244946.222222222
1978-10-21,143,"Leo Kottke","Burnt Lips",,
1978-10-21,144,"Don Ray","Garden Of Love",6,373000.0
1978-10-21,145,"Gladys Knight And The Pips","The One And Only",17,271665.411764706
1978-10-21,146,"Toby Beau","Toby Beau",1,222666.0
1978-10-21,147,"Norma Jean","Norma Jean",1,193911.0
1978-10-21,148,"Peter, Paul & Mary",Reunion,9,296513.666666667
1978-10-21,149,"Dave Mason","Mariposa Do Ora",,
1978-10-21,150,"The Ramones","Road To Ruin",17,147223.176470588
1978-10-21,151,"The Marshall Tucker Band","Greatest Hit's",,
1978-10-21,152,"Jackson Browne","Running On Empty",10,260547.7
1978-10-21,153,"Leo Sayer","Leo Sayer",10,215787.6
1978-10-21,154,"Pink Floyd","The Dark Side Of The Moon",10,257363.2
1978-10-21,155,"The Crusaders",Images,7,340704.428571429
1978-10-21,156,LTD,Togetherness,10,232853.0
1978-10-21,157,"Quincy Jones","Sounds...And Stuff Like That!!",7,308196.0
1978-10-21,158,"Walter Egan","Not Shy",10,212195.7
1978-10-21,159,"Marilyn McCoo & Billy Davis, Jr.","Marilyn + Billy",11,258016.636363636
1978-10-21,160,"The Beach Boys","M,i,u Album",,
1978-10-21,161,ConFunkShun,"Love Shine",,
1978-10-21,162,"Pat Travers","Heat In The Street",8,277888.125
1978-10-21,163,Synergy,Cords,10,247713.8
1978-10-21,164,"Eric Clapton",Slowhand,27,280855.407407407
1978-10-21,165,"Chuck Mangione","The Best Of Chuck Mangione",10,444489.7
1978-10-21,166,"Banda Machos","I'm A Man",,
1978-10-21,167,Foreigner,Foreigner,12,240737.833333333
1978-10-21,168,"Billy Cobham","Simplicity Of Expression,depth Of Thought",,
1978-10-21,169,"B.B. King","Midnight Believer",7,285946.571428571
1978-10-21,170,"Rita Coolidge","Love Me Again",1,219026.0
1978-10-21,171,"Greg Kihn Band","Next Of Kihn",8,272849.625
1978-10-21,172,"McCoy Tyner","The Greeting",5,563146.2
1978-10-21,173,Foghat,"Stone Blue",8,270518.0
1978-10-21,174,"Larry Carlton","Larry Carlton",8,334166.25
1978-10-21,175,"Jimi Hendrix","The Essential Jimi Hendrix",,
1978-10-21,176,"Johnny Mathis And Deniece Williams","That's What Friends Are For",,
1978-10-21,177,KISS,"Double Platinum",20,208864.0
1978-10-21,178,"Steve Martin","Lets Get Small",10,228936.9
1978-10-21,179,"The Emotions",Sunbeam,11,200182.727272727
1978-10-21,180,Soundtrack,"Battlestar Galacticia",,
1978-10-21,181,"George Benson","Weekend In L.a.",11,451363.727272727
1978-10-21,182,"Frank Zappa","Studio Tan",4,591886.25
1978-10-21,183,"Original Cast","Ain't Misbehavin'",25,218963.4
1978-10-21,184,"The Kinks",Misfits,11,245861.363636364
1978-10-21,185,"Millie Jackson","Get It Outcha System",,
1978-10-21,186,Slave,"The Concept",7,325887.285714286
1978-10-21,187,Toto,Toto,10,274372.4
1978-10-21,188,"Earth, Wind & Fire","All 'n' All",11,212600.818181818
1978-10-21,189,"Buddy Holly","Buddy Holly & The Crickets 20 Golden Greats",20,
1978-10-21,190,"Ron Carter","A Song For You",,
1978-10-21,191,"The Moody Blues",Octave,15,290897.4
1978-10-21,192,"Captain & Tennille",Dream,11,199997.0
1978-10-21,193,"Bob Dylan","Street Legal",9,330368.555555556
1978-10-21,194,"Cheryl Ladd","Cheryl Ladd",1,171119.0
1978-10-21,195,"Bee Gees","Here At Last...Bee Gees...Live",18,281001.333333333
1978-10-21,196,Wings,"London Town",14,219551.071428571
1978-10-21,197,"Chick Corea",Friends,8,458368.0
1978-10-21,198,Eagles,"Hotel California",9,340131.666666667
1978-10-21,199,"Jimmy Buffett","Son Of A Son Of A Sailor",9,234222.0
1978-10-21,200,"REO Speedwagon","You Can Tune A Piano But You Can't Tune A Fish",9,224461.777777778
1978-10-28,1,Soundtrack,Grease,21,201416.80952381
1978-10-28,2,"The Who","Who Are You",14,245920.5
1978-10-28,3,"Linda Ronstadt","Living In The U.S.A.",,
1978-10-28,4,Boston,"Don't Look Back",8,285179.5
1978-10-28,5,"Donna Summer","Live And More",13,349835.461538462
1978-10-28,6,Foreigner,"Double Vision",12,227267.583333333
1978-10-28,7,"Kenny Loggins",Nightwatch,9,275975.777777778
1978-10-28,8,"Fogelberg And Weisberg","Twin Sons Of Different Mothers",,
1978-10-28,9,Styx,"Pieces Of Eight",10,255879.8
1978-10-28,10,"The Rolling Stones","Some Girls",10,254173.0
1978-10-28,11,"Billy Joel","The Stranger",21,296449.238095238
1978-10-28,12,"Bob Seger","Stranger In Town",9,265499.666666667
1978-10-28,13,Foxy,"Get Off",1,341293.0
1978-10-28,14,Exile,"Mixed Emotion",,
1978-10-28,15,"Lynyrd Skynyrd","Skynyrd's First And...last",,
1978-10-28,16,"Little River Band","Sleeper Catcher",9,281811.555555556
1978-10-28,17,Yes,Tormato,17,306631.117647059
1978-10-28,18,Commodores,"Natural High",8,311567.875
1978-10-28,19,"Chuck Mangione","Children Of Sanchez",15,399926.733333333
1978-10-28,20,"Ashford & Simpson","Is It Still Good To Ya",8,257094.625
1978-10-28,21,Funkadelic,"One Nation Under A Groove",,
1978-10-28,22,"Anne Murray","Let's Keep It That Way",10,197442.3
1978-10-28,23,Heart,"Dog And Butterfly",8,324923.0
1978-10-28,24,"Al Stewart","Time Passages",9,359835.555555556
1978-10-28,25,"Rick James","Come Get It",9,327245.666666667
1978-10-28,26,Chicago,"Hot Streets",11,258734.545454545
1978-10-28,27,"A Taste Of Honey","A Taste Of Honey",9,256659.222222222
1978-10-28,28,Sylvester,"Step II",7,303832.0
1978-10-28,29,"Daryl Hall John Oates","Along The Red Ledge",10,222391.8
1978-10-28,30,"The Cars","The Cars",9,245536.0
1978-10-28,31,"Neil Young","Comes A Time",10,222781.6
1978-10-28,32,Soundtrack,"Sgt. Peppers Lonely Hearts Club Band",,
1978-10-28,33,"Dolly Parton",Heartbreaker,10,193170.4
1978-10-28,34,"Meat Loaf","Bat Out Of Hell",7,408818.857142857
1978-10-28,35,"Jethro Tull","Jethro Tull Live - Bursting Out",,
1978-10-28,36,"Talking Heads","More Songs About Buildings And Food",15,236991.733333333
1978-10-28,37,"Robin Trower","Caravan To Midnight",9,257053.0
1978-10-28,38,"Rose Royce","Rose Royce III/Strikes Again!",9,261704.888888889
1978-10-28,39,"Gerry Rafferty","City To City",10,319864.9
1978-10-28,40,"Jean Luc Ponty","Cosmic Messenger",8,283358.0
1978-10-28,41,"Stephen Bishop",Bish,13,220502.307692308
1978-10-28,42,Player,"Danger Zone",,
1978-10-28,43,Ambrosia,"Life Beyond L.a.",10,247026.3
1978-10-28,44,"Gino Vannelli","Brother To Brother",9,297670.555555556
1978-10-28,45,Soundtrack,"The Wiz",18,179936.0
1978-10-28,46,"Gene Simmons","Gene Simmons",11,219447.090909091
1978-10-28,47,"Nick Gilder","City Nights",,
1978-10-28,48,Switch,Switch,1,207071.0
1978-10-28,49,"Barry Manilow","Even Now",14,220591.428571429
1978-10-28,50,"Van Morrison",Wavelength,11,339876.0
1978-10-28,51,"Blue Oyster Cult","Some Enchanted Evening",7,325995.857142857
1978-10-28,52,"The Atlanta Rhythm Section","Champagne Jam",8,257114.625
1978-10-28,53,"Village People","Macho Man",2,316619.5
1978-10-28,54,Soundtrack,"Saturday Night Fever",21,224416.142857143
1978-10-28,55,"Ace Frehley","Ace Frehley",9,226448.555555556
1978-10-28,56,"Betty Wright","Betty Wright Live",1,580413.0
1978-10-28,57,"Paul Stanley","Paul Stanley",9,235017.555555556
1978-10-28,58,"Pablo Cruise","Worlds Away",9,266353.777777778
1978-10-28,59,"Peter Criss","Peter Criss",10,260209.5
1978-10-28,60,"Grover Washington, Jr.","Reed Seed",7,340498.714285714
1978-10-28,61,"KC And The Sunshine Band","Who Do Ya Love",8,241756.375
1978-10-28,62,"Van Halen","Van Halen",11,214083.545454545
1978-10-28,63,"Billy Joel","52nd Street",9,269528.555555556
1978-10-28,64,"Waylon Jennings","I've Always Been Crazy",10,234997.2
1978-10-28,65,"Andy Gibb","Shadow Dancing",10,247935.8
1978-10-28,66,"David Bowie",Stage,22,264932.909090909
1978-10-28,67,"Atlantic Starr","Atlantic Starr",12,299117.333333333
1978-10-28,68,"Peter Brown","Fantasy Love Affair",8,280169.625
1978-10-28,69,"Chuck Mangione","Feels So Good",6,394279.5
1978-10-28,70,"Gil Scott-Heron",Secrets,,
1978-10-28,71,"Village People","Cruisin'",6,357526.333333333
1978-10-28,72,Soundtrack,"Animal House",,
1978-10-28,73,10cc,"Bloody Tourists",13,246964.692307692
1978-10-28,74,"Hamilton Bohannon","Summertime Groove",,
1978-10-28,75,"Various Artists","Sesame Street Fever",,
1978-10-28,76,"The Brothers Johnson",Blam,9,232992.222222222
1978-10-28,77,Meco,"The Wizard Of Oz",,
1978-10-28,78,"Joe Cocker","Luxury You Can Afford",11,229157.181818182
1978-10-28,79,"Weather Report",Mr.gone,,
1978-10-28,80,"Crystal Gayle","When I Dream",12,185598.583333333
1978-10-28,81,"Barry White","Barry White The Man",7,399546.428571429
1978-10-28,82,Boston,Boston,8,273423.0
1978-10-28,83,"Steely Dan",Aja,7,343028.142857143
1978-10-28,84,UFO,Obsession,14,206209.214285714
1978-10-28,85,"Teddy Pendergrass","Life Is A Song Worth Singing",9,312602.333333333
1978-10-28,86,"Lee Oskar","Before The Rain",7,419203.428571429
1978-10-28,87,"Carly Simon","Boys In The Trees",11,197341.454545455
1978-10-28,88,Musique,"Keep On Jumpin",10,369065.1
1978-10-28,89,"The Beatles","The Beatles [White Album]",107,
1978-10-28,90,"Diana Ross",Ross,29,242630.448275862
1978-10-28,91,"Barbra Streisand",Songbird,10,229055.6
1978-10-28,92,"Jefferson Starship",Earth,9,293372.777777778
1978-10-28,93,"Joe Walsh","The Best Of Joe Walsh",10,269218.4
1978-10-28,94,"Bruce Springsteen","Darkness On The Edge Of Town",10,256567.7
1978-10-28,95,"Alicia Bridges","Alicia Bridges",10,257098.3
1978-10-28,96,Blondie,"Parallel Lines",12,196634.833333333
1978-10-28,97,"Willie Nelson",Stardust,10,219051.7
1978-10-28,98,"Fleetwood Mac",Rumours,58,
1978-10-28,99,"Village People","Village People",6,286110.5
1978-10-28,100,Pockets,"Take It On Up",11,235706.454545455
1978-10-28,101,"Michael Henderson","In The Night Time",8,292143.0
1978-10-28,102,"Evelyn ""Champagne"" King","Smooth Talk",,
1978-10-28,103,"The Beatles","Sgt. Pepper's Lonely Hearts Club Band",13,186493.923076923
1978-10-28,104,Chanson,Chanson,18,226120.777777778
1978-10-28,105,"Electric Light Orchestra","Out Of The Blue",17,250202.705882353
1978-10-28,106,"Lenny Williams","Spark Of Love",11,302353.454545455
1978-10-28,107,"Joe Walsh","But Seriously Folks",8,265178.125
1978-10-28,108,"Black Sabbath","Never Say Die",9,312586.888888889
1978-10-28,109,Journey,Infinity,10,218869.0
1978-10-28,110,"Eddie Money","Eddie Money",10,205046.3
1978-10-28,111,"Pat Travers","Heat In The Street",8,277888.125
1978-10-28,112,"The Marshall Tucker Band","Greatest Hit's",,
1978-10-28,113,Jarreau,"All Fly Home",9,261626.444444444
1978-10-28,114,"The Salsoul Orchestra","Greatest Disco Hits/Music For Non-Stop Dancing",,
1978-10-28,115,"City Boy","Book Early",24,215544.125
1978-10-28,116,"Maynard Ferguson",Carnival,8,342124.625
1978-10-28,117,"Peter, Paul & Mary",Reunion,9,296513.666666667
1978-10-28,118,"Stanley Turrentine","What About You",,
1978-10-28,119,Heart,"Dreamboat Annie",10,239639.6
1978-10-28,120,"Janis Ian","Janis Ian (II)",12,224041.916666667
1978-10-28,121,"Shaun Cassidy","Under Raps",,
1978-10-28,122,Soundtrack,"The Rocky Horror Picture Show",16,201972.9375
1978-10-28,123,"Michael Johnson","The Michael Johnson Album",,
1978-10-28,124,"The Beatles","The Beatles 1962-1966",26,144768.346153846
1978-10-28,125,"Michael Stanley Band","Cabin Fever",11,227641.0
1978-10-28,126,"Tom Petty And The Heartbreakers","You're Gonna' Get It",10,179354.5
1978-10-28,127,ABBA,"The Album",10,267333.1
1978-10-28,128,"Roy Ayers","You Send Me",8,361479.625
1978-10-28,129,"Bay City Rollers","Strangers In The Wind",11,230878.363636364
1978-10-28,130,"Donna Summer","Once Upon A Time",16,256053.625
1978-10-28,131,"Bob Seger & The Silver Bullet Band","'Live' Bullet",15,293876.0
1978-10-28,132,"The Sylvers","Forever Yours",,
1978-10-28,133,"Don Ray","Garden Of Love",6,373000.0
1978-10-28,134,"Boney M","Night Flight To Venus",,
1978-10-28,135,Styx,"The Grand Illusion",8,312237.875
1978-10-28,136,"Jeff Wayne/Various Artists","The War Of The Worlds",,
1978-10-28,137,"Mother's Finest","Mother Factor",9,244946.222222222
1978-10-28,138,"The Mc Crarys","Loving Is Living",,
1978-10-28,139,"The Ramones","Road To Ruin",17,147223.176470588
1978-10-28,140,"Phoebe Snow","Against The Grain",,
1978-10-28,141,"Toby Beau","Toby Beau",1,222666.0
1978-10-28,142,Soundtrack,"Thank God It's Friday",,
1978-10-28,143,"Jackson Browne","Running On Empty",10,260547.7
1978-10-28,144,"The Alan Parsons Project",Pyramid,16,211611.3125
1978-10-28,145,"Norma Jean","Norma Jean",1,193911.0
1978-10-28,146,"Leo Kottke","Burnt Lips",,
1978-10-28,147,LTD,Togetherness,10,232853.0
1978-10-28,148,"Marilyn McCoo & Billy Davis, Jr.","Marilyn + Billy",11,258016.636363636
1978-10-28,149,"Dave Mason","Mariposa Do Ora",,
1978-10-28,150,"Walter Egan","Not Shy",10,212195.7
1978-10-28,151,"The Beach Boys","M,i,u Album",,
1978-10-28,152,"Quincy Jones","Sounds...And Stuff Like That!!",7,308196.0
1978-10-28,153,ConFunkShun,"Love Shine",,
1978-10-28,154,"Pink Floyd","The Dark Side Of The Moon",10,257363.2
1978-10-28,155,"The Crusaders",Images,7,340704.428571429
1978-10-28,156,"Banda Machos","I'm A Man",,
1978-10-28,157,Firefall,Elan,13,235476.384615385
1978-10-28,158,"The O'Jays","So Full Of Love",8,271397.875
1978-10-28,159,"Eric Carmen","Change Of Heart",9,198341.888888889
1978-10-28,160,"Sea Level","On The Edge",8,264544.625
1978-10-28,161,"Ohio Players",Jass-ay-lay-dee,6,371259.666666667
1978-10-28,162,"David Crosby/Graham Nash","The Best Of Crosby/Nash",,
1978-10-28,163,"Greg Kihn Band","Next Of Kihn",8,272849.625
1978-10-28,164,"Eric Clapton",Slowhand,27,280855.407407407
1978-10-28,165,Foreigner,Foreigner,12,240737.833333333
1978-10-28,166,"Billy Cobham","Simplicity Of Expression,depth Of Thought",,
1978-10-28,167,"Rita Coolidge","Love Me Again",1,219026.0
1978-10-28,168,Soundtrack,"Battlestar Galacticia",,
1978-10-28,169,"B.B. King","Midnight Believer",7,285946.571428571
1978-10-28,170,"McCoy Tyner","The Greeting",5,563146.2
1978-10-28,171,"Steve Martin","Lets Get Small",10,228936.9
1978-10-28,172,"The Emotions",Sunbeam,11,200182.727272727
1978-10-28,173,"Johnny Guitar Watson",Giant,,
1978-10-28,174,"Frank Zappa","Studio Tan",4,591886.25
1978-10-28,175,"Jimi Hendrix","The Essential Jimi Hendrix",,
1978-10-28,176,Toto,Toto,10,274372.4
1978-10-28,177,KISS,"Double Platinum",20,208864.0
1978-10-28,178,"The Fatback Band","Fired Up 'n' Kickin'",,
1978-10-28,179,"George Benson","Weekend In L.a.",11,451363.727272727
1978-10-28,180,"Ron Carter","A Song For You",,
1978-10-28,181,"Ramsey Lewis",Legacy,6,424075.166666667
1978-10-28,182,"Roberta Flack","Roberta Flack",8,243663.25
1978-10-28,183,"The Moody Blues",Octave,15,290897.4
1978-10-28,184,"Bob Dylan","Street Legal",9,330368.555555556
1978-10-28,185,"Captain & Tennille",Dream,11,199997.0
1978-10-28,186,"Johnny Mathis And Deniece Williams","That's What Friends Are For",,
1978-10-28,187,Devo,"Q: Are We Not Men? A: We Are Devo!",11,202249.272727273
1978-10-28,188,"Chris Rea","What Ever Happened To Benny Santini",,
1978-10-28,189,"Dave Mason","The Very Best Of Dave Mason",10,247331.8
1978-10-28,190,Prince,"For You",9,195572.777777778
1978-10-28,191,"Bee Gees","Here At Last...Bee Gees...Live",18,281001.333333333
1978-10-28,192,"Cheap Trick","Heaven Tonight",11,236886.909090909
1978-10-28,193,"Natalie Cole","Natalie Live",16,342361.0625
1978-10-28,194,"The Beatles","The Beatles 1967-1970",28,214094.392857143
1978-10-28,195,"Todd Rundgren","Hermit Of Mink Hollow",12,185213.0
1978-10-28,196,"David Gilmour","David Gilmore",,
1978-10-28,197,"Dan Hill","Frozen In The Night",11,233853.090909091
1978-10-28,198,"Pat Metheny Group","Pat Metheny Group",7,410464.285714286
1978-10-28,199,"Larry Carlton","Larry Carlton",8,334166.25
1978-10-28,200,"Leo Sayer","Leo Sayer",10,215787.6
1978-11-04,1,"Linda Ronstadt","Living In The U.S.A.",,
1978-11-04,2,Soundtrack,Grease,21,201416.80952381
1978-11-04,3,"Donna Summer","Live And More",13,349835.461538462
1978-11-04,4,"The Who","Who Are You",14,245920.5
1978-11-04,5,Foreigner,"Double Vision",12,227267.583333333
1978-11-04,6,Boston,"Don't Look Back",8,285179.5
1978-11-04,7,"Kenny Loggins",Nightwatch,9,275975.777777778
1978-11-04,8,Styx,"Pieces Of Eight",10,255879.8
1978-11-04,9,"Fogelberg And Weisberg","Twin Sons Of Different Mothers",,
1978-11-04,10,"The Rolling Stones","Some Girls",10,254173.0
1978-11-04,11,"Bob Seger","Stranger In Town",9,265499.666666667
1978-11-04,12,Foxy,"Get Off",1,341293.0
1978-11-04,13,Yes,Tormato,17,306631.117647059
1978-11-04,14,Exile,"Mixed Emotion",,
1978-11-04,15,"Lynyrd Skynyrd","Skynyrd's First And...last",,
1978-11-04,16,"Little River Band","Sleeper Catcher",9,281811.555555556
1978-11-04,17,"Billy Joel","52nd Street",9,269528.555555556
1978-11-04,18,"Chuck Mangione","Children Of Sanchez",15,399926.733333333
1978-11-04,19,Funkadelic,"One Nation Under A Groove",,
1978-11-04,20,"Anne Murray","Let's Keep It That Way",10,197442.3
1978-11-04,21,Chicago,"Hot Streets",11,258734.545454545
1978-11-04,22,Heart,"Dog And Butterfly",8,324923.0
1978-11-04,23,"Al Stewart","Time Passages",9,359835.555555556
1978-11-04,24,"Billy Joel","The Stranger",21,296449.238095238
1978-11-04,25,"Ashford & Simpson","Is It Still Good To Ya",8,257094.625
1978-11-04,26,"Neil Young","Comes A Time",10,222781.6
1978-11-04,27,"Daryl Hall John Oates","Along The Red Ledge",10,222391.8
1978-11-04,28,"Gino Vannelli","Brother To Brother",9,297670.555555556
1978-11-04,29,"Jethro Tull","Jethro Tull Live - Bursting Out",,
1978-11-04,30,Sylvester,"Step II",7,303832.0
1978-11-04,31,Commodores,"Natural High",8,311567.875
1978-11-04,32,"Dolly Parton",Heartbreaker,10,193170.4
1978-11-04,33,"Meat Loaf","Bat Out Of Hell",7,408818.857142857
1978-11-04,34,"Talking Heads","More Songs About Buildings And Food",15,236991.733333333
1978-11-04,35,"Rick James","Come Get It",9,327245.666666667
1978-11-04,36,"Jean Luc Ponty","Cosmic Messenger",8,283358.0
1978-11-04,37,Ambrosia,"Life Beyond L.a.",10,247026.3
1978-11-04,38,Player,"Danger Zone",,
1978-11-04,39,"Gerry Rafferty","City To City",10,319864.9
1978-11-04,40,"Stephen Bishop",Bish,13,220502.307692308
1978-11-04,41,Soundtrack,"The Wiz",18,179936.0
1978-11-04,42,"Gene Simmons","Gene Simmons",11,219447.090909091
1978-11-04,43,"Nick Gilder","City Nights",,
1978-11-04,44,Switch,Switch,1,207071.0
1978-11-04,45,"Grover Washington, Jr.","Reed Seed",7,340498.714285714
1978-11-04,46,"Van Morrison",Wavelength,11,339876.0
1978-11-04,47,"Blue Oyster Cult","Some Enchanted Evening",7,325995.857142857
1978-11-04,48,Santana,"Inner Secrets",9,293153.888888889
1978-11-04,49,"Barry Manilow","Even Now",14,220591.428571429
1978-11-04,50,"Ace Frehley","Ace Frehley",9,226448.555555556
1978-11-04,51,"Paul Stanley","Paul Stanley",9,235017.555555556
1978-11-04,52,"The Atlanta Rhythm Section","Champagne Jam",8,257114.625
1978-11-04,53,"Peter Criss","Peter Criss",10,260209.5
1978-11-04,54,"Robin Trower","Caravan To Midnight",9,257053.0
1978-11-04,55,"Pablo Cruise","Worlds Away",9,266353.777777778
1978-11-04,56,Soundtrack,"Saturday Night Fever",21,224416.142857143
1978-11-04,57,"Waylon Jennings","I've Always Been Crazy",10,234997.2
1978-11-04,58,"Village People","Cruisin'",6,357526.333333333
1978-11-04,59,"Andy Gibb","Shadow Dancing",10,247935.8
1978-11-04,60,"David Bowie",Stage,22,264932.909090909
1978-11-04,61,"Van Halen","Van Halen",11,214083.545454545
1978-11-04,62,"A Taste Of Honey","A Taste Of Honey",9,256659.222222222
1978-11-04,63,"The Cars","The Cars",9,245536.0
1978-11-04,64,"Barry White","Barry White The Man",7,399546.428571429
1978-11-04,65,Firefall,Elan,13,235476.384615385
1978-11-04,66,"Hamilton Bohannon","Summertime Groove",,
1978-11-04,67,"Peter Brown","Fantasy Love Affair",8,280169.625
1978-11-04,68,Meco,"The Wizard Of Oz",,
1978-11-04,69,"Weather Report",Mr.gone,,
1978-11-04,70,"Gil Scott-Heron",Secrets,,
1978-11-04,71,Soundtrack,"Animal House",,
1978-11-04,72,10cc,"Bloody Tourists",13,246964.692307692
1978-11-04,73,Soundtrack,"Sgt. Peppers Lonely Hearts Club Band",,
1978-11-04,74,"Rose Royce","Rose Royce III/Strikes Again!",9,261704.888888889
1978-11-04,75,"Steve Martin","A Wild And Crazy Guy",10,237882.3
1978-11-04,76,"Joe Cocker","Luxury You Can Afford",11,229157.181818182
1978-11-04,77,"Village People","Macho Man",2,316619.5
1978-11-04,78,"Diana Ross",Ross,29,242630.448275862
1978-11-04,79,"Crystal Gayle","When I Dream",12,185598.583333333
1978-11-04,80,Boston,Boston,8,273423.0
1978-11-04,81,"Betty Wright","Betty Wright Live",1,580413.0
1978-11-04,82,Musique,"Keep On Jumpin",10,369065.1
1978-11-04,83,"Steely Dan",Aja,7,343028.142857143
1978-11-04,84,"Chuck Mangione","Feels So Good",6,394279.5
1978-11-04,85,"Joe Walsh","The Best Of Joe Walsh",10,269218.4
1978-11-04,86,"Atlantic Starr","Atlantic Starr",12,299117.333333333
1978-11-04,87,"Alicia Bridges","Alicia Bridges",10,257098.3
1978-11-04,88,"KC And The Sunshine Band","Who Do Ya Love",8,241756.375
1978-11-04,89,Pockets,"Take It On Up",11,235706.454545455
1978-11-04,90,Jarreau,"All Fly Home",9,261626.444444444
1978-11-04,91,Blondie,"Parallel Lines",12,196634.833333333
1978-11-04,92,"The Brothers Johnson",Blam,9,232992.222222222
1978-11-04,93,Chanson,Chanson,18,226120.777777778
1978-11-04,94,"Bruce Springsteen","Darkness On The Edge Of Town",10,256567.7
1978-11-04,95,"Teddy Pendergrass","Life Is A Song Worth Singing",9,312602.333333333
1978-11-04,96,"Black Sabbath","Never Say Die",9,312586.888888889
1978-11-04,97,"Willie Nelson",Stardust,10,219051.7
1978-11-04,98,"Fleetwood Mac",Rumours,58,
1978-11-04,99,UFO,Obsession,14,206209.214285714
1978-11-04,100,"Village People","Village People",6,286110.5
1978-11-04,101,"Michael Henderson","In The Night Time",8,292143.0
1978-11-04,102,"Pat Travers","Heat In The Street",8,277888.125
1978-11-04,103,"The Marshall Tucker Band","Greatest Hit's",,
1978-11-04,104,"Lenny Williams","Spark Of Love",11,302353.454545455
1978-11-04,105,"Electric Light Orchestra","Out Of The Blue",17,250202.705882353
1978-11-04,106,Journey,Infinity,10,218869.0
1978-11-04,107,"Joe Walsh","But Seriously Folks",8,265178.125
1978-11-04,108,"Evelyn ""Champagne"" King","Smooth Talk",,
1978-11-04,109,"Peter, Paul & Mary",Reunion,9,296513.666666667
1978-11-04,110,"Stanley Turrentine","What About You",,
1978-11-04,111,"Chaka Khan",Chaka,16,269406.5
1978-11-04,112,"The Salsoul Orchestra","Greatest Disco Hits/Music For Non-Stop Dancing",,
1978-11-04,113,"Elvis Presley","Elvis:a Canadian Tribute",14,
1978-11-04,114,"Maynard Ferguson",Carnival,8,342124.625
1978-11-04,115,"City Boy","Book Early",24,215544.125
1978-11-04,116,"Various Artists","Sesame Street Fever",,
1978-11-04,117,"Lee Oskar","Before The Rain",7,419203.428571429
1978-11-04,118,"The Beatles","Sgt. Pepper's Lonely Hearts Club Band",13,186493.923076923
1978-11-04,119,Soundtrack,"The Rocky Horror Picture Show",16,201972.9375
1978-11-04,120,"Eddie Money","Eddie Money",10,205046.3
1978-11-04,121,"Michael Johnson","The Michael Johnson Album",,
1978-11-04,122,"Ronnie Laws",Flame,,
1978-11-04,123,"Don Ray","Garden Of Love",6,373000.0
1978-11-04,124,"Roy Ayers","You Send Me",8,361479.625
1978-11-04,125,ABBA,"The Album",10,267333.1
1978-11-04,126,"Carly Simon","Boys In The Trees",11,197341.454545455
1978-11-04,127,"The Beatles","The Beatles [White Album]",107,
1978-11-04,128,"The Ramones","Road To Ruin",17,147223.176470588
1978-11-04,129,"Bob Seger & The Silver Bullet Band","'Live' Bullet",15,293876.0
1978-11-04,130,"Donna Summer","Once Upon A Time",16,256053.625
1978-11-04,131,"Mother's Finest","Mother Factor",9,244946.222222222
1978-11-04,132,"Jeff Wayne/Various Artists","The War Of The Worlds",,
1978-11-04,133,"Phoebe Snow","Against The Grain",,
1978-11-04,134,Cameo,"Ugly Ego",8,274824.5
1978-11-04,135,Styx,"The Grand Illusion",8,312237.875
1978-11-04,136,"Tom Petty And The Heartbreakers","You're Gonna' Get It",10,179354.5
1978-11-04,137,"Jefferson Starship",Earth,9,293372.777777778
1978-11-04,138,"Barbra Streisand",Songbird,10,229055.6
1978-11-04,139,"Bay City Rollers","Strangers In The Wind",11,230878.363636364
1978-11-04,140,"Janis Ian","Janis Ian (II)",12,224041.916666667
1978-11-04,141,"Brides Of Funkenstein","Funk Or Walk",7,346491.142857143
1978-11-04,142,"Walter Egan","Not Shy",10,212195.7
1978-11-04,143,"Jackson Browne","Running On Empty",10,260547.7
1978-11-04,144,"The Alan Parsons Project",Pyramid,16,211611.3125
1978-11-04,145,"Michael Stanley Band","Cabin Fever",11,227641.0
1978-11-04,146,"Marilyn McCoo & Billy Davis, Jr.","Marilyn + Billy",11,258016.636363636
1978-11-04,147,LTD,Togetherness,10,232853.0
1978-11-04,148,"Banda Machos","I'm A Man",,
1978-11-04,149,"Eric Carmen","Change Of Heart",9,198341.888888889
1978-11-04,150,"Sea Level","On The Edge",8,264544.625
1978-11-04,151,"The Beach Boys","M,i,u Album",,
1978-11-04,152,"The Sylvers","Forever Yours",,
1978-11-04,153,ConFunkShun,"Love Shine",,
1978-11-04,154,"Boney M","Night Flight To Venus",,
1978-11-04,155,"Pink Floyd","The Dark Side Of The Moon",10,257363.2
1978-11-04,156,"David Crosby/Graham Nash","The Best Of Crosby/Nash",,
1978-11-04,157,Soundtrack,"Battlestar Galacticia",,
1978-11-04,158,"The Mc Crarys","Loving Is Living",,
1978-11-04,159,Foreigner,Foreigner,12,240737.833333333
1978-11-04,160,"The Crusaders",Images,7,340704.428571429
1978-11-04,161,"Shaun Cassidy","Under Raps",,
1978-11-04,162,"Greg Kihn Band","Next Of Kihn",8,272849.625
1978-11-04,163,"Johnny Guitar Watson",Giant,,
1978-11-04,164,"Frank Zappa","Studio Tan",4,591886.25
1978-11-04,165,Soundtrack,"Thank God It's Friday",,
1978-11-04,166,Toto,Toto,10,274372.4
1978-11-04,167,"Rita Coolidge","Love Me Again",1,219026.0
1978-11-04,168,"Steve Martin","Lets Get Small",10,228936.9
1978-11-04,169,"Dave Mason","Mariposa Do Ora",,
1978-11-04,170,"Norma Jean","Norma Jean",1,193911.0
1978-11-04,171,"Ramsey Lewis",Legacy,6,424075.166666667
1978-11-04,172,"The Emotions",Sunbeam,11,200182.727272727
1978-11-04,173,"Eric Clapton",Slowhand,27,280855.407407407
1978-11-04,174,"Leo Kottke","Burnt Lips",,
1978-11-04,175,"Jimi Hendrix","The Essential Jimi Hendrix",,
1978-11-04,176,Devo,"Q: Are We Not Men? A: We Are Devo!",11,202249.272727273
1978-11-04,177,"Bob Dylan","Street Legal",9,330368.555555556
1978-11-04,178,"Ron Carter","A Song For You",,
1978-11-04,179,"The Moody Blues",Octave,15,290897.4
1978-11-04,180,"Roberta Flack","Roberta Flack",8,243663.25
1978-11-04,181,Prince,"For You",9,195572.777777778
1978-11-04,182,"Billy Cobham","Simplicity Of Expression,depth Of Thought",,
1978-11-04,183,"The O'Jays","So Full Of Love",8,271397.875
1978-11-04,184,"Dave Mason","The Very Best Of Dave Mason",10,247331.8
1978-11-04,185,"Captain & Tennille",Dream,11,199997.0
1978-11-04,186,"Johnny Mathis And Deniece Williams","That's What Friends Are For",,
1978-11-04,187,Heart,"Dreamboat Annie",10,239639.6
1978-11-04,188,"The Beatles","The Beatles 1962-1966",26,144768.346153846
1978-11-04,189,"Southside Johnny & The Asbury Jukes","Hearts Of Stone",9,233167.111111111
1978-11-04,190,"Bryan Ferry","The Bride Stripped Bare",10,250749.2
1978-11-04,191,"Leo Sayer","Leo Sayer",10,215787.6
1978-11-04,192,"Cheap Trick","Heaven Tonight",11,236886.909090909
1978-11-04,193,"Toby Beau","Toby Beau",1,222666.0
1978-11-04,194,"Pat Metheny Group","Pat Metheny Group",7,410464.285714286
1978-11-04,195,"Uriah Heep","Fallen Angel",18,229949.444444444
1978-11-04,196,"Bee Gees","Here At Last...Bee Gees...Live",18,281001.333333333
1978-11-04,197,"Rory Gallagher",Photo-Finish,11,274219.545454545
1978-11-04,198,Shalamar,"Disco Gardens",,
1978-11-04,199,"Quincy Jones","Sounds...And Stuff Like That!!",7,308196.0
1978-11-04,200,"Ohio Players",Jass-ay-lay-dee,6,371259.666666667
1978-11-11,1,"Donna Summer","Live And More",13,349835.461538462
1978-11-11,2,"Linda Ronstadt","Living In The U.S.A.",,
1978-11-11,3,Soundtrack,Grease,21,201416.80952381
1978-11-11,4,Foreigner,"Double Vision",12,227267.583333333
1978-11-11,5,"Billy Joel","52nd Street",9,269528.555555556
1978-11-11,6,"The Who","Who Are You",14,245920.5
1978-11-11,7,Styx,"Pieces Of Eight",10,255879.8
1978-11-11,8,Boston,"Don't Look Back",8,285179.5
1978-11-11,9,"The Rolling Stones","Some Girls",10,254173.0
1978-11-11,10,"Bob Seger","Stranger In Town",9,265499.666666667
1978-11-11,11,Yes,Tormato,17,306631.117647059
1978-11-11,12,"Kenny Loggins",Nightwatch,9,275975.777777778
1978-11-11,13,"Fogelberg And Weisberg","Twin Sons Of Different Mothers",,
1978-11-11,14,"Steve Martin","A Wild And Crazy Guy",10,237882.3
1978-11-11,15,"Anne Murray","Let's Keep It That Way",10,197442.3
1978-11-11,16,Chicago,"Hot Streets",11,258734.545454545
1978-11-11,17,"Chuck Mangione","Children Of Sanchez",15,399926.733333333
1978-11-11,18,Funkadelic,"One Nation Under A Groove",,
1978-11-11,19,Foxy,"Get Off",1,341293.0
1978-11-11,20,Heart,"Dog And Butterfly",8,324923.0
1978-11-11,21,"Gino Vannelli","Brother To Brother",9,297670.555555556
1978-11-11,22,"Al Stewart","Time Passages",9,359835.555555556
1978-11-11,23,"Neil Young","Comes A Time",10,222781.6
1978-11-11,24,"Billy Joel","The Stranger",21,296449.238095238
1978-11-11,25,Exile,"Mixed Emotion",,
1978-11-11,26,"Jethro Tull","Jethro Tull Live - Bursting Out",,
1978-11-11,27,"Daryl Hall John Oates","Along The Red Ledge",10,222391.8
1978-11-11,28,"Lynyrd Skynyrd","Skynyrd's First And...last",,
1978-11-11,29,"Little River Band","Sleeper Catcher",9,281811.555555556
1978-11-11,30,"Ashford & Simpson","Is It Still Good To Ya",8,257094.625
1978-11-11,31,"Village People","Cruisin'",6,357526.333333333
1978-11-11,32,"Talking Heads","More Songs About Buildings And Food",15,236991.733333333
1978-11-11,33,"Meat Loaf","Bat Out Of Hell",7,408818.857142857
1978-11-11,34,Santana,"Inner Secrets",9,293153.888888889
1978-11-11,35,Ambrosia,"Life Beyond L.a.",10,247026.3
1978-11-11,36,"Jean Luc Ponty","Cosmic Messenger",8,283358.0
1978-11-11,37,Player,"Danger Zone",,
1978-11-11,38,"Gene Simmons","Gene Simmons",11,219447.090909091
1978-11-11,39,"Stephen Bishop",Bish,13,220502.307692308
1978-11-11,40,"Nick Gilder","City Nights",,
1978-11-11,41,Soundtrack,"The Wiz",18,179936.0
1978-11-11,42,Switch,Switch,1,207071.0
1978-11-11,43,"Grover Washington, Jr.","Reed Seed",7,340498.714285714
1978-11-11,44,"Van Morrison",Wavelength,11,339876.0
1978-11-11,45,"Blue Oyster Cult","Some Enchanted Evening",7,325995.857142857
1978-11-11,46,"Ace Frehley","Ace Frehley",9,226448.555555556
1978-11-11,47,"Paul Stanley","Paul Stanley",9,235017.555555556
1978-11-11,48,"Chaka Khan",Chaka,16,269406.5
1978-11-11,49,"Peter Criss","Peter Criss",10,260209.5
1978-11-11,50,"Elton John","A Single Man",16,261491.3125
1978-11-11,51,"Waylon Jennings","I've Always Been Crazy",10,234997.2
1978-11-11,52,Sylvester,"Step II",7,303832.0
1978-11-11,53,"Pablo Cruise","Worlds Away",9,266353.777777778
1978-11-11,54,"Ted Nugent","Weekend Warriors",10,235071.6
1978-11-11,55,"David Bowie",Stage,22,264932.909090909
1978-11-11,56,Soundtrack,"Saturday Night Fever",21,224416.142857143
1978-11-11,57,Firefall,Elan,13,235476.384615385
1978-11-11,58,"Barry White","Barry White The Man",7,399546.428571429
1978-11-11,59,"Weather Report",Mr.gone,,
1978-11-11,60,"Jackson Browne","Running On Empty",10,260547.7
1978-11-11,61,"Gerry Rafferty","City To City",10,319864.9
1978-11-11,62,Aerosmith,"Live Bootleg",16,283599.625
1978-11-11,63,"The Cars","The Cars",9,245536.0
1978-11-11,64,"Hamilton Bohannon","Summertime Groove",,
1978-11-11,65,Commodores,"Natural High",8,311567.875
1978-11-11,66,"Gil Scott-Heron",Secrets,,
1978-11-11,67,"Diana Ross",Ross,29,242630.448275862
1978-11-11,68,Meco,"The Wizard Of Oz",,
1978-11-11,69,"Rick James","Come Get It",9,327245.666666667
1978-11-11,70,Soundtrack,"Sgt. Peppers Lonely Hearts Club Band",,
1978-11-11,71,"Rose Royce","Rose Royce III/Strikes Again!",9,261704.888888889
1978-11-11,72,10cc,"Bloody Tourists",13,246964.692307692
1978-11-11,73,"Village People","Macho Man",2,316619.5
1978-11-11,74,"Joe Walsh","The Best Of Joe Walsh",10,269218.4
1978-11-11,75,Musique,"Keep On Jumpin",10,369065.1
1978-11-11,76,"Joe Cocker","Luxury You Can Afford",11,229157.181818182
1978-11-11,77,"Betty Wright","Betty Wright Live",1,580413.0
1978-11-11,78,"Alicia Bridges","Alicia Bridges",10,257098.3
1978-11-11,79,"A Taste Of Honey","A Taste Of Honey",9,256659.222222222
1978-11-11,80,Boston,Boston,8,273423.0
1978-11-11,81,Jarreau,"All Fly Home",9,261626.444444444
1978-11-11,82,Chanson,Chanson,18,226120.777777778
1978-11-11,83,"Ronnie Laws",Flame,,
1978-11-11,84,"Chuck Mangione","Feels So Good",6,394279.5
1978-11-11,85,Pockets,"Take It On Up",11,235706.454545455
1978-11-11,86,"The Brothers Johnson",Blam,9,232992.222222222
1978-11-11,87,Blondie,"Parallel Lines",12,196634.833333333
1978-11-11,88,"Willie Nelson",Stardust,10,219051.7
1978-11-11,89,"Black Sabbath","Never Say Die",9,312586.888888889
1978-11-11,90,"Dolly Parton",Heartbreaker,10,193170.4
1978-11-11,91,"Robin Trower","Caravan To Midnight",9,257053.0
1978-11-11,92,"The Marshall Tucker Band","Greatest Hit's",,
1978-11-11,93,"Barry Manilow","Even Now",14,220591.428571429
1978-11-11,94,"Bruce Springsteen","Darkness On The Edge Of Town",10,256567.7
1978-11-11,95,"Andy Gibb","Shadow Dancing",10,247935.8
1978-11-11,96,"Stephen Stills","Thoroughfare Gap",10,216041.0
1978-11-11,97,Toto,Toto,10,274372.4
1978-11-11,98,"Lenny Williams","Spark Of Love",11,302353.454545455
1978-11-11,99,"Pat Travers","Heat In The Street",8,277888.125
1978-11-11,100,"Village People","Village People",6,286110.5
1978-11-11,101,"The Salsoul Orchestra","Greatest Disco Hits/Music For Non-Stop Dancing",,
1978-11-11,102,"Evelyn ""Champagne"" King","Smooth Talk",,
1978-11-11,103,"Elvis Presley","Elvis:a Canadian Tribute",14,
1978-11-11,104,Journey,Infinity,10,218869.0
1978-11-11,105,"Teddy Pendergrass","Life Is A Song Worth Singing",9,312602.333333333
1978-11-11,106,"Peter, Paul & Mary",Reunion,9,296513.666666667
1978-11-11,107,"Joe Walsh","But Seriously Folks",8,265178.125
1978-11-11,108,"Stanley Turrentine","What About You",,
1978-11-11,109,"Jimmy Buffett","You Had To Be There",19,325727.368421053
1978-11-11,110,"Donna Summer","Once Upon A Time",16,256053.625
1978-11-11,111,"Van Halen","Van Halen",11,214083.545454545
1978-11-11,112,"Brides Of Funkenstein","Funk Or Walk",7,346491.142857143
1978-11-11,113,"Maynard Ferguson",Carnival,8,342124.625
1978-11-11,114,"Don Ray","Garden Of Love",6,373000.0
1978-11-11,115,"Phoebe Snow","Against The Grain",,
1978-11-11,116,"The Ramones","Road To Ruin",17,147223.176470588
1978-11-11,117,"Michael Henderson","In The Night Time",8,292143.0
1978-11-11,118,"The Beatles","Sgt. Pepper's Lonely Hearts Club Band",13,186493.923076923
1978-11-11,119,UFO,Obsession,14,206209.214285714
1978-11-11,120,Soundtrack,"The Rocky Horror Picture Show",16,201972.9375
1978-11-11,121,"Eddie Money","Eddie Money",10,205046.3
1978-11-11,122,"Roy Ayers","You Send Me",8,361479.625
1978-11-11,123,ABBA,"The Album",10,267333.1
1978-11-11,124,Cameo,"Ugly Ego",8,274824.5
1978-11-11,125,"Jeff Wayne/Various Artists","The War Of The Worlds",,
1978-11-11,126,"Bob Seger & The Silver Bullet Band","'Live' Bullet",15,293876.0
1978-11-11,127,"The Beatles","The Beatles [White Album]",107,
1978-11-11,128,"Atlantic Starr","Atlantic Starr",12,299117.333333333
1978-11-11,129,"Mother's Finest","Mother Factor",9,244946.222222222
1978-11-11,130,"Donny & Marie Osmond","Goin' Coconuts",11,165907.545454545
1978-11-11,131,"Tom Petty And The Heartbreakers","You're Gonna' Get It",10,179354.5
1978-11-11,132,"Walter Egan","Not Shy",10,212195.7
1978-11-11,133,Quazar,Quazar,3,424499.333333333
1978-11-11,134,"Fleetwood Mac",Rumours,58,
1978-11-11,135,Styx,"The Grand Illusion",8,312237.875
1978-11-11,136,"Crystal Gayle","When I Dream",12,185598.583333333
1978-11-11,137,"Banda Machos","I'm A Man",,
1978-11-11,138,"Barbra Streisand",Songbird,10,229055.6
1978-11-11,139,"The Atlanta Rhythm Section","Champagne Jam",8,257114.625
1978-11-11,140,"Sea Level","On The Edge",8,264544.625
1978-11-11,141,Odyssey,"Hollywood Party Tonight",10,236434.4
1978-11-11,142,"The Alan Parsons Project",Pyramid,16,211611.3125
1978-11-11,143,"Eric Carmen","Change Of Heart",9,198341.888888889
1978-11-11,144,LTD,Togetherness,10,232853.0
1978-11-11,145,"City Boy","Book Early",24,215544.125
1978-11-11,146,"Lee Oskar","Before The Rain",7,419203.428571429
1978-11-11,147,Soundtrack,"Battlestar Galacticia",,
1978-11-11,148,"Peter Brown","Fantasy Love Affair",8,280169.625
1978-11-11,149,Foreigner,Foreigner,12,240737.833333333
1978-11-11,150,"David Crosby/Graham Nash","The Best Of Crosby/Nash",,
1978-11-11,151,"The Beach Boys","M,i,u Album",,
1978-11-11,152,"Lou Rawls","Lou Rawls Live",10,294536.9
1978-11-11,153,"Frank Zappa","Studio Tan",4,591886.25
1978-11-11,154,Soundtrack,"Animal House",,
1978-11-11,155,"Electric Light Orchestra","Out Of The Blue",17,250202.705882353
1978-11-11,156,Devo,"Q: Are We Not Men? A: We Are Devo!",11,202249.272727273
1978-11-11,157,Faze-O,"Good Thang",6,402897.666666667
1978-11-11,158,"Steely Dan",Aja,7,343028.142857143
1978-11-11,159,"Johnny Guitar Watson",Giant,,
1978-11-11,160,"Janis Ian","Janis Ian (II)",12,224041.916666667
1978-11-11,161,"Ramsey Lewis",Legacy,6,424075.166666667
1978-11-11,162,"Joan Armatrading","To The Limit",10,250474.3
1978-11-11,163,Barkays,"Money Talks",6,343710.666666667
1978-11-11,164,"Steve Martin","Lets Get Small",10,228936.9
1978-11-11,165,"The Crusaders",Images,7,340704.428571429
1978-11-11,166,"Marilyn McCoo & Billy Davis, Jr.","Marilyn + Billy",11,258016.636363636
1978-11-11,167,"Rita Coolidge","Love Me Again",1,219026.0
1978-11-11,168,"Eric Clapton",Slowhand,27,280855.407407407
1978-11-11,169,"Roberta Flack","Roberta Flack",8,243663.25
1978-11-11,170,"Bob Dylan","Street Legal",9,330368.555555556
1978-11-11,171,"Jimi Hendrix","The Essential Jimi Hendrix",,
1978-11-11,172,"Greg Kihn Band","Next Of Kihn",8,272849.625
1978-11-11,173,Prince,"For You",9,195572.777777778
1978-11-11,174,"The Moody Blues",Octave,15,290897.4
1978-11-11,175,"Captain & Tennille",Dream,11,199997.0
1978-11-11,176,"Southside Johnny & The Asbury Jukes","Hearts Of Stone",9,233167.111111111
1978-11-11,177,"Billy Cobham","Simplicity Of Expression,depth Of Thought",,
1978-11-11,178,"John Paul Young","Love Is In The Air",1,210293.0
1978-11-11,179,"Dave Mason","The Very Best Of Dave Mason",10,247331.8
1978-11-11,180,"Bryan Ferry","The Bride Stripped Bare",10,250749.2
1978-11-11,181,"Johnny Mathis And Deniece Williams","That's What Friends Are For",,
1978-11-11,182,"Molly Hatchet","Molly Hatchet",9,269162.666666667
1978-11-11,183,"Shaun Cassidy","Under Raps",,
1978-11-11,184,Shalamar,"Disco Gardens",,
1978-11-11,185,Heart,"Dreamboat Annie",10,239639.6
1978-11-11,186,"Rory Gallagher",Photo-Finish,11,274219.545454545
1978-11-11,187,"Toby Beau","Toby Beau",1,222666.0
1978-11-11,188,"The Beatles","The Beatles 1962-1966",26,144768.346153846
1978-11-11,189,"Leo Sayer","Leo Sayer",10,215787.6
1978-11-11,190,"Ian Matthews","Stealin' Home",20,217224.9
1978-11-11,191,"Uriah Heep","Fallen Angel",18,229949.444444444
1978-11-11,192,"Leo Kottke","Burnt Lips",,
1978-11-11,193,"KC And The Sunshine Band","Who Do Ya Love",8,241756.375
1978-11-11,194,"Pat Metheny Group","Pat Metheny Group",7,410464.285714286
1978-11-11,195,"The Emotions",Sunbeam,11,200182.727272727
1978-11-11,196,"Bee Gees","Here At Last...Bee Gees...Live",18,281001.333333333
1978-11-11,197,Soundtrack,"Thank God It's Friday",,
1978-11-11,198,"The Whispers",Headlights,8,314258.0
1978-11-11,199,"Various Artists","Sesame Street Fever",,
1978-11-11,200,"Pink Floyd","The Dark Side Of The Moon",10,257363.2
1978-11-18,1,"Billy Joel","52nd Street",9,269528.555555556
1978-11-18,2,"Donna Summer","Live And More",13,349835.461538462
1978-11-18,3,Foreigner,"Double Vision",12,227267.583333333
1978-11-18,4,"Linda Ronstadt","Living In The U.S.A.",,
1978-11-18,5,Soundtrack,Grease,21,201416.80952381
1978-11-18,6,"Steve Martin","A Wild And Crazy Guy",10,237882.3
1978-11-18,7,Styx,"Pieces Of Eight",10,255879.8
1978-11-18,8,"The Who","Who Are You",14,245920.5
1978-11-18,9,"The Rolling Stones","Some Girls",10,254173.0
1978-11-18,10,Yes,Tormato,17,306631.117647059
1978-11-18,11,Boston,"Don't Look Back",8,285179.5
1978-11-18,12,"Fogelberg And Weisberg","Twin Sons Of Different Mothers",,
1978-11-18,13,"Anne Murray","Let's Keep It That Way",10,197442.3
1978-11-18,14,Chicago,"Hot Streets",11,258734.545454545
1978-11-18,15,"Neil Young","Comes A Time",10,222781.6
1978-11-18,16,"Chuck Mangione","Children Of Sanchez",15,399926.733333333
1978-11-18,17,Funkadelic,"One Nation Under A Groove",,
1978-11-18,18,Heart,"Dog And Butterfly",8,324923.0
1978-11-18,19,"Gino Vannelli","Brother To Brother",9,297670.555555556
1978-11-18,20,"Al Stewart","Time Passages",9,359835.555555556
1978-11-18,21,"Kenny Loggins",Nightwatch,9,275975.777777778
1978-11-18,22,"Bob Seger","Stranger In Town",9,265499.666666667
1978-11-18,23,"Billy Joel","The Stranger",21,296449.238095238
1978-11-18,24,"Jethro Tull","Jethro Tull Live - Bursting Out",,
1978-11-18,25,"Elton John","A Single Man",16,261491.3125
1978-11-18,26,"Village People","Cruisin'",6,357526.333333333
1978-11-18,27,"Chaka Khan",Chaka,16,269406.5
1978-11-18,28,Ambrosia,"Life Beyond L.a.",10,247026.3
1978-11-18,29,"Ashford & Simpson","Is It Still Good To Ya",8,257094.625
1978-11-18,30,"Talking Heads","More Songs About Buildings And Food",15,236991.733333333
1978-11-18,31,Santana,"Inner Secrets",9,293153.888888889
1978-11-18,32,"Ted Nugent","Weekend Warriors",10,235071.6
1978-11-18,33,"Meat Loaf","Bat Out Of Hell",7,408818.857142857
1978-11-18,34,"Gene Simmons","Gene Simmons",11,219447.090909091
1978-11-18,35,"Stephen Bishop",Bish,13,220502.307692308
1978-11-18,36,"Van Morrison",Wavelength,11,339876.0
1978-11-18,37,Aerosmith,"Live Bootleg",16,283599.625
1978-11-18,38,"Nick Gilder","City Nights",,
1978-11-18,39,Switch,Switch,1,207071.0
1978-11-18,40,"Grover Washington, Jr.","Reed Seed",7,340498.714285714
1978-11-18,41,Soundtrack,"The Wiz",18,179936.0
1978-11-18,42,"Ace Frehley","Ace Frehley",9,226448.555555556
1978-11-18,43,"Paul Stanley","Paul Stanley",9,235017.555555556
1978-11-18,44,"Blue Oyster Cult","Some Enchanted Evening",7,325995.857142857
1978-11-18,45,"Peter Criss","Peter Criss",10,260209.5
1978-11-18,46,Exile,"Mixed Emotion",,
1978-11-18,47,Firefall,Elan,13,235476.384615385
1978-11-18,48,"David Bowie",Stage,22,264932.909090909
1978-11-18,49,"Waylon Jennings","I've Always Been Crazy",10,234997.2
1978-11-18,50,Sylvester,"Step II",7,303832.0
1978-11-18,51,"Jackson Browne","Running On Empty",10,260547.7
1978-11-18,52,"Barry White","Barry White The Man",7,399546.428571429
1978-11-18,53,"Pablo Cruise","Worlds Away",9,266353.777777778
1978-11-18,54,"Weather Report",Mr.gone,,
1978-11-18,55,Soundtrack,"Saturday Night Fever",21,224416.142857143
1978-11-18,56,Player,"Danger Zone",,
1978-11-18,57,Foxy,"Get Off",1,341293.0
1978-11-18,58,"Lynyrd Skynyrd","Skynyrd's First And...last",,
1978-11-18,59,"Daryl Hall John Oates","Along The Red Ledge",10,222391.8
1978-11-18,60,"Little River Band","Sleeper Catcher",9,281811.555555556
1978-11-18,61,"Diana Ross",Ross,29,242630.448275862
1978-11-18,62,"Hamilton Bohannon","Summertime Groove",,
1978-11-18,63,"Gil Scott-Heron",Secrets,,
1978-11-18,64,Commodores,"Natural High",8,311567.875
1978-11-18,65,"The Cars","The Cars",9,245536.0
1978-11-18,66,"Steely Dan","Greatest Hits",,
1978-11-18,67,Musique,"Keep On Jumpin",10,369065.1
1978-11-18,68,"Rose Royce","Rose Royce III/Strikes Again!",9,261704.888888889
1978-11-18,69,"Rick James","Come Get It",9,327245.666666667
1978-11-18,70,"Alicia Bridges","Alicia Bridges",10,257098.3
1978-11-18,71,10cc,"Bloody Tourists",13,246964.692307692
1978-11-18,72,"Village People","Macho Man",2,316619.5
1978-11-18,73,"Joe Walsh","The Best Of Joe Walsh",10,269218.4
1978-11-18,74,Chanson,Chanson,18,226120.777777778
1978-11-18,75,"Gerry Rafferty","City To City",10,319864.9
1978-11-18,76,Soundtrack,"Sgt. Peppers Lonely Hearts Club Band",,
1978-11-18,77,"Ronnie Laws",Flame,,
1978-11-18,78,"The Marshall Tucker Band","Greatest Hit's",,
1978-11-18,79,Toto,Toto,10,274372.4
1978-11-18,80,Boston,Boston,8,273423.0
1978-11-18,81,"Black Sabbath","Never Say Die",9,312586.888888889
1978-11-18,82,"The Brothers Johnson",Blam,9,232992.222222222
1978-11-18,83,"Stephen Stills","Thoroughfare Gap",10,216041.0
1978-11-18,84,"Willie Nelson",Stardust,10,219051.7
1978-11-18,85,Blondie,"Parallel Lines",12,196634.833333333
1978-11-18,86,"Betty Wright","Betty Wright Live",1,580413.0
1978-11-18,87,"Robin Trower","Caravan To Midnight",9,257053.0
1978-11-18,88,"Joe Cocker","Luxury You Can Afford",11,229157.181818182
1978-11-18,89,Kansas,"Two For The Show",24,370950.208333333
1978-11-18,90,Jarreau,"All Fly Home",9,261626.444444444
1978-11-18,91,"Andy Gibb","Shadow Dancing",10,247935.8
1978-11-18,92,"Barry Manilow","Even Now",14,220591.428571429
1978-11-18,93,"Chuck Mangione","Feels So Good",6,394279.5
1978-11-18,94,"Elvis Presley","Elvis:a Canadian Tribute",14,
1978-11-18,95,"Jean Luc Ponty","Cosmic Messenger",8,283358.0
1978-11-18,96,"Jimmy Buffett","You Had To Be There",19,325727.368421053
1978-11-18,97,"The Salsoul Orchestra","Greatest Disco Hits/Music For Non-Stop Dancing",,
1978-11-18,98,Meco,"The Wizard Of Oz",,
1978-11-18,99,"Pat Travers","Heat In The Street",8,277888.125
1978-11-18,100,"Teddy Pendergrass","Life Is A Song Worth Singing",9,312602.333333333
1978-11-18,101,Journey,Infinity,10,218869.0
1978-11-18,102,"Brides Of Funkenstein","Funk Or Walk",7,346491.142857143
1978-11-18,103,"Dolly Parton",Heartbreaker,10,193170.4
1978-11-18,104,"A Taste Of Honey","A Taste Of Honey",9,256659.222222222
1978-11-18,105,Pockets,"Take It On Up",11,235706.454545455
1978-11-18,106,"Phoebe Snow","Against The Grain",,
1978-11-18,107,"The Ramones","Road To Ruin",17,147223.176470588
1978-11-18,108,"Stanley Turrentine","What About You",,
1978-11-18,109,"Lenny Williams","Spark Of Love",11,302353.454545455
1978-11-18,110,"Donna Summer","Once Upon A Time",16,256053.625
1978-11-18,111,"Van Halen","Van Halen",11,214083.545454545
1978-11-18,112,"Evelyn ""Champagne"" King","Smooth Talk",,
1978-11-18,113,"Don Ray","Garden Of Love",6,373000.0
1978-11-18,114,"Bruce Springsteen","Darkness On The Edge Of Town",10,256567.7
1978-11-18,115,"Peter, Paul & Mary",Reunion,9,296513.666666667
1978-11-18,116,"Village People","Village People",6,286110.5
1978-11-18,117,Cameo,"Ugly Ego",8,274824.5
1978-11-18,118,"The Beatles","Sgt. Pepper's Lonely Hearts Club Band",13,186493.923076923
1978-11-18,119,Soundtrack,"The Rocky Horror Picture Show",16,201972.9375
1978-11-18,120,"Donny & Marie Osmond","Goin' Coconuts",11,165907.545454545
1978-11-18,121,"Jeff Wayne/Various Artists","The War Of The Worlds",,
1978-11-18,122,Quazar,Quazar,3,424499.333333333
1978-11-18,123,"Maynard Ferguson",Carnival,8,342124.625
1978-11-18,124,"Michael Henderson","In The Night Time",8,292143.0
1978-11-18,125,"Eddie Money","Eddie Money",10,205046.3
1978-11-18,126,"Banda Machos","I'm A Man",,
1978-11-18,127,"Mother's Finest","Mother Factor",9,244946.222222222
1978-11-18,128,"Walter Egan","Not Shy",10,212195.7
1978-11-18,129,"Barbra Streisand",Songbird,10,229055.6
1978-11-18,130,Styx,"The Grand Illusion",8,312237.875
1978-11-18,131,Odyssey,"Hollywood Party Tonight",10,236434.4
1978-11-18,132,"Fleetwood Mac",Rumours,58,
1978-11-18,133,"Bob Seger & The Silver Bullet Band","'Live' Bullet",15,293876.0
1978-11-18,134,"The Atlanta Rhythm Section","Champagne Jam",8,257114.625
1978-11-18,135,"Crystal Gayle","When I Dream",12,185598.583333333
1978-11-18,136,"Joe Walsh","But Seriously Folks",8,265178.125
1978-11-18,137,"Sea Level","On The Edge",8,264544.625
1978-11-18,138,UFO,Obsession,14,206209.214285714
1978-11-18,139,Foreigner,Foreigner,12,240737.833333333
1978-11-18,140,"Lou Rawls","Lou Rawls Live",10,294536.9
1978-11-18,141,"Eric Carmen","Change Of Heart",9,198341.888888889
1978-11-18,142,"The Alan Parsons Project",Pyramid,16,211611.3125
1978-11-18,143,"Lee Oskar","Before The Rain",7,419203.428571429
1978-11-18,144,Soundtrack,"Battlestar Galacticia",,
1978-11-18,145,"The Beatles","The Beatles [White Album]",107,
1978-11-18,146,LTD,Togetherness,10,232853.0
1978-11-18,147,"Frank Zappa","Studio Tan",4,591886.25
1978-11-18,148,Devo,"Q: Are We Not Men? A: We Are Devo!",11,202249.272727273
1978-11-18,149,Faze-O,"Good Thang",6,402897.666666667
1978-11-18,150,"Cheryl Lynn","Cheryl Lynn",11,282691.727272727
1978-11-18,151,"Ramsey Lewis",Legacy,6,424075.166666667
1978-11-18,152,"Joan Armatrading","To The Limit",10,250474.3
1978-11-18,153,Barkays,"Money Talks",6,343710.666666667
1978-11-18,154,Soundtrack,"Animal House",,
1978-11-18,155,"Electric Light Orchestra","Out Of The Blue",17,250202.705882353
1978-11-18,156,"Steely Dan",Aja,7,343028.142857143
1978-11-18,157,"Johnny Guitar Watson",Giant,,
1978-11-18,158,"Roberta Flack","Roberta Flack",8,243663.25
1978-11-18,159,"Dr. Hook","Pleasure + Pain",11,194181.454545455
1978-11-18,160,"Janis Ian","Janis Ian (II)",12,224041.916666667
1978-11-18,161,"Captain & Tennille",Dream,11,199997.0
1978-11-18,162,"Steve Martin","Lets Get Small",10,228936.9
1978-11-18,163,"John Paul Young","Love Is In The Air",1,210293.0
1978-11-18,164,"Southside Johnny & The Asbury Jukes","Hearts Of Stone",9,233167.111111111
1978-11-18,165,Prince,"For You",9,195572.777777778
1978-11-18,166,"Greg Kihn Band","Next Of Kihn",8,272849.625
1978-11-18,167,Rush,Hemispheres,4,543099.75
1978-11-18,168,"Bob Dylan","Street Legal",9,330368.555555556
1978-11-18,169,"Roy Ayers","You Send Me",8,361479.625
1978-11-18,170,"Bryan Ferry","The Bride Stripped Bare",10,250749.2
1978-11-18,171,"Eric Clapton",Slowhand,27,280855.407407407
1978-11-18,172,"The Moody Blues",Octave,15,290897.4
1978-11-18,173,"Molly Hatchet","Molly Hatchet",9,269162.666666667
1978-11-18,174,Shalamar,"Disco Gardens",,
1978-11-18,175,"Rory Gallagher",Photo-Finish,11,274219.545454545
1978-11-18,176,"Melba Moore",Melba,8,273838.125
1978-11-18,177,"Billy Cobham","Simplicity Of Expression,depth Of Thought",,
1978-11-18,178,ABBA,"The Album",10,267333.1
1978-11-18,179,"David Crosby/Graham Nash","The Best Of Crosby/Nash",,
1978-11-18,180,"Ian Matthews","Stealin' Home",20,217224.9
1978-11-18,181,"Isaac Hayes","For The Sake Of Love",8,421989.625
1978-11-18,182,Cerrone,"Cerrone IV - The Golden Touch",,
1978-11-18,183,"Tom Scott","Intimate Strangers",,
1978-11-18,184,"Tom Waits","Blue Valentine",10,297624.8
1978-11-18,185,"The Whispers",Headlights,8,314258.0
1978-11-18,186,"Leo Sayer","Leo Sayer",10,215787.6
1978-11-18,187,"Uriah Heep","Fallen Angel",18,229949.444444444
1978-11-18,188,"The Beatles","The Beatles 1962-1966",26,144768.346153846
1978-11-18,189,"Bobby Caldwell","Bobby Caldwell",9,246857.555555556
1978-11-18,190,"John Klemmer",Cry,9,369128.555555556
1978-11-18,191,"Brass Construction","Brass Construction Iv",8,289458.0
1978-11-18,192,"Atlantic Starr","Atlantic Starr",12,299117.333333333
1978-11-18,193,"Tom Petty And The Heartbreakers","You're Gonna' Get It",10,179354.5
1978-11-18,194,"Nicolette Larson",Nicolette,11,205282.363636364
1978-11-18,195,"Dave Mason","The Very Best Of Dave Mason",10,247331.8
1978-11-18,196,"Jimi Hendrix","The Essential Jimi Hendrix",,
1978-11-18,197,"Donald Byrd","Thank You...For F.U.M.L. (Funking Up My Life)",8,289509.625
1978-11-18,198,"Pink Floyd","The Dark Side Of The Moon",10,257363.2
1978-11-18,199,"Leo Kottke","Burnt Lips",,
1978-11-18,200,"Bee Gees","Here At Last...Bee Gees...Live",18,281001.333333333
1978-11-25,1,"Billy Joel","52nd Street",9,269528.555555556
1978-11-25,2,"Donna Summer","Live And More",13,349835.461538462
1978-11-25,3,Foreigner,"Double Vision",12,227267.583333333
1978-11-25,4,"Steve Martin","A Wild And Crazy Guy",10,237882.3
1978-11-25,5,Soundtrack,Grease,21,201416.80952381
1978-11-25,6,"Linda Ronstadt","Living In The U.S.A.",,
1978-11-25,7,Styx,"Pieces Of Eight",10,255879.8
1978-11-25,8,"The Rolling Stones","Some Girls",10,254173.0
1978-11-25,9,"Neil Young","Comes A Time",10,222781.6
1978-11-25,10,Yes,Tormato,17,306631.117647059
1978-11-25,11,"Fogelberg And Weisberg","Twin Sons Of Different Mothers",,
1978-11-25,12,"Anne Murray","Let's Keep It That Way",10,197442.3
1978-11-25,13,Chicago,"Hot Streets",11,258734.545454545
1978-11-25,14,"Chuck Mangione","Children Of Sanchez",15,399926.733333333
1978-11-25,15,"Al Stewart","Time Passages",9,359835.555555556
1978-11-25,16,Funkadelic,"One Nation Under A Groove",,
1978-11-25,17,"Gino Vannelli","Brother To Brother",9,297670.555555556
1978-11-25,18,Heart,"Dog And Butterfly",8,324923.0
1978-11-25,19,"Village People","Cruisin'",6,357526.333333333
1978-11-25,20,Ambrosia,"Life Beyond L.a.",10,247026.3
1978-11-25,21,"Elton John","A Single Man",16,261491.3125
1978-11-25,22,"Jethro Tull","Jethro Tull Live - Bursting Out",,
1978-11-25,23,"Billy Joel","The Stranger",21,296449.238095238
1978-11-25,24,"The Who","Who Are You",14,245920.5
1978-11-25,25,"Chaka Khan",Chaka,16,269406.5
1978-11-25,26,Boston,"Don't Look Back",8,285179.5
1978-11-25,27,"Ashford & Simpson","Is It Still Good To Ya",8,257094.625
1978-11-25,28,Santana,"Inner Secrets",9,293153.888888889
1978-11-25,29,"Talking Heads","More Songs About Buildings And Food",15,236991.733333333
1978-11-25,30,"Ted Nugent","Weekend Warriors",10,235071.6
1978-11-25,31,Aerosmith,"Live Bootleg",16,283599.625
1978-11-25,32,"Gene Simmons","Gene Simmons",11,219447.090909091
1978-11-25,33,"Kenny Loggins",Nightwatch,9,275975.777777778
1978-11-25,34,"Van Morrison",Wavelength,11,339876.0
1978-11-25,35,"Stephen Bishop",Bish,13,220502.307692308
1978-11-25,36,"Nick Gilder","City Nights",,
1978-11-25,37,Switch,Switch,1,207071.0
1978-11-25,38,"Grover Washington, Jr.","Reed Seed",7,340498.714285714
1978-11-25,39,"Ace Frehley","Ace Frehley",9,226448.555555556
1978-11-25,40,Soundtrack,"The Wiz",18,179936.0
1978-11-25,41,"Paul Stanley","Paul Stanley",9,235017.555555556
1978-11-25,42,Firefall,Elan,13,235476.384615385
1978-11-25,43,"Peter Criss","Peter Criss",10,260209.5
1978-11-25,44,Kansas,"Two For The Show",24,370950.208333333
1978-11-25,45,"David Bowie",Stage,22,264932.909090909
1978-11-25,46,Exile,"Mixed Emotion",,
1978-11-25,47,"Barry White","Barry White The Man",7,399546.428571429
1978-11-25,48,"Waylon Jennings","I've Always Been Crazy",10,234997.2
1978-11-25,49,"Steely Dan","Greatest Hits",,
1978-11-25,50,"Jackson Browne","Running On Empty",10,260547.7
1978-11-25,51,"Bob Seger","Stranger In Town",9,265499.666666667
1978-11-25,52,"Weather Report",Mr.gone,,
1978-11-25,53,"Meat Loaf","Bat Out Of Hell",7,408818.857142857
1978-11-25,54,Soundtrack,"Saturday Night Fever",21,224416.142857143
1978-11-25,55,"Diana Ross",Ross,29,242630.448275862
1978-11-25,56,Commodores,"Commodores' Greatest Hits",9,171359.666666667
1978-11-25,57,Foxy,"Get Off",1,341293.0
1978-11-25,58,Toto,Toto,10,274372.4
1978-11-25,59,"Alicia Bridges","Alicia Bridges",10,257098.3
1978-11-25,60,"Hamilton Bohannon","Summertime Groove",,
1978-11-25,61,"Gil Scott-Heron",Secrets,,
1978-11-25,62,Musique,"Keep On Jumpin",10,369065.1
1978-11-25,63,"The Cars","The Cars",9,245536.0
1978-11-25,64,Commodores,"Natural High",8,311567.875
1978-11-25,65,Chanson,Chanson,18,226120.777777778
1978-11-25,66,"Rose Royce","Rose Royce III/Strikes Again!",9,261704.888888889
1978-11-25,67,"Blue Oyster Cult","Some Enchanted Evening",7,325995.857142857
1978-11-25,68,Sylvester,"Step II",7,303832.0
1978-11-25,69,10cc,"Bloody Tourists",13,246964.692307692
1978-11-25,70,"Village People","Macho Man",2,316619.5
1978-11-25,71,"Joe Walsh","The Best Of Joe Walsh",10,269218.4
1978-11-25,72,"Ronnie Laws",Flame,,
1978-11-25,73,"Pablo Cruise","Worlds Away",9,266353.777777778
1978-11-25,74,"The Marshall Tucker Band","Greatest Hit's",,
1978-11-25,75,"Black Sabbath","Never Say Die",9,312586.888888889
1978-11-25,76,Player,"Danger Zone",,
1978-11-25,77,"Betty Wright","Betty Wright Live",1,580413.0
1978-11-25,78,"Lynyrd Skynyrd","Skynyrd's First And...last",,
1978-11-25,79,"Daryl Hall John Oates","Along The Red Ledge",10,222391.8
1978-11-25,80,"The Brothers Johnson",Blam,9,232992.222222222
1978-11-25,81,"Willie Nelson",Stardust,10,219051.7
1978-11-25,82,"Little River Band","Sleeper Catcher",9,281811.555555556
1978-11-25,83,"Stephen Stills","Thoroughfare Gap",10,216041.0
1978-11-25,84,Jarreau,"All Fly Home",9,261626.444444444
1978-11-25,85,Blondie,"Parallel Lines",12,196634.833333333
1978-11-25,86,"Jimmy Buffett","You Had To Be There",19,325727.368421053
1978-11-25,87,"Rick James","Come Get It",9,327245.666666667
1978-11-25,88,"Elvis Presley","Elvis:a Canadian Tribute",14,
1978-11-25,89,"Andy Gibb","Shadow Dancing",10,247935.8
1978-11-25,90,"Barry Manilow","Even Now",14,220591.428571429
1978-11-25,91,"Chuck Mangione","Feels So Good",6,394279.5
1978-11-25,92,"Gerry Rafferty","City To City",10,319864.9
1978-11-25,93,"Jean Luc Ponty","Cosmic Messenger",8,283358.0
1978-11-25,94,"Joe Cocker","Luxury You Can Afford",11,229157.181818182
1978-11-25,95,"Brides Of Funkenstein","Funk Or Walk",7,346491.142857143
1978-11-25,96,Soundtrack,"Sgt. Peppers Lonely Hearts Club Band",,
1978-11-25,97,"Robin Trower","Caravan To Midnight",9,257053.0
1978-11-25,98,Meco,"The Wizard Of Oz",,
1978-11-25,99,"Teddy Pendergrass","Life Is A Song Worth Singing",9,312602.333333333
1978-11-25,100,Journey,Infinity,10,218869.0
1978-11-25,101,"Dolly Parton",Heartbreaker,10,193170.4
1978-11-25,102,"Phoebe Snow","Against The Grain",,
1978-11-25,103,"The Ramones","Road To Ruin",17,147223.176470588
1978-11-25,104,"A Taste Of Honey","A Taste Of Honey",9,256659.222222222
1978-11-25,105,Boston,Boston,8,273423.0
1978-11-25,106,"Stanley Turrentine","What About You",,
1978-11-25,107,Cameo,"Ugly Ego",8,274824.5
1978-11-25,108,"Donna Summer","Once Upon A Time",16,256053.625
1978-11-25,109,"Van Halen","Van Halen",11,214083.545454545
1978-11-25,110,"Donny & Marie Osmond","Goin' Coconuts",11,165907.545454545
1978-11-25,111,"The Beatles","Sgt. Pepper's Lonely Hearts Club Band",13,186493.923076923
1978-11-25,112,"Peter, Paul & Mary",Reunion,9,296513.666666667
1978-11-25,113,"Don Ray","Garden Of Love",6,373000.0
1978-11-25,114,"Banda Machos","I'm A Man",,
1978-11-25,115,Soundtrack,"The Rocky Horror Picture Show",16,201972.9375
1978-11-25,116,"Village People","Village People",6,286110.5
1978-11-25,117,"The Salsoul Orchestra","Greatest Disco Hits/Music For Non-Stop Dancing",,
1978-11-25,118,"Jeff Wayne/Various Artists","The War Of The Worlds",,
1978-11-25,119,"Eddie Money","Eddie Money",10,205046.3
1978-11-25,120,"Leif Garrett","Feel The Need",,
1978-11-25,121,Quazar,Quazar,3,424499.333333333
1978-11-25,122,"Michael Henderson","In The Night Time",8,292143.0
1978-11-25,123,Odyssey,"Hollywood Party Tonight",10,236434.4
1978-11-25,124,"Pat Travers","Heat In The Street",8,277888.125
1978-11-25,125,Pockets,"Take It On Up",11,235706.454545455
1978-11-25,126,Rush,Hemispheres,4,543099.75
1978-11-25,127,"Mother's Finest","Mother Factor",9,244946.222222222
1978-11-25,128,"Walter Egan","Not Shy",10,212195.7
1978-11-25,129,"Bruce Springsteen","Darkness On The Edge Of Town",10,256567.7
1978-11-25,130,Styx,"The Grand Illusion",8,312237.875
1978-11-25,131,"Fleetwood Mac",Rumours,58,
1978-11-25,132,"Lou Rawls","Lou Rawls Live",10,294536.9
1978-11-25,133,"Maynard Ferguson",Carnival,8,342124.625
1978-11-25,134,"The Atlanta Rhythm Section","Champagne Jam",8,257114.625
1978-11-25,135,"Crystal Gayle","When I Dream",12,185598.583333333
1978-11-25,136,"Joe Walsh","But Seriously Folks",8,265178.125
1978-11-25,137,"Sea Level","On The Edge",8,264544.625
1978-11-25,138,Foreigner,Foreigner,12,240737.833333333
1978-11-25,139,"Eric Carmen","Change Of Heart",9,198341.888888889
1978-11-25,140,"Cheryl Lynn","Cheryl Lynn",11,282691.727272727
1978-11-25,141,Devo,"Q: Are We Not Men? A: We Are Devo!",11,202249.272727273
1978-11-25,142,"Joan Armatrading","To The Limit",10,250474.3
1978-11-25,143,Barkays,"Money Talks",6,343710.666666667
1978-11-25,144,"The Alan Parsons Project",Pyramid,16,211611.3125
1978-11-25,145,Faze-O,"Good Thang",6,402897.666666667
1978-11-25,146,"Lee Oskar","Before The Rain",7,419203.428571429
1978-11-25,147,"Evelyn ""Champagne"" King","Smooth Talk",,
1978-11-25,148,"Dr. Hook","Pleasure + Pain",11,194181.454545455
1978-11-25,149,"Ramsey Lewis",Legacy,6,424075.166666667
1978-11-25,150,"The Beatles","The Beatles [White Album]",107,
1978-11-25,151,"Bob Seger & The Silver Bullet Band","'Live' Bullet",15,293876.0
1978-11-25,152,"John Paul Young","Love Is In The Air",1,210293.0
1978-11-25,153,"Southside Johnny & The Asbury Jukes","Hearts Of Stone",9,233167.111111111
1978-11-25,154,"Roberta Flack","Roberta Flack",8,243663.25
1978-11-25,155,"Electric Light Orchestra","Out Of The Blue",17,250202.705882353
1978-11-25,156,"Captain & Tennille",Dream,11,199997.0
1978-11-25,157,Soundtrack,"Animal House",,
1978-11-25,158,UFO,Obsession,14,206209.214285714
1978-11-25,159,"Bryan Ferry","The Bride Stripped Bare",10,250749.2
1978-11-25,160,"Gene Chandler","Get Down",1,216613.0
1978-11-25,161,"Johnny Guitar Watson",Giant,,
1978-11-25,162,"Steve Martin","Lets Get Small",10,228936.9
1978-11-25,163,Prince,"For You",9,195572.777777778
1978-11-25,164,"The Outlaws","Playin' To Win",9,230503.333333333
1978-11-25,165,"Rory Gallagher",Photo-Finish,11,274219.545454545
1978-11-25,166,"Greg Kihn Band","Next Of Kihn",8,272849.625
1978-11-25,167,"Bob Dylan","Street Legal",9,330368.555555556
1978-11-25,168,"Melba Moore",Melba,8,273838.125
1978-11-25,169,"Molly Hatchet","Molly Hatchet",9,269162.666666667
1978-11-25,170,"The Moody Blues",Octave,15,290897.4
1978-11-25,171,Shalamar,"Disco Gardens",,
1978-11-25,172,"Ian Matthews","Stealin' Home",20,217224.9
1978-11-25,173,"Isaac Hayes","For The Sake Of Love",8,421989.625
1978-11-25,174,Cerrone,"Cerrone IV - The Golden Touch",,
1978-11-25,175,"Third World","Journey To Addis",8,306222.375
1978-11-25,176,"Tom Scott","Intimate Strangers",,
1978-11-25,177,Poco,Legend,9,255765.555555556
1978-11-25,178,"The Whispers",Headlights,8,314258.0
1978-11-25,179,"Bobby Caldwell","Bobby Caldwell",9,246857.555555556
1978-11-25,180,Soundtrack,"Midnight Express",,
1978-11-25,181,"Peaches & Herb",2-hot,8,285426.25
1978-11-25,182,"John Klemmer",Cry,9,369128.555555556
1978-11-25,183,"Tom Waits","Blue Valentine",10,297624.8
1978-11-25,184,"Brass Construction","Brass Construction Iv",8,289458.0
1978-11-25,185,"Nicolette Larson",Nicolette,11,205282.363636364
1978-11-25,186,"Uriah Heep","Fallen Angel",18,229949.444444444
1978-11-25,187,"Lenny Williams","Spark Of Love",11,302353.454545455
1978-11-25,188,Soundtrack,"Battlestar Galacticia",,
1978-11-25,189,"Barbra Streisand",Songbird,10,229055.6
1978-11-25,190,"Paul Anka","Listen To Your Heart",,
1978-11-25,191,LTD,Togetherness,10,232853.0
1978-11-25,192,"Frank Zappa","Studio Tan",4,591886.25
1978-11-25,193,"Donald Byrd","Thank You...For F.U.M.L. (Funking Up My Life)",8,289509.625
1978-11-25,194,"Steely Dan",Aja,7,343028.142857143
1978-11-25,195,"Roy Ayers","You Send Me",8,361479.625
1978-11-25,196,"Eric Clapton",Slowhand,27,280855.407407407
1978-11-25,197,"Janis Ian","Janis Ian (II)",12,224041.916666667
1978-11-25,198,ABBA,"The Album",10,267333.1
1978-11-25,199,"The Beatles","The Beatles 1962-1966",26,144768.346153846
1978-11-25,200,"Pink Floyd","The Dark Side Of The Moon",10,257363.2
1978-12-02,1,"Billy Joel","52nd Street",9,269528.555555556
1978-12-02,2,"Donna Summer","Live And More",13,349835.461538462
1978-12-02,3,"Steve Martin","A Wild And Crazy Guy",10,237882.3
1978-12-02,4,Foreigner,"Double Vision",12,227267.583333333
1978-12-02,5,Soundtrack,Grease,21,201416.80952381
1978-12-02,6,Styx,"Pieces Of Eight",10,255879.8
1978-12-02,7,"Barbra Streisand","Barbra Streisand's Greatest Hits, Volume 2",10,
1978-12-02,8,"Neil Young","Comes A Time",10,222781.6
1978-12-02,9,"Linda Ronstadt","Living In The U.S.A.",,
1978-12-02,10,"The Rolling Stones","Some Girls",10,254173.0
1978-12-02,11,"Fogelberg And Weisberg","Twin Sons Of Different Mothers",,
1978-12-02,12,Chicago,"Hot Streets",11,258734.545454545
1978-12-02,13,"Al Stewart","Time Passages",9,359835.555555556
1978-12-02,14,"Chuck Mangione","Children Of Sanchez",15,399926.733333333
1978-12-02,15,"Chaka Khan",Chaka,16,269406.5
1978-12-02,16,"Gino Vannelli","Brother To Brother",9,297670.555555556
1978-12-02,17,"Elton John","A Single Man",16,261491.3125
1978-12-02,18,"Village People","Cruisin'",6,357526.333333333
1978-12-02,19,Ambrosia,"Life Beyond L.a.",10,247026.3
1978-12-02,20,"Eric Clapton",Backless,10,246386.3
1978-12-02,21,"Jethro Tull","Jethro Tull Live - Bursting Out",,
1978-12-02,22,Heart,"Dog And Butterfly",8,324923.0
1978-12-02,23,Aerosmith,"Live Bootleg",16,283599.625
1978-12-02,24,"The Who","Who Are You",14,245920.5
1978-12-02,25,"Barry Manilow","Greatest Hits",10,210235.6
1978-12-02,26,"Ashford & Simpson","Is It Still Good To Ya",8,257094.625
1978-12-02,27,Santana,"Inner Secrets",9,293153.888888889
1978-12-02,28,"Ted Nugent","Weekend Warriors",10,235071.6
1978-12-02,29,"Anne Murray","Let's Keep It That Way",10,197442.3
1978-12-02,30,"Gene Simmons","Gene Simmons",11,219447.090909091
1978-12-02,31,"Van Morrison",Wavelength,11,339876.0
1978-12-02,32,Funkadelic,"One Nation Under A Groove",,
1978-12-02,33,Yes,Tormato,17,306631.117647059
1978-12-02,34,"Nick Gilder","City Nights",,
1978-12-02,35,"Billy Joel","The Stranger",21,296449.238095238
1978-12-02,36,"Grover Washington, Jr.","Reed Seed",7,340498.714285714
1978-12-02,37,Switch,Switch,1,207071.0
1978-12-02,38,"Ace Frehley","Ace Frehley",9,226448.555555556
1978-12-02,39,"Earth, Wind & Fire","The Best Of Earth, Wind & Fire, Vol. I",10,
1978-12-02,40,Firefall,Elan,13,235476.384615385
1978-12-02,41,"Paul Stanley","Paul Stanley",9,235017.555555556
1978-12-02,42,Kansas,"Two For The Show",24,370950.208333333
1978-12-02,43,"Peter Criss","Peter Criss",10,260209.5
1978-12-02,44,"David Bowie",Stage,22,264932.909090909
1978-12-02,45,"Barry White","Barry White The Man",7,399546.428571429
1978-12-02,46,"Steely Dan","Greatest Hits",,
1978-12-02,47,"Talking Heads","More Songs About Buildings And Food",15,236991.733333333
1978-12-02,48,Commodores,"Commodores' Greatest Hits",9,171359.666666667
1978-12-02,49,"Diana Ross",Ross,29,242630.448275862
1978-12-02,50,Toto,Toto,10,274372.4
1978-12-02,51,Chic,"C'est Chic",8,274691.5
1978-12-02,52,"Weather Report",Mr.gone,,
1978-12-02,53,"Meat Loaf","Bat Out Of Hell",7,408818.857142857
1978-12-02,54,Soundtrack,"Saturday Night Fever",21,224416.142857143
1978-12-02,55,"Alicia Bridges","Alicia Bridges",10,257098.3
1978-12-02,56,Chanson,Chanson,18,226120.777777778
1978-12-02,57,Boston,"Don't Look Back",8,285179.5
1978-12-02,58,"Hamilton Bohannon","Summertime Groove",,
1978-12-02,59,"Kenny Loggins",Nightwatch,9,275975.777777778
1978-12-02,60,Rush,Hemispheres,4,543099.75
1978-12-02,61,"Stephen Bishop",Bish,13,220502.307692308
1978-12-02,62,Musique,"Keep On Jumpin",10,369065.1
1978-12-02,63,Soundtrack,"The Wiz",18,179936.0
1978-12-02,64,Exile,"Mixed Emotion",,
1978-12-02,65,"Ronnie Laws",Flame,,
1978-12-02,66,"Rose Royce","Rose Royce III/Strikes Again!",9,261704.888888889
1978-12-02,67,"Gil Scott-Heron",Secrets,,
1978-12-02,68,"Village People","Macho Man",2,316619.5
1978-12-02,69,"Black Sabbath","Never Say Die",9,312586.888888889
1978-12-02,70,"Betty Wright","Betty Wright Live",1,580413.0
1978-12-02,71,"Waylon Jennings","I've Always Been Crazy",10,234997.2
1978-12-02,72,"The Marshall Tucker Band","Greatest Hit's",,
1978-12-02,73,"Pablo Cruise","Worlds Away",9,266353.777777778
1978-12-02,74,"Jackson Browne","Running On Empty",10,260547.7
1978-12-02,75,"Bob Seger","Stranger In Town",9,265499.666666667
1978-12-02,76,"Jimmy Buffett","You Had To Be There",19,325727.368421053
1978-12-02,77,"The Cars","The Cars",9,245536.0
1978-12-02,78,Sylvester,"Step II",7,303832.0
1978-12-02,79,"The Outlaws","Playin' To Win",9,230503.333333333
1978-12-02,80,"The Brothers Johnson",Blam,9,232992.222222222
1978-12-02,81,10cc,"Bloody Tourists",13,246964.692307692
1978-12-02,82,Jarreau,"All Fly Home",9,261626.444444444
1978-12-02,83,"Stephen Stills","Thoroughfare Gap",10,216041.0
1978-12-02,84,"Rick James","Come Get It",9,327245.666666667
1978-12-02,85,"Brides Of Funkenstein","Funk Or Walk",7,346491.142857143
1978-12-02,86,"Elvis Presley","Elvis:a Canadian Tribute",14,
1978-12-02,87,"Andy Gibb","Shadow Dancing",10,247935.8
1978-12-02,88,"Willie Nelson","Willie Nelson And Family Live",29,194265.965517241
1978-12-02,89,"Chuck Mangione","Feels So Good",6,394279.5
1978-12-02,90,Blondie,"Parallel Lines",12,196634.833333333
1978-12-02,91,"Jean Luc Ponty","Cosmic Messenger",8,283358.0
1978-12-02,92,Foxy,"Get Off",1,341293.0
1978-12-02,93,Commodores,"Natural High",8,311567.875
1978-12-02,94,"Blue Oyster Cult","Some Enchanted Evening",7,325995.857142857
1978-12-02,95,Soundtrack,"Sgt. Peppers Lonely Hearts Club Band",,
1978-12-02,96,Journey,Infinity,10,218869.0
1978-12-02,97,Cameo,"Ugly Ego",8,274824.5
1978-12-02,98,"Little River Band","Sleeper Catcher",9,281811.555555556
1978-12-02,99,"Teddy Pendergrass","Life Is A Song Worth Singing",9,312602.333333333
1978-12-02,100,"Phoebe Snow","Against The Grain",,
1978-12-02,101,"Donny & Marie Osmond","Goin' Coconuts",11,165907.545454545
1978-12-02,102,Barkays,"Money Talks",6,343710.666666667
1978-12-02,103,"Banda Machos","I'm A Man",,
1978-12-02,104,"A Taste Of Honey","A Taste Of Honey",9,256659.222222222
1978-12-02,105,Devo,"Q: Are We Not Men? A: We Are Devo!",11,202249.272727273
1978-12-02,106,"Stanley Turrentine","What About You",,
1978-12-02,107,"Willie Nelson",Stardust,10,219051.7
1978-12-02,108,Player,"Danger Zone",,
1978-12-02,109,"Van Halen","Van Halen",11,214083.545454545
1978-12-02,110,"The Beatles","Sgt. Pepper's Lonely Hearts Club Band",13,186493.923076923
1978-12-02,111,"Leif Garrett","Feel The Need",,
1978-12-02,112,"Barry Manilow","Even Now",14,220591.428571429
1978-12-02,113,"Emmylou Harris",Profile,12,191671.833333333
1978-12-02,114,"Lou Rawls","Lou Rawls Live",10,294536.9
1978-12-02,115,Soundtrack,"The Rocky Horror Picture Show",16,201972.9375
1978-12-02,116,"Pat Travers","Heat In The Street",8,277888.125
1978-12-02,117,"Donna Summer","Once Upon A Time",16,256053.625
1978-12-02,118,"Dolly Parton",Heartbreaker,10,193170.4
1978-12-02,119,"Jeff Wayne/Various Artists","The War Of The Worlds",,
1978-12-02,120,"Joe Cocker","Luxury You Can Afford",11,229157.181818182
1978-12-02,121,Quazar,Quazar,3,424499.333333333
1978-12-02,122,"Michael Henderson","In The Night Time",8,292143.0
1978-12-02,123,Odyssey,"Hollywood Party Tonight",10,236434.4
1978-12-02,124,"Isaac Hayes","For The Sake Of Love",8,421989.625
1978-12-02,125,"Mother's Finest","Mother Factor",9,244946.222222222
1978-12-02,126,Boston,Boston,8,273423.0
1978-12-02,127,"Village People","Village People",6,286110.5
1978-12-02,128,"Cheryl Lynn","Cheryl Lynn",11,282691.727272727
1978-12-02,129,"Bruce Springsteen","Darkness On The Edge Of Town",10,256567.7
1978-12-02,130,Styx,"The Grand Illusion",8,312237.875
1978-12-02,131,"Fleetwood Mac",Rumours,58,
1978-12-02,132,"The Atlanta Rhythm Section","Champagne Jam",8,257114.625
1978-12-02,133,"Gerry Rafferty","City To City",10,319864.9
1978-12-02,134,Foreigner,Foreigner,12,240737.833333333
1978-12-02,135,"Crystal Gayle","When I Dream",12,185598.583333333
1978-12-02,136,"Joan Armatrading","To The Limit",10,250474.3
1978-12-02,137,"Sea Level","On The Edge",8,264544.625
1978-12-02,138,"Eric Carmen","Change Of Heart",9,198341.888888889
1978-12-02,139,"Eddie Money","Eddie Money",10,205046.3
1978-12-02,140,"Joe Walsh","But Seriously Folks",8,265178.125
1978-12-02,141,"Dr. Hook","Pleasure + Pain",11,194181.454545455
1978-12-02,142,Meco,"The Wizard Of Oz",,
1978-12-02,143,"The Ramones","Road To Ruin",17,147223.176470588
1978-12-02,144,"The Alan Parsons Project",Pyramid,16,211611.3125
1978-12-02,145,"Southside Johnny & The Asbury Jukes","Hearts Of Stone",9,233167.111111111
1978-12-02,146,"Lee Oskar","Before The Rain",7,419203.428571429
1978-12-02,147,"Robin Trower","Caravan To Midnight",9,257053.0
1978-12-02,148,"Todd Rundgren","Back To The Bars",20,338082.4
1978-12-02,149,"Gene Chandler","Get Down",1,216613.0
1978-12-02,150,"Lynyrd Skynyrd","Skynyrd's First And...last",,
1978-12-02,151,"John Paul Young","Love Is In The Air",1,210293.0
1978-12-02,152,"Daryl Hall John Oates","Along The Red Ledge",10,222391.8
1978-12-02,153,"Captain & Tennille",Dream,11,199997.0
1978-12-02,154,"Roberta Flack","Roberta Flack",8,243663.25
1978-12-02,155,"Rory Gallagher",Photo-Finish,11,274219.545454545
1978-12-02,156,Soundtrack,"Animal House",,
1978-12-02,157,"Ian Matthews","Stealin' Home",20,217224.9
1978-12-02,158,"Melba Moore",Melba,8,273838.125
1978-12-02,159,"Bryan Ferry","The Bride Stripped Bare",10,250749.2
1978-12-02,160,"Electric Light Orchestra","Out Of The Blue",17,250202.705882353
1978-12-02,161,"Bob Seger & The Silver Bullet Band","'Live' Bullet",15,293876.0
1978-12-02,162,"Steve Martin","Lets Get Small",10,228936.9
1978-12-02,163,"Tom Scott","Intimate Strangers",,
1978-12-02,164,"Bob Dylan","Street Legal",9,330368.555555556
1978-12-02,165,"Third World","Journey To Addis",8,306222.375
1978-12-02,166,"Molly Hatchet","Molly Hatchet",9,269162.666666667
1978-12-02,167,Cerrone,"Cerrone IV - The Golden Touch",,
1978-12-02,168,"Johnny Guitar Watson",Giant,,
1978-12-02,169,"The Moody Blues",Octave,15,290897.4
1978-12-02,170,Poco,Legend,9,255765.555555556
1978-12-02,171,"Bobby Caldwell","Bobby Caldwell",9,246857.555555556
1978-12-02,172,Soundtrack,"Midnight Express",,
1978-12-02,173,"Peaches & Herb",2-hot,8,285426.25
1978-12-02,174,"The Whispers",Headlights,8,314258.0
1978-12-02,175,"Walter Egan","Not Shy",10,212195.7
1978-12-02,176,"Brass Construction","Brass Construction Iv",8,289458.0
1978-12-02,177,"Nicolette Larson",Nicolette,11,205282.363636364
1978-12-02,178,"John Klemmer",Cry,9,369128.555555556
1978-12-02,179,"Tanya Tucker",Tnt,10,241509.1
1978-12-02,180,"Joe Walsh","The Best Of Joe Walsh",10,269218.4
1978-12-02,181,"Tom Waits","Blue Valentine",10,297624.8
1978-12-02,182,"Barbra Streisand",Songbird,10,229055.6
1978-12-02,183,"Paul Anka","Listen To Your Heart",,
1978-12-02,184,"Cheech & Chong","Up In Smoke (Soundtrack)",18,164688.666666667
1978-12-02,185,"Lenny Williams","Spark Of Love",11,302353.454545455
1978-12-02,186,"Uriah Heep","Fallen Angel",18,229949.444444444
1978-12-02,187,"Greg Kihn Band","Next Of Kihn",8,272849.625
1978-12-02,188,LTD,Togetherness,10,232853.0
1978-12-02,189,"Loleatta Holloway","Queen Of The Night",,
1978-12-02,190,"The Pointer Sisters",Energy,13,231959.538461538
1978-12-02,191,"Donald Byrd","Thank You...For F.U.M.L. (Funking Up My Life)",8,289509.625
1978-12-02,192,"The Salsoul Orchestra","Greatest Disco Hits/Music For Non-Stop Dancing",,
1978-12-02,193,Pockets,"Take It On Up",11,235706.454545455
1978-12-02,194,"Steely Dan",Aja,7,343028.142857143
1978-12-02,195,"Don Ray","Garden Of Love",6,373000.0
1978-12-02,196,"Eric Clapton",Slowhand,27,280855.407407407
1978-12-02,197,"The Beatles","The Beatles [White Album]",107,
1978-12-02,198,"Peter, Paul & Mary",Reunion,9,296513.666666667
1978-12-02,199,"Maynard Ferguson",Carnival,8,342124.625
1978-12-02,200,"Pink Floyd","The Dark Side Of The Moon",10,257363.2
1978-12-09,1,"Billy Joel","52nd Street",9,269528.555555556
1978-12-09,2,"Steve Martin","A Wild And Crazy Guy",10,237882.3
1978-12-09,3,"Barbra Streisand","Barbra Streisand's Greatest Hits, Volume 2",10,
1978-12-09,4,"Donna Summer","Live And More",13,349835.461538462
1978-12-09,5,Foreigner,"Double Vision",12,227267.583333333
1978-12-09,6,Soundtrack,Grease,21,201416.80952381
1978-12-09,7,"Neil Young","Comes A Time",10,222781.6
1978-12-09,8,Styx,"Pieces Of Eight",10,255879.8
1978-12-09,9,"Linda Ronstadt","Living In The U.S.A.",,
1978-12-09,10,"The Rolling Stones","Some Girls",10,254173.0
1978-12-09,11,"Al Stewart","Time Passages",9,359835.555555556
1978-12-09,12,Chic,"C'est Chic",8,274691.5
1978-12-09,13,"Chaka Khan",Chaka,16,269406.5
1978-12-09,14,"Gino Vannelli","Brother To Brother",9,297670.555555556
1978-12-09,15,"Elton John","A Single Man",16,261491.3125
1978-12-09,16,"Eric Clapton",Backless,10,246386.3
1978-12-09,17,"Village People","Cruisin'",6,357526.333333333
1978-12-09,18,Aerosmith,"Live Bootleg",16,283599.625
1978-12-09,19,Ambrosia,"Life Beyond L.a.",10,247026.3
1978-12-09,20,"Barry Manilow","Greatest Hits",10,210235.6
1978-12-09,21,"Fogelberg And Weisberg","Twin Sons Of Different Mothers",,
1978-12-09,22,Heart,"Dog And Butterfly",8,324923.0
1978-12-09,23,Chicago,"Hot Streets",11,258734.545454545
1978-12-09,24,"Earth, Wind & Fire","The Best Of Earth, Wind & Fire, Vol. I",10,
1978-12-09,25,"Ted Nugent","Weekend Warriors",10,235071.6
1978-12-09,26,"Ashford & Simpson","Is It Still Good To Ya",8,257094.625
1978-12-09,27,Santana,"Inner Secrets",9,293153.888888889
1978-12-09,28,"Gene Simmons","Gene Simmons",11,219447.090909091
1978-12-09,29,"Van Morrison",Wavelength,11,339876.0
1978-12-09,30,Queen,Jazz,18,208755.944444444
1978-12-09,31,"Jethro Tull","Jethro Tull Live - Bursting Out",,
1978-12-09,32,Firefall,Elan,13,235476.384615385
1978-12-09,33,"Nick Gilder","City Nights",,
1978-12-09,34,"Billy Joel","The Stranger",21,296449.238095238
1978-12-09,35,"Grover Washington, Jr.","Reed Seed",7,340498.714285714
1978-12-09,36,"Ace Frehley","Ace Frehley",9,226448.555555556
1978-12-09,37,"Steely Dan","Greatest Hits",,
1978-12-09,38,Kansas,"Two For The Show",24,370950.208333333
1978-12-09,39,Toto,Toto,10,274372.4
1978-12-09,40,Switch,Switch,1,207071.0
1978-12-09,41,"Barry White","Barry White The Man",7,399546.428571429
1978-12-09,42,"Paul Stanley","Paul Stanley",9,235017.555555556
1978-12-09,43,Commodores,"Commodores' Greatest Hits",9,171359.666666667
1978-12-09,44,"Talking Heads","More Songs About Buildings And Food",15,236991.733333333
1978-12-09,45,"Alicia Bridges","Alicia Bridges",10,257098.3
1978-12-09,46,Chanson,Chanson,18,226120.777777778
1978-12-09,47,"Peter Criss","Peter Criss",10,260209.5
1978-12-09,48,"Chuck Mangione","Children Of Sanchez",15,399926.733333333
1978-12-09,49,"Diana Ross",Ross,29,242630.448275862
1978-12-09,50,"Grateful Dead","Shakedown Street",10,252228.6
1978-12-09,51,Rush,Hemispheres,4,543099.75
1978-12-09,52,"Weather Report",Mr.gone,,
1978-12-09,53,"Meat Loaf","Bat Out Of Hell",7,408818.857142857
1978-12-09,54,Soundtrack,"Saturday Night Fever",21,224416.142857143
1978-12-09,55,"The Who","Who Are You",14,245920.5
1978-12-09,56,"Ronnie Laws",Flame,,
1978-12-09,57,Boston,"Don't Look Back",8,285179.5
1978-12-09,58,"Anne Murray","Let's Keep It That Way",10,197442.3
1978-12-09,59,"Kenny Loggins",Nightwatch,9,275975.777777778
1978-12-09,60,"The Steve Miller Band","Greatest Hits 1974-78",,
1978-12-09,61,Funkadelic,"One Nation Under A Groove",,
1978-12-09,62,Musique,"Keep On Jumpin",10,369065.1
1978-12-09,63,Exile,"Mixed Emotion",,
1978-12-09,64,"Bob Seger","Stranger In Town",9,265499.666666667
1978-12-09,65,"Rose Royce","Rose Royce III/Strikes Again!",9,261704.888888889
1978-12-09,66,"The Outlaws","Playin' To Win",9,230503.333333333
1978-12-09,67,"Betty Wright","Betty Wright Live",1,580413.0
1978-12-09,68,"Village People","Macho Man",2,316619.5
1978-12-09,69,"Black Sabbath","Never Say Die",9,312586.888888889
1978-12-09,70,"The Marshall Tucker Band","Greatest Hit's",,
1978-12-09,71,"Waylon Jennings","I've Always Been Crazy",10,234997.2
1978-12-09,72,"Jackson Browne","Running On Empty",10,260547.7
1978-12-09,73,"Pablo Cruise","Worlds Away",9,266353.777777778
1978-12-09,74,"Jimmy Buffett","You Had To Be There",19,325727.368421053
1978-12-09,75,"Brides Of Funkenstein","Funk Or Walk",7,346491.142857143
1978-12-09,76,"Willie Nelson","Willie Nelson And Family Live",29,194265.965517241
1978-12-09,77,Yes,Tormato,17,306631.117647059
1978-12-09,78,Jarreau,"All Fly Home",9,261626.444444444
1978-12-09,79,"David Bowie",Stage,22,264932.909090909
1978-12-09,80,"Stephen Bishop",Bish,13,220502.307692308
1978-12-09,81,10cc,"Bloody Tourists",13,246964.692307692
1978-12-09,82,Soundtrack,"The Lord Of The Rings",26,239341.307692308
1978-12-09,83,Soundtrack,"The Wiz",18,179936.0
1978-12-09,84,"Rick James","Come Get It",9,327245.666666667
1978-12-09,85,Wings,"Wings Greatest",12,270576.333333333
1978-12-09,86,"Andy Gibb","Shadow Dancing",10,247935.8
1978-12-09,87,Cameo,"Ugly Ego",8,274824.5
1978-12-09,88,"The Cars","The Cars",9,245536.0
1978-12-09,89,"Jean Luc Ponty","Cosmic Messenger",8,283358.0
1978-12-09,90,"Olivia Newton-John","Totally Hot",10,239138.9
1978-12-09,91,Foxy,"Get Off",1,341293.0
1978-12-09,92,Barkays,"Money Talks",6,343710.666666667
1978-12-09,93,Journey,Infinity,10,218869.0
1978-12-09,94,Blondie,"Parallel Lines",12,196634.833333333
1978-12-09,95,Devo,"Q: Are We Not Men? A: We Are Devo!",11,202249.272727273
1978-12-09,96,"Hamilton Bohannon","Summertime Groove",,
1978-12-09,97,"Gil Scott-Heron",Secrets,,
1978-12-09,98,"Donny & Marie Osmond","Goin' Coconuts",11,165907.545454545
1978-12-09,99,"Leif Garrett","Feel The Need",,
1978-12-09,100,"Cheryl Lynn","Cheryl Lynn",11,282691.727272727
1978-12-09,101,"Banda Machos","I'm A Man",,
1978-12-09,102,Sylvester,"Step II",7,303832.0
1978-12-09,103,"Emmylou Harris",Profile,12,191671.833333333
1978-12-09,104,"Isaac Hayes","For The Sake Of Love",8,421989.625
1978-12-09,105,"Pat Travers","Heat In The Street",8,277888.125
1978-12-09,106,"The Brothers Johnson",Blam,9,232992.222222222
1978-12-09,107,"Chuck Mangione","Feels So Good",6,394279.5
1978-12-09,108,"Lou Rawls","Lou Rawls Live",10,294536.9
1978-12-09,109,"Van Halen","Van Halen",11,214083.545454545
1978-12-09,110,"Todd Rundgren","Back To The Bars",20,338082.4
1978-12-09,111,Soundtrack,"Sgt. Peppers Lonely Hearts Club Band",,
1978-12-09,112,"Little River Band","Sleeper Catcher",9,281811.555555556
1978-12-09,113,Commodores,"Natural High",8,311567.875
1978-12-09,114,"Teddy Pendergrass","Life Is A Song Worth Singing",9,312602.333333333
1978-12-09,115,"A Taste Of Honey","A Taste Of Honey",9,256659.222222222
1978-12-09,116,"Willie Nelson",Stardust,10,219051.7
1978-12-09,117,Player,"Danger Zone",,
1978-12-09,118,Soundtrack,"The Rocky Horror Picture Show",16,201972.9375
1978-12-09,119,"Dr. Hook","Pleasure + Pain",11,194181.454545455
1978-12-09,120,"Elvis Presley","Elvis:a Canadian Tribute",14,
1978-12-09,121,"Donna Summer","Once Upon A Time",16,256053.625
1978-12-09,122,"Dolly Parton",Heartbreaker,10,193170.4
1978-12-09,123,"Jeff Wayne/Various Artists","The War Of The Worlds",,
1978-12-09,124,"Blue Oyster Cult","Some Enchanted Evening",7,325995.857142857
1978-12-09,125,"Joan Armatrading","To The Limit",10,250474.3
1978-12-09,126,"Mother's Finest","Mother Factor",9,244946.222222222
1978-12-09,127,"Barry Manilow","Even Now",14,220591.428571429
1978-12-09,128,"Fleetwood Mac",Rumours,58,
1978-12-09,129,"Bobby Caldwell","Bobby Caldwell",9,246857.555555556
1978-12-09,130,"Phoebe Snow","Against The Grain",,
1978-12-09,131,"Bruce Springsteen","Darkness On The Edge Of Town",10,256567.7
1978-12-09,132,"The Atlanta Rhythm Section","Champagne Jam",8,257114.625
1978-12-09,133,"George Thorogood & The Destroyers","Move It On Over",10,270766.1
1978-12-09,134,Foreigner,Foreigner,12,240737.833333333
1978-12-09,135,"Southside Johnny & The Asbury Jukes","Hearts Of Stone",9,233167.111111111
1978-12-09,136,"Tanya Tucker",Tnt,10,241509.1
1978-12-09,137,"Eric Carmen","Change Of Heart",9,198341.888888889
1978-12-09,138,"Gene Chandler","Get Down",1,216613.0
1978-12-09,139,Styx,"The Grand Illusion",8,312237.875
1978-12-09,140,Poco,Legend,9,255765.555555556
1978-12-09,141,"The Alan Parsons Project",Pyramid,16,211611.3125
1978-12-09,142,Quazar,Quazar,3,424499.333333333
1978-12-09,143,Odyssey,"Hollywood Party Tonight",10,236434.4
1978-12-09,144,"Gerry Rafferty","City To City",10,319864.9
1978-12-09,145,"Rory Gallagher",Photo-Finish,11,274219.545454545
1978-12-09,146,"Ian Matthews","Stealin' Home",20,217224.9
1978-12-09,147,"John Paul Young","Love Is In The Air",1,210293.0
1978-12-09,148,"Melba Moore",Melba,8,273838.125
1978-12-09,149,"The Beatles","Sgt. Pepper's Lonely Hearts Club Band",13,186493.923076923
1978-12-09,150,"Crystal Gayle","When I Dream",12,185598.583333333
1978-12-09,151,Boston,Boston,8,273423.0
1978-12-09,152,"Tom Scott","Intimate Strangers",,
1978-12-09,153,"Peabo Bryson",Crosswinds,8,320013.0
1978-12-09,154,"Village People","Village People",6,286110.5
1978-12-09,155,"Third World","Journey To Addis",8,306222.375
1978-12-09,156,Cerrone,"Cerrone IV - The Golden Touch",,
1978-12-09,157,Meco,"The Wizard Of Oz",,
1978-12-09,158,"Nicolette Larson",Nicolette,11,205282.363636364
1978-12-09,159,"Michael Henderson","In The Night Time",8,292143.0
1978-12-09,160,"Peaches & Herb",2-hot,8,285426.25
1978-12-09,161,Soundtrack,"Midnight Express",,
1978-12-09,162,"Molly Hatchet","Molly Hatchet",9,269162.666666667
1978-12-09,163,"The Whispers",Headlights,8,314258.0
1978-12-09,164,"The Ramones","Road To Ruin",17,147223.176470588
1978-12-09,165,"Jesse Colin Young","American Dreams",10,218654.3
1978-12-09,166,"Stanley Turrentine","What About You",,
1978-12-09,167,"The Moody Blues",Octave,15,290897.4
1978-12-09,168,"Daryl Hall John Oates","Along The Red Ledge",10,222391.8
1978-12-09,169,"Emerson, Lake & Palmer","Love Beach",15,272325.533333333
1978-12-09,170,"Melissa Manchester","Don't Cry Out Loud",11,216558.545454545
1978-12-09,171,"Lynyrd Skynyrd","Skynyrd's First And...last",,
1978-12-09,172,"Barbra Streisand",Songbird,10,229055.6
1978-12-09,173,"Cheech & Chong","Up In Smoke (Soundtrack)",18,164688.666666667
1978-12-09,174,"Brass Construction","Brass Construction Iv",8,289458.0
1978-12-09,175,Soundtrack,"Animal House",,
1978-12-09,176,"Electric Light Orchestra","Out Of The Blue",17,250202.705882353
1978-12-09,177,"Bob Seger & The Silver Bullet Band","'Live' Bullet",15,293876.0
1978-12-09,178,Carpenters,"Christmas Portrait",21,201240.714285714
1978-12-09,179,"Paul Anka","Listen To Your Heart",,
1978-12-09,180,"The Pointer Sisters",Energy,13,231959.538461538
1978-12-09,181,"Tom Waits","Blue Valentine",10,297624.8
1978-12-09,182,"Captain & Tennille",Dream,11,199997.0
1978-12-09,183,"Bob Dylan","Street Legal",9,330368.555555556
1978-12-09,184,"Johnny Guitar Watson",Giant,,
1978-12-09,185,"Eddie Money","Eddie Money",10,205046.3
1978-12-09,186,"Peter Tosh","Bush Doctor",15,298565.933333333
1978-12-09,187,"Loleatta Holloway","Queen Of The Night",,
1978-12-09,188,"Robin Trower","Caravan To Midnight",9,257053.0
1978-12-09,189,"Joe Cocker","Luxury You Can Afford",11,229157.181818182
1978-12-09,190,"Wilton Felder","We All Have A Star",,
1978-12-09,191,"Sea Level","On The Edge",8,264544.625
1978-12-09,192,"Lenny Williams","Spark Of Love",11,302353.454545455
1978-12-09,193,"Steve Martin","Lets Get Small",10,228936.9
1978-12-09,194,"Joe Walsh","The Best Of Joe Walsh",10,269218.4
1978-12-09,195,LTD,Togetherness,10,232853.0
1978-12-09,196,"Donald Byrd","Thank You...For F.U.M.L. (Funking Up My Life)",8,289509.625
1978-12-09,197,"Joe Walsh","But Seriously Folks",8,265178.125
1978-12-09,198,"Eric Clapton",Slowhand,27,280855.407407407
1978-12-09,199,"Pink Floyd","The Dark Side Of The Moon",10,257363.2
1978-12-09,200,"Trevor Rabin","Trevor Rabin",18,223701.777777778
1978-12-16,1,"Billy Joel","52nd Street",9,269528.555555556
1978-12-16,2,"Steve Martin","A Wild And Crazy Guy",10,237882.3
1978-12-16,3,"Barbra Streisand","Barbra Streisand's Greatest Hits, Volume 2",10,
1978-12-16,4,"Donna Summer","Live And More",13,349835.461538462
1978-12-16,5,Foreigner,"Double Vision",12,227267.583333333
1978-12-16,6,Soundtrack,Grease,21,201416.80952381
1978-12-16,7,"Neil Young","Comes A Time",10,222781.6
1978-12-16,8,Chic,"C'est Chic",8,274691.5
1978-12-16,9,Queen,Jazz,18,208755.944444444
1978-12-16,10,"Al Stewart","Time Passages",9,359835.555555556
1978-12-16,11,"Linda Ronstadt","Living In The U.S.A.",,
1978-12-16,12,"Chaka Khan",Chaka,16,269406.5
1978-12-16,13,"Gino Vannelli","Brother To Brother",9,297670.555555556
1978-12-16,14,"Eric Clapton",Backless,10,246386.3
1978-12-16,15,"Elton John","A Single Man",16,261491.3125
1978-12-16,16,"Village People","Cruisin'",6,357526.333333333
1978-12-16,17,Aerosmith,"Live Bootleg",16,283599.625
1978-12-16,18,"Barry Manilow","Greatest Hits",10,210235.6
1978-12-16,19,"Earth, Wind & Fire","The Best Of Earth, Wind & Fire, Vol. I",10,
1978-12-16,20,Heart,"Dog And Butterfly",8,324923.0
1978-12-16,21,"The Rolling Stones","Some Girls",10,254173.0
1978-12-16,22,"Neil Diamond","You Don't Bring Me Flowers",10,196739.7
1978-12-16,23,Styx,"Pieces Of Eight",10,255879.8
1978-12-16,24,"Ted Nugent","Weekend Warriors",10,235071.6
1978-12-16,25,"Fogelberg And Weisberg","Twin Sons Of Different Mothers",,
1978-12-16,26,"Gene Simmons","Gene Simmons",11,219447.090909091
1978-12-16,27,Ambrosia,"Life Beyond L.a.",10,247026.3
1978-12-16,28,"Van Morrison",Wavelength,11,339876.0
1978-12-16,29,Chicago,"Hot Streets",11,258734.545454545
1978-12-16,30,Firefall,Elan,13,235476.384615385
1978-12-16,31,"Billy Joel","The Stranger",21,296449.238095238
1978-12-16,32,Toto,Toto,10,274372.4
1978-12-16,33,"Steely Dan","Greatest Hits",,
1978-12-16,34,"Ace Frehley","Ace Frehley",9,226448.555555556
1978-12-16,35,"Grover Washington, Jr.","Reed Seed",7,340498.714285714
1978-12-16,36,"Barry White","Barry White The Man",7,399546.428571429
1978-12-16,37,Kansas,"Two For The Show",24,370950.208333333
1978-12-16,38,"Jethro Tull","Jethro Tull Live - Bursting Out",,
1978-12-16,39,"Alicia Bridges","Alicia Bridges",10,257098.3
1978-12-16,40,"Paul Stanley","Paul Stanley",9,235017.555555556
1978-12-16,41,Commodores,"Commodores' Greatest Hits",9,171359.666666667
1978-12-16,42,"Nick Gilder","City Nights",,
1978-12-16,43,"Talking Heads","More Songs About Buildings And Food",15,236991.733333333
1978-12-16,44,Chanson,Chanson,18,226120.777777778
1978-12-16,45,"Grateful Dead","Shakedown Street",10,252228.6
1978-12-16,46,"Peter Criss","Peter Criss",10,260209.5
1978-12-16,47,"Chuck Mangione","Children Of Sanchez",15,399926.733333333
1978-12-16,48,Soundtrack,"Saturday Night Fever",21,224416.142857143
1978-12-16,49,Rush,Hemispheres,4,543099.75
1978-12-16,50,"The Steve Miller Band","Greatest Hits 1974-78",,
1978-12-16,51,"Ronnie Laws",Flame,,
1978-12-16,52,"Meat Loaf","Bat Out Of Hell",7,408818.857142857
1978-12-16,53,"Bob Seger","Stranger In Town",9,265499.666666667
1978-12-16,54,Parliament,"Motor Booty Affair",8,348579.0
1978-12-16,55,Wings,"Wings Greatest",12,270576.333333333
1978-12-16,56,Boston,"Don't Look Back",8,285179.5
1978-12-16,57,"Ashford & Simpson","Is It Still Good To Ya",8,257094.625
1978-12-16,58,"Anne Murray","Let's Keep It That Way",10,197442.3
1978-12-16,59,"Kenny Loggins",Nightwatch,9,275975.777777778
1978-12-16,60,"The Outlaws","Playin' To Win",9,230503.333333333
1978-12-16,61,Santana,"Inner Secrets",9,293153.888888889
1978-12-16,62,Switch,Switch,1,207071.0
1978-12-16,63,"Weather Report",Mr.gone,,
1978-12-16,64,"Diana Ross",Ross,29,242630.448275862
1978-12-16,65,"Willie Nelson","Willie Nelson And Family Live",29,194265.965517241
1978-12-16,66,Funkadelic,"One Nation Under A Groove",,
1978-12-16,67,"The Marshall Tucker Band","Greatest Hit's",,
1978-12-16,68,"Village People","Macho Man",2,316619.5
1978-12-16,69,"The Who","Who Are You",14,245920.5
1978-12-16,70,"Brides Of Funkenstein","Funk Or Walk",7,346491.142857143
1978-12-16,71,Soundtrack,"The Lord Of The Rings",26,239341.307692308
1978-12-16,72,"Jimmy Buffett","You Had To Be There",19,325727.368421053
1978-12-16,73,"Rose Royce","Rose Royce III/Strikes Again!",9,261704.888888889
1978-12-16,74,Musique,"Keep On Jumpin",10,369065.1
1978-12-16,75,"Olivia Newton-John","Totally Hot",10,239138.9
1978-12-16,76,"Andy Gibb","Shadow Dancing",10,247935.8
1978-12-16,77,10cc,"Bloody Tourists",13,246964.692307692
1978-12-16,78,Jarreau,"All Fly Home",9,261626.444444444
1978-12-16,79,Exile,"Mixed Emotion",,
1978-12-16,80,"Cheryl Lynn","Cheryl Lynn",11,282691.727272727
1978-12-16,81,Barkays,"Money Talks",6,343710.666666667
1978-12-16,82,"Pablo Cruise","Worlds Away",9,266353.777777778
1978-12-16,83,Cameo,"Ugly Ego",8,274824.5
1978-12-16,84,Devo,"Q: Are We Not Men? A: We Are Devo!",11,202249.272727273
1978-12-16,85,"Jim Morrison / The Doors","An American Prayer",,
1978-12-16,86,"The Cars","The Cars",9,245536.0
1978-12-16,87,"Betty Wright","Betty Wright Live",1,580413.0
1978-12-16,88,Yes,Tormato,17,306631.117647059
1978-12-16,89,"Leif Garrett","Feel The Need",,
1978-12-16,90,"Emerson, Lake & Palmer","Love Beach",15,272325.533333333
1978-12-16,91,Soundtrack,"The Wiz",18,179936.0
1978-12-16,92,"The J. Geils Band",Sanctuary,9,239381.0
1978-12-16,93,"Emmylou Harris",Profile,12,191671.833333333
1978-12-16,94,"Jackson Browne","Running On Empty",10,260547.7
1978-12-16,95,"Rick James","Come Get It",9,327245.666666667
1978-12-16,96,"Waylon Jennings","I've Always Been Crazy",10,234997.2
1978-12-16,97,"Gil Scott-Heron",Secrets,,
1978-12-16,98,"Jean Luc Ponty","Cosmic Messenger",8,283358.0
1978-12-16,99,"Todd Rundgren","Back To The Bars",20,338082.4
1978-12-16,100,"Bob James","Touch Down",,
1978-12-16,101,"David Bowie",Stage,22,264932.909090909
1978-12-16,102,"Isaac Hayes","For The Sake Of Love",8,421989.625
1978-12-16,103,Journey,Infinity,10,218869.0
1978-12-16,104,Sylvester,"Step II",7,303832.0
1978-12-16,105,"Pat Travers","Heat In The Street",8,277888.125
1978-12-16,106,"Stephen Bishop",Bish,13,220502.307692308
1978-12-16,107,"Dr. Hook","Pleasure + Pain",11,194181.454545455
1978-12-16,108,Soundtrack,"Sgt. Peppers Lonely Hearts Club Band",,
1978-12-16,109,"Van Halen","Van Halen",11,214083.545454545
1978-12-16,110,"The Brothers Johnson",Blam,9,232992.222222222
1978-12-16,111,"Banda Machos","I'm A Man",,
1978-12-16,112,"Chuck Mangione","Feels So Good",6,394279.5
1978-12-16,113,"Teddy Pendergrass","Life Is A Song Worth Singing",9,312602.333333333
1978-12-16,114,Blondie,"Parallel Lines",12,196634.833333333
1978-12-16,115,Player,"Danger Zone",,
1978-12-16,116,"Dolly Parton",Heartbreaker,10,193170.4
1978-12-16,117,"Tanya Tucker",Tnt,10,241509.1
1978-12-16,118,"Bobby Caldwell","Bobby Caldwell",9,246857.555555556
1978-12-16,119,Foxy,"Get Off",1,341293.0
1978-12-16,120,"Richard Pryor",Wanted,17,303686.117647059
1978-12-16,121,"Fleetwood Mac",Rumours,58,
1978-12-16,122,"George Thorogood & The Destroyers","Move It On Over",10,270766.1
1978-12-16,123,"Mother's Finest","Mother Factor",9,244946.222222222
1978-12-16,124,"Southside Johnny & The Asbury Jukes","Hearts Of Stone",9,233167.111111111
1978-12-16,125,"Joan Armatrading","To The Limit",10,250474.3
1978-12-16,126,"Alice Cooper","From The Inside",10,233070.3
1978-12-16,127,"Gene Chandler","Get Down",1,216613.0
1978-12-16,128,"Black Sabbath","Never Say Die",9,312586.888888889
1978-12-16,129,Poco,Legend,9,255765.555555556
1978-12-16,130,"Bob Marley And The Wailers","Babylon By Bus",13,340399.615384615
1978-12-16,131,"Willie Nelson",Stardust,10,219051.7
1978-12-16,132,"Nicolette Larson",Nicolette,11,205282.363636364
1978-12-16,133,"Ian Matthews","Stealin' Home",20,217224.9
1978-12-16,134,Foreigner,Foreigner,12,240737.833333333
1978-12-16,135,"Rory Gallagher",Photo-Finish,11,274219.545454545
1978-12-16,136,Styx,"The Grand Illusion",8,312237.875
1978-12-16,137,"Melba Moore",Melba,8,273838.125
1978-12-16,138,"Donny & Marie Osmond","Goin' Coconuts",11,165907.545454545
1978-12-16,139,"Eric Carmen","Change Of Heart",9,198341.888888889
1978-12-16,140,"Kenny Rogers","The Gambler",11,230957.363636364
1978-12-16,141,"Peabo Bryson",Crosswinds,8,320013.0
1978-12-16,142,"Hamilton Bohannon","Summertime Groove",,
1978-12-16,143,"John Paul Young","Love Is In The Air",1,210293.0
1978-12-16,144,"Third World","Journey To Addis",8,306222.375
1978-12-16,145,"The Jacksons",Destiny,8,306412.875
1978-12-16,146,Cerrone,"Cerrone IV - The Golden Touch",,
1978-12-16,147,Boston,Boston,8,273423.0
1978-12-16,148,Soundtrack,"Midnight Express",,
1978-12-16,149,"The Beatles","Sgt. Pepper's Lonely Hearts Club Band",13,186493.923076923
1978-12-16,150,"Peaches & Herb",2-hot,8,285426.25
1978-12-16,151,"Village People","Village People",6,286110.5
1978-12-16,152,"Tom Scott","Intimate Strangers",,
1978-12-16,153,"The Whispers",Headlights,8,314258.0
1978-12-16,154,"Crystal Gayle","When I Dream",12,185598.583333333
1978-12-16,155,"Dan Hartman","Instant Replay",10,388050.3
1978-12-16,156,"Bruce Springsteen","Darkness On The Edge Of Town",10,256567.7
1978-12-16,157,"Little River Band","Sleeper Catcher",9,281811.555555556
1978-12-16,158,Soundtrack,"The Rocky Horror Picture Show",16,201972.9375
1978-12-16,159,"Michael Henderson","In The Night Time",8,292143.0
1978-12-16,160,"Melissa Manchester","Don't Cry Out Loud",11,216558.545454545
1978-12-16,161,"Lou Rawls","Lou Rawls Live",10,294536.9
1978-12-16,162,"Molly Hatchet","Molly Hatchet",9,269162.666666667
1978-12-16,163,"Jeff Wayne/Various Artists","The War Of The Worlds",,
1978-12-16,164,"ADC Band","Long Stroke",,
1978-12-16,165,"Jesse Colin Young","American Dreams",10,218654.3
1978-12-16,166,Carpenters,"Christmas Portrait",21,201240.714285714
1978-12-16,167,"The Moody Blues",Octave,15,290897.4
1978-12-16,168,"Daryl Hall John Oates","Along The Red Ledge",10,222391.8
1978-12-16,169,"The Pointer Sisters",Energy,13,231959.538461538
1978-12-16,170,"Cheech & Chong","Up In Smoke (Soundtrack)",18,164688.666666667
1978-12-16,171,"Lynyrd Skynyrd","Skynyrd's First And...last",,
1978-12-16,172,"Barbra Streisand",Songbird,10,229055.6
1978-12-16,173,"Elvis Presley","Elvis:a Canadian Tribute",14,
1978-12-16,174,Soundtrack,"Animal House",,
1978-12-16,175,"Glen Campbell",Basic,11,182791.090909091
1978-12-16,176,"Electric Light Orchestra","Out Of The Blue",17,250202.705882353
1978-12-16,177,"Bob Seger & The Silver Bullet Band","'Live' Bullet",15,293876.0
1978-12-16,178,"Barry Manilow","Even Now",14,220591.428571429
1978-12-16,179,Commodores,"Natural High",8,311567.875
1978-12-16,180,"Captain & Tennille",Dream,11,199997.0
1978-12-16,181,"Peter Tosh","Bush Doctor",15,298565.933333333
1978-12-16,182,"A Taste Of Honey","A Taste Of Honey",9,256659.222222222
1978-12-16,183,"Donna Summer","Once Upon A Time",16,256053.625
1978-12-16,184,"The Ramones","Road To Ruin",17,147223.176470588
1978-12-16,185,"Blue Oyster Cult","Some Enchanted Evening",7,325995.857142857
1978-12-16,186,"Wilton Felder","We All Have A Star",,
1978-12-16,187,"The Atlanta Rhythm Section","Champagne Jam",8,257114.625
1978-12-16,188,Voyage,"Fly Away",1,375884.0
1978-12-16,189,"Paul Anka","Listen To Your Heart",,
1978-12-16,190,"Bonnie Pointer","Bonnie Pointer",17,268065.588235294
1978-12-16,191,"Sea Level","On The Edge",8,264544.625
1978-12-16,192,"Lenny Williams","Spark Of Love",11,302353.454545455
1978-12-16,193,"Steve Martin","Lets Get Small",10,228936.9
1978-12-16,194,"The Statler Brothers","The Statler Brothers Christmas Card",11,208500.272727273
1978-12-16,195,"Trevor Rabin","Trevor Rabin",18,223701.777777778
1978-12-16,196,"Eric Clapton",Slowhand,27,280855.407407407
1978-12-16,197,"Pink Floyd","The Dark Side Of The Moon",10,257363.2
1978-12-16,198,"The Alan Parsons Project",Pyramid,16,211611.3125
1978-12-16,199,"Gerry Rafferty","City To City",10,319864.9
1978-12-16,200,"Robin Trower","Caravan To Midnight",9,257053.0
1978-12-23,1,"Billy Joel","52nd Street",9,269528.555555556
1978-12-23,2,"Steve Martin","A Wild And Crazy Guy",10,237882.3
1978-12-23,3,"Barbra Streisand","Barbra Streisand's Greatest Hits, Volume 2",10,
1978-12-23,4,Chic,"C'est Chic",8,274691.5
1978-12-23,5,Soundtrack,Grease,21,201416.80952381
1978-12-23,6,Foreigner,"Double Vision",12,227267.583333333
1978-12-23,7,Queen,Jazz,18,208755.944444444
1978-12-23,8,"Donna Summer","Live And More",13,349835.461538462
1978-12-23,9,"Earth, Wind & Fire","The Best Of Earth, Wind & Fire, Vol. I",10,
1978-12-23,10,"Eric Clapton",Backless,10,246386.3
1978-12-23,11,"Linda Ronstadt","Living In The U.S.A.",,
1978-12-23,12,"Chaka Khan",Chaka,16,269406.5
1978-12-23,13,"Gino Vannelli","Brother To Brother",9,297670.555555556
1978-12-23,14,"Barry Manilow","Greatest Hits",10,210235.6
1978-12-23,15,"Village People","Cruisin'",6,357526.333333333
1978-12-23,16,Aerosmith,"Live Bootleg",16,283599.625
1978-12-23,17,"Neil Young","Comes A Time",10,222781.6
1978-12-23,18,"Neil Diamond","You Don't Bring Me Flowers",10,196739.7
1978-12-23,19,Heart,"Dog And Butterfly",8,324923.0
1978-12-23,20,"Al Stewart","Time Passages",9,359835.555555556
1978-12-23,21,"The Rolling Stones","Some Girls",10,254173.0
1978-12-23,22,Styx,"Pieces Of Eight",10,255879.8
1978-12-23,23,"Gene Simmons","Gene Simmons",11,219447.090909091
1978-12-23,24,"Ted Nugent","Weekend Warriors",10,235071.6
1978-12-23,25,"Elton John","A Single Man",16,261491.3125
1978-12-23,26,Toto,Toto,10,274372.4
1978-12-23,27,Ambrosia,"Life Beyond L.a.",10,247026.3
1978-12-23,28,Firefall,Elan,13,235476.384615385
1978-12-23,29,"The Steve Miller Band","Greatest Hits 1974-78",,
1978-12-23,30,"Billy Joel","The Stranger",21,296449.238095238
1978-12-23,31,"Steely Dan","Greatest Hits",,
1978-12-23,32,"Ace Frehley","Ace Frehley",9,226448.555555556
1978-12-23,33,Chicago,"Hot Streets",11,258734.545454545
1978-12-23,34,Commodores,"Commodores' Greatest Hits",9,171359.666666667
1978-12-23,35,Kansas,"Two For The Show",24,370950.208333333
1978-12-23,36,"Barry White","Barry White The Man",7,399546.428571429
1978-12-23,37,"Alicia Bridges","Alicia Bridges",10,257098.3
1978-12-23,38,"Bob Seger","Stranger In Town",9,265499.666666667
1978-12-23,39,Parliament,"Motor Booty Affair",8,348579.0
1978-12-23,40,"Paul Stanley","Paul Stanley",9,235017.555555556
1978-12-23,41,Wings,"Wings Greatest",12,270576.333333333
1978-12-23,42,Chanson,Chanson,18,226120.777777778
1978-12-23,43,"Talking Heads","More Songs About Buildings And Food",15,236991.733333333
1978-12-23,44,Soundtrack,"Saturday Night Fever",21,224416.142857143
1978-12-23,45,"Grateful Dead","Shakedown Street",10,252228.6
1978-12-23,46,"Peter Criss","Peter Criss",10,260209.5
1978-12-23,47,Rush,Hemispheres,4,543099.75
1978-12-23,48,"Nick Gilder","City Nights",,
1978-12-23,49,"Fogelberg And Weisberg","Twin Sons Of Different Mothers",,
1978-12-23,50,"Willie Nelson","Willie Nelson And Family Live",29,194265.965517241
1978-12-23,51,"Ronnie Laws",Flame,,
1978-12-23,52,"Meat Loaf","Bat Out Of Hell",7,408818.857142857
1978-12-23,53,Boston,"Don't Look Back",8,285179.5
1978-12-23,54,"Jethro Tull","Jethro Tull Live - Bursting Out",,
1978-12-23,55,"Olivia Newton-John","Totally Hot",10,239138.9
1978-12-23,56,Santana,"Inner Secrets",9,293153.888888889
1978-12-23,57,"Ashford & Simpson","Is It Still Good To Ya",8,257094.625
1978-12-23,58,"Anne Murray","Let's Keep It That Way",10,197442.3
1978-12-23,59,"Kenny Loggins",Nightwatch,9,275975.777777778
1978-12-23,60,"The Outlaws","Playin' To Win",9,230503.333333333
1978-12-23,61,Soundtrack,"The Lord Of The Rings",26,239341.307692308
1978-12-23,62,"Emerson, Lake & Palmer","Love Beach",15,272325.533333333
1978-12-23,63,"Van Morrison",Wavelength,11,339876.0
1978-12-23,64,"Grover Washington, Jr.","Reed Seed",7,340498.714285714
1978-12-23,65,"Chuck Mangione","Children Of Sanchez",15,399926.733333333
1978-12-23,66,Funkadelic,"One Nation Under A Groove",,
1978-12-23,67,"The Marshall Tucker Band","Greatest Hit's",,
1978-12-23,68,"Rod Stewart","Blondes Have More Fun",10,259410.3
1978-12-23,69,"The Who","Who Are You",14,245920.5
1978-12-23,70,"Blues Brothers","Brief Case Full Of Blues",,
1978-12-23,71,"Cheryl Lynn","Cheryl Lynn",11,282691.727272727
1978-12-23,72,"Andy Gibb","Shadow Dancing",10,247935.8
1978-12-23,73,Barkays,"Money Talks",6,343710.666666667
1978-12-23,74,"Jim Morrison / The Doors","An American Prayer",,
1978-12-23,75,"Jimmy Buffett","You Had To Be There",19,325727.368421053
1978-12-23,76,Switch,Switch,1,207071.0
1978-12-23,77,Exile,"Mixed Emotion",,
1978-12-23,78,Devo,"Q: Are We Not Men? A: We Are Devo!",11,202249.272727273
1978-12-23,79,"Leif Garrett","Feel The Need",,
1978-12-23,80,"Pablo Cruise","Worlds Away",9,266353.777777778
1978-12-23,81,"The J. Geils Band",Sanctuary,9,239381.0
1978-12-23,82,"Weather Report",Mr.gone,,
1978-12-23,83,"Village People","Macho Man",2,316619.5
1978-12-23,84,"The Cars","The Cars",9,245536.0
1978-12-23,85,"Diana Ross",Ross,29,242630.448275862
1978-12-23,86,"Bob James","Touch Down",,
1978-12-23,87,"Rose Royce","Rose Royce III/Strikes Again!",9,261704.888888889
1978-12-23,88,"Emmylou Harris",Profile,12,191671.833333333
1978-12-23,89,"Todd Rundgren","Back To The Bars",20,338082.4
1978-12-23,90,Musique,"Keep On Jumpin",10,369065.1
1978-12-23,91,Soundtrack,"The Wiz",18,179936.0
1978-12-23,92,"Isaac Hayes","For The Sake Of Love",8,421989.625
1978-12-23,93,10cc,"Bloody Tourists",13,246964.692307692
1978-12-23,94,"Brides Of Funkenstein","Funk Or Walk",7,346491.142857143
1978-12-23,95,"Rick James","Come Get It",9,327245.666666667
1978-12-23,96,Jarreau,"All Fly Home",9,261626.444444444
1978-12-23,97,"Peabo Bryson",Crosswinds,8,320013.0
1978-12-23,98,"Alice Cooper","From The Inside",10,233070.3
1978-12-23,99,"Richard Pryor",Wanted,17,303686.117647059
1978-12-23,100,"Bobby Caldwell","Bobby Caldwell",9,246857.555555556
1978-12-23,101,"Nicolette Larson",Nicolette,11,205282.363636364
1978-12-23,102,"Jackson Browne","Running On Empty",10,260547.7
1978-12-23,103,"Jean Luc Ponty","Cosmic Messenger",8,283358.0
1978-12-23,104,"Tanya Tucker",Tnt,10,241509.1
1978-12-23,105,"Dolly Parton",Heartbreaker,10,193170.4
1978-12-23,106,Soundtrack,"Sgt. Peppers Lonely Hearts Club Band",,
1978-12-23,107,"Dr. Hook","Pleasure + Pain",11,194181.454545455
1978-12-23,108,"Waylon Jennings","I've Always Been Crazy",10,234997.2
1978-12-23,109,"Van Halen","Van Halen",11,214083.545454545
1978-12-23,110,Player,"Danger Zone",,
1978-12-23,111,"Fleetwood Mac",Rumours,58,
1978-12-23,112,"Teddy Pendergrass","Life Is A Song Worth Singing",9,312602.333333333
1978-12-23,113,"George Thorogood & The Destroyers","Move It On Over",10,270766.1
1978-12-23,114,"Southside Johnny & The Asbury Jukes","Hearts Of Stone",9,233167.111111111
1978-12-23,115,"The Doobie Brothers","Minute By Minute",10,224039.7
1978-12-23,116,"Gil Scott-Heron",Secrets,,
1978-12-23,117,"Gene Chandler","Get Down",1,216613.0
1978-12-23,118,Poco,Legend,9,255765.555555556
1978-12-23,119,Foxy,"Get Off",1,341293.0
1978-12-23,120,"Bob Marley And The Wailers","Babylon By Bus",13,340399.615384615
1978-12-23,121,Barkays,"Light Of Life",,
1978-12-23,122,Yes,Tormato,17,306631.117647059
1978-12-23,123,"Ian Matthews","Stealin' Home",20,217224.9
1978-12-23,124,Blondie,"Parallel Lines",12,196634.833333333
1978-12-23,125,"Rory Gallagher",Photo-Finish,11,274219.545454545
1978-12-23,126,Journey,Infinity,10,218869.0
1978-12-23,127,Sylvester,"Step II",7,303832.0
1978-12-23,128,"Pat Travers","Heat In The Street",8,277888.125
1978-12-23,129,"David Bowie",Stage,22,264932.909090909
1978-12-23,130,"Kenny Rogers","The Gambler",11,230957.363636364
1978-12-23,131,"John Paul Young","Love Is In The Air",1,210293.0
1978-12-23,132,"Melba Moore",Melba,8,273838.125
1978-12-23,133,Foreigner,Foreigner,12,240737.833333333
1978-12-23,134,"Third World","Journey To Addis",8,306222.375
1978-12-23,135,"Joan Armatrading","To The Limit",10,250474.3
1978-12-23,136,Styx,"The Grand Illusion",8,312237.875
1978-12-23,137,Cerrone,"Cerrone IV - The Golden Touch",,
1978-12-23,138,Soundtrack,"Midnight Express",,
1978-12-23,139,"Stephen Bishop",Bish,13,220502.307692308
1978-12-23,140,"The Jacksons",Destiny,8,306412.875
1978-12-23,141,"Betty Wright","Betty Wright Live",1,580413.0
1978-12-23,142,"Tom Scott","Intimate Strangers",,
1978-12-23,143,"Peaches & Herb",2-hot,8,285426.25
1978-12-23,144,"Cat Stevens","Back To Earth",10,205391.8
1978-12-23,145,"Dan Hartman","Instant Replay",10,388050.3
1978-12-23,146,Cameo,"Ugly Ego",8,274824.5
1978-12-23,147,"The Beatles","Sgt. Pepper's Lonely Hearts Club Band",13,186493.923076923
1978-12-23,148,"Melissa Manchester","Don't Cry Out Loud",11,216558.545454545
1978-12-23,149,"Village People","Village People",6,286110.5
1978-12-23,150,AC/DC,"If You Want Blood You've Got It",10,297227.7
1978-12-23,151,"Willie Nelson",Stardust,10,219051.7
1978-12-23,152,"Crystal Gayle","When I Dream",12,185598.583333333
1978-12-23,153,"The Whispers",Headlights,8,314258.0
1978-12-23,154,"ADC Band","Long Stroke",,
1978-12-23,155,Carpenters,"Christmas Portrait",21,201240.714285714
1978-12-23,156,"Bruce Springsteen","Darkness On The Edge Of Town",10,256567.7
1978-12-23,157,"Little River Band","Sleeper Catcher",9,281811.555555556
1978-12-23,158,"The Brothers Johnson",Blam,9,232992.222222222
1978-12-23,159,"The Pointer Sisters",Energy,13,231959.538461538
1978-12-23,160,"Chuck Mangione","Feels So Good",6,394279.5
1978-12-23,161,"Jeff Wayne/Various Artists","The War Of The Worlds",,
1978-12-23,162,"Banda Machos","I'm A Man",,
1978-12-23,163,"Eric Carmen","Change Of Heart",9,198341.888888889
1978-12-23,164,"Glen Campbell",Basic,11,182791.090909091
1978-12-23,165,"Black Sabbath","Never Say Die",9,312586.888888889
1978-12-23,166,"Mother's Finest","Mother Factor",9,244946.222222222
1978-12-23,167,"The Moody Blues",Octave,15,290897.4
1978-12-23,168,"Daryl Hall John Oates","Along The Red Ledge",10,222391.8
1978-12-23,169,"Cheech & Chong","Up In Smoke (Soundtrack)",18,164688.666666667
1978-12-23,170,Boston,Boston,8,273423.0
1978-12-23,171,"John Travolta","Travolta Fever",21,195241.666666667
1978-12-23,172,"Donny & Marie Osmond","Goin' Coconuts",11,165907.545454545
1978-12-23,173,"Bob Seger & The Silver Bullet Band","'Live' Bullet",15,293876.0
1978-12-23,174,"Captain & Tennille",Dream,11,199997.0
1978-12-23,175,Voyage,"Fly Away",1,375884.0
1978-12-23,176,"Barry Manilow","Even Now",14,220591.428571429
1978-12-23,177,Soundtrack,"The Rocky Horror Picture Show",16,201972.9375
1978-12-23,178,"Michael Henderson","In The Night Time",8,292143.0
1978-12-23,179,Commodores,"Natural High",8,311567.875
1978-12-23,180,"Bonnie Pointer","Bonnie Pointer",17,268065.588235294
1978-12-23,181,"Peter Tosh","Bush Doctor",15,298565.933333333
1978-12-23,182,"Wilton Felder","We All Have A Star",,
1978-12-23,183,"The Statler Brothers","The Statler Brothers Christmas Card",11,208500.272727273
1978-12-23,184,"Larry Gatlin & The Gatlin Brothers","Larry Gatlin's Greatest Hits Vol.1",,
1978-12-23,185,"Donna Summer","Once Upon A Time",16,256053.625
1978-12-23,186,"Paul Anka","Listen To Your Heart",,
1978-12-23,187,"The Atlanta Rhythm Section","Champagne Jam",8,257114.625
1978-12-23,188,"Sea Level","On The Edge",8,264544.625
1978-12-23,189,"Steve Martin","Lets Get Small",10,228936.9
1978-12-23,190,"The Three Degrees","New Dimensions",,
1978-12-23,191,"Lenny Williams","Spark Of Love",11,302353.454545455
1978-12-23,192,"Trevor Rabin","Trevor Rabin",18,223701.777777778
1978-12-23,193,"Gerry Rafferty","City To City",10,319864.9
1978-12-23,194,"Eric Clapton",Slowhand,27,280855.407407407
1978-12-23,195,"Lynyrd Skynyrd","Skynyrd's First And...last",,
1978-12-23,196,Soundtrack,"Animal House",,
1978-12-23,197,"Pink Floyd","The Dark Side Of The Moon",10,257363.2
1978-12-23,198,"The Ramones","Road To Ruin",17,147223.176470588
1978-12-23,199,"Electric Light Orchestra","Out Of The Blue",17,250202.705882353
1978-12-23,200,"Lou Rawls","Lou Rawls Live",10,294536.9
1978-12-30,1,"Billy Joel","52nd Street",9,269528.555555556
1978-12-30,2,"Steve Martin","A Wild And Crazy Guy",10,237882.3
1978-12-30,3,"Barbra Streisand","Barbra Streisand's Greatest Hits, Volume 2",10,
1978-12-30,4,Chic,"C'est Chic",8,274691.5
1978-12-30,5,Soundtrack,Grease,21,201416.80952381
1978-12-30,6,Foreigner,"Double Vision",12,227267.583333333
1978-12-30,7,Queen,Jazz,18,208755.944444444
1978-12-30,8,"Donna Summer","Live And More",13,349835.461538462
1978-12-30,9,"Earth, Wind & Fire","The Best Of Earth, Wind & Fire, Vol. I",10,
1978-12-30,10,"Eric Clapton",Backless,10,246386.3
1978-12-30,11,"Linda Ronstadt","Living In The U.S.A.",,
1978-12-30,12,"Chaka Khan",Chaka,16,269406.5
1978-12-30,13,"Gino Vannelli","Brother To Brother",9,297670.555555556
1978-12-30,14,"Barry Manilow","Greatest Hits",10,210235.6
1978-12-30,15,"Village People","Cruisin'",6,357526.333333333
1978-12-30,16,Aerosmith,"Live Bootleg",16,283599.625
1978-12-30,17,"Neil Young","Comes A Time",10,222781.6
1978-12-30,18,"Neil Diamond","You Don't Bring Me Flowers",10,196739.7
1978-12-30,19,Heart,"Dog And Butterfly",8,324923.0
1978-12-30,20,"Al Stewart","Time Passages",9,359835.555555556
1978-12-30,21,"The Rolling Stones","Some Girls",10,254173.0
1978-12-30,22,Styx,"Pieces Of Eight",10,255879.8
1978-12-30,23,"Gene Simmons","Gene Simmons",11,219447.090909091
1978-12-30,24,"Ted Nugent","Weekend Warriors",10,235071.6
1978-12-30,25,"Elton John","A Single Man",16,261491.3125
1978-12-30,26,Toto,Toto,10,274372.4
1978-12-30,27,Ambrosia,"Life Beyond L.a.",10,247026.3
1978-12-30,28,Firefall,Elan,13,235476.384615385
1978-12-30,29,"The Steve Miller Band","Greatest Hits 1974-78",,
1978-12-30,30,"Billy Joel","The Stranger",21,296449.238095238
1978-12-30,31,"Steely Dan","Greatest Hits",,
1978-12-30,32,"Ace Frehley","Ace Frehley",9,226448.555555556
1978-12-30,33,Chicago,"Hot Streets",11,258734.545454545
1978-12-30,34,Commodores,"Commodores' Greatest Hits",9,171359.666666667
1978-12-30,35,Kansas,"Two For The Show",24,370950.208333333
1978-12-30,36,"Barry White","Barry White The Man",7,399546.428571429
1978-12-30,37,"Alicia Bridges","Alicia Bridges",10,257098.3
1978-12-30,38,"Bob Seger","Stranger In Town",9,265499.666666667
1978-12-30,39,Parliament,"Motor Booty Affair",8,348579.0
1978-12-30,40,"Paul Stanley","Paul Stanley",9,235017.555555556
1978-12-30,41,Wings,"Wings Greatest",12,270576.333333333
1978-12-30,42,Chanson,Chanson,18,226120.777777778
1978-12-30,43,"Talking Heads","More Songs About Buildings And Food",15,236991.733333333
1978-12-30,44,Soundtrack,"Saturday Night Fever",21,224416.142857143
1978-12-30,45,"Grateful Dead","Shakedown Street",10,252228.6
1978-12-30,46,"Peter Criss","Peter Criss",10,260209.5
1978-12-30,47,Rush,Hemispheres,4,543099.75
1978-12-30,48,"Nick Gilder","City Nights",,
1978-12-30,49,"Fogelberg And Weisberg","Twin Sons Of Different Mothers",,
1978-12-30,50,"Willie Nelson","Willie Nelson And Family Live",29,194265.965517241
1978-12-30,51,"Ronnie Laws",Flame,,
1978-12-30,52,"Meat Loaf","Bat Out Of Hell",7,408818.857142857
1978-12-30,53,Boston,"Don't Look Back",8,285179.5
1978-12-30,54,"Jethro Tull","Jethro Tull Live - Bursting Out",,
1978-12-30,55,"Olivia Newton-John","Totally Hot",10,239138.9
1978-12-30,56,Santana,"Inner Secrets",9,293153.888888889
1978-12-30,57,"Ashford & Simpson","Is It Still Good To Ya",8,257094.625
1978-12-30,58,"Anne Murray","Let's Keep It That Way",10,197442.3
1978-12-30,59,"Kenny Loggins",Nightwatch,9,275975.777777778
1978-12-30,60,"The Outlaws","Playin' To Win",9,230503.333333333
1978-12-30,61,Soundtrack,"The Lord Of The Rings",26,239341.307692308
1978-12-30,62,"Emerson, Lake & Palmer","Love Beach",15,272325.533333333
1978-12-30,63,"Van Morrison",Wavelength,11,339876.0
1978-12-30,64,"Grover Washington, Jr.","Reed Seed",7,340498.714285714
1978-12-30,65,"Chuck Mangione","Children Of Sanchez",15,399926.733333333
1978-12-30,66,Funkadelic,"One Nation Under A Groove",,
1978-12-30,67,"The Marshall Tucker Band","Greatest Hit's",,
1978-12-30,68,"Rod Stewart","Blondes Have More Fun",10,259410.3
1978-12-30,69,"The Who","Who Are You",14,245920.5
1978-12-30,70,"Blues Brothers","Brief Case Full Of Blues",,
1978-12-30,71,"Cheryl Lynn","Cheryl Lynn",11,282691.727272727
1978-12-30,72,"Andy Gibb","Shadow Dancing",10,247935.8
1978-12-30,73,Barkays,"Money Talks",6,343710.666666667
1978-12-30,74,"Jim Morrison / The Doors","An American Prayer",,
1978-12-30,75,"Jimmy Buffett","You Had To Be There",19,325727.368421053
1978-12-30,76,Switch,Switch,1,207071.0
1978-12-30,77,Exile,"Mixed Emotion",,
1978-12-30,78,Devo,"Q: Are We Not Men? A: We Are Devo!",11,202249.272727273
1978-12-30,79,"Leif Garrett","Feel The Need",,
1978-12-30,80,"Pablo Cruise","Worlds Away",9,266353.777777778
1978-12-30,81,"The J. Geils Band",Sanctuary,9,239381.0
1978-12-30,82,"Weather Report",Mr.gone,,
1978-12-30,83,"Village People","Macho Man",2,316619.5
1978-12-30,84,"The Cars","The Cars",9,245536.0
1978-12-30,85,"Diana Ross",Ross,29,242630.448275862
1978-12-30,86,"Bob James","Touch Down",,
1978-12-30,87,"Rose Royce","Rose Royce III/Strikes Again!",9,261704.888888889
1978-12-30,88,"Emmylou Harris",Profile,12,191671.833333333
1978-12-30,89,"Todd Rundgren","Back To The Bars",20,338082.4
1978-12-30,90,Musique,"Keep On Jumpin",10,369065.1
1978-12-30,91,Soundtrack,"The Wiz",18,179936.0
1978-12-30,92,"Isaac Hayes","For The Sake Of Love",8,421989.625
1978-12-30,93,10cc,"Bloody Tourists",13,246964.692307692
1978-12-30,94,"Brides Of Funkenstein","Funk Or Walk",7,346491.142857143
1978-12-30,95,"Rick James","Come Get It",9,327245.666666667
1978-12-30,96,Jarreau,"All Fly Home",9,261626.444444444
1978-12-30,97,"Peabo Bryson",Crosswinds,8,320013.0
1978-12-30,98,"Alice Cooper","From The Inside",10,233070.3
1978-12-30,99,"Richard Pryor",Wanted,17,303686.117647059
1978-12-30,100,"Bobby Caldwell","Bobby Caldwell",9,246857.555555556
1978-12-30,101,"Nicolette Larson",Nicolette,11,205282.363636364
1978-12-30,102,"Jackson Browne","Running On Empty",10,260547.7
1978-12-30,103,"Jean Luc Ponty","Cosmic Messenger",8,283358.0
1978-12-30,104,"Tanya Tucker",Tnt,10,241509.1
1978-12-30,105,"Dolly Parton",Heartbreaker,10,193170.4
1978-12-30,106,Soundtrack,"Sgt. Peppers Lonely Hearts Club Band",,
1978-12-30,107,"Dr. Hook","Pleasure + Pain",11,194181.454545455
1978-12-30,108,"Waylon Jennings","I've Always Been Crazy",10,234997.2
1978-12-30,109,"Van Halen","Van Halen",11,214083.545454545
1978-12-30,110,Player,"Danger Zone",,
1978-12-30,111,"Fleetwood Mac",Rumours,58,
1978-12-30,112,"Teddy Pendergrass","Life Is A Song Worth Singing",9,312602.333333333
1978-12-30,113,"George Thorogood & The Destroyers","Move It On Over",10,270766.1
1978-12-30,114,"Southside Johnny & The Asbury Jukes","Hearts Of Stone",9,233167.111111111
1978-12-30,115,"The Doobie Brothers","Minute By Minute",10,224039.7
1978-12-30,116,"Gil Scott-Heron",Secrets,,
1978-12-30,117,"Gene Chandler","Get Down",1,216613.0
1978-12-30,118,Poco,Legend,9,255765.555555556
1978-12-30,119,Foxy,"Get Off",1,341293.0
1978-12-30,120,"Bob Marley And The Wailers","Babylon By Bus",13,340399.615384615
1978-12-30,121,Barkays,"Light Of Life",,
1978-12-30,122,Yes,Tormato,17,306631.117647059
1978-12-30,123,"Ian Matthews","Stealin' Home",20,217224.9
1978-12-30,124,Blondie,"Parallel Lines",12,196634.833333333
1978-12-30,125,"Rory Gallagher",Photo-Finish,11,274219.545454545
1978-12-30,126,Journey,Infinity,10,218869.0
1978-12-30,127,Sylvester,"Step II",7,303832.0
1978-12-30,128,"Pat Travers","Heat In The Street",8,277888.125
1978-12-30,129,"David Bowie",Stage,22,264932.909090909
1978-12-30,130,"Kenny Rogers","The Gambler",11,230957.363636364
1978-12-30,131,"John Paul Young","Love Is In The Air",1,210293.0
1978-12-30,132,"Melba Moore",Melba,8,273838.125
1978-12-30,133,Foreigner,Foreigner,12,240737.833333333
1978-12-30,134,"Third World","Journey To Addis",8,306222.375
1978-12-30,135,"Joan Armatrading","To The Limit",10,250474.3
1978-12-30,136,Styx,"The Grand Illusion",8,312237.875
1978-12-30,137,Cerrone,"Cerrone IV - The Golden Touch",,
1978-12-30,138,Soundtrack,"Midnight Express",,
1978-12-30,139,"Stephen Bishop",Bish,13,220502.307692308
1978-12-30,140,"The Jacksons",Destiny,8,306412.875
1978-12-30,141,"Betty Wright","Betty Wright Live",1,580413.0
1978-12-30,142,"Tom Scott","Intimate Strangers",,
1978-12-30,143,"Peaches & Herb",2-hot,8,285426.25
1978-12-30,144,"Cat Stevens","Back To Earth",10,205391.8
1978-12-30,145,"Dan Hartman","Instant Replay",10,388050.3
1978-12-30,146,Cameo,"Ugly Ego",8,274824.5
1978-12-30,147,"The Beatles","Sgt. Pepper's Lonely Hearts Club Band",13,186493.923076923
1978-12-30,148,"Melissa Manchester","Don't Cry Out Loud",11,216558.545454545
1978-12-30,149,"Village People","Village People",6,286110.5
1978-12-30,150,AC/DC,"If You Want Blood You've Got It",10,297227.7
1978-12-30,151,"Willie Nelson",Stardust,10,219051.7
1978-12-30,152,"Crystal Gayle","When I Dream",12,185598.583333333
1978-12-30,153,"The Whispers",Headlights,8,314258.0
1978-12-30,154,"ADC Band","Long Stroke",,
1978-12-30,155,Carpenters,"Christmas Portrait",21,201240.714285714
1978-12-30,156,"Bruce Springsteen","Darkness On The Edge Of Town",10,256567.7
1978-12-30,157,"Little River Band","Sleeper Catcher",9,281811.555555556
1978-12-30,158,"The Brothers Johnson",Blam,9,232992.222222222
1978-12-30,159,"The Pointer Sisters",Energy,13,231959.538461538
1978-12-30,160,"Chuck Mangione","Feels So Good",6,394279.5
1978-12-30,161,"Jeff Wayne/Various Artists","The War Of The Worlds",,
1978-12-30,162,"Banda Machos","I'm A Man",,
1978-12-30,163,"Eric Carmen","Change Of Heart",9,198341.888888889
1978-12-30,164,"Glen Campbell",Basic,11,182791.090909091
1978-12-30,165,"Black Sabbath","Never Say Die",9,312586.888888889
1978-12-30,166,"Mother's Finest","Mother Factor",9,244946.222222222
1978-12-30,167,"The Moody Blues",Octave,15,290897.4
1978-12-30,168,"Daryl Hall John Oates","Along The Red Ledge",10,222391.8
1978-12-30,169,"Cheech & Chong","Up In Smoke (Soundtrack)",18,164688.666666667
1978-12-30,170,Boston,Boston,8,273423.0
1978-12-30,171,"John Travolta","Travolta Fever",21,195241.666666667
1978-12-30,172,"Donny & Marie Osmond","Goin' Coconuts",11,165907.545454545
1978-12-30,173,"Bob Seger & The Silver Bullet Band","'Live' Bullet",15,293876.0
1978-12-30,174,"Captain & Tennille",Dream,11,199997.0
1978-12-30,175,Voyage,"Fly Away",1,375884.0
1978-12-30,176,"Barry Manilow","Even Now",14,220591.428571429
1978-12-30,177,Soundtrack,"The Rocky Horror Picture Show",16,201972.9375
1978-12-30,178,"Michael Henderson","In The Night Time",8,292143.0
1978-12-30,179,Commodores,"Natural High",8,311567.875
1978-12-30,180,"Bonnie Pointer","Bonnie Pointer",17,268065.588235294
1978-12-30,181,"Peter Tosh","Bush Doctor",15,298565.933333333
1978-12-30,182,"Wilton Felder","We All Have A Star",,
1978-12-30,183,"The Statler Brothers","The Statler Brothers Christmas Card",11,208500.272727273
1978-12-30,184,"Larry Gatlin & The Gatlin Brothers","Larry Gatlin's Greatest Hits Vol.1",,
1978-12-30,185,"Donna Summer","Once Upon A Time",16,256053.625
1978-12-30,186,"Paul Anka","Listen To Your Heart",,
1978-12-30,187,"The Atlanta Rhythm Section","Champagne Jam",8,257114.625
1978-12-30,188,"Sea Level","On The Edge",8,264544.625
1978-12-30,189,"Steve Martin","Lets Get Small",10,228936.9
1978-12-30,190,"The Three Degrees","New Dimensions",,
1978-12-30,191,"Lenny Williams","Spark Of Love",11,302353.454545455
1978-12-30,192,"Trevor Rabin","Trevor Rabin",18,223701.777777778
1978-12-30,193,"Gerry Rafferty","City To City",10,319864.9
1978-12-30,194,"Eric Clapton",Slowhand,27,280855.407407407
1978-12-30,195,"Lynyrd Skynyrd","Skynyrd's First And...last",,
1978-12-30,196,Soundtrack,"Animal House",,
1978-12-30,197,"Pink Floyd","The Dark Side Of The Moon",10,257363.2
1978-12-30,198,"The Ramones","Road To Ruin",17,147223.176470588
1978-12-30,199,"Electric Light Orchestra","Out Of The Blue",17,250202.705882353
1978-12-30,200,"Lou Rawls","Lou Rawls Live",10,294536.9
