year,top_film_1,top_film_2,top_film_3,top_film_4,top_film_5,top_film_6,top_film_7,top_film_8,top_film_9,top_film_10,top_tv_program_1,top_tv_program_2,top_tv_program_3,top_tv_program_4,top_tv_program_5,top_tv_program_6,top_tv_program_7,top_tv_program_8,top_tv_program_9,top_tv_program_10,headline_event_1,headline_event_2,headline_event_3,headline_event_4,headline_event_5,headline_event_6,headline_event_7,headline_event_8,headline_event_9,headline_event_10,headline_date_1,headline_date_2,headline_date_3,headline_date_4,headline_date_5,headline_date_6,headline_date_7,headline_date_8,headline_date_9,headline_date_10
1958,South Pacific,Auntie Mame,Cat on a Hot Tin Roof,No Time for Sergeants,Gigi,The Vikings,The Young Lions,The Inn of the Sixth Happiness,Some Came Running,Indiscreet,Gunsmoke,Wagon Train,Have Gun – Will Travel,The Rifleman,The Danny Thomas Show,Maverick,Tales of Wells Fargo,The Real McCoys,I've Got a Secret,The Life and Legend of Wyatt Earp,January 1 – The European Economic Community (EEC) comes into being.,January 3 – The West Indies Federation is formed.,"Edmund Hillary 's Commonwealth Trans-Antarctic Expedition completes the third overland journey to the South Pole , the first to use powered vehicles.","Sputnik 1 (launched on October 4, 1957) falls towards Earth from its orbit and burns up.",January 13 – Battle of Edchera : The Moroccan Army of Liberation ambushes a Spanish patrol.,"January 27 – A Soviet-American executive agreement on cultural, educational and scientific exchanges, also known as the "" Lacy–Zarubin Agreement "", is signed in Washington, D.C.",February 1 – Egypt and Syria unite to form the United Arab Republic .,"February 2 – The Falcons aerobatic team of the Pakistan Air Force led by Wg Cdr Mitty Masud set a world record performing a 16 aircraft diamond loop in F-86 Sabres . 30,000 people are in attendance including President Iskandar Ali Mirza , General Ayub Khan , Air Marshal Asghar Khan , Air Commodore Nur Khan , C-in-C Turkish Air Force Hamdullah Suphi Göker, Chief of the Iraqi Air Force Abdul Kadhim Abaddi, Chief of the Imperial Iranian Air Force and Chief Guest King Zahir Shah in whose honor the performance has been organized.","February 5 – 1958 Tybee Island mid-air collision : A U.S. B-47 bomber jettisons a hydrogen bomb into Wassaw Sound off Tybee Island, Georgia ; it is never recovered.","February 6 – Seven Manchester United footballers are among the 21 people killed in the Munich air disaster in West Germany, on the return flight from a European Cup game in Yugoslavia . 23 people survive; manager Matt Busby and players Johnny Berry and Duncan Edwards are in a serious condition. Berry will never play again and Edwards dies a fortnight later, as does the co-pilot.",1958-01-01,1958-01-03,1958-01-04,1958-01-04,1958-01-13,1958-01-27,1958-02-01,1958-02-02,1958-02-05,1958-02-06
1959,Ben-Hur,The Shaggy Dog,Operation Petticoat,Some Like It Hot,Pillow Talk,Imitation of Life,"Suddenly, Last Summer",Rio Bravo The Nun's Story,North by Northwest,Anatomy of a Murder,Gunsmoke,Wagon Train,Have Gun – Will Travel,The Danny Thomas Show,The Red Skelton Show,Father Knows Best,ABC,The Price Is Right,Wanted: Dead or Alive,Perry Mason,January 1 – Cuba : Fulgencio Batista flees Havana when the forces of Fidel Castro advance.,"January 2 – Soviet lunar probe Luna 1 is the first human-made object to attain escape velocity from Earth. It reaches the vicinity of Earth's Moon , where it was intended to crash-land, but instead becomes the first spacecraft to go into heliocentric orbit .",Alaska is admitted as the 49th U.S. state.,"The southernmost island of the Maldives archipelago , Addu Atoll , declares its independence from the Kingdom of the Maldives, initiating the United Suvadive Republic .","In Cuba , rebel troops led by Che Guevara and Camilo Cienfuegos enter the city of Havana .",Léopoldville riots : At least 49 people are killed during clashes between the police and participants of a meeting of the ABAKO Party in Léopoldville in the Belgian Congo .,January 6 – The International Maritime Organization is inaugurated.,January 7 – The United States recognizes the new Cuban government of Fidel Castro .,January 8 – Charles de Gaulle is inaugurated as the first president of the French Fifth Republic .,"January 9 – The Vega de Tera disaster in Spain, a flood caused by a dam collapse, nearly destroys the town of Ribadelago and kills 144 residents.",1959-01-01,1959-01-02,1959-01-03,1959-01-03,1959-01-04,1959-01-04,1959-01-06,1959-01-07,1959-01-08,1959-01-09
1960,Spartacus,Psycho,Exodus,Swiss Family Robinson,The Alamo,The World of Suzie Wong,BUtterfield 8,The Apartment,Ocean's 11,From the Terrace,Gunsmoke,Wagon Train,Have Gun – Will Travel,The Andy Griffith Show,The Real McCoys,Rawhide,Candid Camera,The Untouchables,NBC,The Jack Benny Show,January 1 – Cameroon becomes independent from France.,January 9 – Construction of the Aswan Dam begins in Egypt .,"January 10 – British Prime Minister Harold Macmillan makes the ""Wind of Change"" speech for the first time, to little publicity, in Accra , Gold Coast (modern-day Ghana ).","January 19 – A revised version of the Treaty of Mutual Cooperation and Security between the United States and Japan (""U.S.-Japan Security Treaty"" or "" Anpo (jōyaku) ""), which allows U.S. troops to be based on Japanese soil, is signed in Washington, D.C. by Prime Minister Nobusuke Kishi and President Dwight D. Eisenhower . The new treaty is opposed by the massive Anpo protests in Japan.","Coalbrook mining disaster : A coal mine collapses at Holly Country , South Africa, killing 435 miners.","Avianca Flight 671 crashes and burns upon landing at Montego Bay, Jamaica killing 37, the worst air disaster in Jamaica's history and the first for Avianca.","Charles de Gaulle , President of France, dismisses Jacques Massu as commander-in-chief of French troops in Algeria .","Jacques Piccard and Don Walsh descend into the Mariana Trench in the bathyscaphe Trieste , reaching a depth of 10,911 meters (35,797 feet), and become the first human beings to reach the lowest spot on Earth.",January 24 – A major insurrection occurs in Algiers against French colonial policy.,"February 1 – Greensboro sit-ins : In Greensboro, North Carolina , four black students from North Carolina Agricultural and Technical State University begin a sit-in at a segregated Woolworth's lunch counter . Although they are refused service, they are allowed to stay at the counter. The event triggers many similar non-violent protests throughout the Southern United States , and six months later the original four protesters are served lunch at the same counter.",1960-01-01,1960-01-09,1960-01-10,1960-01-19,1960-01-21,1960-01-21,1960-01-22,1960-01-22,1960-01-24,1960-02-01
1961,West Side Story,The Guns of Navarone,El Cid,The Parent Trap,The Absent-Minded Professor,King of Kings,Lover Come Back,One Hundred and One Dalmatians,La Dolce Vita,Come September,Wagon Train,Bonanza,Gunsmoke,Hazel,Perry Mason,The Red Skelton Show,The Andy Griffith Show,The Danny Thomas Show,Dr. Kildare,Candid Camera,January 1 – Monetary reform in the Soviet Union .,United States President Dwight D. Eisenhower announces that the United States has severed diplomatic and consular relations with Cuba ( Cuba–United States relations are restored in 2015 ).,"Aero Flight 311 (Koivulahti air disaster): Douglas DC-3 C OH-LCC of Finnish airline Aero crashes near Kvevlax (Koivulahti), on approach to Vaasa Airport in Finland, killing all 25 on board, due to pilot error : an investigation finds that the captain and first officer were both exhausted for lack of sleep, and had consumed excessive amounts of alcohol at the time of the crash.","Italian sculptor Alfredo Fioravanti enters the U.S. Consulate in Rome, and confesses that he was part of the team that forged the Etruscan terracotta warriors in the Metropolitan Museum of Art .","After the 1960 military coup , General Cemal Gürsel forms the new government of Turkey (25th government).","January 7 – Following a four-day conference in Casablanca , five African chiefs of state announce plans for a NATO -type African organization to ensure common defense. The Charter of Casablanca involves the Casablanca Group : Morocco , the United Arab Republic , Ghana , Guinea , and Mali .","January 8 – In France, a referendum supports Charles de Gaulle 's policies on independence for Algeria .","January 9 – British authorities announce they have uncovered a large Soviet spy ring , the Portland spy ring , in London.","President Dwight Eisenhower gives his final State of the Union Address to Congress. In a Farewell Address the same day, he warns of the increasing power of a "" military–industrial complex .""",Patrice Lumumba of the Republic of Congo is assassinated.,1961-01-01,1961-01-03,1961-01-03,1961-01-05,1961-01-05,1961-01-07,1961-01-08,1961-01-09,1961-01-17,1961-01-17
1962,The Longest Day,Lawrence of Arabia,The Music Man,That Touch of Mink,Mutiny on the Bounty,To Kill a Mockingbird,Hatari!,Gypsy,Bon Voyage! The Interns,In Search of the Castaways,The Beverly Hillbillies,Candid Camera,Bonanza,CBS,The Andy Griffith Show,Ben Casey,The Dick Van Dyke Show,Gunsmoke,Dr. Kildare,What's My Line?,January 1 – Western Samoa becomes independent from New Zealand .,January 3 – The office of Pope John XXIII announces the excommunication of Fidel Castro for preaching communism and interfering with Catholic churches in Cuba.,January 8 – Harmelen train disaster : 93 die in the worst Dutch rail disaster.,January 9 – Cuba and the Soviet Union sign a trade pact.,January 12 – The Indonesian Army confirms that it has begun operations in West Irian .,January 13 – Albania allies itself with the People's Republic of China .,Portugal abandons the United Nations General Assembly due to the debate over Angola.,French designer Yves Saint Laurent launches his own fashion house .,January 16 – A military coup occurs in the Dominican Republic .,"January 19 – A counter-coup occurs in the Dominican Republic; the old government returns, except for the new president Rafael Filiberto Bonnelly .",1962-01-01,1962-01-03,1962-01-08,1962-01-09,1962-01-12,1962-01-13,1962-01-15,1962-01-15,1962-01-16,1962-01-19
1963,Cleopatra,How the West Was Won,"It's a Mad, Mad, Mad, Mad World",Tom Jones,Irma la Douce,Son of Flubber,Charade,Bye Bye Birdie,"Come Blow Your Horn Move Over, Darling",The Great Escape,The Beverly Hillbillies,Bonanza,The Dick Van Dyke Show,Petticoat Junction,The Andy Griffith Show,The Lucy Show,Candid Camera,The Ed Sullivan Show,The Danny Thomas Show,My Favorite Martian,"January 1 – Bogle–Chandler case : Commonwealth Scientific and Industrial Research Organisation scientist Dr. Gilbert Bogle and Mrs. Margaret Chandler are found dead (presumed poisoned), in bushland near the Lane Cove River , Sydney, Australia.",January 2 – Vietnam War – Battle of Ap Bac : The Viet Cong win their first major victory.,"January 9 – A total penumbral lunar eclipse is visible in the Americas, Europe, Africa and Asia, and is the 56th lunar eclipse of Lunar Saros 114 . Gamma has a value of −1.01282. It occurs on the night between Wednesday, January 9 and Thursday, January 10, 1963.",January 13 – 1963 Togolese coup d'état : A military coup in Togo results in the installation of coup leader Emmanuel Bodjollé as president.,"January 17 – A last quarter moon occurs between the penumbral lunar eclipse and the annular solar eclipse , only 12 hours, 29 minutes after apogee.","January 19 – Soviet spy Gheorghe Pintilie is removed from his position as Deputy Interior Minister of the Romanian People's Republic , as a step in ensuring Romania's political independence ; the Workers' Party Politburo discusses way of neutralizing ""Soviet intelligence networks which Gheorghe Pintilie had coordinated.""",January 22 – France and West Germany sign the Élysée Treaty .,"January 25 – A large annular solar eclipse covers 99.5% of the Sun and a narrow path (at most 19.6 km (12.2 mi)). It is visible in Chile, Argentina, South Africa and Madagascar, and is the 26th solar eclipse of Solar Saros 140 . Gamma has a value of -0.48984.",January 26 – The Australia Day shootings rock Perth ; 2 people are shot dead and 3 others injured by Eric Edgar Cooke .,January 29 – French President Charles de Gaulle vetoes the United Kingdom's entry into the European Common Market .,1963-01-01,1963-01-02,1963-01-09,1963-01-13,1963-01-17,1963-01-19,1963-01-22,1963-01-25,1963-01-26,1963-01-29
1964,Mary Poppins,My Fair Lady,Goldfinger,The Carpetbaggers,From Russia With Love,A Shot in the Dark,What a Way to Go!,The Unsinkable Molly Brown,The Pink Panther,A Hard Day's Night,Bonanza,Bewitched,"Gomer Pyle, U.S.M.C.",The Andy Griffith Show,The Fugitive,The Red Skelton Hour,The Dick Van Dyke Show,The Lucy Show,Peyton Place II,Combat!,January 1 – The Federation of Rhodesia and Nyasaland is dissolved.,"January 5 – In the first meeting between leaders of the Roman Catholic and Orthodox churches since the fifteenth century, Pope Paul VI and Patriarch Athenagoras I of Constantinople meet in Jerusalem.","January 6 – A British firm, the Leyland Motor Corp. , announces the sale of 450 buses to the Cuban government, challenging the United States blockade of Cuba .","January 9 – Martyrs' Day : Armed clashes between United States troops and Panamanian civilians in the Panama Canal Zone precipitate a major international crisis, resulting in the deaths of 21 Panamanians and 4 U.S. soldiers.",January 11 – United States Surgeon General Luther Terry reports that smoking may be hazardous to one's health (the first such statement from the U.S. government).,January 22 – Kenneth Kaunda is inaugurated as the first Prime Minister of Northern Rhodesia .,January 28 – A U.S. Air Force jet training aircraft that strays into East Germany is shot down by Soviet fighters near Erfurt ; all three crewmen are killed.,"January 29 – February 9 – The 1964 Winter Olympics are held in Innsbruck , Austria .","The Soviet Union launches two scientific satellites , Elektron I and II, from a single rocket.","Ranger 6 is launched by the US space agency NASA , on a mission to carry television cameras and crash-land on the Moon.",1964-01-01,1964-01-05,1964-01-06,1964-01-09,1964-01-11,1964-01-22,1964-01-28,1964-01-29,1964-01-29,1964-01-29
1965,The Sound of Music,Doctor Zhivago,Thunderball,Those Magnificent Men in their Flying Machines,The Great Race,That Darn Cat!,Cat Ballou,What's New Pussycat?,Shenandoah,Von Ryan's Express,Bonanza,"Gomer Pyle, U.S.M.C.",The Lucy Show,The Red Skelton Hour,Batman (Thurs.),The Andy Griffith Show,Bewitched,CBS,Hogan's Heroes,Batman (Wed.),January 14 – The First Minister of Northern Ireland and the Taoiseach of the Republic of Ireland meet for the first time in 43 years.,Lyndon B. Johnson is sworn in for a full term as President of the United States.,Indonesian President Sukarno announces the withdrawal of the Indonesian government from the United Nations.,"January 29 – Hakametsä , the first ice rink of Finland, is inaugurated in Tampere .",January 30 – The state funeral of Sir Winston Churchill takes place in London with the largest assembly of dignitaries in the world until the 2005 funeral of Pope John Paul II .,February 4 – Trofim Lysenko is removed from his post as director of the Institute of Genetics at the Academy of Sciences in the Soviet Union. Lysenkoist theories are now treated as pseudoscience.,"February 12 – The African and Malagasy Common Organization ( Organization Commune Africaine et Malgache ; OCAM) is formed as successor to the Afro-Malagasy Union for Economic Cooperation ( Union Africaine et Malgache de Cooperation Economique ; UAMCE), formerly the African and Malagasy Union ( Union Africaine et Malgache ; UAM).","February 15 – The maple leaf is adopted as the flag of Canada , replacing the Canadian Red Ensign flag.",February 18 – The Gambia becomes independent from the United Kingdom.,"Ranger 8 crashes into the Moon, after a successful mission of photographing possible landing sites for the Apollo program astronauts .",1965-01-14,1965-01-20,1965-01-20,1965-01-29,1965-01-30,1965-02-04,1965-02-12,1965-02-15,1965-02-18,1965-02-20
1966,Hawaii,The Bible: In the Beginning...,Who's Afraid of Virginia Woolf?,The Sand Pebbles,A Man for All Seasons,"The Russians Are Coming, the Russians Are Coming",Grand Prix,The Professionals,Alfie,Georgy Girl,Bonanza,The Red Skelton Hour,The Andy Griffith Show,The Lucy Show,The Jackie Gleason Show,Green Acres,Daktari,ABC,CBS,"Gomer Pyle, U.S.M.C.","January 1 – In a coup , Colonel Jean-Bédel Bokassa takes over as military ruler of the Central African Republic , ousting President David Dacko .",January 3 – 1966 Upper Voltan coup d'état : President Maurice Yaméogo is deposed by a military coup in the Republic of Upper Volta (modern-day Burkina Faso).,"Pakistani –Indian peace negotiations end successfully with the signing of the Tashkent Declaration , a day before the sudden death of Indian prime minister Lal Bahadur Shastri .","The House of Representatives of the US state of Georgia refuses to allow African-American representative Julian Bond to take his seat, because of his anti-war stance.","January 15 – 1966 Nigerian coup d'état : A bloody military coup is staged in Nigeria , deposing the civilian government and resulting in the death of Prime Minister Abubakar Tafawa Balewa .","The Nigerian coup is overturned by another faction of the military, led by Major General Johnson Aguiyi-Ironsi , leaving a military government in power and beginning a long period of military rule.","1966 Palomares B-52 crash : A U.S. Air Force B-52 bomber collides with a KC-135 Stratotanker over Spain, dropping three 70- kiloton hydrogen bombs near the town of Palomares , and one into the sea. Carl Brashear , the first African-American United States Navy diver, is involved in an accident during the recovery of the latter, which results in the amputation of his leg.",January 19 – Indira Gandhi is elected Prime Minister of India ; she is sworn in on January 24 .,"January 20 - The Radio Caroline ship Mi Amigo runs aground on the beach at Frinton-on-Sea, Essex, UK.",January 21 – Italian Prime Minister Aldo Moro resigns due to a power struggle in his party.,1966-01-01,1966-01-03,1966-01-10,1966-01-10,1966-01-15,1966-01-17,1966-01-17,1966-01-19,1966-01-20,1966-01-21
1967,The Graduate,Guess Who's Coming to Dinner,Bonnie and Clyde,The Dirty Dozen,Valley of the Dolls,"To Sir, with Love",You Only Live Twice,Thoroughly Modern Millie,The Jungle Book,Camelot,The Andy Griffith Show,The Lucy Show,"Gomer Pyle, U.S.M.C.",Gunsmoke,NBC,The Red Skelton Show,The Dean Martin Show,The Jackie Gleason Show,Saturday Night at the Movies,Bewitched,"January 1 – Canada begins a year-long celebration of the 100th anniversary of Confederation , featuring the Expo 67 World's Fair.",January 6 – Vietnam War : United States Marine Corps and Army of the Republic of Vietnam troops launch Operation Deckhouse Five in the Mekong Delta .,"January 8 – Vietnam War: Operation Cedar Falls starts, in an attempt to eliminate the Iron Triangle .",January 13 – A military coup occurs in Togo under the leadership of Étienne Eyadema .,January 15 – Louis Leakey announces the discovery of pre-human fossils in Kenya ; he names the species Kenyapithecus africanus .,"In Munich , the trial begins of Wilhelm Harster , accused of the murder of 82,856 Jews (including Anne Frank ) when he led German security police during the German occupation of the Netherlands. He is eventually sentenced to 15 years in prison.","Milton Keynes in England is founded as a new town by Order in Council , with a planning brief to become a city of 250,000 people. Its initial designated area encloses three existing towns and twenty one villages. The area to be developed is largely farmland, with evidence of permanent settlement dating back to the Bronze Age .","January 25 – South Vietnamese junta leader and Prime Minister Nguyen Cao Ky forces his rival, Deputy Prime Minister and Defence Minister Nguyen Huu Co , into exile while overseas on a diplomatic visit.",The Parliament of the United Kingdom decides to nationalise 90% of the nation's steel industry.,The largest-ever blizzard to hit the US city of Chicago begins.,1967-01-01,1967-01-06,1967-01-08,1967-01-13,1967-01-15,1967-01-23,1967-01-23,1967-01-25,1967-01-26,1967-01-26
1968,Funny Girl,2001: A Space Odyssey,The Odd Couple,Bullitt,Oliver!,Planet of the Apes,Rosemary's Baby,Romeo and Juliet,"Yours, Mine and Ours",The Lion in Winter,Rowan & Martin's Laugh-In,"Gomer Pyle, U.S.M.C.",Bonanza,Mayberry R.F.D.,Family Affair,Gunsmoke,Julia,The Dean Martin Show,Here's Lucy,The Beverly Hillbillies,January – The I'm Backing Britain campaign starts spontaneously.,January 5 – Prague Spring : Alexander Dubček is chosen as leader of the Communist Party of Czechoslovakia .,"January 10 – John Gorton is sworn in as 19th Prime Minister of Australia , taking over from John McEwen after being elected leader of the Liberal Party the previous day, following the disappearance of Harold Holt . Gorton becomes the only Senator to become Prime Minister, though he immediately transfers to the House of Representatives through the 1968 Higgins by-election in Holt's vacant seat.","January 15 – The 1968 Belice earthquake in Sicily kills 380 and injures around 1,000.","Vietnam War : Battle of Khe Sanh – One of the most publicized and controversial battles of the war begins, ending on April 8 .","1968 Thule Air Base B-52 crash : A U.S. B-52 Stratofortress crashes in Greenland, discharging 4 nuclear bombs .","January 23 – North Korea seizes the USS Pueblo , claiming the ship violated its territorial waters while spying.","January 25 – Israeli submarine INS Dakar sinks in the Mediterranean Sea, killing 69.","January 28 – French submarine Minerve sinks in the Mediterranean Sea, killing 52.",January 30 – Vietnam War : The Tet Offensive begins as Viet Cong forces launch a series of surprise attacks across South Vietnam .,,1968-01-05,1968-01-10,1968-01-15,1968-01-21,1968-01-21,1968-01-23,1968-01-25,1968-01-28,1968-01-30
1969,Butch Cassidy and the Sundance Kid,The Love Bug,Midnight Cowboy,Easy Rider,"Hello, Dolly!",Bob & Carol & Ted & Alice,Paint Your Wagon,True Grit,A Boy Named Charlie Brown,Cactus Flower,Rowan & Martin's Laugh-In,Gunsmoke,Bonanza,Mayberry R.F.D.,Family Affair,Here's Lucy,The Red Skelton Hour,"Marcus Welby, M.D.",Walt Disney's Wonderful World of Color,The Doris Day Show,January 4 – The Government of Spain hands over Ifni to Morocco .,"January 5 – Ariana Afghan Airlines Flight 701 crashes into a house on its approach to London's Gatwick Airport , killing 50 of the 62 people on board and two of the home's occupants.",January 12 – The New York Jets defeat the Baltimore Colts 16–7 in Super Bowl III .,January 14 – An explosion aboard the aircraft carrier USS Enterprise near Hawaii kills 28 and injures 314.,January 16 – First successful docking of two crewed spacecraft in orbit and the first transfer of crew from one space vehicle to another (by a space walk ) between Soviet craft Soyuz 5 and Soyuz 4 .,January 18 – Failure of Soyuz 5 's service module to separate correctly causes a near-fatal re-entry (not publicly acknowledged until 1997) but the module makes a hard landing in the Ural Mountains .,"January 19 – End of the siege of the University of Tokyo , marking the beginning of the end for the 1968–69 Japanese university protests .",January 20 – Richard Nixon is sworn in as the 37th president of the United States of America .,"January 22 – Attempted assassination of Leonid Brezhnev , the Soviet leader, by deserter Viktor Ilyin. One person is killed, several are injured; Brezhnev escapes unharmed. Very little is publicly admitted about the incident by the Soviet authorities at this time.","Fourteen men, 9 of them Jews , are executed in Baghdad for spying for Israel .",1969-01-04,1969-01-05,1969-01-12,1969-01-14,1969-01-16,1969-01-18,1969-01-19,1969-01-20,1969-01-22,1969-01-27
1970,Love Story,Airport,M*A*S*H,Patton,Woodstock,Little Big Man,Tora! Tora! Tora!,Ryan's Daughter,Catch-22,The Owl and the Pussycat,"Marcus Welby, M.D.",The Flip Wilson Show,Here's Lucy,Ironside,Gunsmoke,ABC Movie of the Week,Hawaii Five-O,Medical Center,Bonanza,The F.B.I.,January 1 – Unix time epoch reached at 00:00:00 UTC .,"January 5 – The 7.1 M w Tonghai earthquake shakes Tonghai County , Yunnan province, China, with a maximum Mercalli intensity of X ( Extreme ). Between 10,000 and 14,621 are killed and 30,000 injured.","January 15 – After a 32-month fight for independence from Nigeria , Biafran forces under Philip Effiong formally surrender to General Yakubu Gowon , ending the Nigerian Civil War .","February 1 – The Benavídez rail disaster near Buenos Aires , Argentina (a rear-end collision) kills 236.","February 10 – An avalanche at Val-d'Isère , France, kills 41 tourists.","February 11 – Ohsumi , Japan's first satellite, is launched on a Lambda-4 rocket.",February 22 – Guyana becomes a Republic within the Commonwealth of Nations .,February – Multi- business conglomerate Virgin Group is founded as a discount mail-order record retailer by Richard Branson in the UK.,"March 1 – Rhodesia 's white minority government severs its last tie with the United Kingdom, declaring itself a republic .",March 4 – All 57 men aboard the French submarine Eurydice are killed when the vessel implodes while making a practice dive in the Mediterranean Sea .,1970-01-01,1970-01-05,1970-01-15,1970-02-01,1970-02-10,1970-02-11,1970-02-22,,1970-03-01,1970-03-04
1971,Fiddler on the Roof,Billy Jack,The French Connection,Summer of '42,Diamonds Are Forever,Dirty Harry,A Clockwork Orange,Carnal Knowledge,The Last Picture Show,Sweet Sweetback's Baadasssss Song,All in the Family,The Flip Wilson Show,"Marcus Welby, M.D.",Gunsmoke,ABC Movie of the Week,Sanford and Son,Mannix,Funny Face,NBC,The Mary Tyler Moore Show,"January 2 – 1971 Ibrox disaster : During a crush, 66 people are killed and over 200 injured in Glasgow, Scotland.",January 5 – The first ever One Day International cricket match is played between Australia and England at the Melbourne Cricket Ground .,"January 8 – Tupamaros kidnap Geoffrey Jackson, British ambassador to Uruguay , in Montevideo , keeping him captive until September.","January 9 – Uruguayan president Jorge Pacheco Areco demands emergency powers for 90 days due to kidnappings, and receives them the next day.","January 12 – The landmark United States television sitcom All in the Family , starring Carroll O'Connor as Archie Bunker , debuts on CBS .","January 14 – Seventy Brazilian political prisoners are released in Santiago , Chile; Giovanni Enrico Bucher is released January 16 .",January 15 – The Aswan High Dam officially opens in Egypt.,Strikes in Poland demand the resignation of Interior Minister Kazimierz Świtała . He resigns January 23 and is replaced by Franciszek Szlachcic.,"Ivan Koloff defeats Bruno Sammartino for the WWWF World Heavyweight Championship in wrestling ending a seven and two thirds years reign, the longest in the Championships history.","A South Korean marine kills 6 people in a mass shooting in Kimpo, South Korea .",1971-01-02,1971-01-05,1971-01-08,1971-01-09,1971-01-12,1971-01-14,1971-01-15,1971-01-18,1971-01-18,1971-01-18
1972,The Godfather,The Poseidon Adventure,"What's Up, Doc?",Deliverance,Jeremiah Johnson,Cabaret,Deep Throat,The Getaway,Brother of the Wind,Lady Sings the Blues,All in the Family,Sanford and Son,Hawaii Five-O,Maude,Bridget Loves Bernie,NBC,The Mary Tyler Moore Show,The Wonderful World of Disney,Ironside,Adam-12,January 1 – Kurt Waldheim becomes Secretary-General of the United Nations .,January 4 – The first scientific hand-held calculator ( HP-35 ) is introduced (price $395).,January 7 – Iberia Airlines Flight 602 crashes into a 462-meter peak on the island of Ibiza ; 104 are killed.,January 9 – The RMS Queen Elizabeth catches fire and sinks in Hong Kong's Victoria harbor while undergoing conversion to a floating university.,January 10 – Independence leader Sheikh Mujibur Rahman returns to Bangladesh after spending over nine months in prison in Pakistan.,"January 11 – Sheikh Mujibur Rahman declares a new constitutional government in Bangladesh, with himself as president.","January 12 – In a 10-hour siege, a cell of 4 left-wing insurgents hold off a task force of 2500 army soldiers and police agents in Santo Domingo , Dominican Republic : eight members of the security forces and the entire insurgent cell are killed in the course of the siege.",January 13 – Prime Minister of Ghana Kofi Abrefa Busia is overthrown in a military coup by Colonel Ignatius Kutu Acheampong .,"January 14 – Queen Margrethe II of Denmark succeeds her father, King Frederik IX , on the throne of Denmark, the first queen regnant of Denmark since 1412 and the first Danish monarch not named Frederick or Christian since 1513.","January 18 – Members of the Mukti Bahini lay down their arms to the government of the newly independent Bangladesh , 33 days after winning the war against the occupying Pakistan Army .",1972-01-01,1972-01-04,1972-01-07,1972-01-09,1972-01-10,1972-01-11,1972-01-12,1972-01-13,1972-01-14,1972-01-18
1973,The Exorcist,The Sting,American Graffiti,Papillon,The Way We Were,Magnum Force,Last Tango in Paris,Paper Moon,Live and Let Die,Serpico,All in the Family,The Waltons,Sanford and Son,M*A*S*H,Hawaii Five-O,Maude,Kojak,The Mary Tyler Moore Show,The Six Million Dollar Man,The Bob Newhart Show,"January 1 – The United Kingdom , the Republic of Ireland , and Denmark enter the European Economic Community , which later becomes the European Union .","January 15 – Vietnam War : Citing progress in peace negotiations, U.S. President Richard Nixon announces the suspension of offensive action in North Vietnam .",January 17 – Ferdinand Marcos becomes President for Life of the Philippines .,"The Sunshine Showdown : George Foreman defeats Joe Frazier to win the heavyweight world boxing championship in Kingston, Jamaica .","A Royal Jordanian Boeing 707 flight from Jeddah crashes in Kano , Nigeria ; 176 people are killed.",January 27 – U.S. involvement in the Vietnam War ends with the signing of the Paris Peace Accords .,February 8 – A military insurrection in Uruguay poses an institutional challenge to President Juan María Bordaberry .,"February 21 – Libyan Arab Airlines Flight 114 ( Boeing 727 ) is shot down by Israeli fighter aircraft over the Sinai Desert , after the passenger plane is suspected of being an enemy military plane. There are 108 fatalities, and only five people on board survive (one crew member and four passengers).",February 28 – The Republic of Ireland general election is held. Liam Cosgrave becomes the new Taoiseach .,"March 8 – The Troubles : A referendum is held in Northern Ireland over whether to reunite with the Republic of Ireland or to stay a part of the UK. The result was 98% remain. The Provisional Irish Republican Army responds to the referendum by planting four car bombs in London on the same day, two of which went off , causing one death and injuring over 200 people.",1973-01-01,1973-01-15,1973-01-17,1973-01-22,1973-01-22,1973-01-27,1973-02-08,1973-02-21,1973-02-28,1973-03-08
1974,The Towering Inferno,Blazing Saddles,Young Frankenstein,Earthquake,The Trial of Billy Jack,The Godfather Part II,Airport 1975,The Longest Yard,Death Wish,The Life and Times of Grizzly Adams,All in the Family,Sanford and Son,Chico and the Man,The Jeffersons,M*A*S*H,Rhoda,Good Times,The Waltons,Maude,Hawaii Five-O,"January 25 – Bülent Ecevit of CHP forms the new government of Turkey (37th government, partner MSP ).","The South Vietnamese government and the Viet Cong announced that they would resume prisoner of war exchanges on February 8, after a suspension of seven months.",Two members of the Japanese Red Army (JRA) and two members of the Popular Front for the Liberation of Palestine (PFLP) made a failed attempt to blow up oil tanks at the Shell oil refinery complex on Pulau Bukom at Singapore . The terrorists then hijacked the ferry Laju and took its five crew members hostage.,"The People's Republic of China released Gerald Emil Kosh, a U.S. civilian captured during the Battle of the Paracel Islands .","Fire breaks out in the Joelma Building in São Paulo , Brazil; 177 die, 293 are injured, 11 die later of their injuries.","Kuala Lumpur , the capital of Malaysia , is declared a Federal Territory .","February 8 – After a record 84 days in orbit , the crew of Skylab 4 returns to Earth.","February 17 – Zamalek disaster : A soccer stampede occurs in Cairo , killing 49.",February 28 – The British election ended in a hung parliament after the Jeremy Thorpe -led Liberal Party achieves its biggest vote.,"March 3 – Turkish Airlines Flight 981 , travelling from Paris to London , crashes in the woods near Paris, killing all 346 aboard. This was the deadliest aircraft accident in history up to this time, and remains the deadliest single aircraft accident with no survivors.",1974-01-25,1974-01-31,1974-01-31,1974-01-31,1974-02-01,1974-02-01,1974-02-08,1974-02-17,1974-02-28,1974-03-03
1975,Jaws,One Flew Over the Cuckoo's Nest,The Rocky Horror Picture Show †,Shampoo,Dog Day Afternoon,The Return of the Pink Panther,Three Days of the Condor,Funny Lady,The Other Side of the Mountain,Tommy,All in the Family,"Rich Man, Poor Man",Laverne & Shirley,Maude,The Bionic Woman,Phyllis,Sanford and Son,CBS,The Six Million Dollar Man,ABC Monday Night Movie,"January 1 – Watergate scandal (United States): John N. Mitchell , H. R. Haldeman and John Ehrlichman are found guilty of the Watergate cover-up.",The Federal Rules of Evidence are approved by the United States Congress .,"A bomb blast at Samastipur , Bihar, India, fatally wounds Lalit Narayan Mishra , Minister of Railways.","January 5 – Tasman Bridge disaster : The Tasman Bridge in Hobart , Tasmania , Australia, is struck by the bulk ore carrier MV Lake Illawarra , causing a partial collapse resulting in 12 deaths.",January 15 – Alvor Agreement : Portugal announces that it will grant independence to Angola on November 11 .,"February 4 – The Haicheng earthquake in Haicheng, Liaoning , China, kills 2,041 and injures 27,538, but much of the city has been evacuated in a claimed example of earthquake prediction .","February 5 – The Argentinian president Isabel Perón decrees Operativo Independencia , aiming to neutralize or annihilate the ""subversive elements"" in the province of Tucuman. She assumes extraordinary powers.","Margaret Thatcher defeats Edward Heath for the leadership of the opposition UK Conservative Party . Thatcher, 49, is Britain's first female leader of any political party.","Colonel Richard Ratsimandrava , President of Madagascar , is assassinated.",February 27 – The 2 June Movement kidnaps West German politician Peter Lorenz . He is released on March 4 after most of the kidnappers' demands are met.,1975-01-01,1975-01-02,1975-01-02,1975-01-05,1975-01-15,1975-02-04,1975-02-05,1975-02-11,1975-02-11,1975-02-27
1976,Rocky,A Star Is Born,King Kong,Silver Streak,All the President's Men,The Omen,The Bad News Bears,The Enforcer,In Search of Noah's Ark,Midway,Happy Days,Laverne & Shirley,ABC Monday Night Movie,M*A*S*H,Charlie's Angels,The Big Event,The Six Million Dollar Man,ABC Sunday Night Movie,CBS,Three's Company,"January 2 – The International Covenant on Economic, Social and Cultural Rights enters into force.",January 5 – The Pol Pot regime proclaims a new constitution for Democratic Kampuchea .,"January 16 – A locomotive crashes into the rear of a commuter train in Glenbrook , Australia , killing one person onboard and injuring ten others in the 1976 Glenbrook rail accident .",January 18 – Full diplomatic relations are established between Bangladesh and Pakistan 5 years after the Bangladesh Liberation War .,The United States vetoes a United Nations resolution that calls for an independent Palestinian state .,Western Sahara War : The First Battle of Amgala breaks out between Morocco and Algeria in the Spanish Sahara.,"The 1976 Winter Olympics begin in Innsbruck , Austria.","The 7.5 M w Guatemala earthquake affects Guatemala and Honduras with a maximum Mercalli intensity of IX ( Violent ), leaving 23,000 dead and 76,000 injured.","February 9 – The Australian Defence Force is formed by unification of the Australian Army , the Royal Australian Navy and the Royal Australian Air Force .",February 13 – General Murtala Mohammed of Nigeria is assassinated in a military coup.,1976-01-02,1976-01-05,1976-01-16,1976-01-18,1976-01-27,1976-01-27,1976-02-04,1976-02-04,1976-02-09,1976-02-13
1977,Star Wars: Episode IV - A New Hope,Smokey and the Bandit,Close Encounters of the Third Kind,Saturday Night Fever,A Bridge Too Far,The Deep,The Spy Who Loved Me,"Oh, God!",Annie Hall,Semi-Tough,Laverne & Shirley,Happy Days,Three's Company,60 Minutes,ABC,CBS,Little House on the Prairie,Alice,One Day at a Time,How the West Was Won,"January 8 – Three bombs explode in Moscow within 37 minutes, killing seven. The bombings are attributed to an Armenian separatist group.",January 10 – Mount Nyiragongo erupts in eastern Zaire (now the Democratic Republic of the Congo ).,"January 11 – The first episode of Finnish children's TV show Pikku Kakkonen (""Little Number Two"") is aired on Yle TV2 .","January 17 – 49 marines from the USS Trenton and USS Guam are killed as a result of a collision in Barcelona harbour, Spain.",Scientists identify a previously unknown bacterium as the cause of the mysterious Legionnaires' disease .,"Australia's worst railway disaster at Granville , a suburb of Sydney, leaves 83 people dead.","SFR Yugoslavia Prime minister Džemal Bijedić , his wife and 6 others are killed in a plane crash in Bosnia and Herzegovina .","January 19 – An Ejército del Aire CASA C-207C Azor (registration T.7-15) plane crashes into the side of a mountain near Chiva , on approach to Valencia Airport in Spain , killing all 11 people on board.",January 20 - Jimmy Carter is sworn in as the 39th President of the United States after defeating Gerald Ford in the 1976 election .,"January 23 – Prime Minister Indira Gandhi of India calls for fresh elections to the Lok Sabha , and releases all political prisoners.",1977-01-08,1977-01-10,1977-01-11,1977-01-17,1977-01-18,1977-01-18,1977-01-18,1977-01-19,1977-01-20,1977-01-23
1978,Grease,Superman,National Lampoon's Animal House,Every Which Way But Loose,Heaven Can Wait,Hooper,Jaws 2,Revenge of the Pink Panther,The Deer Hunter,Halloween,Laverne & Shirley,Three's Company,Mork & Mindy,Angie,60 Minutes,M*A*S*H,The Ropers,All in the Family,ABC,Eight Is Enough,"January 1 – Air India Flight 855 , a Boeing 747 passenger jet, crashes off the coast of Bombay , killing 213.","January 5 – Bülent Ecevit , of CHP , forms the new government of Turkey (42nd government).","January 6 – The Holy Crown of Hungary (also known as Stephen of Hungary Crown) is returned to Hungary from the United States, where it was held since World War II .","January 10 – Pedro Joaquín Chamorro Cardenal , a critic of the Nicaraguan government, is assassinated; riots erupt against Somoza 's government.","January 13 – Former U.S. Vice President Hubert Humphrey , a Democrat, dies of cancer in Waverly, Minnesota , at the age of 66.","January 18 – The European Court of Human Rights finds the British government guilty of mistreating prisoners in Northern Ireland , but not guilty of torture.",January 22 – Ethiopia declares the ambassador of West Germany persona non grata .,"Soviet satellite Kosmos 954 burns up in Earth's atmosphere, scattering radioactive debris over Canada's Northwest Territories .",Rose Dugdale and Eddie Gallagher become the first convicted prisoners to marry in prison since the establishment of the Republic of Ireland .,"January 25 – 27 – The Great Blizzard of 1978 strikes the Ohio Valley and Great Lakes , killing 70.",1978-01-01,1978-01-05,1978-01-06,1978-01-10,1978-01-13,1978-01-18,1978-01-22,1978-01-24,1978-01-24,1978-01-25
1979,Kramer vs. Kramer,The Amityville Horror,Rocky II,Star Trek: The Motion Picture,Alien,Apocalypse Now,10,The Jerk,Moonraker,The Muppet Movie,60 Minutes,Three's Company,That's Incredible!,Alice,Dallas,Flo,The Jeffersons,The Dukes of Hazzard,One Day at a Time,Archie Bunker's Place,"United Nations Secretary-General Kurt Waldheim heralds the start of the International Year of the Child . Many musicians donate to the Music for UNICEF Concert fund, among them ABBA , who write the song Chiquitita to commemorate the event.","In 1979, the United States officially severed diplomatic ties with the Republic of China (Taiwan). This decision marked a significant shift in U.S. foreign policy, turning to view the People's Republic of China as the sole legitimate representative of China.",The United States and the People's Republic of China establish full diplomatic relations .,"Following a deal agreed during 1978, French carmaker Peugeot completes a takeover of American manufacturer Chrysler 's European operations , which are based in Britain's former Rootes Group factories, as well as the former Simca factories in France.","January 6 – Geylang Bahru family murders : Four children, aged five to ten, are brutally killed in Geylang Bahru , Singapore.","January 7 – Cambodian–Vietnamese War : The People's Army of Vietnam and Vietnamese-backed Cambodian insurgents announce the fall of Phnom Penh , Cambodia, and the collapse of the Pol Pot regime. Pol Pot and the Khmer Rouge retreat west to an area along the Thai border, ending large-scale fighting.","January 8 – Whiddy Island Disaster : The French tanker Betelgeuse explodes at the Gulf Oil terminal at Bantry , Ireland; 50 people are killed.","January 9 – The Music for UNICEF Concert is held at the United Nations General Assembly to raise money for UNICEF and promote the Year of the Child. It is broadcast the following day in the United States and around the world. Hosted by the Bee Gees , other performers include Donna Summer , ABBA , Rod Stewart and Earth, Wind & Fire . A soundtrack album is later released.","January 16 – Shah Mohammad Reza Pahlavi flees Iran with his family, relocating to Egypt after a year of turmoil.",January 19 – Former U.S. Attorney General John N. Mitchell is released on parole after 19 months at a federal prison in Alabama.,1979-01-01,1979-01-01,1979-01-01,1979-01-01,1979-01-06,1979-01-07,1979-01-08,1979-01-09,1979-01-16,1979-01-19
1980,Star Wars: Episode V - The Empire Strikes Back,9 to 5,Stir Crazy,Airplane!,Any Which Way You Can,Private Benjamin,Coal Miner's Daughter,Smokey and the Bandit II,The Blue Lagoon,The Blues Brothers,Dallas,The Dukes of Hazzard,60 Minutes,M*A*S*H,The Love Boat,The Jeffersons,Alice,House Calls,ABC,Little House on the Prairie,"January 1 – Changes to the succession to the Swedish throne come into effect, introducing absolute primogeniture , thus placing Crown Princess Victoria first in line to the throne ( heir apparent ), ahead of her baby brother. Sweden is the first monarchy to adopt this rule of succession. Members of the royal family may also now marry commoners without losing their place in the succession.",January 4 – U.S. President Jimmy Carter proclaims a grain embargo against the USSR with the support of the European Commission .,January 6 – Global Positioning System time epoch begins at 00:00 UTC.,"January 9 – In Saudi Arabia , 63 Islamist insurgents are beheaded for their part in the siege of the Great Mosque in Mecca in November 1979 .",January 14 – Indian National Congress party leader Indira Gandhi returns to power as the Prime Minister of India .,"January 20 – At least 200 people are killed when the Corralejas Bullring collapses at Sincelejo , Colombia.","January 21 – The London Gold Fixing hits its highest price ever of $843 per troy ounce ($2,249.50 in 2020 when adjusted for inflation).","January 22 – Andrei Sakharov , Soviet scientist and human rights activist, is arrested in Moscow.",January 26 – Israel and Egypt establish diplomatic relations.,"January 27 – Canadian Caper : Six United States diplomats , posing as Canadians, manage to escape from Tehran , Iran , as they board a flight to Zürich , Switzerland, on Swissair .",1980-01-01,1980-01-04,1980-01-06,1980-01-09,1980-01-14,1980-01-20,1980-01-21,1980-01-22,1980-01-26,1980-01-27
1981,Raiders of the Lost Ark,On Golden Pond,Superman II,Arthur,Stripes,The Cannonball Run,Chariots of Fire,For Your Eyes Only,The Four Seasons,Time Bandits,Dallas,60 Minutes,The Jeffersons,Three's Company,Alice,The Dukes of Hazzard,ABC,ABC Monday Night Movie,M*A*S*H,One Day at a Time,"Greece enters the European Economic Community , predecessor of the European Union .",Palau becomes a self-governing territory.,January 6 – A funeral service is held in West Germany for Nazi Grand Admiral Karl Doenitz following his death on December 24.,"January 10 – Salvadoran Civil War : The FMLN launches its first major offensive, gaining control of most of Morazán and Chalatenango departments.",January 15 – Pope John Paul II receives a delegation led by Polish Solidarity leader Lech Wałęsa at the Vatican .,"January 20 – Iran releases the 52 Americans held for 444 days, minutes after Ronald Reagan is sworn in as the 40th President of the United States, ending the Iran hostage crisis .","January 21 – The first DeLorean automobile, a stainless steel sports car with gull-wing doors , rolls off the production line in Dunmurry , Northern Ireland .","January 24 – An earthquake of M s 6.8 magnitude in Sichuan , China, kills 150 people. Japan suffers a less serious earthquake on the same day.",January 25 – In South Africa the largest part of the town Laingsburg is swept away within minutes by one of the strongest floods ever experienced in the Great Karoo .,"January 27 – The Indonesian passenger ship Tampomas II catches fire and capsizes in the Java Sea , killing 580 people.",1981-01-01,1981-01-01,1981-01-06,1981-01-10,1981-01-15,1981-01-20,1981-01-21,1981-01-24,1981-01-25,1981-01-27
1982,E.T. the Extra-Terrestrial,Tootsie,An Officer and a Gentleman,Rocky III,Porky's,Star Trek II: The Wrath of Khan,48 Hrs.,Poltergeist,The Best Little Whorehouse in Texas,Annie,60 Minutes,Dallas,M*A*S*H,Dynasty,Three's Company,Simon & Simon,Falcon Crest,The Love Boat,The A-Team,ABC,"January 1 – In Malaysia and Singapore , clocks are adjusted to the same time zone, UTC+8 (GMT+8.00).","January 13 – Air Florida Flight 90 crashes shortly after takeoff into the 14th Street Bridge in Washington, D.C. , United States, then falls into the Potomac River , killing 78 people.","January 14 – An Ethiopian Air Force Antonov An-26 with an unknown registration crashed near Addis Ababa , Ethiopia, killing all 73 occupants on board.","January 18 – 1982 Thunderbirds Indian Springs Diamond Crash : Four Northrop T-38 aircraft of the United States Air Force crash at Indian Springs Air Force Auxiliary Field , Nevada, killing all 4 pilots.","January 20 – Musician Ozzy Osbourne is treated for rabies after biting the head off a live bat during a concert in Des Moines, Iowa .","January 24 – The San Francisco 49ers defeat the Cincinnati Bengals to win Super Bowl XVI at the Pontiac Silverdome in Pontiac, Michigan .",January 26 – Mauno Koivisto is elected President of Finland .,January 27 – The government of Garret FitzGerald in Ireland is defeated 82–81 on its budget; the 22nd Dáil is dissolved.,"January 30 – The first computer virus , the Elk Cloner , written by 15-year old Rich Skrenta , is found. It infects Apple II computers via floppy disk .",February 1 – Senegal and The Gambia form a loose Senegambia Confederation .,1982-01-01,1982-01-13,1982-01-14,1982-01-18,1982-01-20,1982-01-24,1982-01-26,1982-01-27,1982-01-30,1982-02-01
1983,Star Wars: Episode VI - Return of the Jedi,Terms of Endearment,Flashdance,Trading Places,WarGames,Octopussy,Sudden Impact,Staying Alive,Mr. Mom,Risky Business,Dallas,60 Minutes,Dynasty,The A-Team,Simon & Simon,"Magnum, P.I.",Falcon Crest,Kate & Allie,Hotel,Cagney & Lacey,January 1 – The migration of the ARPANET to TCP/IP is officially completed (this is considered to be the beginning of the true Internet ).,"January 6 – Pope John Paul II appoints a bishop over the Czechoslovak exile community, which the Rudé právo newspaper calls a ""provocation."" This begins a year-long disagreement between the Czechoslovak Socialist Republic and the Vatican , leading to the eventual restoration of diplomatic relations between the two states.","January 14 – The head of Bangladesh 's military dictatorship, Hussain Muhammad Ershad , announces his intentions to ""turn Bangladesh into an Islamic state.""","January 18 – U.S. Secretary of the Interior James G. Watt makes controversial remarks blaming poor living conditions on Native American reservations on ""the failures of socialism ."" Watt will eventually resign in September after a series of other controversial remarks.",January 23 – The European Economic Community 's Common Fisheries Policy comes into effect.,January 24 – 25 members of the Red Brigades are sentenced to life imprisonment for the 1978 murder of Italian politician Aldo Moro .,"January 25 – IRAS is launched from Vandenberg AFB , to conduct the world's first all-sky infrared survey from space.","January 26 – 1983 Code of Canon Law : Pope John Paul II revises Roman Catholic canon law , the first such revision since 1917 . Among the changes is a reduction in the number of offenses qualifying for automatic excommunication , from 37 to only seven.","January 27 – The pilot shaft of the Seikan Tunnel , the world's longest sub-aqueous tunnel (53.85 km) in Japan, breaks through.",Chinese newspaper People's Daily reports that the nation will run out of food and clothes by the year 2000 if the state's population control efforts are not successful.,1983-01-01,1983-01-06,1983-01-14,1983-01-18,1983-01-23,1983-01-24,1983-01-25,1983-01-26,1983-01-27,1983-01-30
1984,Beverly Hills Cop,Ghostbusters,Indiana Jones and the Temple of Doom,Gremlins,The Karate Kid,Police Academy,Footloose,Romancing the Stone,Star Trek III: The Search for Spock,Splash,Dynasty,Dallas,The Cosby Show,60 Minutes,Family Ties,The A-Team,Simon & Simon,"Murder, She Wrote",Knots Landing,Falcon Crest,"January 1 – The Bornean Sultanate of Brunei gains full independence from the United Kingdom , having become a British protectorate in 1888 .",January 7 – Brunei becomes the sixth member of the Association of Southeast Asian Nations (ASEAN).,"January 9 – Van Halen releases their sixth studio album 1984 ( MCMLXXXIV ), which debuts at number 2 on the Billboard 200 albums chart, and will go to sell over 10 million copies in the United States .",The United States and the Vatican ( Holy See ) restore full diplomatic relations.,"The Victoria Agreement is signed, institutionalising the Indian Ocean Commission .",January 24 – Steve Jobs launches the Macintosh personal computer in the United States.,January 27 – American singer Michael Jackson 's hair caught on fire during the making of the Pepsi commercial.,"John Buster and the research team at Harbor–UCLA Medical Center announce history's first embryo transfer from one woman to another, resulting in a live birth.",STS-41-B : Space Shuttle Challenger is launched on the 10th Space Shuttle mission.,February 7 – Astronauts Bruce McCandless II and Robert L. Stewart make the first untethered space walk .,1984-01-01,1984-01-07,1984-01-09,1984-01-10,1984-01-10,1984-01-24,1984-01-27,1984-02-03,1984-02-03,1984-02-07
1985,Back to the Future,Rambo: First Blood Part II,Rocky IV,The Color Purple,Out of Africa,Cocoon,The Jewel of the Nile,Witness,The Goonies,Spies Like Us,The Cosby Show,Family Ties,"Murder, She Wrote",60 Minutes,Cheers,Dallas,Dynasty,NBC,Miami Vice,Who's the Boss?,The Internet's Domain Name System is created.,Greenland withdraws from the European Economic Community as a result of a new agreement on fishing rights.,"January 7 – Japan Aerospace Exploration Agency launches Sakigake , Japan's first interplanetary spacecraft and the first deep space probe to be launched by any country other than the United States or the Soviet Union .","January 15 – Tancredo Neves is elected president of Brazil by the Congress , ending the 21-year military rule .","January 27 – The Economic Cooperation Organization (ECO) is formed, in Tehran.","January 28 – The charity single record "" We Are the World "" is recorded by USA for Africa .",February 4 – The border between Gibraltar and Spain reopens for the first time since Francisco Franco closed it in 1969.,February 5 – Australia cancels its involvement in U.S.-led MX missile tests.,February 9 – U.S. drug agent Kiki Camarena is kidnapped and murdered in Mexico by drug traffickers ; his body is later discovered on March 5 .,February 14 – Lebanon hostage crisis : CNN reporter Jeremy Levin is freed from captivity in Lebanon .,1985-01-01,1985-01-01,1985-01-07,1985-01-15,1985-01-27,1985-01-28,1985-02-04,1985-02-05,1985-02-09,1985-02-14
1986,Top Gun,Crocodile Dundee,Platoon,The Karate Kid Part II,Star Trek IV: The Voyage Home,Back to School,Aliens,The Golden Child,Ruthless People,Ferris Bueller's Day Off,The Cosby Show,Family Ties,Cheers,"Murder, She Wrote",The Golden Girls,60 Minutes,Night Court,Growing Pains,Moonlighting,Who's the Boss?,Aruba gains increased autonomy from the Netherlands by separating from the Netherlands Antilles .,"Spain and Portugal enter the European Community , which becomes the European Union in 1993.","January 11 – The Gateway Bridge in Brisbane , Australia, at this time the world's longest prestressed concrete free- cantilever bridge , is opened.",January 13 – 24 – South Yemen Civil War .,January 20 – The United Kingdom and France announce plans to construct the Channel Tunnel .,January 21 – Conservative protestors attacked a mock shanty town that had been erected on the Green at Dartmouth College as part of anti-apartheid protests .,January 24 – The Voyager 2 space probe makes its first encounter with Uranus .,January 25 – Yoweri Museveni 's National Resistance Army Rebel group takes over Uganda after leading a five-year guerrilla war in which up to half a million people are believed to have been killed. They will later use January 26 as the official date to avoid a coincidence of dates with Dictator Idi Amin 's 1971 coup.,"January 28 – Space Shuttle Challenger disaster – STS-51-L : Space Shuttle Challenger disintegrates 73 seconds after launch from the United States, killing the crew of seven astronauts, including schoolteacher Christa McAuliffe .",January 29 – Yoweri Museveni is sworn in as President of Uganda .,1986-01-01,1986-01-01,1986-01-11,1986-01-13,1986-01-20,1986-01-21,1986-01-24,1986-01-25,1986-01-28,1986-01-29
1987,Three Men and a Baby,Fatal Attraction,Beverly Hills Cop II,"Good Morning, Vietnam",Moonstruck,The Untouchables,The Secret of My Success,Stakeout,Lethal Weapon,The Witches of Eastwick,The Cosby Show,A Different World,Cheers,The Golden Girls,Growing Pains,Who's the Boss?,Night Court,60 Minutes,"Murder, She Wrote",ALF,January 1 – Bolivia reintroduces the Boliviano currency.,January 2 – Chadian–Libyan conflict – Battle of Fada : The Chadian army destroys a Libyan armoured brigade.,"January 3 – Afghan leader Mohammad Najibullah says that Afghanistan's 1978 Communist revolution is ""not reversible,"" and that any opposition parties will have to align with Communist goals.",January 4 –,"1987 Maryland train collision : An Amtrak train en route from Washington, D.C. to Boston collides with Conrail engines at Chase, Maryland , United States, killing 16 people.","Televangelist Oral Roberts announces to his viewers that unless they donate $8 million to his ministry by March 31, God will ""call home.""","January 15 – Hu Yaobang , General Secretary of the Chinese Communist Party , is forced into retirement by political conservatives.","January 16 – León Febres Cordero , president of Ecuador , is kidnapped for 11 hours by followers of imprisoned general Frank Vargas , who successfully demand the latter's release.","January 17 – The Jumalan teatteri (""The theatre of God"") theatre students' group cause a huge scandal at the Oulu City Theatre in Oulu , Finland by throwing excrement, eggs and yoghurt on the audience during their two-minute performance.","January 20 – Terry Waite , the special envoy of the Archbishop of Canterbury in Lebanon , is kidnapped in Beirut (released November 1991 ).",1987-01-01,1987-01-02,1987-01-03,1987-01-04,1987-01-04,1987-01-04,1987-01-15,1987-01-16,1987-01-17,1987-01-20
1988,Rain Man,Who Framed Roger Rabbit,Coming to America,Big,Twins,Crocodile Dundee II,Die Hard,The Naked Gun: From the Files of Police Squad!,Cocktail,Beetlejuice,The Cosby Show,Roseanne,A Different World,Cheers,60 Minutes,The Golden Girls,Who's the Boss?,"Murder, She Wrote",Empty Nest,Anything but Love,"January – The cargo ship Khian Sea deposits 4,000 tons of toxic waste in Haiti after wandering around the Atlantic for sixteen months.",January 1 – The Soviet Union begins its program of economic restructuring ( perestroika ) with legislation initiated by Premier Mikhail Gorbachev (though Gorbachev had begun minor restructuring in 1985).,"January 7 – 8 – In the Soviet-Afghan War , 39 men of the Soviet Airborne Troops from the 345th Independent Guards Airborne Regiment fight off an attack by 200 to 250 Mujahideen in the Battle for Hill 3234 , later dramatized in the Russian film The 9th Company .",January 13 – Vice-president Lee Teng-hui takes over as President of the Republic of China and Chairman of the Kuomintang following the death of Chiang Ching-kuo .,"January 26 – Upon request of Hubert Michon, archbishop of Rabat , two Trappist monks come to Fez and start a community that will later become the Priory of Our Lady of the Atlas .",February 12 – The 1988 Black Sea bumping incident : Soviet frigate Bezzavetnyy intentionally rams USS Yorktown in Soviet territorial waters while Yorktown claims innocent passage . The accompanying US destroyer USS Caron escapes damage.,"February 13 – 28 – The 1988 Winter Olympics are held in Calgary , Alberta , Canada.","1988 Oshakati bomb blast : A bomb explodes outside the First National Bank in Oshakati , Namibia , killing 27 and injuring 70.","U.S. Lieutenant Colonel William R. Higgins , serving with a United Nations group monitoring a truce in southern Lebanon , is kidnapped (and later killed by his captors).","February 20 – The Nagorno-Karabakh Autonomous Oblast votes to secede from the Azerbaijan Soviet Socialist Republic and join the Armenian SSR , triggering the First Nagorno-Karabakh War .",,1988-01-01,1988-01-07,1988-01-13,1988-01-26,1988-02-12,1988-02-13,1988-02-17,1988-02-17,1988-02-20
1989,Batman,Indiana Jones and the Last Crusade,Lethal Weapon 2,Look Who's Talking,"Honey, I Shrunk the Kids",Back to the Future Part II,Ghostbusters II,Driving Miss Daisy,Parenthood,Dead Poets Society,The Cosby Show,ABC,Cheers,A Different World,America's Funniest Home Videos,The Golden Girls,60 Minutes,The Wonder Years,Empty Nest,Monday Night Football,"January 1 – The New York Times discloses involvement of West German company Imhausen and Salzgitter AG in building a chemical weapon plant in Rabta, Libya .",January 2 – Prime Minister Ranasinghe Premadasa takes office as the third President of Sri Lanka .,"January 4 – Gulf of Sidra incident (1989) : Two Libyan MiG-23 ""Floggers"" are engaged and shot down by two US Navy F-14 Tomcats .","January 7 – Emperor Hirohito dies ; his son Akihito ascends as the 125th Emperor of Japan , followed by the change in the era name from Shōwa to Heisei on the following day.","January 10 – In accordance with United Nations Security Council Resolution 626 and the New York Accords , Cuban troops begin withdrawing from Angola .",January 11 – The Lexus and Infiniti luxury car brands are launched at the North American International Auto Show in Detroit with the unveiling of the 1990 Lexus LS and Infiniti Q45 sedans.,January 13 – Former Ugandan dictator Idi Amin is expelled to Senegal from Zaire after using a fake Zairean passport in an attempt to return to Uganda. Amin is eventually expelled from Senegal and subsequently returns to Zaire after the Saudi government refuses to allow him in Saudi Arabia.,"January 15 – Thirty-five European nations, meeting in Vienna , agree to strengthen human rights and improve East–West trade.",January 18 – Ante Marković succeeds Branko Mikulić as Prime Minister of Yugoslavia .,January 20 – George H. W. Bush is inaugurated as President of the United States .,1989-01-01,1989-01-02,1989-01-04,1989-01-07,1989-01-10,1989-01-11,1989-01-13,1989-01-15,1989-01-18,1989-01-20
1990,Home Alone,Ghost,Dances with Wolves,Pretty Woman,Teenage Mutant Ninja Turtles,The Hunt for Red October,Total Recall,Die Hard 2,Dick Tracy,Kindergarten Cop,Cheers,60 Minutes,Roseanne,A Different World,The Cosby Show,Murphy Brown,Empty Nest,ABC,Monday Night Football,The Golden Girls,Poland becomes the first country in Eastern Europe to begin abolishing its state socialist controls.,Glasgow begins its year as European Capital of Culture .,"The first Internet companies catering to commercial users, PSINet and EUnet begin selling Internet access to commercial customers in the United States and Netherlands respectively.",The comedy television series of Rowan Atkinson 's Mr. Bean first aired on ITV in the United Kingdom.,"January 2 – Ramiz Ali declares that the rejection of Communism will not be repeated in Albania , but that the changing European political climate will nevertheless require adjustments.",January 3 – United States invasion of Panama : General Manuel Noriega is deposed as leader of Panama and surrenders to the American forces .,January 10 – McDonnell Douglas MD-11 takes its first flight.,"January 11 – Singing Revolution : In the Lithuania SSR , 300,000 demonstrate for independence .","January 12 – 19 – Most of the remaining 50,000 Armenians are driven out of Baku in the Azerbaijan SSR during the Baku pogrom .","January 13 – Douglas Wilder becomes the first elected African American governor as he takes office in Richmond, Virginia .",1990-01-01,1990-01-01,1990-01-01,1990-01-01,1990-01-02,1990-01-03,1990-01-10,1990-01-11,1990-01-12,1990-01-13
1991,Terminator 2: Judgment Day,Robin Hood: Prince of Thieves,Beauty and the Beast,The Silence of the Lambs,City Slickers,Hook,The Addams Family,Sleeping with the Enemy,Father of the Bride,The Naked Gun 2½: The Smell of Fear,60 Minutes,Roseanne,Murphy Brown,Cheers,ABC,Designing Women,Full House,"Murder, She Wrote",Major Dad,Coach,January 1 – Czechoslovakia becomes the second Eastern European country to abandon its command economy .,"January 5 – Georgian troops attack Tskhinvali , the capital of South Ossetia , starting the 1991–92 South Ossetia War .","January 7 – 1991 Haitian coup d'état : An attempted coup by the Tonton Macoute , a paramilitary force under former dictator Jean-Claude Duvalier , is thwarted in Haiti. On July 30, Roger Lafontant , the leader of the coup attempt, is convicted by a jury of attempting to overthrow the country's first democratically elected government .",Gulf War : U.S. Secretary of State James Baker meets with Iraqi Foreign Minister Tariq Aziz but fails to produce a plan for the withdrawal of Iraqi troops from Kuwait .,"In Sebokeng , South Africa , gunmen open fire on mourners attending the funeral of an African National Congress leader, killing 45 people.",January 12 – Gulf War: The 102nd U.S. Congress passes a resolution authorizing the use of military force to expel Iraqi forces from Kuwait .,"January 13 – Singing Revolution : Soviet forces storm Vilnius to stop Lithuanian independence , killing 14 civilians and injuring 702 more. In Latvia , a series of confrontations between the Latvian government and the Soviet government take place in Riga . Lithuania formally declares independence on February 16, and voters in Estonia and Latvia vote for independence on March 3.","Gulf War: The UN deadline for the withdrawal of Iraqi forces from occupied Kuwait expires, preparing the way for the start of Operation Desert Storm .","Prime Minister of Cape Verde Pedro Pires resigns following his party 's loss in the Cape Verdean parliamentary election . Later on February 17, António Mascarenhas Monteiro wins the country's first multiparty presidential election since 1975.",January 16 – Gulf War: Operation Desert Storm begins with air strikes against Iraq .,1991-01-01,1991-01-05,1991-01-07,1991-01-09,1991-01-09,1991-01-12,1991-01-13,1991-01-15,1991-01-15,1991-01-16
1992,Aladdin,Home Alone 2: Lost in New York,Batman Returns,Lethal Weapon 3,A Few Good Men,Sister Act,The Bodyguard,Wayne's World,Basic Instinct,A League of Their Own,60 Minutes,Roseanne,Home Improvement,Murphy Brown,Murder She Wrote,Coach,Monday Night Football,CBS Sunday Movie,NBC,Full House,January 1 – Boutros Boutros-Ghali of Egypt replaces Javier Pérez de Cuéllar of Peru as United Nations Secretary-General .,The Nagorno-Karabakh Republic is proclaimed by the Armenians of Nagorno-Karabakh .,1991–92 Georgian coup d'état : President of Georgia Zviad Gamsakhurdia flees the country as a result of the military coup.,"January 7 – 1992 European Community Monitor Mission helicopter downing : A Yugoslav Air Force Mikoyan-Gurevich MiG-21 attacks two Italian Army Agusta-Bell AB-206L LongRanger helicopters carrying observers from the European Community Monitor Mission . One crashes, killing five people on board. The other helicopter crash-lands, but its occupants survive.","Bosnian Serbs declare their own republic within Bosnia and Herzegovina , in protest at the decision by Bosniaks and Bosnian Croats to seek recognition by the European Communities.","First confirmed detection of exoplanets with announcement of the discovery of several terrestrial-mass planets orbiting the pulsar PSR B1257+12 , by radio astronomers Aleksander Wolszczan and Dale Frail working in the United States.",January 15 – The Socialist Federal Republic of Yugoslavia begins to break up; Slovenia and Croatia gain independence and international recognition in some Western countries.,"January 16 – El Salvador officials and rebel leaders sign the Chapultepec Peace Accords in Mexico City, ending the 12-year Salvadoran Civil War that claimed at least 75,000 lives.","In the Bulgarian presidential election , the first held by direct vote, Zhelyu Zhelev , leader of the Union of Democratic Forces , retains office.","Paramount Leader of China Deng Xiaoping speaks in Shenzhen during his southern tour, a move that would return China on its right-wing march towards free market economics.",1992-01-01,1992-01-06,1992-01-06,1992-01-07,1992-01-09,1992-01-09,1992-01-15,1992-01-16,1992-01-19,1992-01-19
1993,Jurassic Park,Mrs. Doubtfire,The Fugitive,The Firm,Sleepless in Seattle,Indecent Proposal,In the Line of Fire,The Pelican Brief,Schindler's List,Cliffhanger,60 Minutes,Home Improvement,Seinfeld,Roseanne,Grace Under Fire,Coach,Frasier,Monday Night Football,Murphy Brown,CBS Sunday Movie,"Czechoslovakia ceases to exist, as the Czech Republic and Slovakia separate in the Dissolution of Czechoslovakia .",The European Economic Community eliminates trade barriers and creates a European single market .,"January 3 – In Moscow, Presidents George H. W. Bush (United States) and Boris Yeltsin (Russia) sign the second Strategic Arms Reduction Treaty .","US$7.4 million is stolen from the Brink's Armored Car Depot in Rochester, New York , in the fifth largest robbery in U.S. history.","MV Braer , a Liberian -registered oil tanker , runs aground off the Scottish island of Mainland, Shetland , causing a massive oil spill.",Douglas Hurd is the first high-ranking British official to visit Argentina since the Falklands War .,January 6 – 20 – The Bombay riots take place in Mumbai .,"January 7 – The Fourth Republic of Ghana is inaugurated, with Jerry Rawlings as president.","January 8 – 17 – The Braer Storm of January 1993 , the most intense extratropical cyclone on record for the northern Atlantic Ocean, occurs.",The Chemical Weapons Convention (CWC) is signed by President George H. W. Bush.,1993-01-01,1993-01-01,1993-01-03,1993-01-05,1993-01-05,1993-01-06,1993-01-06,1993-01-07,1993-01-08,1993-01-13
1994,Forrest Gump,The Lion King,True Lies,The Santa Clause,The Flintstones,Dumb and Dumber,Clear and Present Danger,Speed,The Mask,Pulp Fiction,Seinfeld,ER,Home Improvement,Grace Under Fire,Monday Night Football,60 Minutes,NYPD Blue,"Murder, She Wrote",NBC,Roseanne,The North American Free Trade Agreement (NAFTA) is established.,Beginning of the Zapatista uprising in Mexico.,"January 8 – Soyuz TM-18 : Valeri Polyakov begins his 437.7-day orbit of the Earth , eventually setting the world record for days spent in orbit.",January 11 – The Irish government announces the end of a 15-year broadcasting ban on the Provisional Irish Republican Army and its political arm Sinn Féin .,"January 14 – U.S. president Bill Clinton and Russian president Boris Yeltsin sign the Kremlin accords , which stop the preprogrammed aiming of nuclear missiles toward each country's targets, and also provide for the dismantling of the nuclear arsenal in Ukraine .","January 17 – The 6.7 M w Northridge earthquake strikes the Greater Los Angeles Area of the United States, with a maximum Mercalli intensity of IX ( Violent ), leaving 57 people dead and more than 8,700 injured.","February 3 – In the aftermath of the Chadian–Libyan conflict , the International Court of Justice rules that the Aouzou Strip belongs to the Republic of Chad .",February 6 – Markale massacres : a Bosnian Serb Army mortar shell kills 68 civilians and wounds about 200 in a Sarajevo marketplace.,February 9 – The Vance–Owen peace plan for Bosnia and Herzegovina is announced.,Edvard Munch 's painting The Scream is stolen in Oslo (it is recovered on May 7).,1994-01-01,1994-01-01,1994-01-08,1994-01-11,1994-01-14,1994-01-17,1994-02-03,1994-02-06,1994-02-09,1994-02-12
1995,Toy Story,Batman Forever,Apollo 13,Pocahontas,Ace Ventura: When Nature Calls,GoldenEye,Casper,Jumanji,Seven,Die Hard with a Vengeance,ER,Seinfeld,Friends,Caroline in the City,Monday Night Football,The Single Guy,Home Improvement,Boston Common,60 Minutes,NYPD Blue,The World Trade Organization (WTO) is established to replace the General Agreement on Tariffs and Trade (GATT).,"Austria , Finland and Sweden join the European Union .",Final The Far Side comic by Gary Larson is published.,"January 9 – Valeri Polyakov completes 366 days in space while aboard the Mir space station, breaking a duration record.","January 10 – 15 – The World Youth Day 1995 festival is held in Manila, Philippines , culminating in 5 million people gathering for John Paul II's concluding mass in Quirino Grandstand .","January 17 – The 6.9 Great Hanshin earthquake strikes the southern Hyōgo Prefecture of Japan with a maximum Shindo of 7, leaving 5,502–6,434 people dead, and 251,301–310,000 displaced.","January 25 – Norwegian rocket incident : A rocket launched from the space exploration centre at Andøya , Norway, is briefly interpreted by the Russians as an incoming attack.",January 31 – Mexican peso crisis : U.S. President Bill Clinton invokes emergency powers to extend a $20 billion loan to help Mexico avert financial collapse.,"February 13 – Twenty-one Bosnian Serb commanders are charged with genocide and crimes against humanity in the United Nations ' International Criminal Tribunal for the former Yugoslavia , a tribunal on human rights violations during the Wars in the Balkans .","February 21 – Steve Fossett lands in Leader, Saskatchewan , Canada, becoming the first person to make a solo flight across the Pacific Ocean in a balloon .",1995-01-01,1995-01-01,1995-01-01,1995-01-09,1995-01-10,1995-01-17,1995-01-25,1995-01-31,1995-02-13,1995-02-21
1996,Independence Day,Twister,Mission: Impossible,Jerry Maguire,Ransom,101 Dalmatians,The Rock,The Nutty Professor,The Birdcage,A Time to Kill,ER,Seinfeld,Suddenly Susan,Friends,Fired Up,Monday Night Football,The Single Guy,Home Improvement,Touched by an Angel,60 Minutes,"January 8 – A Zairean cargo plane crashes into a crowded market in the center of the capital city of the Democratic Republic of the Congo , Kinshasa , killing around 300 people.",January 9 – 20 – Serious fighting breaks out between Russian soldiers and rebel fighters in Chechnya .,"January 11 – Ryutaro Hashimoto , leader of the Liberal Democratic Party , becomes Prime Minister of Japan .","January 13 – Italy's prime minister , Lamberto Dini , resigns after the failure of all-party talks to confirm him. New talks are initiated by President Oscar Luigi Scalfaro to form a new government.",January 14 – Jorge Sampaio is elected President of Portugal.,"January 16 – President of Sierra Leone Valentine Strasser is deposed by the chief of defence, Julius Maada Bio . Bio promises to restore power following elections scheduled for February.","The North Cape oil spill occurs as an engine fire forces the tugboat Scandia ashore on Moonstone Beach in South Kingstown, Rhode Island . The North Cape Barge is pulled along with it and leaks 820,000 gallons of home heating oil.","An Indonesian ferry sinks off the northern tip of Sumatra , drowning more than 100 people.",January 20 – Yasser Arafat is re-elected president of the Palestinian Authority .,January 21 – France undertakes its last nuclear weapons test .,1996-01-08,1996-01-09,1996-01-11,1996-01-13,1996-01-14,1996-01-16,1996-01-19,1996-01-19,1996-01-20,1996-01-21
1997,Titanic,Men in Black,The Lost World: Jurassic Park,Liar Liar,Air Force One,As Good as It Gets,Good Will Hunting,Star Wars: Episode IV - A New Hope 1997 Special Edition,My Best Friend's Wedding,Tomorrow Never Dies,Seinfeld,ER,Veronica's Closet,Friends,Monday Night Football,Touched by an Angel,60 Minutes,Union Square,CBS Sunday Movie,Home Improvement,January 1 – The Emergency Alert System is introduced in the United States .,"January 11 – Turkey threatens Cyprus on account of a deal to buy Russian S-300 missiles , prompting the Cypriot Missile Crisis .","January 16 – Murder of Ennis Cosby : Near Interstate 405 in Los Angeles , Bill Cosby 's son Ennis is shot in the head in a failed robbery attempt.","January 17 – A Delta II rocket carrying a military GPS payload explodes, shortly after liftoff from Cape Canaveral .","January 18 – In northwest Rwanda , Hutu militia members kill 6 Spanish aid workers and three soldiers, and seriously wound another.","January 19 – Yasser Arafat returns to Hebron after more than 30 years, and joins celebrations over the handover of the last Israeli-controlled West Bank city. (→ Hebron Agreement )","January 23 – Madeleine Albright becomes the first female Secretary of State of the United States, after confirmation by the United States Senate .",January 26 – VJTI changes its name from Victoria Jubilee Technical Institute to Veermata Jijabai Technological Institute in Mumbai.,"On their way to Lebanon , two Israeli troop-transport helicopters collide , killing all 73 on board.","After at first contesting the results, Serbian President Slobodan Milošević recognizes opposition victories in the November 1996 elections.",1997-01-01,1997-01-11,1997-01-16,1997-01-17,1997-01-18,1997-01-19,1997-01-23,1997-01-26,1997-02-04,1997-02-04
1998,Saving Private Ryan,Armageddon,There's Something About Mary,A Bug's Life,The Waterboy,Doctor Dolittle,Rush Hour,Deep Impact,Godzilla,Patch Adams,ER,Friends,Frasier,Monday Night Football,Veronica's Closet,60 Minutes,Touched by an Angel,CBS Sunday Movie,Home Improvement,Everybody Loves Raymond,"January 6 – The Lunar Prospector spacecraft is launched into orbit around the Moon , and later finds evidence for frozen water , in soil in permanently shadowed craters near the Moon's poles.",January 11 – Over 100 people are killed in the Sidi-Hamed massacre in Algeria .,January 12 – Nineteen European nations agree to forbid human cloning .,"January 15 – U.N. peacekeepers return Eastern Slavonia to Croatian control; 80,000 displaced Croatians begin returning home, while 60,000 Serbs begin vacating the region. The area will remain under UNPSG supervision until October.","January 17 – The Drudge Report breaks the story about U.S. President Bill Clinton 's alleged affair with Monica Lewinsky , which will lead to the House of Representatives' impeachment of him .",January 21 - Pope John Paul II begins a 5-day visit to Cuba ; Fidel Castro releases 300 political prisoners in a gesture of goodwill.,"January 23 - P.W. Botha appears in front of the Truth and Reconciliation Commission to answer for apartheid -era policies; he refers to the hearing as a ""circus"".","February 2 - Cebu Pacific Flight 387 crashes into a mountain , this crash marked deadliest aviation accident in Philippines until 2000 .","February 3 – Cavalese cable car disaster : A United States military pilot causes the deaths of 20 people near Trento , Italy, when his low-flying EA-6B Prowler severs the cable of a cable-car.","February 4 – The 5.9 M w Afghanistan earthquake shakes the Takhar Province with a maximum Mercalli intensity of VII ( Very strong ). With up to 4,000 killed, and 818 injured, damage is considered extreme.",1998-01-06,1998-01-11,1998-01-12,1998-01-15,1998-01-17,1998-01-21,1998-01-23,1998-02-02,1998-02-03,1998-02-04
1999,Star Wars: Episode I - The Phantom Menace,The Sixth Sense,Toy Story 2,Austin Powers: The Spy Who Shagged Me,The Matrix,Tarzan,Big Daddy,The Mummy,Runaway Bride,The Blair Witch Project,Who Wants to Be a Millionaire — Tuesday,Who Wants to Be a Millionaire — Thursday,Who Wants to Be a Millionaire — Sunday,ER,Friends,Frasier,Monday Night Football,60 Minutes,The Practice,Touched by an Angel,"January 1 – The euro currency is established, and the European Central Bank assumes full powers.",January 3 – The Mars Polar Lander is launched by NASA .,January 10 – The crime drama series The Sopranos premieres on HBO .,"January 25 – The 6.2 M w Colombia earthquake strikes western Colombia , killing at least 1,900 people.","February 7 – Abdullah II inherits the throne of Jordan, following the death of his father King Hussein .","February 11 – Pluto moves along its eccentric orbit further from the Sun than Neptune . It had been nearer than Neptune since 1979 , and will become again in 2231 .",February 12 – U.S. President Bill Clinton is acquitted in impeachment proceedings in the United States Senate .,"In Uzbekistan , an apparent assassination attempt against President Islam Karimov takes place at government headquarters.","Across Europe, Kurdish protestors take over embassies and hold hostages after Turkey arrests one of their rebel leaders, Abdullah Öcalan .","Kurdish rebel leader Abdullah Öcalan is charged with treason in Ankara , Turkey.",1999-01-01,1999-01-03,1999-01-10,1999-01-25,1999-02-07,1999-02-11,1999-02-12,1999-02-16,1999-02-16,1999-02-23
2000,How the Grinch Stole Christmas,Cast Away,Mission: Impossible II,Gladiator,What Women Want,The Perfect Storm,Meet the Parents,X-Men,Scary Movie,What Lies Beneath,Survivor,ER,Who Wants to Be a Millionaire — Wednesday,Who Wants to Be a Millionaire — Tuesday,Friends,ABC,CBS,Who Wants to Be a Millionaire — Sunday,Law & Order,The Practice,"The Longplayer starts playing for 1,000 years.",Millennium celebrations are held around the world to celebrate the beginning of the 3rd millennium .,"The year 2000 problem , a time formatting and storage bug , takes effect, but is successfully mitigated in many cases.","January 6 – The last naturally conceived Pyrenean ibex is found dead, apparently killed by a falling tree.","January 8 – In Soria (Spain) a large chunk of ice is reported to have fallen from the sky. Over the following months, a social panic about this phenomenon is unleashed, with reports of a multitude of similar cases of falling ice chunks (incorrectly named as aerolites ) all over Spain, attracting great attention from the Spanish media.",January 10 – America Online announces an agreement to purchase Time Warner for $162 billion (the largest-ever corporate merger).,"The Dow Jones Industrial Average closes at 11,722.98 (at the peak of the Dot-com bubble ).",The United Nations' International Criminal Tribunal for the former Yugoslavia sentences five Bosnian Croats to up to 25 years in prison for the 1993 killing of more than 100 Bosnian Muslims.,"January 30 – Kenya Airways Flight 431 crashes off the Ivory Coast into the Atlantic Ocean, killing 169 people.",January 31 – Alaska Airlines Flight 261 crashes off the California coast into the Pacific Ocean; all 88 passengers and crew are killed.,2000-01-01,2000-01-01,2000-01-01,2000-01-06,2000-01-08,2000-01-10,2000-01-14,2000-01-14,2000-01-30,2000-01-31
2001,Harry Potter and the Sorcerer's Stone,The Lord of the Rings: The Fellowship of the Ring,Shrek,"Monsters, Inc.",Rush Hour 2,The Mummy Returns,Pearl Harbor,Ocean's Eleven,Jurassic Park III,Planet of the Apes,Friends,CSI: Crime Scene Investigation,ER,Everybody Loves Raymond,Law & Order,Survivor,Monday Night Football,The West Wing,Will & Grace,Becker,January 1 – Greece becomes the 12th country to join the Eurozone .,January 7 – Ghana undergoes its first peaceful transfer of power since 1979 when John Kufuor is sworn in as President of Ghana .,"January 9 – Apple Inc. launches iTunes , a software program that acts as a media player and media library.","January 13 – A 7.6-magnitude earthquake hits El Salvador, killing at least 944 people and causing massive landslides, which leaves thousands of those affected homeless.","January 15 – Wikipedia , which became the world's largest encyclopedia, is launched.","Assassination of Laurent-Désiré Kabila : The President of the Democratic Republic of the Congo is shot in his office during the Second Congo War and rushed to Harare in Zimbabwe for medical treatment; his death will be announced two days later. He is succeeded by his son, Joseph Kabila . : 29",The final documented case of the 2000–2001 Uganda ebola outbreak is diagnosed.,George W. Bush and Dick Cheney are inaugurated as US President and Vice President .,Impeachment proceedings against Philippine President Joseph Estrada end prematurely as he is peacefully overthrown in the Second EDSA Revolution . Vice President Gloria Macapagal Arroyo succeeds him as president.,Taba Summit : Talks between Israel and the Palestinian National Authority begin in Egypt.,2001-01-01,2001-01-07,2001-01-09,2001-01-13,2001-01-15,2001-01-16,2001-01-16,2001-01-20,2001-01-20,2001-01-21
2002,Spider-Man,The Lord of the Rings: The Two Towers,Star Wars: Episode II - Attack of the Clones,Harry Potter and the Chamber of Secrets,My Big Fat Greek Wedding,Signs,Austin Powers in Goldmember,Men in Black II,Ice Age,Chicago,CSI: Crime Scene Investigation,Friends,Joe Millionaire,ER,American Idol — Tuesday,American Idol — Wednesday,Survivor (Thailand & Amazon),Law & Order,Monday Night Football,CSI: Miami,January – Operation Enduring Freedom – Philippines : The Philippines and the United States begin a joint operation to combat Jihadist groups in the Philippines.,January 1 – The Euro is introduced as the official physical currency in the Eurozone countries. The first physical transactions are carried out on Réunion . The former currencies of all the countries that use the Euro cease to be legal tender on February 28.,January 6 – The Boston Globe publishes results of an investigation leading to the criminal prosecutions of five Roman Catholic priests and bringing widespread attention to the sexual abuse of minors by Catholic clergy .,January 16 – The United Nations and Sierra Leone create a joint Special Court for Sierra Leone to prosecute the Revolutionary United Front .,"January 17 – Mount Nyiragongo erupts in the Democratic Republic of the Congo , displacing an estimated 400,000 people.",January 18 – The Sierra Leone Civil War comes to a conclusion with the defeat of the Revolutionary United Front by government forces.,"January 19 – In American football , Tom Brady 's victory in the Tuck Rule Game causes a national controversy.","January 29 – American president George W. Bush defines an axis of evil consisting of Iran, Iraq, and North Korea in his State of the Union Address .","February 3 – 2002 Afyon earthquake : A 6.0 magnitude earthquake strikes Afyonkarahisar Province , Turkey, killing 41 people and damaging thousands of buildings.",February 5 – NASA launches the Reuven Ramaty High Energy Solar Spectroscopic Imager as part of the Explorers Program .,,2002-01-01,2002-01-06,2002-01-16,2002-01-17,2002-01-18,2002-01-19,2002-01-29,2002-02-03,2002-02-05
2003,The Lord of the Rings: The Return of the King,Finding Nemo,Pirates of the Caribbean: The Curse of the Black Pearl,The Matrix Reloaded,Bruce Almighty,X2: X-Men United,Elf,Terminator 3: Rise of the Machines,The Matrix Revolutions,Cheaper by the Dozen,CSI: Crime Scene Investigation,American Idol — Tuesday,American Idol — Wednesday,Friends,The Apprentice,ER,Survivor,CSI: Miami,Monday Night Football,CBS,"January 5 – Tel Aviv central bus station : Two Palestinian suicide bombers attack a neighborhood in Tel Aviv, killing at least 23 people and injuring 103.","January 6 – The discovery of OGLE-TR-56b , the first exoplanet to be discovered through transit photometry , is announced.",January 10 – North Korea announces its withdrawal from the Treaty on the Non-Proliferation of Nuclear Weapons .,"January 22 – The last signal from NASA's Pioneer 10 spacecraft is received, some 12.2 billion kilometers (7.6 billion mi) from Earth .",NASA loses contact with the Pioneer 10 probe after nearly 31 years.,The 1492 painting Descent into Limbo by Andrea Mantegna sells for $28.6 million.,"February 1 – At the conclusion of the STS-107 mission, the Space Shuttle Columbia disintegrates during reentry over Texas , killing all seven astronauts on board.","February 4 – The Federal Republic of Yugoslavia is renamed to ""Serbia and Montenegro"" (after its two constituent states) after its leaders reconstitute the country into a loose state-union between Montenegro and Serbia , marking an end to the 73-year-long use of the name ""Yugoslavia"" by a sovereign state.",February 5 – U.S. Secretary of State Colin Powell gives a speech to the United Nations presenting the case for a military invasion of Iraq . It will later be discovered that the United States Bush administration misled him when preparing his testimony.,February 6 – North Korea announces that it has resumed its nuclear weapons program . : 81,2003-01-05,2003-01-06,2003-01-10,2003-01-22,2003-01-23,2003-01-23,2003-02-01,2003-02-04,2003-02-05,2003-02-06
2004,Shrek 2,Spider-Man 2,The Passion of the Christ,Meet the Fockers,The Incredibles,The Day After Tomorrow,The Bourne Supremacy,National Treasure,Shark Tale,"I, Robot",CSI: Crime Scene Investigation,American Idol — Tuesday,American Idol — Wednesday,Desperate Housewives,CSI: Miami,Without a Trace,Survivor,Grey's Anatomy,Everybody Loves Raymond,Monday Night Football,"January 3 – Flash Airlines Flight 604 crashes into the Red Sea off the coast of Egypt, killing all 148 aboard, making it one of the deadliest aviation accidents in Egyptian history at the time.",January 4 – NASA's MER-A ( Spirit ) spacecraft lands on the surface of Mars .,"Construction on the tallest human-made structure to date, the Burj Khalifa , begins in Dubai in the United Arab Emirates .",Apple introduces the iPod Mini .,"January 8 – The RMS Queen Mary 2 , at the time the largest ocean liner ever built, is christened by its namesake's granddaughter, Queen Elizabeth II .",January 13 – Eastman Kodak announces the phasing-out of its reloadable film-based cameras in favor of digital cameras .,January 14 – George W. Bush directs NASA to begin efforts toward establishing a permanent base on the Moon by the year 2020 .,"January 19 – Japanese involvement in the Iraq War : 550 Japanese soldiers arrive in Samawah , in Japan's first military combat role since World War II.",January 25 – NASA's MER-B ( Opportunity ) spacecraft lands on the surface of Mars.,January 26 – The MyDoom virus is first identified.,2004-01-03,2004-01-04,2004-01-06,2004-01-06,2004-01-08,2004-01-13,2004-01-14,2004-01-19,2004-01-25,2004-01-26
2005,Star Wars: Episode III - Revenge of the Sith,"The Chronicles of Narnia: The Lion, the Witch and the Wardrobe",Harry Potter and the Goblet of Fire,War of the Worlds,King Kong,Wedding Crashers,Charlie and the Chocolate Factory,Batman Begins,Madagascar,Mr. & Mrs. Smith,American Idol — Tuesday,American Idol — Wednesday,CSI: Crime Scene Investigation,Desperate Housewives,Grey's Anatomy,Without a Trace,Dancing with the Stars,CSI: Miami,Monday Night Football,FOX,"January 1 – Jeanna Giese from Wisconsin, United States, comes home from the hospital and officially becomes the first person to ever survive rabies without a vaccination.","January 5 – Eris , the most massive known dwarf planet in the Solar System , is discovered by a team led by Michael E. Brown using images originally taken on October 21, 2003, at the Palomar Observatory .","January 9 – The Comprehensive Peace Agreement is signed, ending the Second Sudanese Civil War in Sudan .",January 12 – Deep Impact is launched from Cape Canaveral with the purpose of studying the comet Tempel 1 .,"January 14 – The Huygens spacecraft lands on Titan , the largest moon of Saturn .",January 20 – The most intense solar particle event in recorded history is observed.,"February 7 – A presidential decree on redenomination of the Azerbaijani manat is issued, equating 1 new manat to 5000 old manats .",February 10 – North Korea announces that it possesses nuclear weapons as a protection against the hostility it says it perceives from the United States.,"Former Lebanese Prime Minister Rafic Hariri is assassinated , along with 21 others, by a suicide bomber in Beirut .","YouTube , an American online video sharing and social media platform was founded by Steve Chen , Chad Hurley , and Jawed Karim headquartered in San Bruno, California .",2005-01-01,2005-01-05,2005-01-09,2005-01-12,2005-01-14,2005-01-20,2005-02-07,2005-02-10,2005-02-14,2005-02-14
2006,Pirates of the Caribbean: Dead Man's Chest,Night at the Museum,Cars,X-Men: The Last Stand,The Da Vinci Code,Superman Returns,Happy Feet,Ice Age 2: The Meltdown,Casino Royale,The Pursuit of Happyness,American Idol — Wednesday,American Idol — Tuesday,Dancing with the Stars — Monday,CSI: Crime Scene Investigation,Grey's Anatomy,House,Desperate Housewives,CSI: Miami,Sunday Night Football,Without a Trace,January 1 – 4 – Russia temporarily cuts shipment of natural gas to Ukraine during a price dispute .,"January 12 – A stampede during the Stoning of the Devil ritual on the last day at the Hajj in Mina, Saudi Arabia , kills at least 362 pilgrims .","January 15 – NASA 's Stardust mission successfully ends, the first to return dust from a comet .","January 19 – NASA launches the first interplanetary space probe to Pluto , the New Horizons .",January 22 – Evo Morales is inaugurated as president of Bolivia .,January 25 – Hamas wins the 2006 Palestinian legislative election .,"January 29 – The roof of one of the buildings at the Katowice International Fair collapsed in Katowice , Poland, killing 65 and injuring 170.","January 30 – Jennifer San Marco goes on a killing spree in Goleta, California , United States that leaves seven people dead before she takes her own life.","February 4 – Egyptian passenger ferry, MS al-Salam Boccaccio 98 , sinks in the Red Sea off the coast of Saudi Arabia, killing over 1,000 people.",February 6 – Stephen Harper is sworn in as the Prime Minister of Canada .,2006-01-01,2006-01-12,2006-01-15,2006-01-19,2006-01-22,2006-01-25,2006-01-29,2006-01-30,2006-02-04,2006-02-06
2007,Spider-Man 3,Shrek the Third,Transformers,Pirates of the Caribbean: At World's End,Harry Potter and the Order of the Phoenix,I Am Legend,The Bourne Ultimatum,National Treasure: Book of Secrets,Alvin and the Chipmunks,300,American Idol — Tuesday,American Idol — Wednesday,Dancing with the Stars — Monday,Dancing with the Stars — Wednesday,Dancing with the Stars — Tuesday,Desperate Housewives,CSI: Crime Scene Investigation,House,Grey's Anatomy,Sunday Night Football,"Bulgaria and Romania join the European Union , while Slovenia joins the Eurozone .","Adam Air Flight 574 , en route to Manado , Indonesia, from Surabaya, Indonesia , crashes into the Makassar Strait ; killing all 102 on board.",January 4 – Nancy Pelosi becomes the first female speaker of the United States House of Representatives .,"January 8 – Russian oil supplies to Poland, Germany, and Ukraine are cut as the Russia–Belarus energy dispute escalates; they are restored three days later.","January 9 – Apple CEO Steve Jobs introduces the original iPhone at a Macworld keynote in San Francisco , California; starting the new era of smartphones with this invention. The phone would be released in June.",January 10 – Iraq War : The surge of US troops in Iraq is announced.,January 30 – Windows Vista is released to consumers by Microsoft .,"January 31 – Boston , United States faces a hoax bomb scare , as a result of LED placards of Ignignokt and Err from Aqua Teen Hunger Force being mistaken as an improvised explosive device .","February 2 – The IPCC publishes its fourth assessment report , having concluded that global climate change is ""very likely"" to have a predominantly human cause.","February 3 – A truck bomb explodes in Baghdad , Iraq , killing at least 135 people and injures 339 others.",2007-01-01,2007-01-01,2007-01-04,2007-01-08,2007-01-09,2007-01-10,2007-01-30,2007-01-31,2007-02-02,2007-02-03
2008,The Dark Knight,Iron Man,Indiana Jones and the Kingdom of the Crystal Skull,Hancock,WALL·E,Kung Fu Panda,Twilight,Madagascar: Escape 2 Africa,Quantum of Solace,Horton Hears a Who!,American Idol — Wednesday,American Idol — Tuesday,Dancing with the Stars — Monday,CSI: Crime Scene Investigation,NCIS,The Mentalist,Dancing with the Stars — Tuesday,Sunday Night Football,Desperate Housewives,Grey's Anatomy,January 1 – Cyprus and Malta adopt the euro currency.,"January 14 – At 19:04:39 UTC , the uncrewed MESSENGER space probe is at its closest approach during its first flyby of the planet Mercury .","Stock markets around the world plunge amid growing fears of a U.S. Great Recession , fueled by the 2007 subprime mortgage crisis .","Online activist group Anonymous initiates Project Chanology , after a leaked interview of Tom Cruise by the Church of Scientology is published on YouTube , and the Church of Scientology issued a ""copyright infringement"" claim . In response, Anonymous sympathizers took to the streets to protest outside the church (after February 10), while the church's websites and centres were getting DoS attacks , phone line nukes , and black faxes .","January 24 – A peace deal is signed in Goma , Democratic Republic of the Congo , ending the Kivu conflict .","February 4 – Civic mobilizations in Colombia against FARC , under the name One million voices against FARC .","February 14 – A Belavia CRJ-100 crash lands at Zvartnots International Airport in Yerevan, Armenia. 7 people are injured.","February 17 – Kosovo formally declares independence from Serbia , to a mixed response from the international community.","February 18 – WikiLeaks releases allegations of illegal activities carried out by the Cayman Islands branch of Swiss banking corporation Julius Baer ; a subsequent lawsuit against WikiLeaks prompts a temporary suspension of the website, but uproar about violations of freedom of speech causes WikiLeaks to be brought back online.","March 2 – Venezuela and Ecuador move troops to the Colombian border , following a Colombian raid against FARC guerrillas inside Ecuadorian territory, in which senior commander Raúl Reyes is killed.",2008-01-01,2008-01-14,2008-01-21,2008-01-21,2008-01-24,2008-02-04,2008-02-14,2008-02-17,2008-02-18,2008-03-02
2009,Avatar,Transformers: Revenge of the Fallen,Harry Potter and the Half-Blood Prince,The Twilight Saga: New Moon,Up,The Hangover,Star Trek,The Blind Side,Alvin and the Chipmunks: The Squeakquel,Sherlock Holmes,American Idol — Tuesday,American Idol — Wednesday,Dancing with the Stars,NCIS,Sunday Night Football,The Mentalist,Dancing with the Stars — Results,NCIS: Los Angeles,CSI: Crime Scene Investigation,Grey's Anatomy,"Japan , Mexico , Turkey and Uganda assume their seats on the United Nations Security Council .","Asunción , the capital of Paraguay , becomes the American Capital of Culture and Vilnius and Linz become the European Capitals of Culture .","Slovakia adopts the euro as its national currency, replacing the Slovak koruna .","A Bay Area Rapid Transit police officer shoots and kills Oscar Grant , an unarmed black man, at Fruitvale station in Oakland, United States. The event becomes one of the inciting incidents for the global Black Lives Matter movement.","January 3 – The first (""Genesis"") block of the blockchain of the cryptocurrency and decentralized payment system Bitcoin is established by the creator of the system, known as Satoshi Nakamoto .","January 15 – US Airways Flight 1549 ditches in the Hudson River in an accident that becomes known as the ""Miracle on the Hudson"", as all 155 people on board are rescued.","January 18 – Gaza War : Hamas announces that they will accept the Israel Defense Forces offer of a ceasefire, ending the conflict.","January 20 – Barack Obama is sworn in as the 44th President of the United States , becoming the first African-American to hold the office.","Israel withdraws from the Gaza Strip , officially ending its three-week war with Hamas . However, intermittent air strikes by both sides continue in the following weeks.",Virginia Tech student Zhu Haiyang decapitates Yang Xin in the first campus murder since the Virginia Tech shooting in 2007.,2009-01-01,2009-01-01,2009-01-01,2009-01-01,2009-01-03,2009-01-15,2009-01-18,2009-01-20,2009-01-21,2009-01-21
2010,Toy Story 3,Alice in Wonderland,Iron Man 2,The Twilight Saga: Eclipse,Harry Potter and the Deathly Hallows: Part 1,Inception,Despicable Me,Shrek Forever After,How to Train Your Dragon,Tangled,American Idol — Wednesday,Dancing with the Stars,American Idol — Thursday,Sunday Night Football,NCIS,ABC,NCIS: Los Angeles,The Mentalist,Body of Proof,Criminal Minds,"January 4 – The tallest man-made structure to date, the Burj Khalifa in Dubai , United Arab Emirates , is officially opened.","January 8 – The Togo national football team is attacked in Cabinda Province , Angola , and as a result withdraws from the Africa Cup of Nations . The attack was perpetrated by the FLEC , their first since the Angolan Civil War .","January 10 – Religious violence erupts in Jos, Nigeria , which left scores dead, and many injured.","January 12 – A 7.0-magnitude earthquake occurs in Haiti , devastating the nation's capital, Port-au-Prince .",January 14 – Yemen declares an open war against the terrorist group al-Qaeda .,The longest annular solar eclipse of the 3rd millennium occurs.,The Chadian Civil War officially ends.,Honduras withdraws from ALBA .,Mahmoud Al-Mabhouh is assassinated in Dubai.,North Caucasian Federal District was split from Southern Federal District by decree of Russian president Dmitry Medvedev .,2010-01-04,2010-01-08,2010-01-10,2010-01-12,2010-01-14,2010-01-15,2010-01-15,2010-01-15,2010-01-19,2010-01-19
2011,Harry Potter and the Deathly Hallows: Part 2,Transformers: Dark of the Moon,The Twilight Saga: Breaking Dawn - Part 1,The Hangover Part II,Pirates of the Caribbean: On Stranger Tides,Fast Five,Mission: Impossible - Ghost Protocol,Cars 2,Sherlock Holmes: A Game of Shadows,Thor,Sunday Night Football,NCIS,Dancing with the Stars,American Idol — Wednesday,American Idol — Thursday,Dancing with the Stars — Results,NCIS: Los Angeles,The Big Bang Theory,The Mentalist,The Voice,Estonia officially adopts the Euro currency and becomes the 17th Eurozone country.,"A bomb explodes as Coptic Christians in Alexandria, Egypt leave a new year service, killing 23 people.","Flight 348 with 134 occupants, operated by Metrojet , catches fire while taxiing out for take-off. Three people are killed and 43 are injured, four critically, from smoke inhalation or burns.","January 4 – Tunisian street vendor Mohamed Bouazizi dies after setting himself on fire a month earlier, sparking anti-government protests in Tunisia and later other Arab nations . These protests become known collectively as the Arab Spring .","January 5 – Internet vigilante group Anonymous launches DoS attacks on Syrian , Tunisian , Bahraini , Egyptian , Libyan , and Jordanian government websites in response to the Arab Spring protests .","January 7 – A Bangladeshi teenage girl Felani Khatun, was shot dead by the Indian Border Security Force (BSF) on the Anantapur border area under Phulbari upazila in Kurigram . Her body was hanging from the fence for four and half hours. Global human rights organizations , including the media, became protesters.","January 9 – Iran Air Flight 277 crashes near Orumiyeh in the northeast of the country, killing 78 people.",January 14 – The Tunisian government falls after a month of increasingly violent protests; President Zine El Abidine Ben Ali flees to Saudi Arabia after 23 years in power.,"January 15 – The result of the South Sudanese independence referendum, 2011 is in favour of independence, paving the way for the creation of the new state in July.","January 24 – 37 people are killed and more than 180 others are wounded in a bombing at Domodedovo International Airport in Moscow, Russia.",2011-01-01,2011-01-01,2011-01-01,2011-01-04,2011-01-05,2011-01-07,2011-01-09,2011-01-14,2011-01-15,2011-01-24
2012,The Avengers,The Dark Knight Rises,The Hunger Games,Skyfall,The Hobbit: An Unexpected Journey,The Twilight Saga: Breaking Dawn - Part 2,The Amazing Spider-Man,Brave,Ted,Madagascar 3: Europe's Most Wanted,NCIS,Sunday Night Football,The Big Bang Theory,NCIS: Los Angeles,Person of Interest,Dancing with the Stars,American Idol — Wednesday,ABC,American Idol — Thursday,Two and a Half Men,January 4 – The Cicada 3301 internet hunt begins.,"January 12 – Peaceful protests begin in the Romanian city of Târgu Mureș , protesters expressing solidarity towards certain figures in the medical field and calling for the resignation of president Traian Băsescu . The protests would soon spread through all of the country, marking the start of a long civil unrest in Romania , lasting up to November 2015 .","January 13 – The passenger cruise ship Costa Concordia runs aground off the coast of Italy, causing 32 deaths.",January 23 – Iran–European Union relations : the European Union adopts an embargo against Iran in protest of its continued effort to enrich uranium .,"February 1 – Egypt's deadliest football incident known as the Port Said Stadium riot is sparked after local Port Said Al Masry fans attack supporters of Cairo-based team Al Ahly SC . The massacre results in 74 deaths: 72 Al Ahly fans, 1 Al Masry fan and 1 police officer. Most of the deaths are caused by stabbing, fans thrown off the stands and a stampede.","Queen Elizabeth II celebrates her ""Diamond Jubilee"" , marking 60 years as Queen of the United Kingdom.","A magnitude 6.7 earthquake strike in the central Philippines island of Negros , leaving 112 people dead.","February 19 – Iran suspends oil exports to Britain and France, following sanctions put in place by the European Union and the United States in January.","February 21 – Greek government-debt crisis : Eurozone finance ministers reach an agreement on a second, € 130-billion Greek bailout .","Seventeen-year-old African-American student Trayvon Martin is shot to death by neighborhood watch coordinator George Zimmerman in an altercation in Sanford, Florida .",2012-01-04,2012-01-12,2012-01-13,2012-01-23,2012-02-01,2012-02-06,2012-02-06,2012-02-19,2012-02-21,2012-02-27
2013,The Hunger Games: Catching Fire,Iron Man 3,Frozen,Despicable Me 2,Man of Steel,Gravity,Monsters University,The Hobbit: The Desolation of Smaug,Fast & Furious 6,Oz the Great and Powerful,Sunday Night Football,CBS,The Big Bang Theory,NCIS: Los Angeles,Dancing with the Stars,The Blacklist,Person of Interest,The Voice,Blue Bloods,The Voice — Tuesday,"January 5 – 2013 Craig, Alaska earthquake : A M w 7.5 (M s 7.7, 'Moderate') earthquake shakes Prince of Wales Island .",January 10 – At least 130 people are killed and 270 are injured in several bomb blasts in Pakistan .,"January 11 – The French military begins a 5-month intervention into the Northern Mali conflict , targeting the militant Islamist Ansar Dine group.","January 16 – 20 – 39 international workers and 1 security guard die in a hostage crisis at a natural gas facility near In Aménas , Algeria.","January 27 – An estimated 245 people die in a nightclub fire in Santa Maria, Rio Grande do Sul , Brazil.","February 10 – Severe weather spawns eight tornadoes across southern Mississippi and southwest Alabama , including an EF4 tornado which struck the city of Hattiesburg, Mississippi .","February 11 – The Emergency Alert Systems of five different television stations across the U.S. states of Montana , Michigan , Wisconsin , and New Mexico are hijacked, airing a false ""Zombie apocalypse"" hoax . It is amongst one of the largest cybersecurity breaches in EAS history.","February 12 – North Korea conducts its third underground nuclear test , prompting widespread condemnation and tightened economic sanctions from the international community.","February 15 – A meteor explodes over the Russian city of Chelyabinsk , injuring 1,489–1,492 people and damaging over 4,300 buildings. It is the most powerful meteor to strike Earth's atmosphere in over a century . The incident, along with a coincidental flyby of a larger asteroid , prompts international concern regarding the vulnerability of the planet to meteor strikes .","February 21 – American scientists use a 3D printer to create a living lab-grown ear from collagen and animal ear cell cultures. In the future, it is hoped that similar ears could be grown to order as transplants for human patients with ear trauma or amputation.",2013-01-05,2013-01-10,2013-01-11,2013-01-16,2013-01-27,2013-02-10,2013-02-11,2013-02-12,2013-02-15,2013-02-21
2014,American Sniper,The Hunger Games: Mockingjay - Part 1,Guardians of the Galaxy,Captain America: The Winter Soldier,The Lego Movie,The Hobbit: The Battle of the Five Armies,Transformers: Age of Extinction,Maleficent,X-Men: Days of Future Past,Big Hero 6,Sunday Night Football,The Big Bang Theory,NCIS: New Orleans,Empire,Thursday Night Football,Dancing with the Stars,Criminal Minds,ABC,Blue Bloods,The Blacklist,January 1 – Latvia adopts the euro as its currency and becomes the 18th member of the Eurozone .,January 5 – A launch of the communication satellite GSAT-14 aboard the GSLV Mk.II D5 marks the first successful flight of an Indian cryogenic rocket engine .,"January 9 – The Elk River Chemical Spill in Charleston, West Virginia , when a leakage of the chemical MCMH from a Freedom Industries chemical plant left 300,000 residents of Charleston and nine surrounding counties without drinkable water for over three months.","February – The West African Ebola virus epidemic begins, infecting at least 28,616 people and killing at least 11,310 people, the most severe both in terms of numbers of infections and casualties.","February 7 – 23 – The XXII Olympic Winter Games are held in Sochi , Russia. Slopestyle events are introduced for the first time.",February 13 – Belgium becomes the first country in the world to legalise euthanasia for terminally ill patients of any age.,"February 22 – Revolution of Dignity : The Verkhovna Rada (Ukrainian parliament) votes to remove President Viktor Yanukovych from office, replacing him with Oleksandr Turchynov , after days of civil unrest leaving around 100 people dead in Kyiv .","February 24 – The McDonnell Douglas DC-10 operates its last passenger flight, signaling the end to a bygone era of aviation .","February 28 – The number of people in the U.S. using mobile devices to access the internet overtook those using desktop computers for the first time, a feat which would be followed globally two years later in 2016.","March 1 – 2014 Kunming attack : Eight knife-wielding terrorists stabbed and slashed passengers at the Kunming railway station in Kunming, Yunnan, China, killing 31 people and injuring 143 others.",2014-01-01,2014-01-05,2014-01-09,,2014-02-07,2014-02-13,2014-02-22,2014-02-24,2014-02-28,2014-03-01
2015,Star Wars: Episode VII - The Force Awakens,Jurassic World,Avengers: Age of Ultron,Inside Out,Furious 7,Minions,The Hunger Games: Mockingjay - Part 2,The Martian,Cinderella,Spectre,NCIS,Sunday Night Football,The Big Bang Theory,Thursday Night Football,Empire,NCIS: New Orleans,Dancing with the Stars,Blue Bloods,The Voice : Monday,FOX,"January 1 – Lithuania officially adopts the euro as its currency, replacing the litas , and becomes the 19th Eurozone country.","January 3 – 7 – A series of massacres in Baga , Nigeria and surrounding villages by Boko Haram kills more than 2,000 people.","January 7 – Two gunmen belonging to Al-Qaeda 's Yemen branch kill 12 people and injure 11 more at the Paris headquarters of satirical newspaper Charlie Hebdo , prompting an anti-terrorism demonstration attended by over a million people and more than 40 world leaders.","January 12 – A Boko Haram and Islamic State assault on Kolofata in the Far North Region of Cameroon is repelled by the Cameroonian Army , who kill 143 Boko Haram and Islamic State insurgents .","January 15 – The Swiss National Bank abandons the cap on the franc 's value relative to the euro , causing turmoil in international financial markets.","January 22 – After Houthi forces seize the presidential palace, Yemeni President Abd Rabbuh Mansur Hadi resigns after months of unrest .","January 25 – Legislative elections are held in Greece to elect all 300 members of the Hellenic Parliament and the SYRIZA party, led by Alexis Tsipras , comes out as the largest party winning 149 out of 300 seats.","Leaders from Russian Federation , Ukraine , Germany and French Republic reach an agreement on the war in eastern Ukraine that includes a ceasefire and withdrawal of heavy weapons. However, several days later, the Ukrainian government and pro-Russian rebels claim that, within its first day, the ceasefire was broken 139 times, as both sides failed to withdraw their heavy weapons and fighting had continued.",The United Nations Security Council adopts Resolution 2199 to combat terrorism.,"February 14 – 15 – A lone gunman leaves 2 people dead in a terrorist attack in Copenhagen , Denmark .",2015-01-01,2015-01-03,2015-01-07,2015-01-12,2015-01-15,2015-01-22,2015-01-25,2015-02-12,2015-02-12,2015-02-14
2016,Rogue One: A Star Wars Story,Finding Dory,Captain America: Civil War,The Secret Life of Pets,The Jungle Book,Deadpool,Zootopia,Batman v Superman: Dawn of Justice,Suicide Squad,Sing,The Big Bang Theory,NCIS,Sunday Night Football,Thursday Night Football,CBS,This Is Us,Blue Bloods,NCIS: New Orleans,Dancing with the Stars,NCIS: Los Angeles,"January 3 – Following the fallout caused by the execution of Nimr al-Nimr , Saudi Arabia and several other countries end their diplomatic relations with Iran .","January 8 – Joaquín Guzmán , widely regarded as the world's most powerful drug trafficker, is recaptured following his escape from a maximum-security prison in Mexico.",January 12 – Ten people are killed and 15 wounded in a bombing near the Blue Mosque in Istanbul .,"The International Atomic Energy Agency announces that Iran has adequately dismantled its nuclear weapons program , allowing the United Nations to lift sanctions immediately.","30 people are killed and 56 injured in terrorist attacks in Ouagadougou , Burkina Faso , targeting a hotel and a nearby restaurant. A siege occurs and 176 hostages are released afterwards, by government forces.","In the general election of the Republic of China (Taiwan) , the Democratic Progressive Party, led by Tsai Ing-wen , secured a majority in the Legislative Yuan, resulting in the first majority by a non-KMT party and the first majority won by the DPP. Tsai became the 14th President for Taiwan , and also became the first female leader in China.",January 28 – The World Health Organization announces an outbreak of the Zika virus .,"February 6 – An earthquake of magnitude 6.6 strikes southern Taiwan , killing 117 people.","February 7 – North Korea launches a reconnaissance satellite named Kwangmyŏngsŏng-4 into space, it is condemned internationally as a long-range ballistic missile test.",February 12 – Pope Francis and Patriarch Kirill sign an Ecumenical Declaration in the first such meeting between leaders of the Catholic and Russian Orthodox Churches since their schism in 1054.,2016-01-03,2016-01-08,2016-01-12,2016-01-16,2016-01-16,2016-01-16,2016-01-28,2016-02-06,2016-02-07,2016-02-12
2017,Star Wars: Episode VIII - The Last Jedi,Beauty and the Beast,Wonder Woman,Jumanji: Welcome to the Jungle,Guardians of the Galaxy Vol. 2,Spider-Man: Homecoming,It,Thor: Ragnarok,Despicable Me 3,Justice League,The Big Bang Theory,NCIS,NBC,This Is Us,ABC,Young Sheldon,The Good Doctor,Bull,Thursday Night Football,Blue Bloods,"January 1 – Istanbul nightclub shooting : A gunman dressed as Santa Claus opens fire at the Reina nightclub in Istanbul , Turkey, killing 39 people and injuring 79 others.","January 8 – 2017 Jerusalem truck attack : A Palestinian assailant entered the road where the Israeli defense forces were located with a truck, killing 4 people and injuring 15 others.","January 16 – Turkish Airlines Flight 6491 , a cargo flight en route from Hong Kong to Istanbul via Bishkek , Kyrgyzstan, crashes in a residential area while attempting to land at Manas International Airport , Bishkek, killing all four crew members on board and 35 people on the ground.",January 19 – 2016–2017 Gambian constitutional crisis : The Economic Community of West African States (ECOWAS) launches a military intervention in the Gambia after Yahya Jammeh refuses to cede power following the 2016 presidential elections .,"2016–2017 Gambian constitutional crisis : Following the military intervention of ECOWAS , President Yahya Jammeh resigns from office after 23 years in power and flees into exile to Equatorial Guinea ; the democratically elected Adama Barrow assumes office as President of The Gambia.","Millions of people worldwide join the Women's March following the inauguration of Donald Trump as President of the United States . 420 marches were reported in the U.S. and 168 in other countries, becoming the largest single-day protest in American history.",January 27 – U.S. President Donald Trump issues executive order banning travel and immigration from seven Muslim-majority nations . Protests against the immigration order erupt nationwide for about two weeks .,"January 29 – A gunman opens fire at a mosque in Quebec City , Canada , killing 6 and injuring 19 others.",January 30 – Morocco rejoins the African Union .,February 11 – North Korea prompts international condemnation by test firing a ballistic missile across the Sea of Japan .,2017-01-01,2017-01-08,2017-01-16,2017-01-19,2017-01-21,2017-01-21,2017-01-27,2017-01-29,2017-01-30,2017-02-11
2018,Black Panther,Avengers: Infinity War,Incredibles 2,Jurassic World: Fallen Kingdom,Aquaman,Deadpool 2,The Grinch,Mission: Impossible - Fallout,Ant-Man and the Wasp,Bohemian Rhapsody,Sunday Night Football,The Big Bang Theory,NCIS,Thursday Night Football,CBS,This Is Us,Blue Bloods,The Good Doctor,NBC,Chicago Fire,"January 1 – Bulgaria takes over the Presidency of the Council of the European Union , after the Estonian presidency .","January 4 – SPLM-IO rebels loyal to Chan Garang Lual start a raid against Juba , capital of South Sudan .",January 12 – 13 – The first round of voting in the 2018 Czech presidential election is held.,"January 13 — At 8:08 AM HST , an inbound missile alert was accidentally issued via the Emergency Alert System and Wireless Emergency Alert System over television, radio, and cellular networks in the U.S. state of Hawaii . 38 minutes later, the alert was confirmed as false by state officials, and blamed a miscommunicated drill at the HI-EMA .","January 20 – Turkey , led by President Recep Tayyip Erdoğan , announces the beginning of a military offensive to capture a portion of northern Syria from Kurdish forces , amidst the ongoing Kurdish–Turkish conflict .",January 20 – 22 – The US government enters a federal government shutdown as a result of a dispute over Deferred Action for Childhood Arrivals .,"January 24 – Scientists in China report in the journal Cell the creation of the first monkey clones using somatic cell nuclear transfer , named Zhong Zhong and Hua Hua .",January 26 – 27 – The second round of voting of the 2018 Czech presidential election is held and incumbent president Miloš Zeman is reelected.,2018 Finnish presidential election : Incumbent president Sauli Niinistö is reelected on the first round of voting.,The first round of voting of the 2018 Cypriot presidential election is held.,2018-01-01,2018-01-04,2018-01-12,2018-01-13,2018-01-20,2018-01-20,2018-01-24,2018-01-26,2018-01-28,2018-01-28
2019,Avengers: Endgame,The Lion King,Star Wars: Episode IX - The Rise of Skywalker,Frozen II,Toy Story 4,Captain Marvel,Spider-Man: Far from Home,Aladdin,Joker,Jumanji: The Next Level,Sunday Night Football,NCIS,Thursday Night Football,FBI,Blue Bloods,Chicago Fire,This Is Us,Young Sheldon,Chicago P.D.,Chicago Med,"Romania takes over the Presidency of the Council of the European Union , after the Austrian presidency .",New Horizons makes a close approach to the Kuiper belt object (KBO) 486958 Arrokoth at 05:33 UTC .,Jair Bolsonaro begins his four-year term as President of Brazil .,Qatar withdraws from OPEC .,"Works published by authors who died in 1948 enter the public domain in many countries . In the U.S. , all works published in 1923 enter the public domain, the first entry of published works into the public domain since 1998 .",January 2 – Adventist Health System rebranded its facilities to the trade name AdventHealth .,January 3 – Chinese probe Chang'e 4 becomes the first artificial object to land on the far side of the Moon .,January 5 – Bartholomew I of Constantinople issues a formal decree granting independence to the Orthodox Church of Ukraine from the Russian Orthodox Church .,"January 6 – Muhammad V of Kelantan abdicates the federal throne as the 15th monarch of Malaysia , the first Malaysian monarch to do so.",January 7 – A faction of the Armed Forces of Gabon attempts a coup d'état .,2019-01-01,2019-01-01,2019-01-01,2019-01-01,2019-01-01,2019-01-02,2019-01-03,2019-01-05,2019-01-06,2019-01-07
2020,Bad Boys for Life,Sonic the Hedgehog,Birds of Prey and the Fantabulous Emancipation of One Harley Quinn,Dolittle,The Invisible Man,The Call of the Wild,Onward,The Croods: A New Age,Tenet,Wonder Woman 1984,Sunday Night Football,Thursday Night Football,NCIS,The Equalizer,FBI,60 Minutes,Chicago Fire,Blue Bloods,Chicago Med,Chicago P.D.,Croatia begins its term in the presidency of the European Union .,"Flash floods struck Jakarta , Indonesia , killing 66 people in the worst flooding in over a decade.",January 2 – The Royal Australian Air Force and Navy are deployed to New South Wales and Victoria to assist mass evacuation efforts amidst the 2019–20 Australian bushfire season .,"January 3 – A United States drone strike at Baghdad International Airport kills ten people, including the intended target, an Iranian general Qasem Soleimani and Iraqi paramilitary leader Abu Mahdi al-Muhandis .",Second Libyan Civil War : President Recep Tayyip Erdoğan announces the deployment of Turkish troops to Libya on behalf of the United Nations -backed Government of National Accord .,"2019–20 Croatian presidential election : The second round of voting is held, and Zoran Milanović of the Social Democratic Party of Croatia defeats incumbent president Kolinda Grabar-Kitarović .","Iran launches ballistic missiles at two Iraqi military bases hosting U.S. soldiers , injuring over 100 personnel.","Ukraine International Airlines Flight 752 was shot down by Iranian forces shortly after takeoff from Tehran Imam Khomeini International Airport , killing all 176 people on board.","A rare, circumbinary planet called TOI 1338-b is discovered.","Islamic State militants in the Greater Sahara assaulted a Nigerien military base in the battle of Chinagodrar , killing at least 89 Nigerien soldiers .",2020-01-01,2020-01-01,2020-01-02,2020-01-03,2020-01-05,2020-01-05,2020-01-08,2020-01-08,2020-01-09,2020-01-09
2021,Spider-Man: No Way Home,Shang-Chi and the Legend of the Ten Rings,Venom: Let There Be Carnage,Black Widow,F9: The Fast Saga,Eternals,Sing 2,No Time to Die,A Quiet Place Part II,Ghostbusters: Afterlife,Sunday Night Football,Thursday Night Football,NCIS,FBI,Chicago Fire,Blue Bloods,The Equalizer,Young Sheldon,60 Minutes,Chicago P.D.,January 1 – The African Continental Free Trade Area comes into effect.,January 4 – The border between Qatar and Saudi Arabia reopens. Crowd outside the US Capitol on January 6,"January 6 – Supporters of US President Donald Trump attack the US Capitol , disrupting certification of the 2020 presidential election , and forcing both houses of Congress to evacuate. Five people die during the ensuing riot. The event is classified as a domestic terrorist attack, and draws international condemnation .","January 9 – Sriwijaya Air Flight 182 crashes north of Jakarta, Indonesia, killing all 62 people on board.","January 10 – Kim Jong Un is elected as the General Secretary of the ruling Workers' Party of Korea , inheriting the title from his father Kim Jong Il , who died in 2011 .","January 13 – In Lyon , France, the first transplant of both arms and shoulders is performed on an Icelandic patient at the Édouard Herriot Hospital.","January 14 – The 2021 Ugandan general election is held. Incumbent president Yoweri Museveni , who has ruled since 1986, wins re-election.","The Lao People's Revolutionary Party elects Thongloun Sisoulith as its new General Secretary , replacing retiring chief Bounnhang Vorachith . Sisoulith is elected for a five-year term as top leader in Laos .",COVID-19 pandemic : The global death toll from COVID-19 passes 2 million.,January 20 – Joe Biden takes office as President of the United States .,2021-01-01,2021-01-04,2021-01-06,2021-01-09,2021-01-10,2021-01-13,2021-01-14,2021-01-15,2021-01-15,2021-01-20
2022,Top Gun: Maverick,Avatar: The Way of Water,Black Panther: Wakanda Forever,Doctor Strange in the Multiverse of Madness,Jurassic World: Dominion,Minions: The Rise of Gru,The Batman,Thor: Love and Thunder,Sonic the Hedgehog 2,Puss in Boots: The Last Wish,Sunday Night Football,NCIS,FBI,Young Sheldon,Chicago Fire,Blue Bloods,Ghosts,60 Minutes,Chicago Med,The Equalizer,"France takes over the Presidency of the Council of the European Union , after the Slovenian presidency .","The Regional Comprehensive Economic Partnership , the largest free trade area in the world, comes into effect for Australia , Brunei , Cambodia , China , Indonesia , Japan , South Korea , Laos , Malaysia , Myanmar , New Zealand , the Philippines , Singapore , Thailand , and Vietnam .",January 2 – Abdalla Hamdok resigns as Prime Minister of Sudan amid deadly protests.,"January 4 – The five permanent members of the UN Security Council —China, France, Russia, the United Kingdom and the United States—issue a rare joint statement affirming that ""a nuclear war cannot be won and must never be fought.""","January 5 – A nationwide state of emergency is declared in Kazakhstan in response to the 2022 Kazakh unrest . The cabinet of prime minister Askar Mamin resigns, while president Kassym-Jomart Tokayev removes former president Nursultan Nazarbayev , widely regarded as being the real power in the country, from his position as Chairman of the Security Council of Kazakhstan .","January 6 – The CSTO deploys a ""peacekeeping"" mission in Kazakhstan , including Russian paratroopers , following a request by Kazakh president Tokayev .",January 7 – COVID-19 pandemic : The number of COVID-19 cases exceeds 300 million worldwide.,"January 9 – February 6 – The 2021 Africa Cup of Nations is held in Cameroon , with Senegal winning their first championship .","January 10 – The first successful heart transplant from a pig to a human patient occurs in Baltimore , Maryland , United States.",January 13 – Bikaner-Guwahati Express derailment : The Bikaner-Guwahati Express train derailed in Maynaguri . 9 people were killed and 50 people were injured. This was the first major train accident of 2022.,2022-01-01,2022-01-01,2022-01-02,2022-01-04,2022-01-05,2022-01-06,2022-01-07,2022-01-09,2022-01-10,2022-01-13
2023,Barbie,The Super Mario Bros. Movie,Spider-Man: Across the Spider-Verse,Guardians of the Galaxy Vol. 3,Oppenheimer,The Little Mermaid,Wonka,Ant-Man and the Wasp: Quantumania,John Wick: Chapter 4,Sound of Freedom,Sunday Night Football,Monday Night Football,Tracker,NCIS,Young Sheldon,FBI,Chicago Fire,Blue Bloods,60 Minutes,Ghosts,"January 1 – Croatia adopts the euro and joins the Schengen Area , becoming the 20th member state of the Eurozone and the 27th member of the Schengen Area. This is the first enlargement of the Eurozone since Lithuania 's entry in 2015 , and the first enlargement of the Schengen Area since Liechtenstein 's entry in 2011 .","January 5 – The funeral of Pope Benedict XVI is held at St. Peter's Square in the Vatican City . The funeral was attended by an estimated 50,000 people.","The 2023 Beninese parliamentary election is held, with the Progressive Union for Renewal party winning a plurality of seats.","Following the 2022 Brazilian general election and the inauguration of Lula da Silva as president of Brazil , supporters of former Brazilian president Jair Bolsonaro storm the Brazilian National Congress , the Supreme Federal Court and the Presidential Palace of Planalto .",January 9 – Juliaca massacre : At least 18 people are killed and over 100 others are injured when the Peruvian National Police fire upon demonstrations in Juliaca .,"January 10 – 17 – A cold snap in Afghanistan kills 166 people and nearly 80,000 livestock.","January 15 – Yeti Airlines Flight 691 crashes during final approach into Pokhara , Nepal , killing all 72 people on board.",January 16 – Tigray War : Amharan Special Forces withdraw from the Tigray Region in line with an African Union -backed peace agreement between the Ethiopian government and the Tigray People's Liberation Front .,January 17 – Nguyễn Xuân Phúc resigns as President of Vietnam amid several recent scandals in the government .,"January 18 – A helicopter crash in Brovary near Kyiv , Ukraine kills 14 people including Ukrainian Minister of Internal Affairs Denys Monastyrsky .",2023-01-01,2023-01-05,2023-01-08,2023-01-08,2023-01-09,2023-01-10,2023-01-15,2023-01-16,2023-01-17,2023-01-18
2024,Inside Out 2,Deadpool & Wolverine,Wicked,Moana 2,Despicable Me 4,Beetlejuice Beetlejuice,Dune: Part Two,Twisters,Mufasa: The Lion King,Sonic the Hedgehog 3,Sunday Night Football,Tracker,High Potential,Matlock,Georgie & Mandy's First Marriage,Monday Night Football,Elsbeth,Will Trent,9-1-1,Watson,"Egypt , Ethiopia , Iran and the United Arab Emirates become BRICS members.",The Republic of Artsakh is formally dissolved following the recapture of the Nagorno-Karabakh region by Azerbaijan .,"A 7.5 M ww earthquake strikes the western coast of Japan ( Noto Peninsula ), killing at least 504 people and injuring 1,389 others. A further 5 are killed the next day when a Coast Guard aircraft carrying humanitarian aid was involved in a collision with a Japan Airlines Airbus A350-900 aircraft, destroying both aircraft. All 379 people aboard the passenger jet are evacuated safely.","Ethiopia announces an agreement with Somaliland to use the port of Berbera . Ethiopia also says that it will eventually recognize Somaliland's independence , becoming the first country to do so.",January 2 – 2023 Marshallese general election : The Legislature of the Marshall Islands elects Hilda Heine as President for a second non-consecutive term during its first session following the general election.,"January 3 – 2024 Kerman bombings : An Islamic State double bombing kills 94 people during a memorial event commemorating the assassination of Qasem Soleimani in Kerman , Iran. The bombing was carried out using two briefcase bombs placed at the entrance that were detonated remotely.","January 7 – 2024 Bangladeshi general election : The Awami League , led by incumbent Sheikh Hasina , wins a 4th consecutive term amid protests by opposition parties and a large drop in voter turnout.",Said Abdullahi Deni is elected President of Puntland by the Puntland Parliament after three rounds in the 2024 Punttland presidential election .,"Ecuadorian conflict (2024–present) : Ecuadorian President Daniel Noboa declares a state of emergency following the escape of Los Choneros drug cartel leader José Adolfo Macías Villamar from prison. The military was deployed onto the streets and into prisons, while setting a national nighttime curfew .",January 11 – Riots break out throughout Papua New Guinea after an alleged rounding error causes pay cuts for police officers and soldiers.,2024-01-01,2024-01-01,2024-01-01,2024-01-01,2024-01-02,2024-01-03,2024-01-07,2024-01-08,2024-01-08,2024-01-11
